"date","year","month","Amazonie_T2m","Amazonie_PWAT","Amazonie_APCP","Amazonie_TCDC","Indonesie_T2m","Indonesie_PWAT","Indonesie_APCP","Indonesie_TCDC","Siberie_T2m","Siberie_PWAT","Siberie_APCP","Siberie_TCDC","Sahel_T2m","Sahel_PWAT","Sahel_APCP","Sahel_TCDC"
1979-01-01,1979,1,297.516771560973,46.4549804013003,0.733461228575189,63.2792322176325,299.559379279629,48.8723251771144,1.35213855355485,63.3749660138803,239.405962564118,1.74936070129754,0.155933378051886,79.7087047902073,295.459860425008,15.5692437201112,0.013945112856539,21.2357523852656
1979-02-01,1979,2,297.807609831018,47.1184525005159,0.870249214046779,72.1323936541258,299.662931073573,48.6677635123999,1.23634709843797,60.5907180275776,244.3836744462,2.42467249780541,0.21521733415619,80.5899236371433,296.686369749632,11.304794769269,0.00364553325873752,10.48528585241
1979-03-01,1979,3,297.514323838189,51.1409159356493,1.59514988637701,77.6615601749245,299.753633525603,50.6543446326174,1.36845173277975,67.3083603721612,255.42557957347,3.46984661030658,0.22600879651021,84.8013456588672,299.499658335439,17.6879731989752,0.0180466760447603,23.1539277713995
1979-04-01,1979,4,297.247079919491,51.9999696045273,1.76687472817409,74.2500082014635,300.017246658742,49.6656107480403,1.19643037713757,55.0859430707849,264.148114685553,5.20655985973765,0.327549809761197,88.0182802651565,301.796542039164,17.6296320963509,0.0346812368707642,25.0275285613144
1979-05-01,1979,5,297.137187273725,50.2766426003908,1.22883307744449,66.0301974807994,300.316954860376,51.157469939139,1.09960327422735,51.8701876385563,274.50091721308,10.0338560511591,0.515783400533588,84.1192339971984,303.077437718588,29.2334837872337,0.25502127756765,47.6632695736867
1979-06-01,1979,6,296.577436016579,47.4321887269919,1.05914591270965,65.5034077782065,299.939138170342,50.341644496904,0.996237368432785,52.0943405333887,286.073165340605,17.4349280796363,0.474868902940246,65.404586628236,303.317949143161,35.6260522013077,0.472541073990037,57.1951934717006
1979-07-01,1979,7,297.022095013399,41.5818557500659,0.524983501506896,52.7382152162638,299.26298377303,45.7782266310341,0.699187779007821,54.5745123060763,289.532147537992,20.1452392894216,0.359844062439007,55.1318029078206,301.98253635974,38.3702911235822,0.864015641874232,60.0007290546383
1979-08-01,1979,8,298.328324817523,43.382065056138,0.635982033572573,55.7013545212035,299.261183736385,43.5117153674465,0.519011203293655,48.4793717283105,284.120820005732,17.7497243860516,0.498217692750396,72.2609182719296,301.179411505378,41.0456608088578,1.02538854938993,63.9286815609717
1979-09-01,1979,9,299.111196614901,39.8599483879285,0.393821413562862,48.8499172060696,299.373375243815,47.3699559307661,0.949404636060745,52.9552997271502,278.398642084833,12.8039368892093,0.41229213258809,74.787417643169,301.87331264254,35.7948811592496,0.539994095111447,53.0688311019194
1979-10-01,1979,10,299.437549779446,45.5961578113577,0.733211055943076,61.4017884439525,299.937767928958,43.8973365946101,0.659599061307751,60.1994912063342,265.878801599028,6.58466829164866,0.408867982995379,87.5498428462412,301.313216575423,28.8598164958832,0.133576638101231,40.8527482368199
1979-11-01,1979,11,299.400853302085,45.5062415279067,0.730940507920772,62.5444436578838,299.950273072158,48.3255181154061,0.965664920233044,53.1917477863549,254.865804299216,4.10998943186401,0.317822678916717,88.3668240771823,298.023901349941,19.411493738744,0.0192613212838427,16.3430221168433
1979-12-01,1979,12,298.032559998736,47.6991090286826,1.04072058914174,69.2026206667871,299.51479446268,49.6888527555591,1.22761124307225,64.7057732438709,251.644183276385,3.68300245152714,0.279409497798949,85.2729946976782,293.804522863072,14.5844857746748,0.00630164293431438,19.2222175908074
1980-01-01,1980,1,297.929145793423,46.5015813328719,0.90412266098627,66.633219662532,299.605145118198,51.9163017124176,1.45150448945927,74.9249651372249,245.785471806795,2.51665424251289,0.139443966821924,79.4327030479913,295.020570049475,14.4251054372736,0.0042653894281203,18.3634586858377
1980-02-01,1980,2,298.856192819711,44.4327492293731,0.639632739911243,71.2095546893093,299.547096007206,50.8074171202807,1.34764885805604,73.4908607397491,251.045927439183,3.0521128532731,0.154494985831924,78.057237971207,296.674035949947,15.1703980076684,0.00614257858336523,21.4020930481435
1980-03-01,1980,3,297.877736181461,49.9602640140524,1.50459575077995,82.0898476932201,299.64078917955,48.8053697818477,1.33515507396448,64.9886832531233,254.869708313404,3.03891184200619,0.172564709289269,81.9872078773509,299.69456633929,15.9989335724923,0.00499431299555052,18.0311470960182
1980-04-01,1980,4,297.44747775811,52.3502927696056,1.76717174936867,80.939205301437,299.94409001052,52.5839035816844,1.35872109629155,62.2737503594974,265.460425485757,5.58426203077793,0.320608767934003,85.9967412438137,302.901682747684,19.5464875197989,0.0208051946166073,28.3167653028869
1980-05-01,1980,5,297.220686303601,51.552508063102,1.42102894808424,66.8818440746394,300.224744785029,48.5983786483802,0.8370771864422,48.4330217975215,274.328864251088,9.08558569533281,0.476815314486886,81.3804099660097,304.139572145127,27.1976032789703,0.126775548687715,40.2061669588783
1980-06-01,1980,6,296.96151085349,46.7346766168371,0.998766466661077,54.296930294719,299.823408244809,48.8614819975205,0.779785963318024,48.5650689477901,284.286735937127,15.6431515759299,0.411865265843078,66.7762057567509,303.755314193332,31.4818450269152,0.325913186714994,48.2182355450876
1980-07-01,1980,7,297.266510028512,42.9492839922552,0.681066598912388,47.9950317029823,299.507259314898,46.5503081796286,0.615142954414749,47.6364855242688,289.210467620228,23.0693092044141,0.51518470262305,66.6733814250863,301.936518048693,39.017481294574,0.676718310891438,57.1404610706589
1980-08-01,1980,8,298.561027284406,40.40875583285,0.466884816487117,50.2597574400594,299.218252421066,47.186976127444,0.918671892068629,57.2820893817813,286.322493349664,20.2362668248868,0.472449121901503,65.8147001850851,301.554935175855,39.2847670659464,0.749797039315132,61.0062078143844
1980-09-01,1980,9,299.69779738462,40.4929900041726,0.409409885662959,48.1177187665685,299.584816578565,42.8772377703194,0.539581516649355,50.3233265911883,278.482494524325,13.2510555725126,0.4425109972596,77.3923123860336,302.245132353982,32.6886161105566,0.292222670223037,42.4537364995014
1980-10-01,1980,10,299.303454394227,42.7220593869459,0.626157408255131,56.8827140035326,299.863573873194,46.7674207286235,0.951138922556112,59.3804544283862,268.84405679898,7.48685104925626,0.339755967138036,88.1264796785979,301.083195642486,25.8150810100393,0.0951268562646537,31.6698897786207
1980-11-01,1980,11,298.960191678549,45.0614090020728,0.891174119200486,64.0130407047635,299.999103134613,47.0713624791495,0.991361554099512,51.8992695677586,255.471966153732,4.21522076942643,0.326251536551036,87.1669653885066,297.890067921743,18.8504438901703,0.00756719053027727,18.6383629942459
1980-12-01,1980,12,298.703163255605,45.2992064897806,0.773048504626079,65.4251113364565,299.881279145048,51.5688604082307,1.46358931530753,64.1888421327675,251.382741200938,3.69314325603731,0.222980468563638,83.1867102130458,293.951004498843,14.4737826657401,0.00330863162456789,16.6851239493083
1981-01-01,1981,1,297.814630629783,47.1704860798146,1.03219015578433,74.4717468362629,299.73014314737,50.3049369305057,1.47544824356643,72.7985955398354,253.298061770596,3.81386961556355,0.173023112877309,80.4373512521639,293.346676380619,13.7306088643089,0.00184050277771253,18.5282793904182
1981-02-01,1981,2,297.575682540018,50.7306219963451,1.61405499942136,79.6734158731323,299.519010648177,51.1225602534911,1.51970330709231,73.5307728045885,250.80319687794,2.95371285098268,0.160029631206142,81.1686055216739,296.121420678371,13.8143149991089,0.00196873249485009,19.3346236623612
1981-03-01,1981,3,298.839864532025,46.5394586378957,0.804534448738152,68.9775809770367,299.756555353737,48.602257659391,1.15034461970258,59.3419718750445,257.681680830692,4.27807387826528,0.266880596849598,84.9918203435,299.870043897551,17.3091614247564,0.0317034623441854,29.8414675761032
1981-04-01,1981,4,298.105353393461,50.9256710303386,1.50457383138785,74.7375442030662,299.993080142764,48.7064468960868,1.06422535810627,51.8571037292786,268.876542234154,6.64946135176199,0.399852961747796,84.8395535960072,302.060850029796,18.4485347691445,0.0378887265066982,21.2238876905166
1981-05-01,1981,5,297.2405057431,52.8701549544602,1.73009640972827,75.6906064931656,300.191823118815,52.3785931429017,1.29515650143434,54.671168751512,276.408219217907,9.8475379782312,0.407656878840272,75.2162706397293,303.538468754738,27.7967319156459,0.167713731023154,44.5643618756445
1981-06-01,1981,6,297.109050950254,46.9367579042166,0.951732120116608,58.9008183504567,299.840070660184,48.4751613404901,0.749707781660704,48.8744050103946,285.580845884148,16.5574693014364,0.405138097538696,60.7306541474666,303.876518104639,30.1892000493565,0.242879167528219,41.3161606370233
1981-07-01,1981,7,296.565033820394,43.2433842311426,0.888937581327698,60.8561305931747,299.5592295647,49.6193075203561,1.22133685837283,50.691933001454,287.546833155125,20.4338738048769,0.526609183347466,62.4378791945939,301.7637351945,38.1418297839976,0.717639008427264,58.9184611431163
1981-08-01,1981,8,298.410575129799,40.8562508319358,0.465809159876106,56.5248155707333,299.642946923812,40.6384783089308,0.359337181145117,50.7211654110705,285.650652000288,19.4082769462956,0.42563185829148,60.2796148912718,301.810299485025,37.6126776668282,0.604301881879619,55.5627533096739
1981-09-01,1981,9,299.645917930572,39.3135749546531,0.353717286112,50.7639076379029,299.680076856628,48.8959200605072,1.12347493124723,60.7236810365456,277.255009959947,12.4840631816247,0.426883451955547,81.386964668221,301.570060019824,33.4252411196696,0.447490876269181,49.6583031645786
1981-10-01,1981,10,299.94892262384,40.5360593558218,0.348535110484925,55.5644590396364,299.944414906999,47.1543963001692,0.92526299892463,56.0025299696867,267.014811075147,7.21490986747648,0.321198851115663,85.8964640466994,301.066848549901,23.8568020899338,0.0706253427481844,28.2944410689969
1981-11-01,1981,11,299.735322823612,44.9681901403183,0.576898318167036,66.8548154377874,299.813134353315,51.9487746932437,1.45632694040404,66.9670501699488,256.452025545164,4.69884345319852,0.202745313679829,82.662913849748,296.321843089867,16.4064093942733,0.00581971973937779,15.739750702774
1981-12-01,1981,12,298.753305639141,48.2088694257915,0.896300981591929,70.8051250507455,299.475482227921,51.5109627609949,1.62068518379358,72.4039681057393,253.385935816053,3.90252639597646,0.281885661177775,87.7981852865016,294.862191248763,11.1198677284976,0.00171728313621703,17.1004022035637
1982-01-01,1982,1,297.232148386527,49.1813871905629,1.35147840870996,82.9170704451479,299.36910130495,50.5660836826062,1.63669883614061,74.8852825291301,245.06475766447,2.50378709992604,0.179734010172222,79.3261703138072,294.284791382065,14.077701165075,0.00899813321815663,23.5421875270215
1982-02-01,1982,2,297.383617366979,51.836367551683,1.70860333467393,85.6164361364992,299.403050117436,50.9694061332883,1.48333576332602,72.9000566167076,252.326094374796,3.08484945435189,0.171241051750824,81.3870057100843,295.335815926118,14.9390215674667,0.0115295539998274,27.1872006232553
1982-03-01,1982,3,297.366838757622,51.9545263379425,1.79115864559609,84.8361975891359,299.463457403899,50.2407551261972,1.48241016332663,74.712169204398,253.531579912622,3.01208208466073,0.173758682316295,82.8598461973475,299.206945225807,19.1515589119373,0.0172449179976251,29.1645238283534
1982-04-01,1982,4,296.737910164978,53.7443264142304,2.45158724604478,88.6762908541827,299.969277501931,50.7509759487793,1.41456328009878,66.3915496073922,269.96966257576,7.73865317019735,0.501136024585296,88.9268175220104,302.078873482968,21.2121231365287,0.0289901990173303,27.1320736671571
1982-05-01,1982,5,296.656158096218,52.213065786485,1.86993765700661,70.8579020572137,299.874958452956,47.8690902211461,1.06880226446856,57.1476527422857,276.091123365714,9.88090079719463,0.467553614405657,78.4005804848526,303.035170107558,26.7024725315877,0.117181156354011,40.0596425156594
1982-06-01,1982,6,296.817478401442,45.048887478762,0.687463040887122,48.2363049434975,299.574062962863,45.5459448785638,0.674230453591704,48.132392355159,285.706600884694,17.2360566121695,0.415149423276315,64.7510896191947,303.764906712009,29.1844390721047,0.161259814482209,39.228697163885
1982-07-01,1982,7,296.952899972347,41.7285249297564,0.598618204883692,52.7258655956517,299.019764325052,39.0096972960088,0.288128281888261,41.790839726113,288.884379692264,21.7892259166019,0.487505618763758,60.9208140027377,302.190613670377,34.7706772171529,0.509751658371411,51.9055032975584
1982-08-01,1982,8,298.152558555696,38.6404538652565,0.349266472207039,48.7872092539298,298.880002215945,40.0390563923937,0.396115706403163,42.9276531423116,285.104337702838,18.2031476846449,0.466698732826379,67.7874266363654,300.989464897145,39.1458891960506,0.771703532063137,57.6760769673645
1982-09-01,1982,9,299.584711152886,38.9792403357293,0.302945264516236,50.4128025100947,299.149006675501,37.4920936943516,0.330880543436229,41.3579714456786,276.619071976684,11.7498376375579,0.490049061224967,80.4114580188206,302.082235139176,31.4013434926145,0.276271140691632,43.3463581015071
1982-10-01,1982,10,300.345811134107,37.4601459709459,0.220318419492349,51.5927693389179,299.272061604316,38.4051467842568,0.537526700680258,49.0591964225473,263.453546185885,5.94009799064398,0.379765916802033,87.3058559156359,300.376952334252,26.9906302880908,0.12190885848365,37.5253947475429
1982-11-01,1982,11,300.099165845952,41.2495500190372,0.315441871540473,57.5297206026176,299.657014933327,41.1227028881922,0.59038318823892,43.1168763364534,254.347893785395,4.57072997503961,0.305621964935509,85.55538882243,295.629366114595,15.4787244400454,0.0126298030972707,24.9530671926197
1982-12-01,1982,12,298.983601652853,46.6963099450138,0.720608964963901,69.2119762413544,299.881661727997,47.6824057579456,0.99663364879481,52.0743942240082,253.295080578082,4.10762390948519,0.294838955826247,87.5061414317914,293.400472590622,13.3892410621889,0.0043361683626384,17.6085954797807
1983-01-01,1983,1,299.58356355509,44.0144569839939,0.361969153669132,55.7445517760961,299.832929626571,48.8790827544049,1.18980286891257,59.0132537965042,251.67463878101,3.70015261081657,0.22534862760164,85.1223656147884,291.217693996356,12.5347592379233,0.00507865530243397,17.5322653045857
1983-02-01,1983,2,299.480384487196,45.7513151797568,0.533835029664013,65.1974655088321,299.890534739151,48.3088619819881,1.03247771477336,54.9043787495,251.771645597801,3.41120239535972,0.168157975108074,80.1016540959163,296.511952506985,15.2288668025488,0.004469776942676,19.5018424964174
1983-03-01,1983,3,299.228701743243,48.7759929782241,1.08751249631312,70.1736978431934,300.1441252709,48.3137343070334,0.887172151177,52.8858444031696,260.279595573893,4.65860181627665,0.286331905683075,87.0205516061207,298.29501220387,15.5304635684806,0.00911370381721595,23.9085191168527
1983-04-01,1983,4,297.83020151392,54.3768268213236,2.14540463729184,81.2974021804496,300.129081436087,50.2210227302734,1.24326063666868,55.9067245296226,263.651567128093,5.48574834164597,0.386719492649941,88.8722713793026,301.839314330495,18.3389985044735,0.0162768687743767,23.7768938692391
1983-05-01,1983,5,298.162472862375,50.5581420784709,1.04223858097111,64.9641750669486,300.002712947962,53.1019715053902,1.54938165394728,62.9606548187313,273.806319991883,9.10088589075789,0.482064560053124,84.4669451606383,304.243806680603,25.7187346331484,0.0817893982842027,35.1092566362509
1983-06-01,1983,6,297.911059403351,43.5789539527879,0.555073006943279,54.3176671457107,299.895049585173,49.6863119863031,1.14030953527244,51.821941408208,285.857408038278,16.873875367239,0.390757926286394,58.121554352206,304.001825930812,32.565455733119,0.258217911936064,50.3342091483475
1983-07-01,1983,7,298.116717980589,40.3968536599213,0.418357409250649,50.6539733952276,299.18544157475,48.5632161022269,1.06926888295951,57.1488057230605,288.198606222821,20.345764884468,0.435319697314704,59.6329381307326,303.063348874064,34.7355961559078,0.407295949693097,49.814437988748
1983-08-01,1983,8,298.761200859676,41.213787728621,0.433227035463581,50.0927109813941,299.155384122679,46.5601521054903,0.889933718177699,50.450702018033,285.502674462949,19.8609013349894,0.555308259894416,68.1838069882523,301.744240471202,37.3190569524651,0.545505543019866,55.5269153255837
1983-09-01,1983,9,300.33898611243,37.0455088107009,0.186855875445383,46.156534084663,299.52803418677,45.1570279621915,0.924703291337198,50.1847542945782,278.736575900409,13.7200331389485,0.527674545049522,85.6603177824701,302.083908349955,31.8701793035266,0.294149267825095,44.0980448152059
1983-10-01,1983,10,299.977512867169,41.1979796283693,0.467780590359028,57.2902219674215,299.785605713765,48.0514107722637,1.07651225304608,56.0762347506158,268.984890115029,8.0347639738733,0.415936817332452,87.153742071723,299.867866841627,20.3323049439535,0.038664860484851,21.2859507294776
1983-11-01,1983,11,299.919320081209,40.9618046792715,0.37395013617198,56.7081338407803,299.812737582276,49.0113754791224,1.31033804305573,63.3045302295018,261.670469673396,5.40675786527752,0.412804563413759,91.6465265051628,297.402068649303,15.5206773865729,0.0073368821590213,16.3649543040723
1983-12-01,1983,12,298.272224626869,46.7004237952655,0.945489489893137,72.1471887380784,299.45257716738,49.6423567788104,1.34254572676152,65.5611814534498,253.768796829988,4.13813554561826,0.259042973928203,84.2918604034594,294.628605912006,13.8584952201344,0.00227838369123882,16.5793617804232
1984-01-01,1984,1,297.125794021055,47.3981968613439,1.42329710154771,81.0345266754184,299.297648571572,50.8174194644283,1.5331142714302,71.5180465779649,250.822709597347,3.46603665246495,0.168196244937202,81.8079573015551,292.887891497013,11.1728070813192,0.00279762950732864,14.1646182691531
1984-02-01,1984,2,297.182014066347,47.0934992915089,1.22452978233921,77.6576696839942,299.169515319998,52.4203753781295,1.8286159595283,80.0361907145924,249.421161152058,2.85981137059889,0.193258493274642,81.4767300664857,295.667382879802,9.70408766221988,0.00116605983230241,13.3126312749565
1984-03-01,1984,3,297.621353323666,48.3817264457683,1.17493364192157,82.5054427209983,299.464328305727,51.2458912742769,1.55436565477843,69.8796425215323,257.012613430249,3.72856117450318,0.180060561182703,85.9779202606911,299.943902240215,16.4421242824921,0.00512222268212341,21.3757115499035
1984-04-01,1984,4,297.226012474191,49.266598143865,1.44143337452982,86.2869452100427,299.867160046421,52.6310889553997,1.57599916362471,64.572116194407,261.316752079666,4.87255758342465,0.408148419122642,86.4565718967516,302.492839341032,19.7367904116328,0.0207377490595945,27.8945208760114
1984-05-01,1984,5,296.814621201547,51.3037686254837,1.75078361034261,83.9718663233275,299.844250166989,51.9924871087961,1.45905337044814,62.6520950449067,276.33400899564,10.32286974841,0.479233675580234,80.4827272285532,304.391546681368,25.3343897152556,0.0773696326879415,33.4129118348241
1984-06-01,1984,6,296.367276731704,47.2439798840221,1.23994225987083,56.6067868881516,299.504738000094,48.6775896736834,0.953579274649936,50.6250573185775,286.030099034701,16.8033912109698,0.381309308997367,59.5973249226547,303.468567103399,26.8584879668803,0.166206165134515,36.9875265199945
1984-07-01,1984,7,296.318168612386,43.7307301632229,0.960091861634013,52.9354517168041,298.95391721584,46.9211903782592,1.12296325936828,56.6941419033769,290.019566178802,21.3975885542166,0.401703680437196,55.5151412307236,302.397890035966,32.2789539978919,0.36458843717115,47.6624509547556
1984-08-01,1984,8,297.314429425542,42.6049979330089,0.74483877870651,48.3272121395173,299.131715998755,45.6986418556012,0.801014511417701,57.8720362618314,285.692902120283,18.5216099804812,0.419355559293955,61.4021975318112,302.512116072108,30.8660328999691,0.263233160360673,42.0115555708416
1984-09-01,1984,9,297.740789050179,43.2950211169878,0.909407378890121,58.3844255108071,299.201442110944,48.1410324693185,1.26905605400128,67.1936414016047,278.411522040837,13.3389119363757,0.377591213471256,73.5399417090096,302.310782965782,30.8194916886124,0.221107824671754,42.6821093921479
1984-10-01,1984,10,298.78977267751,43.7027058058714,0.679423676142094,55.8615391394038,299.627792690218,45.450454293303,0.933955256815501,64.3685802517085,264.942638561846,6.25589944281171,0.36123017866764,83.5173660615495,300.975222638455,22.4035024660376,0.0660236492213936,25.9623832586323
1984-11-01,1984,11,298.264639372225,45.7980251061406,1.05810903161574,64.2146015742504,299.799906654495,46.4493346025986,1.02571322652152,59.4032118184706,250.491726955827,3.08978659111529,0.228755080840795,83.5880166423107,297.201172738196,16.6325146682673,0.00464818191891881,13.5544697831589
1984-12-01,1984,12,297.916522505675,46.4269959317886,0.957244508152074,68.1278222621561,299.495399322566,51.5681665224037,1.86104513937241,76.0623373260119,246.677080301989,2.6744241611433,0.217631963263314,86.0389852772866,293.630652696314,13.6930974414437,0.00476233663090678,19.8667257974935
1985-01-01,1985,1,297.413511760942,47.8546441692113,1.15148150760709,79.269298695073,299.559285757961,48.7341158077878,1.21710315139127,66.1848528283594,245.507186742225,2.62298209536466,0.167644115272286,81.455123271529,295.400788473565,15.3738362444407,0.0027438032621232,27.3973999633261
1985-02-01,1985,2,296.936094696416,44.6633296367259,1.12718232536247,74.0934503931523,299.576664566994,50.5612722187217,1.5321840916111,70.6244082168418,243.120765603345,2.24044662098076,0.0751301779712271,73.9303516349637,294.35326737981,8.17917951484173,0.00155159416303906,8.47778637627011
1985-03-01,1985,3,297.587322107144,48.944650300333,1.21672918584756,76.9647062979137,299.577736287677,49.0697527543879,1.38120703031488,67.3291291554012,255.828951065108,3.51682735221081,0.265383261395828,87.2781905571396,299.870811145372,17.6677495446501,0.0146157948986116,27.983629899761
1985-04-01,1985,4,297.666276489977,46.1754405913112,1.04355384007646,75.7498752611258,299.938820818211,50.5713463409699,1.20334639813003,63.1233056604166,266.833924641544,6.49948741608312,0.39982999671385,86.8526838904572,300.450865687974,16.2807338765234,0.0254610453256043,24.3612921634509
1985-05-01,1985,5,296.493573221954,50.5833226316297,1.71498650242944,81.3984651867627,299.97663151926,50.4362433042001,1.13739974238941,52.1472959580982,275.094374938686,9.06106375288236,0.470328469616924,80.8905439791799,303.249780635412,23.5233782553264,0.0763916031755578,32.3281918725335
1985-06-01,1985,6,295.411195569509,45.4215202281821,1.31864969050461,63.2036301441793,299.52262973539,47.362081813739,1.04448321482595,54.6882015108757,286.905467752467,16.9025090591408,0.370940911427468,60.6720895867639,303.286247745185,28.7460223289534,0.244577415926086,39.2479826100705
1985-07-01,1985,7,295.812195746956,43.6161137503334,1.05418947164532,52.9201346611258,298.765359498562,45.8451839594411,1.11295945965562,57.4667444068031,288.165204367918,19.3671509645445,0.402182503524284,57.39042038666,301.176266992778,35.8459107533857,0.707210258794814,59.5823626415329
1985-08-01,1985,8,297.234365378836,41.5415943112607,0.647148590380369,48.102793634297,298.989504683551,46.2010557411179,1.01501212929059,54.961069973126,285.20750440635,18.7018169761122,0.505064779417659,68.3216103740904,301.798908617223,36.3826556342854,0.578384192231674,52.9031391063731
1985-09-01,1985,9,298.406386707123,40.5847029040235,0.536763450588398,49.2349737338793,299.18568068192,46.3394040192563,0.94492674652182,59.8254698704582,277.930335653884,12.9533252872093,0.443677694839504,81.9730289996094,301.898029530467,32.9085322571035,0.353529228104181,47.0367974973619
1985-10-01,1985,10,299.222590687249,41.4206926960094,0.505310331934101,58.8962553643044,299.473080195256,47.1242658831266,1.13407739828071,62.3579669317374,268.561774098028,7.10402605525499,0.361268412399327,88.0826851957242,300.347910297803,22.0949274068137,0.0490138723254565,25.2521788994894
1985-11-01,1985,11,298.45054029731,44.6768591980881,0.832863989787116,68.751633290424,299.595618004749,49.1894433587608,1.34929952666962,64.4720291489961,256.597921031645,4.55139610976955,0.255383670808205,87.5169978056901,297.314711026264,16.1210190778599,0.00808839417409349,14.360968141617
1985-12-01,1985,12,297.37197145225,47.0066760647469,1.10044400843634,76.939099252201,299.540538866063,49.3755846947548,1.23538837160328,67.278206584146,248.096177079281,3.19901949157345,0.156303173409456,80.2161507662429,293.596808915624,14.2356298288506,0.0049455803862171,21.5517634338253
1986-01-01,1986,1,297.422048668748,47.2219249923491,1.03689658082452,69.9885287878284,299.361706803269,52.8896108506682,1.82361477013197,80.1421032651565,248.069456485022,3.05790012514674,0.168218521990699,82.327409572329,292.877061622279,10.2409562245851,0.00178131338424143,14.7246484943678
1986-02-01,1986,2,297.17721357628,47.9430819541212,1.42707997887889,79.0835776578038,299.193350365488,48.9919106836066,1.400114056925,72.5953694211943,252.294909947678,2.96742941135994,0.188914255004801,84.4245401081577,296.853287296471,13.1998613323902,0.00547741568577295,15.5512448784797
1986-03-01,1986,3,297.147562941241,48.0071194411094,1.32943443451423,78.3205731421398,299.356692534946,51.7034709135581,1.72489942302578,72.5060972476606,257.659653729454,3.77112124042035,0.282126986410753,86.0295177235487,299.232306516914,14.1956868497721,0.00773902244620102,19.6727746845352
1986-04-01,1986,4,297.511151426515,49.5452710903254,1.42627895673419,77.6842932049837,299.734363211019,50.7542408446734,1.43212461633713,69.3312152855406,265.83435499708,6.02157125222698,0.429244809131105,88.7004736406851,302.46114965386,17.8344208262999,0.0182454819571931,25.0085299724653
1986-05-01,1986,5,297.163322099041,50.1373792962288,1.3556670568317,69.7480074639836,300.039343088511,46.5862088205042,0.855177293301391,48.1027455566368,274.539094557767,9.72252146722898,0.433185109503271,81.4614478197485,303.333373039431,23.4473453570759,0.0504092584125594,38.6174482097726
1986-06-01,1986,6,296.16222195399,47.5238862867927,1.3184067905259,69.993080369908,299.753346438739,49.4546949997924,1.0008684189609,49.9755094243447,284.81449233895,15.5018236271374,0.436353296672798,62.6012407399526,303.618942127933,27.2582642996395,0.171202901194118,39.9815954291842
1986-07-01,1986,7,296.114052543877,42.7019268359933,0.870848110286912,49.7375314403076,299.307014339512,46.2682695333637,0.988506398669293,53.5227574583915,291.54598612221,22.7947543239516,0.433494691369716,57.4727915954119,301.891059192976,35.7844425505265,0.519075102187422,53.3804157397339
1986-08-01,1986,8,298.107096196448,38.0551848051013,0.342318649319982,43.0178298626224,299.263019748073,43.6446046235029,0.62645854460761,59.6349788434442,285.425531151566,19.9842053901535,0.518001535607897,69.6319052980786,302.094488014118,35.9619659775919,0.527772194187585,52.294226605368
1986-09-01,1986,9,298.74284219471,40.8153681798285,0.506814515896911,52.1867262232567,299.370221538295,44.4406237091555,0.897178195203379,57.0513240756499,277.678078946287,12.8765734422315,0.529913639014231,78.2008014100639,301.79772221991,34.8477601888843,0.479824726131671,51.8360477848763
1986-10-01,1986,10,299.107590394016,41.7936466649596,0.6099128922965,61.2037516848744,299.602779154159,47.6363651362253,1.15254477010868,58.8509943409164,269.41955736235,7.76138481626891,0.349173419398851,82.3877196454921,300.585704322152,23.810816016665,0.0591982423685275,27.8468332500146
1986-11-01,1986,11,298.380744134366,46.4741097151125,1.02553309423743,69.5105782431332,299.597055206235,48.2882539393563,1.40104066141962,66.2463710328258,258.829802740818,4.89899607214779,0.265167891519674,88.6978270498288,296.767541767817,16.9572581943171,0.00818249192940651,17.2018843389156
1986-12-01,1986,12,298.067075286991,45.7991442465522,0.791160599730458,63.5230664421909,299.658062385948,46.1812422875721,1.04428739270282,62.9817493351379,247.421371503258,2.74234642253586,0.194331650628835,81.6160753265343,292.333786641774,12.4986124912837,0.00412876427313011,17.7362361309859
1987-01-01,1987,1,297.805936008492,47.4443991484872,0.884997465150353,65.9037892734866,299.465553761096,52.5582117608922,2.01384107772225,77.0770995711913,244.122732955338,2.43640938052807,0.189341741742222,78.9561523137293,293.839710648355,11.483539720995,0.00353984602428798,14.219722329961
1987-02-01,1987,2,298.178738175343,47.479389356755,0.922876883045443,63.8299379308308,299.371367726204,49.2199423836837,1.33319445069893,68.0701106628231,249.479035839014,2.97175332467769,0.181415889731737,81.6259840372685,296.787336712853,13.1207011281842,0.00301792785526157,19.0159587996291
1987-03-01,1987,3,298.281251296608,48.105620614392,1.02082555200836,74.6408136073745,299.666799519498,47.4566916293832,1.12340402930665,53.2550397209592,254.2555842966,3.17634442685401,0.189368397676862,82.0274824026859,299.242882996883,15.9282444117411,0.0230964601342642,24.2752899637057
1987-04-01,1987,4,297.741121792618,51.7263439951519,1.64490445471926,71.9016312036391,299.940643051818,47.7250757235324,1.09292151962798,53.2129116964578,264.650451074892,5.42456448382145,0.345962848405845,85.8611806572303,301.074244346021,15.3000141315733,0.0187842528219096,23.3787299014345
1987-05-01,1987,5,297.162248500926,50.0914340513394,1.39422984982604,63.2479914870382,300.017994706299,49.9340279264038,1.22317046139762,52.9443129067568,275.114694593188,9.64741271048098,0.408574500871435,78.9479692639506,303.640690588891,26.1198471709143,0.173617938214317,39.3267575094049
1987-06-01,1987,6,296.897775903607,48.0698745803156,1.03758427710595,53.2610096325997,299.977109885211,47.3295778548952,0.687207132039927,43.4317933766067,281.855198243612,13.9067124309678,0.502171485566749,71.0438003133128,303.22807014698,31.0523544617014,0.360365401499638,41.5207742021699
1987-07-01,1987,7,297.613324316294,44.4966192521371,0.682010457397054,49.2094580218589,299.4504123536,42.5743521005471,0.493186376831673,42.9210194533058,289.010785358194,20.3982202460698,0.374372723546988,55.100894521647,303.732096792038,35.0005823477661,0.388153382714206,47.9844613926215
1987-08-01,1987,8,298.640004510878,41.2624169595718,0.454760512036227,48.169045772051,299.189761274258,44.0823275570142,0.669578110885674,48.0277580687716,286.147835678371,19.4264248726358,0.421711851731386,62.1531094899005,302.088198144205,39.7789646516353,0.786252585662872,60.8347136042986
1987-09-01,1987,9,300.054424877244,40.8557566173265,0.429054250275773,48.7842764542478,299.581277725071,42.6576800151243,0.541978868385843,46.2153679014215,277.771901241456,11.8668263673493,0.384500006994973,73.2635416265672,302.670367515802,34.9032052883387,0.31224369610709,49.0595861445026
1987-10-01,1987,10,300.166825099414,41.8077260597774,0.41533673240464,55.6734690457057,299.909311521403,44.5513130159678,0.738629623178266,51.8312097594568,266.778890913748,6.7999653436728,0.361756419029702,88.5437542276462,300.849556301174,26.8925421791113,0.099337564844403,31.7237141605072
1987-11-01,1987,11,300.194238123325,42.8704693375289,0.476632552445721,58.0958229671189,300.052140164856,50.39045547657,1.11794968749057,61.5708552142657,249.879097962184,3.04912042314661,0.204525810461225,82.2840280990665,297.812238032796,17.0981871122261,0.00433596341577901,11.5290741095209
1987-12-01,1987,12,299.64950020495,45.0726932909389,0.582971473513132,59.2571793428332,299.912000903084,52.5592254409291,1.55299968998592,67.935485507399,249.159628779325,3.26626111189305,0.256259213912645,86.9981522948736,294.693327464906,12.8016103276025,0.00509055085121104,16.307937649205
1988-01-01,1988,1,298.01066562223,48.4552423366894,0.966803578993084,69.4993529706018,299.861770044657,51.6467265649312,1.37615591239272,66.7709508380638,249.237311858838,3.14937322458568,0.199299697274888,83.556091917504,294.075161228183,14.438369981991,0.00366063905146846,21.9269133013825
1988-02-01,1988,2,298.264630005953,50.5902815770386,1.17172299738114,75.5738127787938,299.859183147464,51.2338514132657,1.5140783714873,68.3041031734034,246.933971398409,2.60273554836465,0.121148069350959,79.3525082430006,296.610684774093,15.5604662460256,0.0103407599233024,24.8801590893013
1988-03-01,1988,3,298.237934999572,48.5070991752889,1.03524940968533,73.8738145863669,300.248517012987,54.5861260054019,1.72995778676217,69.9120564955476,257.346811757256,3.69422228975525,0.217549949680576,85.811343240485,299.891239904906,16.453918108384,0.00796412564913004,19.8181641110821
1988-04-01,1988,4,298.089302475336,51.3864573310138,1.30836594642171,82.7373746796775,300.293914062972,49.6079955325404,1.11945214434348,51.2013079681603,265.481050036183,6.26394837536469,0.502068822145729,87.4960036563064,302.727580393732,19.8444553216081,0.0337691603768649,32.4351670303764
1988-05-01,1988,5,297.063807454816,53.6568005945227,1.91267923281022,81.2354960264208,300.480650450347,52.1326969847022,1.15712460178174,50.5389971200344,275.887932698891,9.63237985590866,0.437368357836333,79.2942630144561,303.971489372193,24.8630958974638,0.0702837415009463,31.815606596434
1988-06-01,1988,6,296.52078297851,49.3567829363158,1.36589995559457,68.6005787803611,299.794074232086,47.6238783586876,0.948496683311396,46.3190806399916,283.848956103835,16.4530709339738,0.637273688406683,72.696205330824,304.019654025806,33.0559537731312,0.285898828109195,46.9607863974752
1988-07-01,1988,7,296.371420514386,45.4549790517182,1.06025163448488,70.9168111563437,299.477243322006,48.1621601174416,1.01333341106897,52.0897013315837,288.728358579879,22.7814529976141,0.543626810345426,59.6008939264615,301.764111043871,39.8467536637559,0.750155746782524,60.7346882774055
1988-08-01,1988,8,298.274443912803,42.1485962058558,0.583765536864296,53.3328053555961,299.554225601192,48.8196439968132,1.2016658277705,49.1410951785916,285.30402845719,20.0650353099855,0.562112973669686,68.0476552445299,300.449145265352,44.9374102488802,1.1329596660664,69.7295579206619
1988-09-01,1988,9,299.080475053121,42.7474414398446,0.617902000615494,54.757286821176,299.887081887838,48.2484620209187,1.04553961844754,52.1507521712585,279.665572913892,15.1373819805268,0.510934460509636,81.0442655263955,301.878399530714,36.6286974091341,0.535143788071251,52.2058879427825
1988-10-01,1988,10,299.638902337657,42.1162843060873,0.46762255939233,54.70638571334,300.139012642247,48.4831642373533,0.984892089706982,60.8586492261712,269.751559172032,7.9940126490845,0.46611677733145,86.0969601695242,300.205609582851,23.9907594739927,0.0637854606993783,25.341239862712
1988-11-01,1988,11,298.768894076705,47.2249677337677,1.00213905919369,71.2185560199954,300.036497295956,51.7399558912064,1.56239587231596,68.0875894293637,259.633767852713,5.17320443419588,0.374270953655955,88.6301979418639,297.003196533429,16.3270952705227,0.00578975030237197,14.4621651828526
1988-12-01,1988,12,297.42748965723,48.7090397781808,1.30939091553926,70.856512487508,299.369082234215,50.4390975585135,1.67303587558692,77.8704697802725,255.382294244387,4.22404607531829,0.239691501250661,83.8110474607623,293.967382299344,15.0959460742946,0.00175143571818249,16.2560567387945
1989-01-01,1989,1,297.090654446169,49.3042757663979,1.36715586547007,76.2265413649889,299.942270553682,51.0356379042204,1.42536159540219,68.0261382768429,249.415118651533,2.873662940543,0.197220057140262,82.9917311280183,291.799252762105,10.6920854562061,0.00417463386463532,17.2034659393016
1989-02-01,1989,2,296.906503773672,50.0717797106749,1.65773548764185,79.9664574075791,299.384472068792,51.64545765248,1.64280770924874,79.4769679275747,255.356008067385,3.43157462174703,0.235430605441548,88.078533499399,294.097116104578,12.5376326091754,0.00552743315113422,19.7181434753656
1989-03-01,1989,3,296.528115681929,50.1397033505088,1.88299515279758,88.4926793583987,299.422569362755,50.4221259041359,1.61718605055095,71.29576134601,261.726988454697,5.24074755902919,0.341067138284535,89.6596291220424,298.09330795323,14.8863264194789,0.0222155072643552,23.2273611686655
1989-04-01,1989,4,296.957260408728,50.5459596462281,1.62061281975066,84.9846041693177,299.838883933028,49.7506369150839,1.26149423385131,66.0111900447665,264.63212315109,5.34627802679053,0.372664790673774,86.204076259398,301.451540451275,16.0437824197636,0.0215765486234593,20.9257923810567
1989-05-01,1989,5,295.986394091077,51.8745642331731,2.28544103389272,89.8047316062564,300.081434862199,49.9203837675891,0.948624921105077,51.8499876135288,276.827535714689,10.8047397805333,0.513693466381317,80.2301991775892,303.236889457919,25.3126873098012,0.101054759105312,37.7377024436665
1989-06-01,1989,6,296.099862516506,49.346924154201,1.66036072569637,69.7981910854508,299.661808755657,48.7030097361254,0.9750989301532,49.5308702171378,282.861826294469,14.911796368308,0.461565611999755,67.8247617681133,303.874783131187,30.8477888589384,0.282811104495264,49.1097516972822
1989-07-01,1989,7,296.057843397235,43.4912333855568,0.907323002825193,58.1417671293977,299.491116936733,48.3684069641803,0.971380997540208,50.5836042303469,288.217576093872,20.3971325488472,0.397630107451918,58.8581195108028,302.361517587784,36.3205509429351,0.512321238699949,57.341454344337
1989-08-01,1989,8,297.624174170758,41.279487472611,0.67511915190924,52.675292761949,299.463650152943,46.5701364822289,0.890717828706511,55.4774332502249,284.756288345253,18.0194907475425,0.470616318652832,65.7461009562394,301.228269580883,40.8019652072931,0.890698374254799,63.8071147039376
1989-09-01,1989,9,299.262982043644,38.0458529776314,0.310440917698664,52.9536129845379,299.679944464939,45.4948850408669,0.972556268879882,50.8883230575953,276.546975795628,11.5720107927729,0.430709738686739,72.7404355866141,302.639430301805,33.2529345038236,0.301968830382392,45.6866758655095
1989-10-01,1989,10,298.69395786873,45.3950482134245,0.953708537532928,66.0746601291968,299.928785602574,47.5979576383429,1.2164279862463,62.5635349964587,268.342860711419,7.51619561634561,0.444533541914884,86.2623470958693,300.442576481308,24.6620509638273,0.115695163093995,30.9376491520119
1989-11-01,1989,11,298.301540935257,49.1051312100222,1.28259849286769,78.2009557358639,299.909550349911,48.2819327227173,1.33444896647093,61.7335794356773,256.846635544276,4.49357482385231,0.311666766345611,87.5522116483668,297.79452029989,19.62431548558,0.00955877821749949,24.8975371165013
1989-12-01,1989,12,298.089317499489,46.1717685313434,0.826013230495838,72.8561239467141,299.682971833596,48.5462506277476,1.39461058128856,67.5945354639687,251.417134233804,3.31322546783014,0.229024335056784,83.1691175277213,294.577118785608,14.9633552478932,0.0124509134748204,21.5968312825807
1990-01-01,1990,1,297.617281083364,49.7955249360958,1.18145119882864,74.0818005259767,299.614464287461,52.8949024885968,1.93319765579873,77.7216634380861,243.932684005029,2.22580420911286,0.121114291158778,77.5541657018333,294.422291206404,15.7018034685069,0.00445903296380993,20.6161055449817
1990-02-01,1990,2,297.626427901621,50.8786663519386,1.39234419656461,83.24253931475,299.803119225629,47.121712757232,0.946227211261991,47.2122868897294,250.948300987065,3.17036146626613,0.178509510545713,80.8133275520976,295.294815361048,13.4967587518703,0.00933382588930144,19.2011827785039
1990-03-01,1990,3,297.309600728379,52.8861458278578,1.77177228411566,80.9103005922947,299.954876654422,49.4835133283734,1.3576915129777,65.3653686713323,264.614941378883,5.47182110469356,0.390821830923003,88.2248527573136,298.078132560605,13.4054960503197,0.00700256889457202,22.3438036896905
1990-04-01,1990,4,297.513542025517,54.1720826017386,1.88970240209698,80.3449731461565,300.284234504766,49.7657010990694,1.05335136648447,55.5162593643841,267.76269425117,5.75353992758546,0.354851950374021,83.9009073819363,302.595741415066,20.9210420598612,0.0212912593175631,28.7728359335371
1990-05-01,1990,5,296.982440051313,51.5283436595948,1.57785181883837,65.7365118522456,300.458845699908,52.3053418306979,1.06803508699987,46.879568464086,278.425370981336,11.2366148803204,0.512625687654028,73.2500692410788,303.895331134057,25.2391178661415,0.0753210718149904,32.210287990036
1990-06-01,1990,6,296.854023872881,47.7420758203087,1.03879466523974,53.3840120891083,299.897597697061,47.9830580523059,0.836886199199411,50.5886407486058,286.211650530269,16.0766503905442,0.372019507115768,60.5915632616492,304.029985558758,27.8063947526575,0.134855691121148,35.6798800988858
1990-07-01,1990,7,296.431321076382,43.6510682827231,0.901746959675714,52.9982423836258,299.42486606121,46.5587137497353,0.764303515445036,43.4152676755116,289.913533339875,21.1734429951515,0.330805325467172,50.9084173261517,301.868300430333,37.9339838640976,0.669610853494222,60.2336306314928
1990-08-01,1990,8,297.951618478474,41.0702675976655,0.56439427895357,50.0711141843653,299.49980328119,43.5118358259545,0.513374355476765,52.8393984080233,286.359372916892,18.1776750454031,0.349544009650951,56.1536775962044,302.453920531359,35.4276584464376,0.421935275561807,47.6455664727824
1990-09-01,1990,9,299.360618953434,39.4292008338381,0.326077491599225,48.4292544687508,299.631751936472,44.0696041113656,0.752707394248483,52.334408957255,277.242614550018,11.6899317230666,0.433724502768684,80.6107549000026,302.571422183956,30.8371084616329,0.17879483879245,37.2741414850986
1990-10-01,1990,10,300.426363567455,40.5751368598298,0.324294746315909,55.408543901742,299.988662010925,46.3076199428754,0.832438786325003,49.5720496444567,269.124301990696,7.99000620807838,0.458974935039044,85.5560873405943,301.310228042695,23.2275238756248,0.0345039780960896,25.0228698626401
1990-11-01,1990,11,299.823099247584,43.8332362757569,0.503223618212274,62.4391895535595,300.130941377886,45.1021137270352,0.905444516768194,57.9597083164076,254.755337927925,3.75334845562042,0.308453719286238,85.7482882011556,298.540039059719,17.5721434751088,0.00370870035995539,14.3716991533797
1990-12-01,1990,12,298.606997380071,46.4462087833683,0.861063299565379,62.462759142092,299.714901744226,49.4505092575808,1.44152349290071,64.4813931976626,250.136073836772,3.24407847724401,0.249572676559187,82.1655108713454,296.179233760644,16.1065890294986,0.000779191535908236,14.5436647809065
1991-01-01,1991,1,297.678797376351,48.4955930711877,1.11689212590212,74.6334128980627,299.726025785453,52.3364782175346,1.53554589299049,72.1815308130383,250.889273222987,3.18850037008122,0.191811405780185,80.0415664885923,294.491573287357,16.3040153492164,0.00547121516537222,26.9824175585765
1991-02-01,1991,2,298.090226343812,48.5113796173279,1.02974598562044,68.5070729710662,299.641681615086,51.5897810619701,1.59490880561886,80.184959732074,247.658219428688,2.53529698030257,0.161763794979185,79.627101267136,297.003033169858,15.4656439419782,0.00446744333374327,22.4419276392453
1991-03-01,1991,3,297.877111053302,50.3953904675098,1.29637982219965,78.7827608947721,299.78453598792,47.311629231736,1.16931660724914,63.4222631247076,253.590059450904,3.08706056625848,0.158208962139775,81.7013005759515,299.327870403781,16.2202268758251,0.0174734358302112,23.1762567421616
1991-04-01,1991,4,297.249907179366,52.2559903347623,1.84791120852704,81.4885212610876,299.853301099378,52.2786708219773,1.4499514234006,65.799813043025,267.619812441184,6.89435767073937,0.425752729436542,86.3527142607088,302.614437124994,22.1141725663366,0.032624485223989,31.7497166189434
1991-05-01,1991,5,297.160526596154,52.7195944109494,1.80638503481326,77.0659839872557,299.934614797904,47.715551713699,1.03162369669898,58.0599148097087,276.13225181671,10.0514405196967,0.388812466332693,74.3415396596936,303.435983794597,31.4129736770096,0.268938422599652,48.2346078495855
1991-06-01,1991,6,297.050659443952,50.2790154901598,1.28811729811876,64.3269107282106,299.781729483073,43.8697077806584,0.561359501733354,38.7061842240729,284.998244208501,16.2997302114932,0.395685071168954,66.3871494662402,304.598455569337,29.9436067626811,0.14709365678402,38.5278308125609
1991-07-01,1991,7,296.682462713999,44.8374543373158,0.913354178498507,55.82392623783,299.254507388477,43.7305343164944,0.553358122136207,41.2000910614986,290.95801160577,22.4298225372329,0.332723748091094,54.273568750131,302.699719710519,37.6889398161529,0.477882047173613,53.2892926067378
1991-08-01,1991,8,297.819080561683,39.7909802829382,0.478379255852727,48.7649797903487,299.324665649011,44.2068497669283,0.485450015525457,47.7448041500284,285.109373542728,19.7396943683609,0.522543826465917,74.7298834796192,301.693389364057,39.2114143183754,0.615874947311705,55.2291821826929
1991-09-01,1991,9,299.582220160322,39.1360205677161,0.258261726398407,46.5038180547481,299.45230501271,39.937716706335,0.405757228753004,50.1546309534517,279.906685716505,13.78069656518,0.33849333028895,73.5326788779183,302.855342958563,30.1691723131118,0.183365995822018,37.0533771088437
1991-10-01,1991,10,299.94029686738,36.5334969077847,0.211798546750102,48.2930651977112,299.622011670691,42.301118649774,0.804190188405257,45.1550293060168,268.079550516718,7.53944762856412,0.466190722315738,85.2089113467036,300.636311779814,24.4616640872288,0.0955025526436023,26.4506730328981
1991-11-01,1991,11,300.507993197939,37.5348381457983,0.140735295473468,50.5928735696849,299.694808406709,45.7497737336623,1.14255100483588,55.0863403487297,257.870085229117,4.80513022852587,0.286729469183387,88.1539179099685,297.397152381614,15.8673475478612,0.00260418779929696,19.0712190682393
1991-12-01,1991,12,299.541726229549,43.9158787445585,0.39889775638396,61.6305505319707,299.603126988735,48.8888655426468,1.53954736099132,62.2497927496992,248.779403038831,2.97584538678376,0.173154898147947,79.282270027018,293.774609855299,14.9172659816278,0.00720107173340869,23.6855419383193
1992-01-01,1992,1,298.863235218382,44.864277684177,0.536105498255305,63.7055065784453,299.416689426891,46.0985996832296,1.11111570946866,54.1710988223456,252.947766414002,3.37714100227931,0.221705810523227,84.7276642933601,292.870770550293,13.2270463030512,0.00726059629901453,22.9720729920965
1992-02-01,1992,2,298.548030747282,48.1210557006125,1.11463421157275,74.1977538837696,299.63333576877,48.0849621924799,1.27581657239015,68.413244802534,252.808818440936,3.29255620512399,0.196252754770802,84.5849315068055,294.737144280732,13.0561579805751,0.0103276762489454,18.8465654218451
1992-03-01,1992,3,298.071683341218,50.9091233220677,1.25455387883865,75.6924012101951,299.817877495593,49.5916611516604,1.26587918267539,60.389284289873,257.919778287483,3.79107533183949,0.258733625087597,83.6400530500799,299.016798817153,18.0800716587306,0.00772731787959176,37.6323634789914
1992-04-01,1992,4,297.742356620794,52.4738664167746,1.44335049222521,76.9503108814372,300.089667623395,49.7638142727501,1.33477751134901,59.5574047515638,263.432359870287,5.09373760266953,0.366495937791243,88.5407058289943,301.827429863339,20.6463767766865,0.0174697950185839,34.3715998357175
1992-05-01,1992,5,297.940979759471,48.5601859342723,0.857885567152868,56.0042038975313,300.289149938272,49.5202655086518,1.06647333596547,48.9384298877758,277.2716557097,10.7761280554324,0.399146154634578,75.1331952093084,303.237913959078,28.0161171521968,0.108941383003736,47.637007937918
1992-06-01,1992,6,297.586458382421,42.4928469655989,0.480550499012139,47.5289613875846,299.949936394172,47.4127994618441,0.813881990950579,48.9926420411932,283.233220669595,14.5645140906345,0.423375792640446,66.2512460290523,303.928475996334,28.1733147868837,0.156500942634824,39.9856478092159
1992-07-01,1992,7,297.218783190996,38.2629357944517,0.382968470550304,52.8941874738416,299.229927483804,46.4713733102469,0.903352255076891,45.997909035198,288.707117633229,20.400433094796,0.357201127262776,59.2732002045714,302.091918007329,34.9023994094986,0.520168361485124,54.0699265890356
1992-08-01,1992,8,298.605345472384,39.0440967770155,0.407145472061425,51.1708545096549,299.349687397733,43.5690200818145,0.60619956767537,45.2351426615109,286.367506194176,18.1372996590246,0.329682669396222,57.3300739380392,300.749936915634,40.1572693392719,0.850182104196223,65.8403991195289
1992-09-01,1992,9,299.962128862584,36.0746610790741,0.194566906466302,46.6523950204844,299.523975914369,45.2287684540633,0.826865876418315,52.2643246809318,275.788326759724,11.1106246891004,0.353092144145158,78.3816489341479,301.546965390401,31.7095668974756,0.302542402101045,42.2076224503804
1992-10-01,1992,10,300.504826706108,37.0181475589519,0.177811261760626,47.3018063483352,299.696713194153,46.3692417416312,1.08848192615783,58.8407204429428,268.420448161808,7.6376431097628,0.430693339013807,81.0637975759435,300.393138734366,22.7809234495274,0.0591174358934248,27.103604085618
1992-11-01,1992,11,299.572312812073,42.8924478818772,0.53314399786502,65.5828336186443,299.562939383145,46.7095565070066,1.21127713701295,60.7949104878021,252.906560236684,3.81474891319432,0.254631652341227,82.1637607652799,296.206729626731,17.0404727297881,0.0193621410024267,24.264844110435
1992-12-01,1992,12,298.765082327158,46.521440218764,0.70986812986365,72.5447375597177,299.445547873393,50.6862053785756,1.7711128903249,74.7482902700505,252.15918178274,3.42781574535603,0.231289026910807,84.6091675162347,293.854952412416,12.98002663496,0.00395869629914462,19.6045261029388
1993-01-01,1993,1,297.851731062055,47.6103970629573,1.01368883774872,74.7559708777081,299.576808189676,49.2054106888236,1.65804678454804,69.448724930519,252.882468704787,3.34860771620605,0.218563074962549,85.2517470894683,292.175749956444,13.182181310612,0.00593307950572639,19.3526357656116
1993-02-01,1993,2,297.698881730179,47.9222986525275,1.12348270634639,74.7833056992245,299.371624359229,47.036454114486,1.17196454682981,69.1087798058243,253.853937285496,3.19129283488557,0.199903895802408,83.9418635486991,295.38664389866,14.2906913138046,0.00483139853109953,22.7705395157644
1993-03-01,1993,3,296.918702980513,50.3403141861628,1.89748070898574,83.1529761589847,299.510003133382,47.5838858363736,1.28764772665939,60.2379934745127,261.033260558782,4.45688033311897,0.259366598822983,87.2192202534745,299.267686119609,15.4271383126751,0.0124336715169239,21.332128701979
1993-04-01,1993,4,297.31957704172,52.6775917754527,1.74988035035959,80.2612445818222,299.7530265265,50.8044111623136,1.52872667309804,66.6572818189488,265.610148242141,5.64669208534319,0.318143387836023,84.1716331920916,302.214054055267,21.1616479540626,0.0377002544989446,38.3174753280451
1993-05-01,1993,5,297.276276513693,51.3676498500187,1.51175016668085,69.6491443122784,299.891230397499,48.92467352358,1.0570636466657,50.4019409133755,274.616225550066,8.91398665995474,0.461368271375705,79.1467876961957,303.745662407285,26.914524575905,0.111749887012332,39.6713215097807
1993-06-01,1993,6,297.024786011623,47.3799303786626,1.04194394058452,53.8142655002028,299.68344634745,48.8136151711346,0.879339363145048,47.4487672735816,285.09282772538,15.7434531190099,0.364028935788355,64.4538515302308,303.661352986155,29.0172217016402,0.205351420276759,42.0954300843333
1993-07-01,1993,7,297.184745808025,42.1801993893346,0.627994030874322,50.8491488826917,299.184721434139,45.6687158060089,0.787542189085372,47.2798342621393,290.230541861848,20.7208224938397,0.295286171375425,53.6906750953104,302.453689393404,35.3331489213736,0.489359662395804,56.0920703972593
1993-08-01,1993,8,298.126474833837,40.50266714321,0.513045744049377,48.3462764418991,299.126905343593,40.838689263751,0.501192140826542,48.8183550272292,285.520292155743,18.9786388406956,0.432515806617026,63.2941701521264,302.026775663485,37.8554165311051,0.572482924224327,57.4751782920399
1993-09-01,1993,9,299.471652374173,39.3053534582606,0.40970314514777,48.4177056799043,299.29429920653,42.4836745846134,0.667038522901705,45.0049567101554,277.046800805942,11.7166322545783,0.431383904293093,79.4726086808092,302.553551360637,32.4767595731955,0.303512965893899,46.1033267536107
1993-10-01,1993,10,299.553502583171,42.3161451670552,0.508709696351051,58.1790846863047,299.554552320584,43.4854299028431,0.766604267065768,50.5666825030939,267.579560988065,7.02380209416887,0.48804983508877,87.6322722345467,301.392603131438,24.803626491553,0.0668656039826201,30.4735115653023
1993-11-01,1993,11,298.793269637113,48.0799169277354,1.0645684590124,72.5248910447144,300.024825242698,48.2983421479393,1.0808906375343,53.8287912254123,254.247340005482,3.47820753792593,0.224289715445068,85.9593482396844,298.271540292051,18.8410236426613,0.00614053010550757,16.6678504159681
1993-12-01,1993,12,298.570748827068,47.2988873701695,0.819773911028388,68.0343538527434,299.936862368847,52.4361535148589,1.58962166570092,69.0778950344811,249.051504864846,3.07951690183163,0.190021641959047,84.4013904056772,294.292147435479,13.6671570825357,0.00256417532050799,15.1554607107738
1994-01-01,1994,1,297.520504010281,49.528215667625,1.32627361053314,78.6534090400726,299.567953501109,51.587836328476,1.58826502619091,74.6500922875306,244.40156673167,2.45845237906889,0.143858741411681,81.6821585976681,293.896783917834,12.7833340599978,0.00182270299697939,16.2128749215089
1994-02-01,1994,2,297.297963075654,49.4311858094894,1.4240656742754,84.5312301459792,299.761747631927,50.8386195261447,1.52548842084923,72.3983734590104,246.021992401802,2.02436636215368,0.112007465496949,77.3987457881625,295.223062835725,10.4532382911523,0.00256747660531741,13.2227040508598
1994-03-01,1994,3,297.322051315908,49.7744378529757,1.49573486511052,81.6454028710852,299.615333869377,52.5452723010929,1.85432110856877,73.1300207257811,258.936889502347,4.03430801905367,0.247982453602104,84.9496692416169,299.02748799647,14.8461273328725,0.00606885479095903,20.8980538807654
1994-04-01,1994,4,297.258016960299,51.7363202004865,1.70162199304941,80.5575631047944,299.907928237871,51.7993889765284,1.52021873524172,65.5101202712461,266.325123229232,5.88575359636957,0.379307146080024,86.6757838077853,302.492568508675,19.0651201224657,0.0129740342378709,25.2953918920833
1994-05-01,1994,5,296.957373750822,53.1775672201675,1.88208839714278,79.2921483009648,299.925010451891,49.5285550687726,1.14502303442991,56.7244594241836,275.765132974676,9.95090543584597,0.464300016706283,79.042306854238,303.714971367267,24.3865295639413,0.0625429223738879,36.5002079204329
1994-06-01,1994,6,296.485202286701,46.9818782994945,1.08467369666696,57.0146698572714,299.514460659115,47.872334372931,0.90995696613385,47.3655850925153,286.14746022416,17.4735146211485,0.394893046674891,64.4512184033434,303.457806408227,27.9211426688082,0.194773216367014,41.5151162777192
1994-07-01,1994,7,296.693187629115,41.9915897418527,0.63122025437458,48.4640649076157,299.038748235358,41.5444275989882,0.504659270717779,48.0724324531026,290.154004138846,21.0283440365873,0.336907231114355,54.5352057079476,301.914626697591,36.7248229245063,0.483492481432674,56.6699202743141
1994-08-01,1994,8,298.197543213303,40.5398875854198,0.520151022955858,51.3453939082612,298.910571138113,42.2298392259214,0.523214610457669,44.6416463927838,285.424177826468,16.6135604543801,0.269512806421977,55.3089334644356,300.85566096593,41.6655260854369,0.909221720292259,63.1086774180192
1994-09-01,1994,9,299.734319535599,40.0414740924167,0.348082596376735,52.057638460666,299.176896140577,37.4987522427856,0.243080808782083,49.2640802827411,277.791940270114,12.5226801568206,0.481024161173165,82.2506221386556,301.685542295025,36.9354604615986,0.504135482244048,53.101752908852
1994-10-01,1994,10,299.766148866728,40.4453487483063,0.426470692435472,54.9834854899303,299.455508386715,40.6771423130836,0.472290149987266,46.470925922452,269.959685883016,8.2026575767726,0.381158301454943,82.8223496057829,301.52227632087,30.0199594882481,0.153335833651288,39.5542097460752
1994-11-01,1994,11,299.330432510231,44.066029326003,0.722557360886084,64.5979392457787,299.92406923105,45.454389104934,0.93169538292144,49.6002266325394,255.570371657738,4.10537721480403,0.27922770744284,82.0464820377723,296.886700929945,17.1766768363185,0.00989822187539159,16.152055034294
1994-12-01,1994,12,298.75041291691,46.9360851171985,0.609208303260126,64.4044395825809,299.819927648039,49.5373851855162,1.31813704157444,65.2463488061658,248.917220158273,2.96379792431671,0.149119907258523,77.2910824657238,293.083563513469,12.776697767421,0.00486716318833815,19.2679335804603
1995-01-01,1995,1,298.314151540651,44.9224049116952,0.663603100779326,61.802577159799,299.700501885291,52.399222994652,1.65894635303092,70.2582328841725,252.089387698726,3.5401731137729,0.238903509956997,84.7414671693546,292.940837764281,11.5751852526913,0.00171297766283371,15.1871610799279
1995-02-01,1995,2,298.771000757584,45.1592009455628,0.725582171101556,70.3149337100079,299.44768020756,52.6595774855555,1.70982895897694,75.1887185706503,257.007280067211,4.37494156264712,0.225716279930793,85.2965090728934,295.256729184073,12.807690720935,0.00288246480746745,21.2899581154325
1995-03-01,1995,3,298.081201892886,50.0662146787122,1.45046025678212,75.9598215408471,299.687821775046,52.9554289847032,1.70841519762258,73.09426452082,257.896380390861,4.26849786070504,0.264880125639944,87.041600454542,299.836194537887,18.6529502941445,0.00869461180941084,23.9312911359144
1995-04-01,1995,4,297.968328679105,52.3338415715599,1.49830663688282,77.859312874233,299.916970995089,51.4813361266252,1.61009357280727,68.449157933514,268.598134981213,6.78915073014667,0.370016368816628,87.5329364117994,302.415801883919,21.958000305319,0.0274350590096159,29.6692733170616
1995-05-01,1995,5,297.116611045013,52.3904097734672,1.90200948127745,78.1524393555828,300.179922705707,50.3669152327432,1.18765428099004,49.821125291494,275.021850593476,9.74345885225115,0.446730658304156,78.3930840871575,303.573772279008,26.526572681304,0.116594278983421,42.9431447509883
1995-06-01,1995,6,296.989658693105,49.9525528375972,1.25324021094507,64.2662642399303,299.981670410913,52.0750826458944,1.20611568306696,52.1587033024107,283.260915061388,15.8058870825982,0.532465435554839,73.3782203132235,304.523295570852,31.9422009423949,0.241591968623829,43.9559615274379
1995-07-01,1995,7,297.058617286907,44.0078830694385,0.731737835068487,51.8357197548722,299.456063407587,48.1799253260049,1.11604995204998,48.9586040063318,288.371122173683,20.3063384111051,0.410485149945408,60.5854445688667,302.310820084948,38.335608688957,0.624032936577772,59.2901851609792
1995-08-01,1995,8,298.944177367293,40.2464649637145,0.385469446760819,48.7539855501951,299.399862156432,48.3056249125631,1.19711258125568,53.8079745531743,286.483499127669,19.8407347190066,0.425603297581632,61.6029082016259,302.381675733691,40.8391072291747,0.700150663769529,58.8654617409141
1995-09-01,1995,9,299.965743718951,39.9993485801359,0.335631952797295,46.8505719762979,299.719303107518,47.1517076746077,0.959396174381558,58.2784831158463,277.319609535975,12.6896920499656,0.520777393375463,83.4181120036949,302.580137146489,35.5185620102744,0.376799104126443,46.2310437868245
1995-10-01,1995,10,300.554734974336,40.0861697490978,0.326052769476114,51.2204417200316,300.008990819818,48.5172378368944,1.07097307851852,56.0835206717251,269.585434903251,7.82785581391648,0.484745162971667,87.3910030072554,301.272629693685,25.4920395625043,0.0596703851182054,27.9178251886497
1995-11-01,1995,11,299.183017897056,48.1099085181569,0.876265576903504,65.2104417411354,300.21994909759,53.7465536749226,1.81215698292749,66.2219512186928,258.291997296867,4.92656841929599,0.359057968479184,87.0977779268337,296.855057241334,15.3923283973228,0.00840180521085214,15.2344792077389
1995-12-01,1995,12,298.522313602068,48.4748822843859,0.918571016156984,68.0926950387653,299.75608789412,52.2752291528494,1.61449580503262,72.5793224323768,252.720806922039,3.27302782200332,0.270172893441429,85.1795300747363,295.240700978948,17.8515338872407,0.0474635876339232,28.0891801622121
1996-01-01,1996,1,297.526434683029,49.558150412965,1.31517524298419,76.8898649481993,299.552568466326,51.7104894577245,1.53519222084179,71.2386685430454,245.440020647064,2.297262956085,0.157684586761193,85.3277198796242,294.93955375982,12.260187923917,0.00849514089439894,15.6084128262366
1996-02-01,1996,2,297.346397018341,50.6620185450488,1.74004085803676,76.8795793381118,299.480190350186,53.0355697040324,1.90340249228344,76.0974349801816,251.545361810122,2.8889516701721,0.160128785315182,81.2280458921233,297.246272039043,14.0910412507914,0.00330580744676326,17.7203271156958
1996-03-01,1996,3,297.575716593591,51.424307387515,1.53452834031446,80.9760454068362,299.975822453254,50.5673880870423,1.21147240623784,65.146863716888,258.420410690836,3.52697545745228,0.184367741302061,87.3781485057153,299.834050037647,17.8483832920068,0.0231725825102784,28.0508201820241
1996-04-01,1996,4,297.336936144612,51.5592387069987,1.62468575954925,79.6114339353694,300.187279062341,52.0013489769114,1.41474222251089,65.5219062541353,265.487890873701,5.17550405240171,0.394727322120309,88.2562275026523,301.743588578795,19.688045080334,0.0258615875352318,28.8986923450626
1996-05-01,1996,5,296.971941441037,53.4861654480414,2.02682915403894,80.5282250928837,300.218175854451,48.4006008234107,1.03052216059023,50.7719008519234,274.036259586156,9.89000181565377,0.565463705780052,86.0063270155287,304.06059836069,27.9898847842456,0.167773758753551,43.2477101007256
1996-06-01,1996,6,296.618532078056,49.2380606652104,1.40589742102932,67.5823310387888,299.974505680454,49.978363998095,1.23053355444206,48.3750042544293,282.4225830822,17.1470801551755,0.591975195179351,79.3152461822144,303.568471331551,32.1390539218972,0.253741089131394,47.1039173658455
1996-07-01,1996,7,296.545310885468,44.0674976089118,0.912795502595467,60.7471824419397,299.58160837359,46.0774232534933,0.965555835644344,52.3908681133859,289.807179999025,23.5099536288665,0.458612794495891,58.667982851288,302.505470440799,34.7583287567569,0.444689896218198,52.7364990793368
1996-08-01,1996,8,297.755202478953,42.1816680379056,0.65408326559048,52.4374219439067,299.576067962421,47.6354921380961,1.19956206523585,51.876008342903,282.413318681219,16.7269724825936,0.604781872733067,81.8840403573716,301.642595496637,39.2372637479022,0.724446624714016,59.6761996323462
1996-09-01,1996,9,299.666646678779,39.5970521063311,0.36713370271004,48.6058116136311,299.80187383517,45.6186915461422,0.835389570016386,53.6731074769185,274.663037072988,10.0428413397079,0.480702911886171,85.9043646751454,302.304139644645,34.598290172592,0.419861028990366,49.4962948376494
1996-10-01,1996,10,299.905013361656,41.2505618711723,0.426947373087776,55.4802279253109,300.053805925086,51.0555136519302,1.55768951583935,62.5504623574804,266.645779593974,6.89031198602655,0.354642920671293,90.5767587089939,300.862014256166,23.5395255218224,0.0575055653413781,27.2635764650079
1996-11-01,1996,11,299.339789354285,46.5200718971,0.848276519770682,67.798133752255,300.030761094455,49.6305277645407,1.36311231995495,65.4207309564877,256.158116259824,4.39443475537317,0.247556069805775,82.567527240371,296.337829791013,14.4494178046398,0.0138191858420333,17.7622167581818
1996-12-01,1996,12,298.881536331137,45.16122815636,0.648594604987296,64.8700130787168,299.868622566322,52.2879197970414,2.07782248392714,76.2161879911097,247.667029281828,2.9685935116992,0.234275252106342,83.1970986109417,294.860040810034,12.6332079389823,0.00365972296771994,21.8182249801532
1997-01-01,1997,1,297.73277564668,50.9034604829967,1.39038118686218,83.0379809184141,299.688292242345,50.1911058284058,1.29465704154695,70.4186607167636,247.673244812922,2.57424602101574,0.162969013724509,78.9940893268847,294.749896605,14.2843343600033,0.00534278187942988,19.2316837731607
1997-02-01,1997,2,297.315505341545,51.3267257206865,1.64332509481512,78.7588427513974,299.677994086892,53.8221118310065,1.86231826714861,79.7084148091095,250.748845808156,2.88981384069584,0.201331292065216,84.0788727457273,294.498947892497,11.1908754956426,0.00167639833089582,15.0977631546843
1997-03-01,1997,3,297.565107996732,50.397930526849,1.20362267685359,82.2889853435214,299.782072271402,46.0375789557405,0.91004197725496,60.9396126266784,258.991156505297,4.37203041276232,0.245238639051504,85.2935751966261,298.795958077521,18.3940683995842,0.0146525262605074,40.6757678360528
1997-04-01,1997,4,297.322453133195,51.3570503622966,1.65904142938004,80.0074599582411,299.844584928366,48.4487739023066,1.27887851946717,62.7371045352608,271.652993364628,8.08217585219647,0.424746040483659,90.3658200797452,301.5385695138,22.2823896166243,0.0795916778496983,41.0570468472399
1997-05-01,1997,5,296.880241573258,52.0198702358547,1.76196021111133,74.7742317177421,300.081710290932,45.6285135762084,0.729208324732504,45.8331230643828,277.312007380669,10.7476686548329,0.479329253558843,76.9061794313904,303.280570210661,28.7620753618255,0.154724323478203,49.0330787257227
1997-06-01,1997,6,297.404535385548,43.8960319517353,0.671082623363547,52.6619128842465,299.787064730328,41.6139853541975,0.474407783568516,37.2206874569729,284.094644774869,14.8888053173934,0.417737530589659,66.2678400367751,303.862543749306,32.6502533891787,0.290875461104877,51.155373373004
1997-07-01,1997,7,297.536155757991,41.2149012179465,0.540098004065822,53.3420734932372,299.256347954541,44.3889195753201,0.691053045275881,50.9290184408925,287.483022617139,20.3089863008973,0.498351806937213,67.5648288121267,302.572834963793,35.6796666094098,0.464743272180569,50.0952745492478
1997-08-01,1997,8,298.518602381488,39.9268367707552,0.386689920578847,52.4855447518557,299.221926348592,36.3159748968755,0.244086959642017,44.2110452084488,284.808270049084,18.9276324734315,0.574991988585834,72.5901587647152,302.274775405705,39.5235810839358,0.564188686246169,55.0448430974057
1997-09-01,1997,9,300.454793438013,39.7155264177053,0.306731335468628,50.5568633478211,299.332306051203,36.5520612002582,0.314007159927626,35.5299489213296,278.038476185231,12.2733826933249,0.411889184948479,81.3629298318989,303.25590587877,33.3824468675191,0.251971891289486,43.3614841730269
1997-10-01,1997,10,301.727048456194,40.1659207265193,0.200175897309171,49.8722053989571,299.677104706073,39.4506271257668,0.512271624375479,45.4285676481864,270.796494067068,8.91480229036301,0.38089306718891,83.7747595969361,301.936780321365,29.9623585681685,0.128658602556127,43.741234579798
1997-11-01,1997,11,300.596123500599,44.9293116571164,0.542410613558197,61.072464088936,299.888714177803,44.4611218211512,0.873256801735399,51.7118456969674,254.253807548144,3.7116614799356,0.322280867736352,85.690959417302,298.249199883183,18.4453769368466,0.0233668152825627,25.086674263312
1997-12-01,1997,12,299.547257743535,46.1004783385055,0.442544282517297,61.912280356793,299.975860364564,50.1881197227635,1.38539627445644,63.4789075277132,247.128011670046,2.46556369435154,0.183566708373908,82.5320306676722,294.197713771999,12.6450976231681,0.00451600356160336,26.1187315387663
1998-01-01,1998,1,299.372457362279,48.790842787158,0.626426242285703,62.47915139933,300.12721849824,48.4209101252415,0.987500164357963,62.6090628542626,246.560712267349,2.57789172335343,0.12879782258933,78.1003531467849,293.622715978699,11.8469946423728,0.00778992945735322,20.3061347187745
1998-02-01,1998,2,299.994448665774,49.2160077225129,0.701696243258067,66.7540232872314,300.234926516761,50.608588032,1.1740215762484,59.717483194607,251.496896406245,2.96378712739772,0.209175742185741,82.7290655009852,296.917586308644,13.1123900960547,0.00397283198885553,16.5766932931542
1998-03-01,1998,3,299.162989341835,53.1233090152577,1.14941625127466,73.1194971287258,300.397119334933,50.9666406307642,1.19127443417802,60.9630681056847,259.009661218112,3.8875661216849,0.261738934782428,86.7363747684805,298.308665446629,15.2322436001965,0.0166309958085048,29.3545946147859
1998-04-01,1998,4,298.560150333845,57.8086109954531,1.89398454227266,79.8711131755398,300.531775529957,54.930454840666,1.6408389874232,66.1828772346292,265.58410135113,5.37004204042573,0.437950926606238,89.0505177882239,303.352335648541,20.2324817836581,0.0162887166030161,25.2509372342016
1998-05-01,1998,5,297.817093511444,55.0695526922974,1.65752116148045,73.731377359868,300.773997561216,55.6919271512352,1.42669275786972,58.7398419574462,274.358680077749,9.85697391138291,0.528667824831312,85.0693658267052,304.799932492149,27.133042797487,0.0597313576947495,32.2563662245815
1998-06-01,1998,6,297.136623173231,48.5244610149252,1.12658172147018,54.217152025908,300.354558599523,54.3425354241417,1.37130125248906,56.3581785588777,284.264342583975,17.1375038831486,0.470220882428935,70.8795374709592,304.448631920403,30.5459371427586,0.13910930134231,38.0212883668429
1998-07-01,1998,7,297.074737889475,44.801560990984,0.893922054249351,51.2633060898898,300.033472570391,51.7566173045759,1.35913331139711,50.7720001264662,290.572288683963,21.580931623053,0.306694025818256,51.3667560835599,302.827116275869,37.0481711581046,0.429701325329243,55.7479763716319
1998-08-01,1998,8,298.940805926699,41.3342323305084,0.427792286623231,50.2770864267782,299.88078864263,48.8177981539439,1.29589160435821,50.7969779280115,288.552650534529,21.2722145505711,0.365489791674782,56.7708335434595,301.869554615451,42.4270011192927,0.763405479481565,61.4102556571617
1998-09-01,1998,9,300.077077243579,39.5569578875764,0.321927744540801,49.524667350396,300.095965147666,48.4864188419333,1.13460448297276,53.977703904685,274.877853410521,10.7276934259197,0.509408688541278,83.6840897061098,302.576998661125,37.6488504264485,0.461000380613071,48.5186092669412
1998-10-01,1998,10,300.139326868476,42.7266520428001,0.521754457378428,55.9853939678694,300.447663969368,52.2654798235223,1.40933823491109,59.7206415295606,265.278228189017,6.63271780331023,0.445830540431562,89.6768141309807,301.604892811239,25.8639320828774,0.0525778394063572,26.6735334160675
1998-11-01,1998,11,299.162866136218,49.66821136493,1.12540991665358,74.5135912798513,300.446588222445,55.4828554053667,1.60778373579322,70.0359722386421,248.957749854555,3.1556290497376,0.172641449010028,78.3040624320846,297.678071506066,15.6580556267419,0.00183674609450828,17.4899882612137
1998-12-01,1998,12,299.112620667628,49.2110997430057,1.01958302201973,69.9073508171584,300.135459289837,55.8564197769253,1.85054334689872,76.1585022476959,252.02480499721,3.55055815167082,0.282592735960614,83.8044772578845,294.676609150944,13.8328200193729,0.0022051755743707,14.1681632130314
1999-01-01,1999,1,297.45965197493,53.4451922320028,1.85647432848863,84.9514926857196,300.131059876168,55.5668219295129,1.86123531343916,75.3885934737068,246.474355581901,2.81716347510927,0.145847736646282,77.3962808471207,293.872587612925,13.2128777641501,0.0107635863438923,16.6077307098415
1999-02-01,1999,2,297.367186614497,52.6417318016261,2.0321274872123,85.0120353406098,300.044096945812,53.456835036497,1.71419073994642,74.3753336605155,253.795527359592,3.64800017428077,0.171163582211223,80.6635992740854,296.945281352353,13.5325618791597,0.000748045297341297,20.8868044874384
1999-03-01,1999,3,297.494303439111,50.9752271928595,1.78164653612351,83.3858279850606,300.224082214314,55.4892107238091,1.65172160860012,73.6052868723902,249.489160541777,2.35598770752391,0.116507440861222,81.3248048193198,299.33357422857,12.5722254584363,0.00253991762627505,15.7678055233858
1999-04-01,1999,4,296.86266370157,53.2425302546742,2.14901616463693,82.7040214170925,300.45138161996,54.3409605406398,1.32616500329663,64.9877432954393,265.74021011199,5.61556001105818,0.429340189504852,89.7882619423918,302.224306291209,17.5956506657385,0.00873937245643226,20.1681795614745
1999-05-01,1999,5,296.624063149388,52.6818546222044,2.3114333690791,82.0595505453491,300.012101187974,50.8828336289832,1.32037305328651,60.4617257546938,277.323069256937,11.2023652477456,0.42717223953456,77.6797372031298,303.843036636902,22.9629274459824,0.0431383058459386,31.9097855503986
1999-06-01,1999,6,296.834642795566,49.3674649692225,1.40088248722285,67.9453693963339,299.828715917271,49.4752848151301,1.13486121746238,53.8361331790295,283.54125027207,13.646049265496,0.332419603295537,66.6320335212889,304.254841525194,26.2869045886,0.0745467714802163,31.5348953971267
1999-07-01,1999,7,296.762034524444,42.113871116485,0.702060921501108,53.9522670071201,299.423514808154,47.1090320040785,0.928729389330922,54.2573732587301,290.822899382469,21.1485855528242,0.267061270194462,55.7959410185244,302.744635726624,36.3697446908672,0.338149093812835,48.8941906883278
1999-08-01,1999,8,297.986753162706,41.6354972577054,0.613969044983243,53.1370912499557,299.31087234367,45.5490766889405,0.889683653228331,56.2825632973333,283.818796121669,17.1113742495195,0.47101350951432,74.651966432731,301.957355280379,41.0965207705944,0.654380806492281,55.1450736177755
1999-09-01,1999,9,299.126847510124,42.9910035785886,0.650887451112169,55.6445713984179,299.56609404298,44.6706372100506,0.844852329603583,48.3270695956123,276.881331238186,11.0605243721557,0.35097584012622,75.9805009500642,302.844119925931,34.6930179863738,0.27430908526146,45.6785533361726
1999-10-01,1999,10,299.693279115956,41.4927767779073,0.481917788878551,50.7236650425047,299.88419747796,51.0922196229103,1.4199165708937,63.1086749368597,268.259841701957,7.54651398584081,0.350963935643523,82.1468967287984,301.108603132989,25.9753965548256,0.0983950931734694,29.5560355032611
1999-11-01,1999,11,299.668112052183,44.3729372244517,0.612274090023299,60.749156445048,299.991840193588,52.4844954203554,1.38309700690543,68.3737610639389,257.703627443499,4.31896205605114,0.247113385173097,77.8711806325539,297.753844898259,17.0675736917496,0.00451573598448179,15.3027821379811
1999-12-01,1999,12,298.844142924705,47.0245407239714,0.807703062404942,63.3319171186837,300.060788530834,54.4902112388807,1.67040807441591,73.2317860007961,255.919000051057,3.96273846849874,0.222193397456862,81.2771644529083,294.129034343542,12.7657986447605,0.00571984811402254,18.2386327842536
2000-01-01,2000,1,297.686421824831,48.9691160746556,1.43699762721649,76.0917850387584,299.757775051115,53.7117358043142,1.85201291125149,76.3063983993163,247.360122263107,2.39255775839714,0.103234942474812,77.5334225137679,294.944309103183,15.5099258064044,0.00587656792848343,19.7415033374092
2000-02-01,2000,2,297.314430159382,48.6411583135619,1.47842082898525,77.3299039832501,299.865355972358,54.1479741572991,1.57796846479099,76.7436188045065,252.125095382506,3.06860769436259,0.155127421347967,78.8182875028215,294.923076900006,11.9484604545087,0.000968638481458588,16.3077956302226
2000-03-01,2000,3,297.213719077648,51.554478090321,1.72834861202957,82.3087998992475,299.963518173034,53.019620907875,1.36288895969269,71.4371572024657,259.120904594273,4.00698258574179,0.237295171336372,87.2653177449359,298.696950694231,11.7499809912392,0.000921915663144505,10.9982315603142
2000-04-01,2000,4,296.721881391523,54.4386603768562,2.58728086617693,89.8389943452851,300.222721609395,55.0223186413462,1.47400955107399,68.1376931061257,267.670837892497,6.72203964926844,0.447152815719218,91.0992413045849,302.928054897886,17.1437710971868,0.0204744751484712,15.4487727566624
2000-05-01,2000,5,296.759596926304,53.3323335587279,2.09096700606943,83.1690348785719,300.394467779455,52.3887467049249,1.1763239740979,54.3703426997716,275.969654214066,10.1426277681829,0.467171944986383,82.243846622407,304.079200835866,22.9549066624103,0.0500276342621841,26.6366402866123
2000-06-01,2000,6,296.811406388704,47.0198219451625,1.01683894536015,58.9363641692302,299.713411259224,51.7738137119156,1.43157985760958,61.598229890699,286.805129290233,16.9276316525864,0.319798659537606,61.5004223493803,304.382365043874,25.6723447177551,0.060467301318109,30.3740471155884
2000-07-01,2000,7,296.574051545777,44.6118449158502,0.88029039883847,59.4758176308062,299.492618035727,46.8221396984622,0.882017375661635,51.2791038225438,287.79454025058,19.7336013415747,0.394256014675619,63.5423720094229,303.491735770072,32.2970054751457,0.218361237122508,41.0654396853197
2000-08-01,2000,8,298.224572436188,39.2220492593261,0.378810579180622,46.7919789494815,299.477903377933,46.0112030228208,0.879492761557129,54.0105763458622,286.422722878343,19.4753274784946,0.435979164456793,64.297161069174,302.982886201391,33.3448714580082,0.262862442897193,41.6577957041855
2000-09-01,2000,9,299.493277205904,40.4560829263069,0.378264970248904,54.8225693672266,299.94010038988,46.1174464849903,0.879702226284624,46.7212381271914,277.399882152883,12.1491666168336,0.472308899509345,80.5867834676163,302.936191559904,28.2320936550337,0.127000246566452,35.2253904247359
2000-10-01,2000,10,299.899328064817,42.2205302669733,0.391661081739326,51.963859317505,300.162824897308,52.2626528961788,1.33030313349068,67.7793537739412,265.67950656678,6.31465539018502,0.310711792638925,82.2049267745253,300.613549913748,22.8079417699934,0.0611840902712986,29.1222188484291
2000-11-01,2000,11,299.581216142303,45.4148702459184,0.621720889905678,66.5839423465744,300.292157715644,53.2701733659139,1.5223680234354,64.8494764039851,252.02474407182,3.26350535555473,0.18696794394666,81.4809991739366,297.544618042817,15.2186526387842,0.0100177674814713,23.0116887318345
2000-12-01,2000,12,298.624814439948,45.485946632285,0.663408149642108,60.1676569525947,300.34281812983,53.2174847308141,1.38822097756198,70.0458753190877,243.647632126305,2.30793640533179,0.116248913403561,75.6377176829284,293.997715766556,11.2823333472403,0.00415393421716982,26.441281530989
2001-01-01,2001,1,297.19416396658,49.0567628038861,1.42261665418183,77.1820897655707,300.053989361875,55.4265168962056,1.83584078863317,75.4035919005256,243.685613499541,2.05141196168613,0.122690612472234,75.9507339255712,293.279733511526,7.85724938067169,0.00288505625656559,14.8704233324329
2001-02-01,2001,2,297.238525758122,49.9450930921029,1.35278892361479,78.9709108979796,300.010027781705,54.8032409590946,1.89572025324186,80.8559219296849,248.244092487117,2.5196049457828,0.148842078432329,83.0512853963289,295.559527453992,10.6041512538662,0.00212276613769677,28.6721596032167
2001-03-01,2001,3,297.85265167793,49.9173880535815,1.39763931988859,75.4482009609167,300.12873683508,54.7897128018396,1.45486031932172,75.1837980660237,256.952248365303,4.1413990822406,0.303164116774671,86.7324850917012,299.721929761892,12.2140125363518,0.0110937652820685,22.2650957199916
2001-04-01,2001,4,297.389098932917,52.0415362719128,1.70775773222989,79.5203924608962,300.338869072832,54.5029788551767,1.53608570990872,71.8709407318651,264.713882402136,5.41922248480506,0.386827538775942,86.6889567220857,302.738543973662,17.8266382415126,0.00932635303415746,25.6869803234222
2001-05-01,2001,5,297.397809163418,52.1407477563278,1.59220810178421,72.9827346533406,300.533713370524,51.5681823943242,1.08948788070534,55.7438559173991,277.904806716952,11.5902698465123,0.438541806372208,77.6139965100203,304.193632056543,22.1937281625356,0.0359315676404548,31.097941523425
2001-06-01,2001,6,296.314476018261,47.9485156272464,1.27443902130004,69.1245821224611,300.105238601057,50.9552849778791,1.17341228670564,57.5073795546307,288.078344927421,18.0427284053135,0.312106347283592,64.632580649319,303.883777453034,27.505092687251,0.125586052316674,37.8503848830073
2001-07-01,2001,7,297.310079796502,43.156461475114,0.669593214923644,54.7361750637901,299.77717411925,45.5452986092548,0.76565720298031,47.9094838711595,289.901059033585,21.1660859715357,0.364471878588861,65.4109560720606,303.021042008624,35.0480445302004,0.438352908667824,50.1731356151136
2001-08-01,2001,8,299.0048088425,38.9531868519621,0.296773072577965,47.9688276562342,299.743364825362,45.2123433798046,0.577071807252102,56.7900916075439,287.284447613436,20.0465512809787,0.351229848592899,58.9952427741863,303.141539299103,38.2470619937146,0.508223743034847,49.97695925894
2001-09-01,2001,9,299.659555503884,40.8182743910184,0.456142970695812,51.0561482279588,299.865926280524,48.7544465195059,1.12735466108888,56.9771923544443,277.341764896456,11.8729771390801,0.412901405881865,78.8819416225139,303.23062222283,31.5769213913243,0.220860033547676,42.1791811004427
2001-10-01,2001,10,300.470640572394,42.0972515046072,0.531657510128604,55.9847724716248,300.155103729779,51.182776726222,1.22428116477457,64.9057441450801,267.769012721153,7.09889506005848,0.36413831844311,83.6329241785649,301.002987815428,21.7915864040175,0.0334765250258256,22.6723289528626
2001-11-01,2001,11,300.202123502243,44.8484699861639,0.630081027239278,60.4048506433816,300.186334774389,55.0523202030806,1.62387019930102,74.4417214480067,260.538660411444,5.22468850784292,0.353488656239735,85.3763402157068,297.578920352412,15.1523005158184,0.00922751474081274,19.72858429828
2001-12-01,2001,12,299.038986522534,52.2458948062254,1.22298260835136,77.2244138925804,299.88931684364,52.5308604182382,1.47883325037745,72.7948571751308,250.186862596743,2.98486573964997,0.17849290688156,81.1813114052498,295.999718652666,14.3570327179447,0.00446280026866663,27.8606182045836
2002-01-01,2002,1,298.195101472837,48.466167478286,1.21120081382665,74.7574393662616,299.852396512023,53.3174471650814,1.70162886731568,71.2396534889938,251.645389973953,3.36452542545537,0.270362720145811,85.7843197471758,293.151238135913,12.8662250910083,0.0214812323018556,23.742489650014
2002-02-01,2002,2,298.010302757687,52.0181474380176,1.33748392964981,78.4807198780718,299.893315161108,52.7652485067317,1.43760970120873,74.8555206600551,253.482585238697,3.57163544968086,0.269060625565078,82.8818185913294,296.38290689557,11.6885180337335,0.00221297461902366,22.5617374991278
2002-03-01,2002,3,297.824500146136,53.5698235524405,1.97634243406532,83.8844302081524,300.091314085904,52.5032739003868,1.23351146205679,69.2503514388036,260.676407282938,4.47613052494645,0.33230774872927,88.2488781324042,299.751456302157,14.2254627831427,0.00426761118017558,24.0089567447634
2002-04-01,2002,4,297.417108800187,55.3779413380431,2.44564461140051,85.834281781875,300.457213396965,52.4624194141011,1.30857661033671,61.5572494675157,264.96225495823,5.22599416371558,0.329331792291084,90.1344403494313,302.428453610847,17.6283878865001,0.00730576779118646,22.3928105995236
2002-05-01,2002,5,297.421980860297,54.3653081992839,1.73885039623737,76.7315444034389,300.605290801988,49.7830900716637,1.04169699936887,50.0768161482618,277.228794099223,10.9894827621237,0.438506666341625,76.8391448505893,304.032541354175,19.909676441517,0.0147742268447069,24.339039997867
2002-06-01,2002,6,296.731996315013,47.3708034343818,1.08197682310724,66.4194337165762,300.147585403632,50.3859748206209,1.11563570915111,55.1064351136838,287.255155295383,17.2419917660001,0.347583529071166,62.8039799639101,304.550050761673,26.8878504846287,0.0874340754300861,35.0226694248944
2002-07-01,2002,7,297.681540383455,41.071753635578,0.361366566446389,54.9303731798284,299.928768643481,45.1707336730718,0.540589765609595,47.9441473054233,289.949772718511,21.7187765411545,0.339273186740642,59.9592151096989,303.97765860232,33.5625674318255,0.316606841981517,45.2782622760112
2002-08-01,2002,8,299.049453466611,39.6844993688093,0.341068386727406,51.5257151536047,299.666664673329,41.4147522066972,0.439356793197116,47.213942661129,285.957164567388,18.9564330149581,0.443295829560082,68.0874597843036,303.402373942911,36.3022404848211,0.367734275630389,49.6140949878982
2002-09-01,2002,9,300.32501209468,37.8229013642168,0.287357269745593,47.3134220626818,299.738215581076,42.9137847886789,0.549513566706112,48.7427662767054,276.921418637225,12.1974118426028,0.537979154553551,82.219280017281,303.693764831859,32.3122062403265,0.246513714189265,45.1532359305957
2002-10-01,2002,10,300.345767794479,44.1298831802019,0.684798101963835,58.8946541805894,300.323128482776,42.4571224068351,0.560659423278826,46.4828807771995,266.90351198394,6.85046848142661,0.292342015799057,83.4598065553406,301.41041920502,26.420996452893,0.109744866121315,38.1697149207028
2002-11-01,2002,11,299.500027321792,47.2083699283022,0.974273840676755,59.651210947805,300.411270027676,51.2342822125071,1.20262124346337,64.5153800389055,255.265273581512,4.16962536578647,0.217563647135474,84.2052927956473,298.041991961945,16.6949293094607,0.00532619215511055,25.156774268895
2002-12-01,2002,12,298.616702997612,50.6452265553493,0.997815451667847,69.6955290571297,300.484796438421,52.6495984782836,1.31906956091159,58.045225436825,245.774931100683,2.18431963442755,0.111008304983069,77.2212067747474,294.973033590751,13.2302135362308,0.0111530998973906,27.3788723280103
2003-01-01,2003,1,298.944677315914,45.8084564910541,0.578668380466924,66.2998451952395,300.226193677288,53.8714773639261,1.55360587824887,71.5087873451151,249.723435298343,2.94477085114705,0.186604559426491,81.892780473608,294.489035134314,11.1933813935584,0.00251864146963152,23.6110754329859
2003-02-01,2003,2,298.350263554892,51.0941959772069,1.2656719892552,80.0895428957785,300.142880567799,54.7953865207554,1.6988688297689,76.0459964019375,251.231340177516,2.82329291611993,0.178469347164553,84.2029498675487,297.380480337203,14.0180956813841,0.0059270480869021,24.6168505143041
2003-03-01,2003,3,298.210196655592,52.0822089440749,1.5448300661388,81.8187924760873,300.221571946152,52.760077010888,1.29096287025889,68.0213621766916,259.486036654745,3.76666185957897,0.262718184028439,86.064145273976,299.236453340695,13.4104263606982,0.00385629408000618,24.9581835271091
2003-04-01,2003,4,297.818165981388,54.6836717935703,2.21524185622554,84.4976856304863,300.542959409119,52.332141797906,1.25647878600727,63.4316996215488,266.755374129658,5.80632483741768,0.457678097479505,88.3819931411428,302.839086497173,18.5262746647828,0.0117216221916878,28.8046202342632
2003-05-01,2003,5,297.202177311507,53.5847721103391,1.85042645184309,76.4419759433383,300.635275600823,49.9173799358927,0.937251324163773,57.7291525332788,275.998776476796,9.73492219374179,0.373600008269896,75.1675668372844,304.143308920006,21.7672122808793,0.0455824183216541,29.1224076911191
2003-06-01,2003,6,296.972234901846,49.225161676818,1.26645968345794,65.1224283040907,300.189451409405,45.4732993142176,0.689060233129329,39.9037277741191,287.261460764934,16.126484651916,0.281366824218356,55.7263022551478,304.427603700611,31.1266666536165,0.174587261575913,45.0964372368737
2003-07-01,2003,7,297.143113719835,43.8128905140502,0.688454154398595,62.3672529973718,299.683956932041,47.9497080549617,0.864841195218062,54.6651189581086,289.379867262706,21.2417832474155,0.361914889149913,62.0106970441828,303.256501403144,37.3312705433114,0.491681257093997,54.6835445191757
2003-08-01,2003,8,298.343367361488,42.8303809945855,0.584587695576423,52.1417650474751,299.638557286913,47.3483204778598,0.713351583647163,51.1520238939126,286.755975340947,19.6199178710564,0.322362838845822,60.8538137700595,302.907757965929,39.9950940911685,0.557986270953176,56.9413443630706
2003-09-01,2003,9,299.379602320787,44.1830585265437,0.687547514234788,57.4801968621716,299.843618489432,47.653179877288,0.728157561681498,59.4461232358207,279.011152484888,13.535630706819,0.426556127110636,80.7186472417442,303.093023278802,33.5321523133627,0.286593722070583,47.8489547750501
2003-10-01,2003,10,299.775376160146,46.5040204098164,1.01681217667849,66.7203517365838,300.211529755176,49.1772929633357,1.05125282986403,64.2283898197889,268.749182737015,7.60541498332416,0.388803988685097,82.1966928925692,302.217239484473,26.0085711214663,0.0686067787975097,33.5262690758295
2003-11-01,2003,11,299.28864441001,49.4905808665782,1.2128603881264,73.2330150402734,300.336054349942,51.4015703880889,1.27541919920432,64.6704249311179,253.330096935312,3.47812401002747,0.184147095248005,81.0761010515632,298.555289301414,17.948194613694,0.00675843018407132,22.7095690887037
2003-12-01,2003,12,299.106983536407,47.5644005949408,0.788190069335057,62.107550571616,299.979231996336,55.4842496152067,1.71421147720924,78.5756505618815,254.752666376881,4.06992858714699,0.287842055114683,84.9125100645296,294.569940525887,12.8708426640246,0.00483224351798976,25.9866625483826
2004-01-01,2004,1,298.797347965481,48.4835943837388,0.96850040522934,79.6229032891059,300.005819676055,54.2494125279073,1.43543137616717,67.1608955424271,249.42395770192,3.04855451888729,0.137068616027675,80.8356560287502,294.934905786728,14.0962788862888,0.00799082518960294,29.7195171402202
2004-02-01,2004,2,297.957242086418,50.8001073361255,1.45580153325524,80.4731224838333,299.941993880091,54.5351968385186,1.43756174385864,77.2861988240587,250.244054119542,3.0167611974201,0.191645437775936,82.7172201679106,296.211139993042,11.6913468119636,0.00242256489495272,19.3223274134559
2004-03-01,2004,3,297.894089428922,54.9767393475961,1.89640683035722,86.5741233308317,300.337897550452,54.1068785866967,1.3851109644413,69.8513364346238,255.284567870739,3.4858069230071,0.262397885616067,85.1547164263003,298.990606904784,12.3921236982139,0.00346745974272666,17.9792470215994
2004-04-01,2004,4,297.871461763587,55.5366626385603,2.13472501448619,84.5754171592682,300.650418658595,51.1658281429358,1.06763438001879,60.4940571894639,265.043194075408,5.05906959847266,0.382399019972083,88.1694541610544,302.576941060978,19.5440853887799,0.0212931557848866,28.3004877391712
2004-05-01,2004,5,297.369842145594,53.762083774348,1.8028933382852,75.5311117119106,300.534241551275,52.8957208894832,1.18936493734629,60.7288525083236,275.679211976164,10.3029790849496,0.437524896051013,82.0554523167757,304.530495422517,22.9657295481736,0.0456269160027032,26.6158885481773
2004-06-01,2004,6,296.815438149788,46.6402116251496,0.943184129582526,57.8167782685582,299.979926089552,45.9508305621011,0.755461974118733,54.2821058899893,285.743174933691,17.20532285887,0.419344570737057,65.7226544812166,304.178375460549,27.4598619485837,0.117898585465524,41.1092379471362
2004-07-01,2004,7,297.118741194428,44.744473151723,0.801995361706508,60.3605451697795,299.349740891637,47.6229318617448,0.941413798770205,54.7611116946999,288.462335434665,19.9520791869256,0.377468379250984,61.2471948448215,303.328968917486,34.7930878186684,0.340499041728666,49.7269094161459
2004-08-01,2004,8,298.275263890568,41.469928776841,0.488445351508428,50.0578242166719,299.457012922197,40.5231187581504,0.372146496761595,55.0371690019137,284.034535117287,17.6006102274734,0.506435796868979,73.7195357288042,303.187481428041,37.5886855723108,0.438150212822017,51.6165215716102
2004-09-01,2004,9,299.284207086754,44.4231945002274,0.762799437254832,55.7322082808019,299.607735040165,47.2975155599537,0.942957584174194,55.158787671662,277.869824794154,12.9148468478445,0.539079784673925,82.6624065471093,303.27270116971,29.7878800692858,0.119735858182686,40.3767435801601
2004-10-01,2004,10,299.922782618491,45.871023032504,0.783092017974802,61.5981581301464,300.027793177035,44.2419222815105,0.732427836090261,55.8510586399696,268.046159522235,7.56886052111796,0.434934855154763,86.1114691748798,301.555888141128,22.2200456601367,0.0323537637710983,25.8988987999103
2004-11-01,2004,11,300.183334109475,46.0550059703887,0.62458069558198,59.9462032141314,300.360668925738,50.3183945607011,1.15051542488482,58.3763813982237,260.748565239712,5.17615089681934,0.356507382720499,86.2742543416255,298.147232236026,17.7040079737554,0.0131435883842946,20.047970940607
2004-12-01,2004,12,299.355977075192,48.1998970700123,0.768043484084096,69.3898087835507,300.220251057903,53.457869638237,1.42465580922241,69.8401412927022,246.816368904281,2.75129758709657,0.120189305516193,73.7904151891964,295.398367900648,14.8651682533003,0.00462420957703609,22.0196054674329
2005-01-01,2005,1,298.830103852522,52.0811929971191,1.33214991992983,75.8091537272229,300.09488889003,53.0867730646313,1.45557123293474,71.2397854616843,251.303390011844,3.35013004541571,0.150518886842088,80.6262081252523,293.475228769393,12.849889963947,0.00604278394185491,23.0314119201464
2005-02-01,2005,2,298.142276764178,55.4318775801626,1.77462289904926,85.9587466400676,300.323699215784,52.5037851002316,1.22139537155602,62.6725553187791,247.897643889328,2.43142873066385,0.087993278809507,79.8859991219551,298.859806640496,18.4687833751987,0.01065581923125,26.0573478356976
2005-03-01,2005,3,297.969332523452,54.202701899839,1.79062875780348,85.8084703872227,300.454667186162,53.9381303357102,1.37415332647353,66.5543340882017,258.72345538946,3.86283928378294,0.263087122766824,84.808560519224,300.775708026677,15.9167585314679,0.0104550029481333,19.5840477122869
2005-04-01,2005,4,297.890941385948,57.9105970976203,2.34831660987705,85.500949527538,300.41965028328,53.0527806403084,1.35947372851042,63.2718145425903,267.859513825329,6.42057140238719,0.433665135423587,87.7661371430753,302.951268850206,17.5426137524181,0.0119443355729204,23.9561030554969
2005-05-01,2005,5,297.680340253234,54.8281358490889,1.8438995391024,79.7661914816323,300.536188322193,51.2632802877333,1.05990833763674,57.3755383965814,277.555630449774,10.5587098575958,0.349551393309757,74.7567085019851,303.994899168857,24.1318229350052,0.0536042609963747,40.1847865067135
2005-06-01,2005,6,297.572112889838,47.3951811766622,0.790297485424844,57.9033359943153,300.282807864602,51.0762832285395,0.95571270048799,49.9232944293926,286.584566153464,17.8146978637878,0.42832631947191,66.6376902339238,304.744034299456,32.6333477821636,0.147718575897183,43.3592109450991
2005-07-01,2005,7,297.508323206261,44.207920499589,0.699205963071581,59.9843886213726,299.908908377409,50.3287339808585,1.06497962094613,56.7889286443234,290.259726487386,23.0211416256039,0.455610006788481,61.8991052975388,303.348182982191,37.3531730855116,0.418291033743218,53.3308597400652
2005-08-01,2005,8,298.894558396675,43.4233253865033,0.608164940520627,52.7886507561893,299.881468975947,47.2306774851317,0.748734738658778,51.2622041872219,284.788787010671,19.0669017993407,0.517387132470375,72.7752721789188,303.039927735239,39.5804482216632,0.536443465843944,54.6327579990627
2005-09-01,2005,9,300.1157030614,41.0890873680195,0.338080999102922,50.9709285669157,300.129079266138,47.4401207528924,0.790267930611365,54.4323789119192,279.858474158023,14.3111828662976,0.477313341052274,81.1341106861698,303.120122509211,33.565949197748,0.253503415021452,43.8227453142866
2005-10-01,2005,10,300.335423445705,44.6881447821642,0.576034209718952,58.9645172820759,300.259325010456,51.9686403003756,1.31258329005873,63.1064493149115,270.229609770355,8.66569210514185,0.475748062321378,89.0836372989507,301.558143427722,23.645774591194,0.0418797125342452,26.895719812263
2005-11-01,2005,11,299.477523079227,50.6337178510331,1.20969171701565,73.5950397853789,300.380241961471,53.7372234595456,1.4948099398014,71.8835556435911,259.081695127495,4.96351662912753,0.279072872829114,84.9045252877779,297.739127459189,15.7175398646887,0.00481106440633603,18.8831822549577
2005-12-01,2005,12,297.804339025885,53.5311304726037,1.82398817340022,82.2680926984777,300.217909359115,56.2446259535975,1.57137191792293,77.8241169373993,250.202616639238,3.18277565759644,0.121523292827365,73.6659180779378,296.141036428583,14.0897823662838,0.00148045412765642,20.9423025664173
2006-01-01,2006,1,297.636180125987,54.4703195385105,1.95078087589244,80.0212345071095,300.085592622245,54.9378674879992,1.64941097074266,78.8833249671905,241.203586444828,1.77176114994602,0.0970595551097539,76.2687316149227,295.55390212782,14.6818563021783,0.00268712212518794,24.0332005861242
2006-02-01,2006,2,297.80050002038,52.5933747632169,1.49085117025533,80.4852626220659,300.274691126554,54.4087446169521,1.5673295174365,69.0808480050902,249.517769408179,2.6942367381586,0.145036530173472,80.9147780786781,297.804877438039,14.5134004213281,0.00548627925398528,23.592447533849
2006-03-01,2006,3,297.876287846233,52.6356551525612,1.48245414632826,82.3671382338043,300.333798530287,53.7792707215117,1.4834229669135,74.7209023122591,257.547362672594,3.62295325210908,0.256088703468764,84.9549666822398,299.784085458339,12.5064682429885,0.00669579235429181,21.6760710002413
2006-04-01,2006,4,297.607575269598,54.5285728368607,2.04265469912884,87.044315828139,300.377216205314,55.3688149347545,1.41956772187176,74.7458470744328,263.143672735033,4.86266220450969,0.321468890969843,87.3637943877757,301.906784079571,15.3358913943085,0.00947100181303982,24.4935472788796
2006-05-01,2006,5,296.695094020414,54.429788880063,2.29828164033914,87.4001722040276,300.449406942115,51.7074304906443,1.09691973201468,59.3541973563347,275.080674513802,9.67058326745894,0.489586274713845,83.7802165899033,303.92001086607,25.9243463427395,0.0665399251660136,37.428125026759
2006-06-01,2006,6,296.845907569607,48.4149690070024,1.10957733993138,72.7822072787444,300.030037967965,51.7009626190649,1.36614068963863,62.5782280839994,286.89961866002,18.6802010585233,0.433902410850809,65.0964618661464,304.596263307602,27.4983214076789,0.083986005740401,35.1020640814596
2006-07-01,2006,7,297.356737954128,46.0005194999626,0.845160976674775,62.9398707625101,299.790612372445,46.8576294066827,0.65212208858118,50.0660204146347,290.297720957799,22.38055645182,0.38686190183631,57.1424746605649,303.487312567454,34.6034307172904,0.302030219252345,49.728038268665
2006-08-01,2006,8,298.633438714184,43.0767959852953,0.596817896160286,49.8454186060148,299.554971605983,42.9152447847916,0.504220958600815,49.966818160824,283.863460950953,17.6381448238991,0.56567682401146,73.4485194103915,302.748587179853,40.0523641651587,0.54061935359871,57.9346034158102
2006-09-01,2006,9,299.547745131278,41.245146543759,0.478055299781604,51.7668945688329,299.542623361451,44.757295754501,0.683229176713676,53.7772991685102,278.911453313793,13.8881068234359,0.581491151239954,79.3618821865932,302.747282071331,35.6327136434377,0.39753050925363,49.2034014913396
2006-10-01,2006,10,300.40302662587,46.0638908041187,0.743128815792618,62.1800542960555,299.950677612159,42.5187647653668,0.460263831074236,48.9510054341159,266.323695361745,6.12923363870752,0.409608857056804,84.299556821269,302.022896917792,28.0309360562159,0.0842415615956608,38.2466161537605
2006-11-01,2006,11,298.773385593762,51.7506994856825,1.50506700892442,76.3050326663706,300.326764400924,47.4033959246715,0.835731493776568,50.5925052600169,255.78150086142,4.57353312792033,0.251608137990401,82.6972481350072,296.965891104616,14.6572593539755,0.0035195003128986,20.8844054977219
2006-12-01,2006,12,298.956800252721,50.7163922134558,1.01633703186986,72.915368938429,300.499230335001,54.3024286754005,1.48221040921927,63.2593270074701,255.531686296726,3.9404547595299,0.265876549470302,83.987485613278,293.347564783956,11.2124411584732,0.0054466929274829,18.4841505648975
2007-01-01,2007,1,298.883467298695,50.9903736462997,0.974605582095559,71.4737474924635,300.36100008657,54.9214946924505,1.52629309980791,73.2369837113444,256.520155975598,4.29965719545799,0.26151948146326,85.76364341459,293.388824086224,11.3695821422826,0.00494050267629838,20.8217381430266
2007-02-01,2007,2,299.003082023411,45.6822223055612,0.756197088183247,70.8119015469991,300.13809292231,52.6399685338137,1.35719609858999,70.1905854666203,245.861670625274,2.21001987212651,0.149864552047638,81.154704703225,296.809935263656,10.6055775722412,0.00258752040953563,21.1594217124
2007-03-01,2007,3,298.055102531586,53.977258906158,1.86316278144779,83.8426453079476,300.189778806161,54.2922041662038,1.42017223337989,75.9683085760381,257.689180921114,3.71903481147718,0.207210737352977,82.8229117783964,299.774251482682,14.2250867414618,0.00244460265198564,20.9423973920055
2007-04-01,2007,4,297.610534644525,55.8270078054656,2.3167137017065,84.5618664430233,300.353519018442,54.3441134432213,1.37431492560461,69.5560524748593,271.454865511511,7.83237059180275,0.425903039303082,88.9435968243824,303.165851703449,19.2175376800413,0.00939214409442528,30.2119026725972
2007-05-01,2007,5,297.316067900159,54.5199464350876,1.85061938157686,79.8127567352569,300.575968376996,52.7772416906787,1.04015819137965,56.5913743648124,274.901117582695,10.3498524112479,0.643846642712596,87.3979850491925,304.53604800039,24.3369281572561,0.0384457227146326,33.3875273918754
2007-06-01,2007,6,296.848872941031,47.4802463583324,1.06413017202324,62.0847148032354,300.243293244872,54.2990562469705,1.33199174356701,64.5643920459053,284.085603210335,17.3243468946772,0.560931468669048,74.8921325915699,304.389963397615,29.1388574430172,0.137367393813763,43.8011280780064
2007-07-01,2007,7,297.486501415494,45.0194246321246,0.777051968813994,55.8584353929659,299.599580783647,48.3559698237176,1.05527830142042,64.8784005861892,288.992150735217,22.1914356156769,0.460819724083483,60.1299687580355,302.917835127883,38.6154235873436,0.53447868321535,56.7700774844666
2007-08-01,2007,8,298.373493511749,44.6534410233544,0.821703292850343,56.3156362761059,299.430280135723,47.9572958478892,0.849022373412202,57.0569492379204,285.127690824097,20.1999635935611,0.586927414012016,76.802817569084,302.080662980526,42.2215657600499,0.775113977373297,61.8159969102526
2007-09-01,2007,9,299.324283738972,43.7423939191959,0.738337592677994,54.8343503910745,299.722973317262,46.4276888984505,0.795494277042193,59.6001506790789,278.612426286865,13.7338889320806,0.508342907765992,81.9392628480388,302.393668267899,32.7961943041067,0.3224040670473,42.7251935608449
2007-10-01,2007,10,299.16993274496,48.425960293176,1.22654193902955,72.0209360933045,300.189345305806,49.0574858472737,0.958058167459114,60.159774557115,270.287662438566,8.2291648623575,0.422307767707107,85.4634355324903,301.432678253157,23.3667968924523,0.0392419914304821,28.4857159119163
2007-11-01,2007,11,299.378006046429,48.2475993621998,0.927407685951987,68.0191768423129,300.307096569597,52.1366895940328,1.20605486914111,72.0943201066327,259.834576349202,5.14128439438306,0.269355919918433,82.6498997932218,298.341619014126,16.7250265146461,0.00751892244763969,23.1033555905398
2007-12-01,2007,12,297.775771533446,53.3843179869587,1.77981027760366,81.8702013303675,300.310679742615,55.462924183389,1.75324833000649,73.7736111052778,253.934711628803,3.76349379532087,0.244178781137956,86.0331654677529,294.600611209013,12.6270253572336,0.00234483468949913,17.7111836676657
2008-01-01,2008,1,297.603303310479,51.096919685619,1.21436972603877,80.2008447997052,300.227087245526,52.4037668744263,1.28408155048663,68.9760381562024,247.875976616462,2.6572453666614,0.133830836190636,80.3712716349098,293.071297353127,12.7853370460584,0.00395680771179559,26.1395973659478
2008-02-01,2008,2,297.440556771567,51.3474703632273,1.57848312759371,79.3690370275412,300.089979782361,54.9266662950652,1.61718305489189,84.6316437953741,254.242510773215,3.3119660526886,0.248140973157011,84.1708270245545,295.763540957029,12.520263397255,0.00359749428155938,15.7914539065237
2008-03-01,2008,3,297.268935165492,51.139916073978,1.63815853699846,84.3729140402538,299.908435628671,53.940080704472,1.50099229736859,76.6884909812318,261.73241436062,4.96894701811591,0.321907364373866,88.8225858630632,300.485560176068,13.7093356780485,0.00148605252692867,15.2204734930876
2008-04-01,2008,4,297.406082260394,53.4044892522768,1.92975284937271,86.4850599698176,300.195222624276,52.5970238547027,1.35251441046463,70.179882842302,265.042211827164,5.53659635654247,0.391379483868635,85.8883757395521,302.292028822363,19.5007891996378,0.0422176888516411,31.7088668390157
2008-05-01,2008,5,296.705564338467,53.8523301445257,2.22891826243547,86.7176447350157,300.219410545776,48.6518487135903,0.934893613089332,57.109637453304,277.038413315963,10.1750616036287,0.343903165872365,77.806243840649,304.134401017527,25.9788490595645,0.0674866626130552,40.7571447366103
2008-06-01,2008,6,296.529126240196,50.2397028116847,1.50326652881167,76.3226501226243,299.782335492149,50.1246942539817,1.1661391481474,58.8449739573614,287.088290125564,17.7639672801806,0.377600202401506,64.5126533224316,304.395539937921,29.9228671879581,0.183571380867389,42.2803344005762
2008-07-01,2008,7,296.976214852513,46.2458380221655,0.992560770912029,62.09289650198,299.402512273618,48.1106483481152,1.09342526735583,58.8077885940897,288.880766991359,21.7435811105981,0.432250941953375,64.4497809579509,303.103665617983,36.810583178697,0.481907192209722,52.6018154136142
2008-08-01,2008,8,298.407829185149,44.6257358054138,0.806300299866635,56.9431850054495,299.439688078964,50.146288718105,1.21565719082917,60.8887490896651,285.131587255518,19.7092460406527,0.579518526193121,77.2639123123279,302.316496939873,40.549923467617,0.719400450692077,59.4240317990955
2008-09-01,2008,9,299.060949023821,45.4154796302596,0.840849213867671,57.8786995091139,299.887172224271,49.051414671864,0.970186475499327,64.7614242288953,277.701075409189,12.3510058621737,0.389091924957646,80.1678925688994,302.963980029595,35.3607395620907,0.35399948293819,48.6268120208594
2008-10-01,2008,10,299.405032860862,47.6811069260455,1.04117652803283,65.5397467679686,300.204245257751,52.1606576883708,1.30321415940516,66.1339582213502,270.906767573685,8.50466718831195,0.409516282201258,86.4481616015784,301.13276370434,25.606556332735,0.0824087744482211,29.034237261277
2008-11-01,2008,11,299.24525727715,51.078973809069,1.47155595246743,74.652293879646,300.33721979198,56.2596655686805,1.5682260161425,76.2202781216567,257.639602949762,4.78107871893585,0.333992644331723,86.1334090627999,297.744526130078,15.4075191544962,0.00891806300738772,17.803745773768
2008-12-01,2008,12,297.72895967804,54.0383959077596,1.8909847760449,84.5566950558464,300.078657474747,56.1081405087491,1.70658176739185,81.6908680562514,249.009890285119,3.24411231403166,0.216526334314223,83.1334886334808,295.556459305263,15.017353230838,0.00263036382039257,22.796895999968
2009-01-01,2009,1,297.334344334097,53.9115545227241,1.91563052962013,83.2752254758614,300.025876881542,54.4555870279874,1.53213748281216,76.895725608448,252.200008145378,2.67488159355167,0.143461103680922,81.4800617682988,294.899103230713,13.1344559541425,0.00425744438597863,25.1712317597352
2009-02-01,2009,2,297.432896868022,52.9726102992979,1.69052443982614,82.9708329633993,299.958349595602,55.1524584907238,1.51226707919813,81.7603232830913,247.098172344944,2.10158356916366,0.123090631312348,80.1332124290005,297.882961819663,15.6146840009208,0.00511285346915302,24.4290450561799
2009-03-01,2009,3,297.465303213625,54.2808883731445,2.12991586023403,88.3538538264866,300.043083500164,52.823073180054,1.29703927557191,70.9514995914481,257.881912028107,3.46690421474109,0.185438975157872,82.3850858831315,299.97341518601,16.8537663594835,0.00777304872396055,28.3996270549486
2009-04-01,2009,4,297.5240909971,53.257050150222,1.66986101606926,81.4278388421659,300.50494711457,53.6358988969263,1.25534121045631,65.8483538283478,269.979414101699,6.74256064702883,0.380833342218239,79.93202590284,303.102118358567,20.9034946866863,0.0181661054542972,32.5039388700147
2009-05-01,2009,5,297.33929513692,52.3603114945379,1.56459878940029,79.621432119641,300.558373124023,52.8552450918264,1.09610843661434,56.3026374226599,274.699254726549,9.50517763771775,0.569869998939477,82.9562380308747,303.968848240821,23.8568813654957,0.0557342938100682,33.7593746407054
2009-06-01,2009,6,296.736694279936,51.9428554716145,1.61113111603396,76.8548888952335,300.277233714771,49.3056716122732,0.844980524782055,53.8130017220632,284.557810233161,17.5861902823365,0.455590746247841,74.1855280302307,304.665116103078,30.7564622704788,0.131089895222818,44.8811273139161
2009-07-01,2009,7,297.263765479293,44.8796002247664,0.763385345987178,53.0199573405042,299.956676635801,47.8097637505314,0.73487424699842,58.6570872666463,289.469657440947,20.5225008827927,0.331399986027529,60.7866506469526,303.412464130679,37.1320908918592,0.406111192184255,52.3650526509158
2009-08-01,2009,8,298.646833741445,43.7396003857478,0.616880242752517,52.8457081420383,299.929125259915,46.2529534512457,0.66086542387194,52.1255984961013,286.25864122428,18.6161975021119,0.358612193385265,61.2703414209167,302.867359313825,40.5559270679932,0.63433013959322,54.3533596021451
2009-09-01,2009,9,299.700802164539,40.9049202047802,0.441570324473721,51.1340139472178,300.215155509442,46.812058940151,0.653746052781205,57.5860562316709,278.796185670687,13.7870488142124,0.505346884962388,83.9597902404693,303.128849952674,35.5092526323481,0.420619917833899,44.5524471669831
2009-10-01,2009,10,299.840973983007,46.3954247288734,0.956681928535959,64.3072387414291,300.238302264309,48.3726533135982,0.918003343442097,60.8617257885463,269.000418248757,7.68416665180636,0.324732450820336,86.8433626523902,301.840392337122,28.1803315310578,0.0896798645025906,36.2385030712034
2009-11-01,2009,11,300.2282645958,48.2211072710171,0.67544704189565,64.3208618722022,300.35457407747,52.5651284386474,1.40394854301716,67.9003518190219,254.191426345492,3.40821535099248,0.221117310329063,82.9033140301636,297.681725737693,18.7328533073744,0.0291234279582419,33.6944477023956
2009-12-01,2009,12,298.673391557919,51.7874619893927,1.12907736448152,75.2266922839052,300.111000909421,52.9682229709066,1.3233983157762,68.8760702572161,245.370093029151,2.1299683749865,0.135794046403764,80.2086761265895,295.528969063105,13.7402259367431,0.00409300489150649,24.5506488505735
2010-01-01,2010,1,298.580961763748,50.3396878504496,0.987582395516649,71.6621194044621,300.024625653624,55.5133514209791,1.65411178121118,77.2402170445008,245.514101129928,2.18797695391737,0.120546355719845,76.8185932426687,295.643143820094,11.6304398477552,0.00189600187423681,25.9199912880727
2010-02-01,2010,2,299.053890681621,53.1999239775403,1.17266303596677,81.0571962398425,300.355146354396,52.9156728243119,1.32979780761525,64.1055088132675,245.950012924941,1.89968184411422,0.0971389236778605,78.3629358703637,298.928964549207,14.2588843532883,0.00577658285319696,32.6589501522634
2010-03-01,2010,3,299.510967082113,53.5526590016285,1.36468456400504,76.278534114328,300.452139286946,54.0259611967883,1.38304012832527,68.8711758098225,257.732862756341,3.48947843136898,0.202534903384093,79.9186697461784,300.130618467464,13.8845200459356,0.00672728482794185,36.9481910797607
2010-04-01,2010,4,298.261929398174,59.6948784010848,2.71874657774531,90.829970296691,300.839986127562,56.4877943652605,1.24369455493009,70.1785419965675,267.101976633023,5.81565121381368,0.321757686011056,81.6842992564146,303.788805465054,21.4509049244735,0.0207535936497387,41.6869981023397
2010-05-01,2010,5,297.972060256636,57.5254274214069,1.89465108048782,84.8011379302251,301.004645255892,59.1987853553226,1.5647593499832,70.586981558579,275.921611115879,10.0825655129179,0.516742705935824,79.8032763007196,304.898964238326,27.3607509580754,0.0618530766047126,46.3235901490821
2010-06-01,2010,6,297.513568271576,50.9933870296859,1.22272647135865,68.3146914332226,300.397095762232,54.633619518607,1.48632828348036,70.9339153115789,284.434562011551,17.1697325564716,0.519710476143711,74.8890070051144,304.897448187921,32.5922750582941,0.147670470267177,51.8748949061894
2010-07-01,2010,7,297.619631135054,49.8885836288208,1.15965854347541,72.2122045762665,299.954379343166,53.5841000863848,1.50655281529195,73.6360215111244,288.350310550145,20.8908366622825,0.405764010484597,68.2533264093756,302.863233548293,40.122372792105,0.580462145947973,66.4972416757128
2010-08-01,2010,8,298.502619836654,46.2980610360685,0.887807321638463,67.7372710127877,299.896497886391,52.6260644411113,1.2644000838867,65.7888649778753,285.030146637997,18.4506326256974,0.407442916677908,70.0261164704495,302.369776260817,42.9788907826273,0.73267820308465,67.1606103351998
2010-09-01,2010,9,299.716765580718,45.5363066131167,0.827231922888062,67.8793475297085,300.069885599806,53.4941801029929,1.4170805736811,71.169449561119,276.348671940011,11.47145458187,0.454649227578532,81.1883453804001,302.208571584119,38.0406059075333,0.565755301781234,57.7234537915996
2010-10-01,2010,10,299.827694469389,47.2782197656723,1.02979907692151,75.1748268851068,300.316100053706,53.7320523614899,1.37156957774508,75.4800723400837,268.936801390057,7.55582019024346,0.368547985713781,86.9317673340463,301.949863205313,30.6843944123401,0.202026405409405,43.2804914926826
2010-11-01,2010,11,298.84240974006,51.8220584801154,1.5837111875414,77.4726650181404,300.339288429495,54.1816913299944,1.4501379435094,73.2538116318624,259.430820075916,4.99788992204234,0.347373419512499,88.1159132057439,299.054270109905,19.4610378479351,0.0126533993398686,29.9909116447181
2010-12-01,2010,12,298.062838462912,52.0636049775273,1.63077043052136,79.5737556762282,300.024760132998,55.3907320854148,1.72777476123321,84.0628275118987,245.765261201972,2.4432236144098,0.13873863698649,83.4515063657187,295.265517867128,12.794042128296,0.00477450696989186,27.0165536155948
2011-01-01,2011,1,297.263298016612,51.2340815401131,1.55681511132316,79.441982467371,299.943706095479,54.2234021936646,1.52289372029124,81.9406241363686,247.361205965804,2.80755324264688,0.107027802167483,77.0601351480456,294.02958588625,13.3328950956708,0.00532178628201452,39.4170756484812
2011-02-01,2011,2,297.408900410916,53.6304790246212,1.86473768011468,86.1876993906303,299.972252690384,53.1339728034455,1.43447432707361,80.9022732369189,248.077081892906,2.49783045382799,0.150842997202868,80.7840845370023,297.103355631644,15.0608881840283,0.00440035966357856,40.0945241615728
2011-03-01,2011,3,297.224381779254,54.0171746368511,2.13739427822333,86.8974648170058,299.984120528743,55.7397006532222,1.54446992994243,81.9242463426575,260.958072811889,4.25954596571763,0.28259070277667,87.512695258217,299.890657141402,15.8899030964094,0.0131800106000481,34.9770097588691
2011-04-01,2011,4,297.20499430637,54.8038712694103,2.20685294509238,88.9693475211997,300.117256941319,55.4831742356209,1.36336375772284,77.9655559933813,270.433210412272,7.82457372565057,0.405678196051144,84.7780634891736,302.228867671556,19.5182179576814,0.0109929291544355,48.1768754101157
2011-05-01,2011,5,296.900736654096,56.4055404966438,2.53683518307079,90.0366086492201,300.216289721834,52.9912517898466,1.21143817779294,76.2591862507209,278.697619203284,10.0786586857225,0.295923434366485,65.6602983730887,303.412460446276,26.5991117908405,0.130328353766507,57.4683755785157
2011-06-01,2011,6,297.06543400314,49.9449217069741,1.31178488417068,69.7964376752131,299.750586326874,49.6772079537143,1.03289640502899,73.3325319438897,287.983248213137,17.3698225582469,0.280603780591618,60.0413965856703,304.124173032904,31.6897765212821,0.156542276571046,55.7015308755608
2011-07-01,2011,7,297.207902494296,46.1258556927591,0.895897803441319,62.1710253804212,299.548402012047,46.6254103623345,0.751608010354808,67.8172838210874,287.79642442501,20.698352738506,0.442448082000622,70.2889064515095,303.033506644148,36.2201758513633,0.384389768217956,64.2346100179986
2011-08-01,2011,8,298.234403199151,43.0138183102352,0.818076943301917,58.9578732324531,299.366099406792,45.8620121457534,0.716944155992181,67.2348452503421,285.133812342186,19.6282343435782,0.519320650276253,72.4126480504781,301.677725196602,40.8454927886057,0.757360361416826,71.7972386521224
2011-09-01,2011,9,298.631830401333,45.7149926248241,1.02183599073866,67.6031542766693,299.579251867738,47.9315143151981,0.854825435387591,71.0997665774402,277.870643733112,12.1926229667052,0.313966681036175,71.4593285439652,301.794896300375,33.9731979105541,0.349077782204398,57.8586404908827
2011-10-01,2011,10,298.370217798635,49.6781647965616,1.558121309703,80.4412462788686,299.953737169794,49.2021445944696,1.05759763696024,70.2286043721185,270.951458703638,9.13572663964441,0.441275672461955,86.480680491314,300.903428646099,26.7881263253888,0.0783147568214169,49.867480286927
2011-11-01,2011,11,298.136107138869,51.5383613014243,1.49892528621809,77.6792214827046,300.118798428067,52.944553682318,1.35688494040497,76.8492027317826,256.060311185336,4.01286131085923,0.2433838684782,82.2221422969724,296.561581351936,14.5708809112157,0.0122378376144925,36.3374240363562
2011-12-01,2011,12,298.19105780575,49.2961825345044,1.1905461797852,77.5214560054319,300.176101292373,57.0155233107366,1.84094089461143,85.6564422230743,252.495131435299,3.76648083146429,0.166879697594214,81.6962625971918,293.353345682721,11.5646229996952,0.00152033657325385,33.4778822439951
2012-01-01,2012,1,297.274601982823,53.3698294877448,1.9181964668248,86.0865505709907,300.029927197301,54.5283675151906,1.62905457189111,85.6292191267876,247.751773389333,2.66308313344967,0.100197465788724,76.7170391966742,293.245570094295,12.7787254946851,0.00292947595511405,32.2783344230446
2012-02-01,2012,2,297.004843747619,52.1623287747976,2.0276912774606,88.9083599850865,299.937172334469,52.7143701095119,1.33485399320119,80.1585532397089,251.126234411635,2.78889821005519,0.124880434451452,82.2612225007215,296.810708280405,15.0203316383044,0.00272106013142446,42.0467018144034
2012-03-01,2012,3,297.039908965127,53.128947057264,2.12446067518832,89.3209464825219,300.02865363336,54.9808757560228,1.78305793595266,87.6127737595507,256.989879399181,3.60018081362635,0.199067227357496,84.2754974763853,298.467235787434,14.0043217353498,0.00929187808827244,39.6460374125438
2012-04-01,2012,4,297.250697267762,55.149832714903,2.51335670659621,89.4958864090792,300.203773378943,52.3257365581232,1.16030961674169,73.0052265079946,267.700033182876,6.51522687961121,0.417170754028627,85.9459127779315,302.500989882404,20.9461705479085,0.0172954280992577,49.5533962819297
2012-05-01,2012,5,297.109706112851,52.048680261442,1.62114313493917,78.7327745319455,300.399220098847,53.2294565797039,1.25590491122001,74.5094354326668,277.161529137624,10.9833591537376,0.416847270198948,77.4608189658618,303.928016700457,26.7265329142591,0.106311514859284,54.2535664852479
2012-06-01,2012,6,296.909799374098,46.8969768534524,1.11527839767191,63.5159498086618,299.778499219938,47.7979286531048,0.936427714517392,66.7789611808619,288.84860026723,17.9265539887968,0.21943586781159,55.3526499749158,303.976643260959,32.0722019999731,0.247539721906977,47.7049340015065
2012-07-01,2012,7,296.908955387729,46.8909491495664,1.34517232648928,71.4417577297252,299.321755812729,48.6010611322987,1.06005142566524,75.6483381173399,291.335289264555,21.0151995614762,0.244680922051758,53.6271394918458,302.232122810425,39.8775175838282,0.610286727252268,68.2336493568917
2012-08-01,2012,8,297.832105149541,43.8723952199599,0.975389598060508,65.9450655543629,299.207257622087,45.2461665346525,0.751128217613216,65.8743716012583,284.178745092639,16.7360869850034,0.392289074439752,68.7763439329035,301.380119095966,41.8202421047439,0.858852610716591,70.3804596215476
2012-09-01,2012,9,298.812569725538,43.5445575737044,0.756291181837589,68.9888208662801,299.56304252904,45.1110176689595,0.637672890987725,72.2192002665562,279.743294356454,14.2361700650508,0.444839718539953,74.9766131015066,301.548107888057,36.0896556342006,0.446991671998491,59.3592058543095
2012-10-01,2012,10,299.153883254136,46.1542082775439,0.966126203520181,75.3931830526568,300.015608185721,48.098498464535,0.943561423287668,68.8653204252621,266.37331957677,6.86735851185652,0.313857362150993,80.8672796597478,301.141500549992,28.1413902641595,0.132973298029535,46.3115909268591
2012-11-01,2012,11,299.35492419143,48.3100110580062,1.03669724705179,75.193154398953,300.132809454408,52.8429998363704,1.42764927761309,80.2581846804877,253.521000037855,3.93833978018485,0.190073549490269,83.0609732528879,298.363232869025,21.1197145371603,0.0215319026848424,43.1709400393255
2012-12-01,2012,12,298.042091296638,52.2131499879514,1.49476146073457,82.1822498219761,300.181693097384,54.8455282554301,1.58136223297261,82.6965393410457,244.756549118824,2.45969020465422,0.102270941922404,76.9217282864364,294.28311216169,13.3822284998775,0.00512506359744284,41.1472054635308
2013-01-01,2013,1,297.957635406177,51.02898818477,1.20647318149003,82.0021170502957,300.158155855478,56.2663525625534,1.79032445239642,88.1844840678411,245.212904500147,2.51516910122398,0.129603267371584,79.3867501184177,294.706386420293,14.4103540828365,0.003142636812486,44.9377508399537
2013-02-01,2013,2,297.549521422892,55.5479267091554,2.10848520504178,87.8082048422245,300.089542749555,55.1005154274617,1.72887586915052,82.5151487972194,248.803532360594,2.64888032402714,0.149462773827588,83.2311621461621,297.211081832576,13.7513786059554,0.00128973701395622,34.1762131436147
2013-03-01,2013,3,298.044373409336,54.0925325571126,1.7944403160904,86.5722411925529,300.430879635107,52.6725624453662,1.15075357889049,77.9709752521687,253.224590915355,3.05952327632468,0.209046250185139,84.1000509229645,300.86137337124,15.1169501590024,0.00705970170548348,37.0298862696524
2013-04-01,2013,4,297.710596852393,54.8891367025122,2.21020008431024,88.0355502758183,300.49994838855,55.3166887512282,1.51305020876296,80.2984924088852,267.423307654397,6.60177485199494,0.371946808458406,86.4071439799668,302.048732952683,19.1600749114711,0.0208029119827647,45.1060760359432
2013-05-01,2013,5,297.139102063639,55.0919277145615,2.13339607283208,86.2366394530761,300.534217755375,56.094800373748,1.34798058504814,75.4981438836306,276.960559807124,10.0428965726196,0.490055049893852,77.4282592459747,304.044630155643,24.837343079809,0.0607546916471036,44.3090353849504
2013-06-01,2013,6,297.107751330989,48.0402592011418,1.04629870435669,70.2189653184336,300.354314734356,53.6479301840086,1.25893497657328,71.1266349749258,286.138276816819,16.2896438865415,0.30461339038063,63.6701161992107,303.773818497632,28.3793287038022,0.173582066540382,49.4256509572071
2013-07-01,2013,7,296.675790624591,46.8843719039584,1.23022896389339,70.5144193030248,299.620351008618,51.8763962345278,1.54077038126539,80.4306534336384,289.263993983208,19.7285572161842,0.344767701307246,57.8059226497557,302.651971972251,36.06559578238,0.400677468505745,64.4401983018694
2013-08-01,2013,8,297.430456122064,47.3488484297679,1.26462721859467,72.5656582063454,299.547132986798,47.8724670313049,1.02312707101699,69.6550742795924,286.29387493021,19.0056462284636,0.359601126009014,62.5022348870311,301.192744073396,42.5227614630276,0.851440154438267,72.2551774612187
2013-09-01,2013,9,298.076378216727,46.2635850041097,1.07245564210036,69.7408451847757,299.681940886876,47.0163485548407,0.903593265814585,74.5314480625661,276.334990921821,11.5586145764081,0.426413709288063,81.0405956603245,302.12309906488,35.142884372344,0.328224439338468,58.6342837005454
2013-10-01,2013,10,298.541450648889,45.7950884108182,0.995339008664953,77.1585835881953,300.162296006966,48.0099861125935,0.915360491174492,77.2376248979181,267.938744371026,7.16421300282437,0.426773328376623,85.4202232880559,300.420348241657,25.8735137758757,0.0955018223530037,41.7588871812076
2013-11-01,2013,11,298.055784412552,51.7936312111708,1.52614765425158,82.7992922717191,300.107624343176,53.0550356003039,1.42578365115738,83.0341850011251,259.969218981371,5.36449713816751,0.371798637429079,86.1854913744176,297.758137480794,18.5717654747747,0.017550111266741,39.6397410962656
2013-12-01,2013,12,297.855314917554,50.8870593034339,1.29820004720969,77.3985909673463,300.017089831625,56.3428331447505,1.85314878440606,84.5591614810829,254.383089300203,3.99008172658411,0.246945786147663,83.6672336114133,294.339356581877,14.7682914978064,0.00885909373188713,34.1129781492207
2014-01-01,2014,1,297.498844047687,50.1221174531286,1.22017219477234,77.5352168859177,299.851222480144,52.1119974229027,1.51165606815642,84.5001279387814,243.571426399414,2.38425789422006,0.137659832725347,80.1376664443955,294.720913719886,14.5522510811242,0.00466964734400578,38.43178973123
2014-02-01,2014,2,297.439086844947,53.3465439566619,1.67563630333241,85.9309620102018,299.926350742399,49.7256111001922,1.1267517211418,78.4492108836206,245.031944127173,2.28663291037769,0.113874565124833,78.5455006604146,295.893809438359,12.1932844607274,0.00498325457661304,33.1302659357694
2014-03-01,2014,3,297.519804606597,53.4955773083556,1.837174343599,85.6594266717906,300.148567750108,49.8744896036471,0.996889168527513,72.8670455359351,261.671259695407,4.92056630693577,0.308884967740103,86.9919903554295,299.409263700126,16.6393036137564,0.0506461885117586,48.3147970405878
2014-04-01,2014,4,297.424203901522,54.5441230308764,2.04696992985344,87.8728044160745,300.481268149183,53.1745025241598,1.12560152314184,73.6224729127679,270.789897672939,7.49543790977468,0.463455465591444,85.2797073194326,302.711309839581,22.3445725190438,0.0635663806639796,51.4854333376783
2014-05-01,2014,5,297.261397992998,54.9764353763664,2.07486061793835,84.9298878821293,300.624066670357,53.8297644108298,1.18810993089194,66.7406741889472,276.762674533421,10.0869631263519,0.390663979157049,75.7902334981221,303.335572635439,29.3460946472317,0.156849463942484,60.1650814865611
2014-06-01,2014,6,296.93501741565,50.4222373410801,1.36943745969913,68.9353030710493,300.368554115571,53.5833436261563,1.08923455954577,67.4634375640197,286.406490735669,16.0771516880332,0.299391725241753,61.3011519951793,304.375618370973,29.3881417265274,0.138763150360688,50.0767245143704
2014-07-01,2014,7,296.976616645038,45.742491273627,0.982513704110116,54.789607835484,299.870146089552,48.8445548192625,0.798929245720286,74.7291919508519,289.391410255864,20.0669526359764,0.323297791079058,59.5053408884882,303.043250583217,36.5124729034766,0.39275177600715,59.0187490145238
2014-08-01,2014,8,297.706494895263,44.6395332619735,1.02136579068933,59.2648863788283,299.486275536234,47.8678046346137,1.03781068175668,68.0310182564853,284.992611549234,18.9284517176768,0.467190698323738,68.1551177859345,301.648473299796,40.8587286851847,0.717991515018809,66.5634485442722
2014-09-01,2014,9,298.831587559434,42.3404707594055,0.654297928207561,65.9053466239286,299.638055283005,43.4412323006822,0.642661406969865,68.0055872350461,276.131527068562,11.1502836964972,0.479075218218119,77.459433315428,302.038510232781,36.0973034941193,0.415394278881501,55.6277183749509
2014-10-01,2014,10,298.685108828778,49.0980226030544,1.226520730016,80.4094649577937,300.142561505257,44.3330943784643,0.708335022322058,68.2723609162976,265.836071876167,6.28796321848824,0.34887304269967,86.0039417795852,300.748910707248,27.1981475243558,0.110296118613066,47.3695112057592
2014-11-01,2014,11,299.014937017336,50.3340265966511,1.14375440125475,76.9720902629467,300.269965400816,51.7072582406436,1.28919280080137,75.5692771953951,254.370494889981,3.82956108481869,0.276815061564993,83.892662542736,297.712426199027,18.884773444826,0.0124021379994192,40.5936846967454
2014-12-01,2014,12,298.419306680334,49.4856052067968,0.97865505293512,79.562299192915,300.289057661914,56.9291282078094,1.65425518209914,84.5882404100311,252.327226801573,3.77670245638304,0.208952112501105,83.1743802879288,294.327361149699,14.1336023763882,0.00395932023162234,33.0176829219359
2015-01-01,2015,1,297.585769337098,50.8260873039395,1.38186680801674,79.3256750280344,299.976148455018,53.5883325743157,1.56740106571499,82.6467228393039,249.6863589509,3.05819717185246,0.206323066821508,81.8354718145097,292.795036837097,11.6619607086355,0.00300949645810011,38.7571646620059
2015-02-01,2015,2,297.95103384572,50.745235766312,1.3817276489941,84.2806834329567,299.843374120243,51.856183235948,1.43346843152388,82.8389875668086,253.136051792537,3.30979553666915,0.195923129085504,82.9945755195892,297.298349577648,14.6375729974212,0.00549740578592092,37.6749284182348
2015-03-01,2015,3,297.584135055428,54.9715933115613,2.00204109950301,87.1334175359871,300.11017052099,50.7023325293722,1.18133825368445,76.4893224805586,259.714299125439,4.06260666587022,0.303840225639021,85.6148842270068,299.72428742494,18.2532660563532,0.012851593093976,42.5005633905384
2015-04-01,2015,4,297.551893359192,53.0381335079129,1.8184009668255,88.4300731013671,300.334363395962,52.5106084393739,1.26402036303999,76.6745240012432,268.738299952914,7.03288994204008,0.445753027438271,87.4496068989553,301.007400641252,15.2727518086644,0.00355967026956128,36.7439935691206
2015-05-01,2015,5,297.306267545704,54.2344087456898,1.69113970459556,83.7645990330394,300.52382293467,49.3188259219358,0.856413407158331,65.5121270201165,277.272051641024,10.3571299559419,0.365965454445376,77.2436565410448,303.832510912108,24.0806739104255,0.0787965252097768,48.6907424736034
2015-06-01,2015,6,297.082093392462,49.7148359896776,1.28214496204088,70.73164796893,300.164195097913,49.0803562956782,1.01963291852999,68.7478976836977,286.914492777362,17.116731369808,0.332741292173263,61.1861835119436,304.308001424047,28.5984104941174,0.116420734974297,46.1933633291113
2015-07-01,2015,7,297.401839910266,46.4472477399883,0.87133780365928,61.0922333620614,299.743209477266,43.2660648183104,0.479219557089333,58.2017500273298,289.592987999472,21.9299028320213,0.386587980313993,63.7730563722311,303.409651303694,36.9468097814299,0.365902084032856,53.9830315961955
2015-08-01,2015,8,298.657526991993,44.3719143431231,0.781389493660994,61.6799186909953,299.550687505424,41.6454564620545,0.420217772133646,60.0523344338578,285.386588448821,19.3216513832783,0.507576541751825,70.7460918462888,302.469893030144,42.852955678147,0.753735877380997,65.9291166092425
2015-09-01,2015,9,300.08000005762,40.0926954400745,0.334677132047984,63.4759594025565,299.855663743058,41.052087100927,0.378075327430746,57.3234024706676,277.204018140769,11.9090021102884,0.416722731121385,73.5500011038932,302.56542917613,38.0352147531539,0.463939120832479,56.2919961987806
2015-10-01,2015,10,300.447670748587,44.5365324510967,0.598524085165876,73.5430248049169,300.162548355791,40.9817627231576,0.498682376233339,57.2263208132061,267.652626911954,7.43456955142759,0.37719984552951,86.3486924760608,301.839670768499,31.1601150351201,0.146383575814059,47.0576084327436
2015-11-01,2015,11,299.826546696824,48.2912127522637,0.834501151975027,75.0710410720642,300.42091001729,51.6865594804366,1.14123191201013,71.4894776201472,255.306406284706,3.99844072262579,0.170844260500319,77.4382646847882,297.439675661822,19.1023937216538,0.0157028241243684,43.6437687106962
2015-12-01,2015,12,299.065261151085,49.0412621163573,0.764575317354594,72.8841019634515,300.562620786618,53.7022233639551,1.35702783398632,75.4827872383128,254.148667962073,4.03299415329791,0.238870394780016,83.9317653277256,292.61618450993,13.1917466175384,0.0127601998382508,37.7579697267832
2016-01-01,2016,1,299.452986705649,49.1328956913687,0.605187638252432,76.319161420643,300.590561411511,52.3113718775842,1.24609773767377,71.1270039892868,249.172691938989,2.85985026585391,0.0919883068975415,74.2051458468002,293.689068057167,13.1808181775452,0.0113369357382318,36.5098783523152
2016-02-01,2016,2,298.632820378764,54.5196022580202,1.27662957687628,78.4812219227759,300.426768589501,55.1373978864024,1.56825841566659,77.473816260217,253.784286721405,3.85119813972159,0.210083644353266,83.968625925395,296.272539537147,10.8279015287622,0.00235519876604307,33.3224731364253
2016-03-01,2016,3,298.766740769871,56.6535263549668,1.91359527371186,88.6326439677606,300.728865781046,55.3302293135201,1.35900824438443,75.6397591604819,260.606336781295,4.42849784109946,0.270535128773796,87.1733336436768,300.896013960629,20.2472381161469,0.0107669261549439,52.4505266642615
2016-04-01,2016,4,298.045620404278,58.1427260204387,2.22483454668571,89.2299290106806,300.933506698897,55.4122889614452,1.29664096995602,73.8452241462101,269.360953470052,7.2239567655521,0.340675396158342,86.8723564965758,303.293362173245,21.7713978249581,0.0264180593880191,45.1331568063106
2016-05-01,2016,5,297.722622900544,55.0977543257558,1.71971687824436,82.3016387763893,301.053319191446,56.7170635970885,1.2581869662686,70.7517096778859,274.613170616857,8.97822497126016,0.449037306284565,77.139267041949,304.396297138918,28.2758431865646,0.0758030726266577,48.5114230882993
2016-06-01,2016,6,297.063883423231,48.3372602490976,1.13665875258669,66.3704969274444,300.461832934046,53.3284240278461,1.23759042525292,72.3556929256434,287.913107272647,15.8117278251105,0.235207967005563,54.1161032573944,304.173261769761,32.8554764737591,0.210105481401072,53.2062994013541
2016-07-01,2016,7,297.431469635949,46.9268305718653,1.14962287434169,65.2819157382304,300.1009686152,51.0361388773217,1.17396268172274,73.0886435902731,289.823757685266,20.3558280649724,0.312382041679081,57.5632119110668,302.505921634245,40.1087291027189,0.627251971182128,67.9761466016981
2016-08-01,2016,8,298.775990317412,44.2659633236419,0.672694690206168,64.1956381573494,300.121671357232,48.9260393411277,0.747542116238467,71.042062129165,285.458774079426,18.9711868524032,0.388220625737592,61.3488776800393,301.981495635276,42.0407788023107,0.682265118956123,63.2331960802944
2016-09-01,2016,9,298.602407990027,46.6183906403255,1.10284860549428,73.249136635192,300.174846618867,52.3191301294703,1.12707951822695,78.9101449779527,280.323949255072,14.1904439746978,0.283993103546514,62.9019861203948,302.380170415598,36.4205616934632,0.386396171430666,56.7602404951937
2016-10-01,2016,10,299.443426940462,47.2114558917274,0.95082225130243,78.7345240194022,300.331036553367,54.7045114791806,1.47717490222736,85.9208576839855,265.088503670198,5.67455028960151,0.195247169526687,80.2384494237669,301.188063437658,25.9353997461918,0.0587940668336512,34.9189077802348
2016-11-01,2016,11,299.153107571542,49.8787291161331,0.994463712162772,83.550385033599,300.421500394442,54.8060024412291,1.455702588923,85.5308651420469,251.73970184408,3.47617211268468,0.20649242060243,84.2527164117887,298.378356157013,19.5533086223433,0.00759148248923304,41.0605864633194
2016-12-01,2016,12,297.984549962891,53.4686747133804,1.71406701075819,87.051137261623,300.303592183052,56.1768999889606,1.58758252436458,85.7309812045679,248.509485866202,2.79627444387265,0.198699597906957,81.9750680560796,295.150405191813,15.8193232069872,0.00497005323300143,35.1267560071387
2017-01-01,2017,1,297.24097026438,53.5910365008838,1.89443500723532,86.5797842084012,300.131302288363,55.6253259629148,1.62142039332583,86.3280624417422,248.796268662692,2.85306502130161,0.16602795428715,80.4938937300748,294.71745154793,13.1904343084228,0.00135111582032617,37.347892609838
2017-02-01,2017,2,297.455793191076,52.9799373649597,1.67123671060219,89.1845921891716,299.955113745641,53.8546413809599,1.57472484694834,85.096984880303,252.223591477393,3.1990471142684,0.175160975554671,80.7816663520361,296.153199566257,14.3774260202958,0.0125583608487053,42.1540014024494
2017-03-01,2017,3,297.441175738084,55.0338940838156,2.21296703779142,87.2278139065003,299.995701108446,54.5368038111535,1.44386352129044,84.6019865431249,264.766716176776,5.32501114918901,0.298032097485193,87.9780857996936,299.93371982375,15.797363351977,0.00556494020107742,46.3126342795266
2017-04-01,2017,4,297.633442643001,54.7274295885089,2.02567758102246,85.6348841362625,300.310668881475,54.9214244717393,1.39628026629697,79.8081416689784,268.338760649465,6.79516019454522,0.45764333161973,87.7071313725533,302.733047562515,20.5237712666567,0.027489477428119,40.5277112356537
2017-05-01,2017,5,297.662304094342,53.3841497882654,1.6586915775941,76.9036311947221,300.549683151923,55.6787873211754,1.42444685174661,74.2494043036101,274.637246928039,10.0473993170115,0.576153447644953,82.5958799992077,304.505399300568,29.7922871560687,0.114932563593061,53.8098173913413
2017-07-01,2017,7,297.492440210236,45.7592463517385,0.908910265244358,65.2636070575527,299.807356056598,51.6872768943184,1.17906329542997,75.1638435938306,288.471758993557,20.4303496996768,0.375028395548796,62.1046635246946,303.150117308782,38.498166142777,0.472945950967166,61.9788407747924
2017-08-01,2017,8,299.177330969449,42.6818831952221,0.570894958850103,61.5205300755622,299.594869718036,49.331983152618,1.05489257101492,71.358618240397,285.920941585277,20.1198403820734,0.434358672835244,66.7686789855785,302.169812747865,42.14878122109,0.777103193411388,66.7217666998355
2017-09-01,2017,9,299.261144740594,47.1252314880146,0.941793789084277,69.804525512096,299.771693732905,50.6775744160654,1.15955112621074,76.8434614225713,276.485369016889,12.0455582146391,0.499862602749371,85.0912251877165,302.497925570297,34.3780498856151,0.307956333653953,52.6344338952485
2017-10-01,2017,10,299.387900407611,48.1652916698469,0.922035687745132,80.5572896673411,300.222474934947,51.3475899340868,1.01951770526182,79.7767557105887,267.818815392788,6.96500419389601,0.291174535569433,85.5451116004447,300.754945765262,22.9144542055634,0.0482611943210149,36.7827603721874
2017-11-01,2017,11,299.337715863975,49.0454125865484,0.895704321330525,78.8971250109299,300.266901878676,56.107000022796,1.63656758667109,84.8849682860949,255.620293260672,4.36269020534566,0.237254466445064,85.3768181669211,297.385272613614,17.0750858995747,0.00779024153771811,44.6500697093433
2017-12-01,2017,12,298.186710102507,52.1408543829134,1.42592192412317,81.5248334340912,300.163808290884,54.677905460077,1.39990677369602,83.6294070307618,251.665376849198,3.86605483625039,0.199600868378392,84.0164930510172,294.666143998655,14.2295265721203,0.00198504232556504,41.5491414255338
2018-01-01,2018,1,297.580281223488,50.0906678381338,1.22004592786315,78.5667876702259,299.988516411125,55.5124236223706,1.71614537215141,86.8327265006007,247.611143255294,2.76397118535641,0.150507756186296,80.7776869517478,292.985394446204,9.99098325274684,0.0022645518009191,36.2634917124301
2018-02-01,2018,2,297.775747797049,51.2677731415683,1.52476662684519,84.6304550802841,299.906568702075,52.9512393688418,1.2997253704545,81.3864106945712,250.234187468234,2.80317510451754,0.116562948608429,82.4963717630063,297.587139414398,18.0845370233793,0.011901895852727,49.0558202048449
2018-03-01,2018,3,297.952097344295,51.3347680254444,1.40123734062519,80.7623157019576,300.107907913768,52.5836240339109,1.38800028817343,82.7662071982202,256.934581845234,3.70551127828642,0.268322156742053,86.0827701729032,300.238084924096,14.4627591106817,0.00695575451562098,45.5206498245158
2018-04-01,2018,4,297.172989664071,55.570725580254,2.41066727049199,90.2495145538107,300.497360517194,52.9191252263553,1.33601946020722,72.9967841518643,267.54792385654,6.36949400131431,0.404733828134545,84.488649029079,301.942858655031,17.3192664060647,0.0164916225682402,37.7345024375296
2018-05-01,2018,5,296.973287224968,55.419766238078,2.30141776288164,88.1403628057047,300.415931694069,53.1570545103062,1.33039414100583,68.7412301855575,274.502578356386,9.07844439414539,0.46562556419953,80.6174416282546,303.968920722658,25.0203942617883,0.0764854850779216,46.5059808727227
2018-06-01,2018,6,296.725628869234,48.3012424880305,1.33261930014412,71.7200381655177,299.973651644457,50.0383452435859,0.948396676703356,67.7181316236309,289.08172486695,18.349124696323,0.293010155276134,56.1930372161356,304.14546120643,32.6270035321124,0.217117873846199,51.2991393394869
2018-07-01,2018,7,297.014099145342,47.4789283185108,1.19308163942458,72.3536582210591,299.629209374682,48.051692237533,0.737340584418021,71.2622922467013,288.169610704942,19.199400779745,0.309608143895381,57.2217793010369,302.691385302225,38.5315035372755,0.472096963940132,62.7679572688385
2018-08-01,2018,8,297.88312794798,43.3093114403176,0.78030613532698,62.4204577092083,299.573219469515,46.1287204875156,0.614118498253793,64.1947660739885,286.013369004192,19.6715113729306,0.436465089373493,66.7759706354447,301.585813457343,42.9726613850885,0.793925416921058,67.5031988875632
2018-09-01,2018,9,298.781573851506,45.5629785176332,0.88349592131936,73.2941117179951,299.656378214233,45.3393462062667,0.695841044341401,71.1968562268851,278.505746607752,13.1921282991704,0.397421367089605,76.8855899217731,302.226449129599,37.9379441933042,0.47083429634521,54.2362522541468
2018-10-01,2018,10,299.890208242231,45.1230324617074,0.659613674665459,77.5973316494293,299.905257483938,46.744851577997,1.02545511726761,72.0768963877049,272.166204910911,9.31780318273311,0.397318357478215,85.0010069680195,301.780739443457,28.7167179088628,0.0999966661279183,42.3079177862664
2018-11-01,2018,11,299.073913459094,52.6334900909215,1.32971175009203,82.1891124507828,300.269795825391,53.4397246414094,1.30555200574936,76.404484251629,254.964866888768,3.62739409144801,0.291112102348135,84.9722744886453,297.986667120617,18.9733749847623,0.0174439119485955,41.9577052389523
2018-12-01,2018,12,297.333591715495,52.4932896760781,1.33502499151318,80.3568964540783,300.280603394211,55.2681240670577,1.45042523271511,80.8856652471467,248.725313928822,2.93987969200909,0.161523920211198,80.9738776660258,294.157147352931,14.3827922784339,0.00432271778975331,31.5072577831197
2019-01-01,2019,1,297.627931734371,51.9217341432598,1.35194525370309,81.8078825796363,300.206613234999,55.1090573632351,1.54841393727573,83.4517244920372,250.045011517796,2.82895631864466,0.168025644743431,85.4387318457743,294.544477980073,13.6535583236507,0.00147542447167973,39.973810078267
2019-02-01,2019,2,298.126972846553,52.4588283310613,1.30711060458945,83.6567286062331,300.055244151364,50.4962602029086,1.10274236278213,73.9147962834514,251.839801589455,3.22863148128797,0.167233900205483,84.4972084787539,296.057276644763,15.2616398444866,0.00956526689123416,38.8268133091741
2019-03-01,2019,3,298.573954986008,51.8276196409836,1.24949766001469,77.7568263904041,300.206473657644,52.5527782114105,1.28076996324008,79.0802570426042,262.907126723694,4.98250059303396,0.285594661064269,88.4208340108177,299.437912929068,17.5254465153284,0.0153587281350935,45.8490945280891
2019-04-01,2019,4,298.110380134346,55.7333378614342,1.99615979070533,86.6023701963395,300.538876288033,55.0533797333224,1.37378350941894,74.8556049957794,267.077300757604,5.76211019719342,0.417220854987423,84.3212251351227,302.443931037447,21.1296834425263,0.0244750484836182,42.5992125513257
2019-05-01,2019,5,297.276014362596,55.992255240678,2.24573353991071,89.1929801207224,300.546391350179,51.2915768994435,1.02753386012717,63.8852939774692,275.850044044462,10.1421862808088,0.480841182745093,80.0512294784991,304.287161457251,27.8193395458971,0.116341809916064,50.8422352474841
2019-06-01,2019,6,297.321395973269,51.3567629024182,1.37488812887859,71.7284367234828,300.071224301554,52.1410685854233,1.11598112585723,72.2196750456719,287.077607856939,17.8371352332929,0.389942413023352,64.9370123315405,304.304436116944,33.1467269541326,0.19878070385878,49.9449576075875
2019-07-01,2019,7,297.197347473816,47.0920962246507,1.07923677682324,67.4084593085595,299.443530333646,45.821645327123,0.63349659520494,62.2560495829227,290.806010016737,21.1059430267069,0.234379861743696,50.9835392802067,303.032147155995,38.7934547093428,0.463382700420642,64.3045578058036
2019-08-01,2019,8,298.101798952197,44.476460400693,0.841963274243478,60.2412314237461,299.368007086459,44.1595438575556,0.41069250622944,65.2742287083034,287.577643387168,19.6529502843348,0.337613496717855,59.0356965232857,301.403406439315,43.9354715658619,0.827941253108242,67.3989907213706
2019-09-01,2019,9,299.196378752093,45.8423802100898,0.857540348027349,75.8161779185144,299.51113409703,40.7829459906286,0.381847450823621,60.0438054353241,278.295265560668,13.0543700079992,0.512923022696608,80.387249866107,302.612590613609,36.8248904987319,0.376763063077106,56.3388699708023
2019-10-01,2019,10,298.647075496669,47.8657450187632,1.12962146277833,75.1127314251324,299.802172990008,46.0787045979553,0.770643996370824,69.0390609753536,269.599358445842,8.26018245330195,0.436280822724118,85.922407105816,301.161355000814,33.1899002642661,0.293538034272317,57.4940218005672
2019-11-01,2019,11,298.794882329045,51.9908583044807,1.29773764539846,82.1935115490641,300.374078369396,46.5856801221731,0.636893132864093,65.9599715699054,254.068591458624,3.67708199014435,0.249561228896369,85.5165739800986,298.712288065449,20.1389262011924,0.0290849231118871,40.0456191216041
2019-12-01,2019,12,298.057961935403,53.9885449705965,1.52742193856089,80.7640721540838,300.46963185222,52.4051592915746,1.20046153852021,74.6899196365447,250.795613344575,3.64358633537974,0.201744177724572,83.1392017517171,294.538975152402,12.6385934228847,0.00733119825804015,35.4692267962789
2020-01-01,2020,1,298.200360904751,50.5104355806239,1.01762049345916,74.7455517579727,300.587898622203,53.0507220601083,1.30824247735359,75.2057577769302,256.699375620956,3.50979859168572,0.230837363201124,87.4587248580288,293.330395738579,13.5424020622415,0.0050926454576044,34.2199522020005
2020-02-01,2020,2,298.586960877105,51.0233535371898,0.975866422836328,80.7811458597371,300.610098468024,54.5761089392365,1.3755526950557,77.6513244753474,258.540756640337,4.09536064405388,0.217205223088254,85.0091444305805,296.380562501494,14.1117831914412,0.00418194292790706,34.7844574131868
2020-03-01,2020,3,298.666880974837,53.4738521028418,1.40121706786308,81.5207319757157,300.702645285681,54.8820580103175,1.36122163493497,77.835333967506,262.910156561759,4.7826222990397,0.396648004435113,86.6402669453176,300.294903490299,17.3823155081051,0.00850337445872864,43.4141927257231
2020-04-01,2020,4,297.809735761956,57.3383174436022,2.24534725005517,90.4153093909648,300.89606614159,54.335500957269,1.35467438848847,72.6255142529986,272.134040202533,8.18981415023851,0.411918682865848,81.2916008773212,303.10010342386,21.5748302878228,0.0286953534265984,47.1458515533539
2020-05-01,2020,5,297.44088136621,57.2325568059018,2.23576999367821,86.2614857411927,301.000570641653,57.1418252483207,1.44775906206683,73.0060414956648,278.941112350501,13.0974666474772,0.541642342381017,78.5787032845747,304.102746412936,27.0734518127611,0.0777430543327126,46.5300237648407
2020-06-01,2020,6,297.20842016397,51.9676995524263,1.50797872994578,74.3897133070468,300.398850714729,52.882350046392,1.29599697965217,70.0414886431007,286.144312191393,18.0353114224829,0.52036222577091,68.4710603282018,304.859915886044,31.4662685304532,0.127493659304221,48.1064271028884
2020-07-01,2020,7,297.623927139992,46.2598081827035,0.944455357655891,68.3204261686349,299.97612172723,51.0049615853988,1.22605657503487,69.1862285780072,288.577213878506,22.6245303749321,0.457984310273868,66.2692378321085,302.703695652905,40.6847556264942,0.505966142617021,66.1781489568815
2020-08-01,2020,8,298.63034464329,45.5310904893315,0.871252331246191,64.0905335717171,300.083461358402,49.1265403206321,0.788339493162314,61.1404512849315,287.427505666077,19.3681791979329,0.276667137029104,55.9062723829762,301.554494856494,44.8590357969052,0.788681999876641,72.6597718184572
2020-09-01,2020,9,299.282979752001,44.8615269592841,0.754483453079942,65.6104987091254,300.173326337318,50.8135685549805,1.16634355410611,70.4216750865917,280.352307337001,15.1584664729225,0.475141943103682,82.9527391572557,302.218619098221,38.5102686944477,0.484228749985756,57.4071353483285
2020-10-01,2020,10,299.56339801612,46.9365947804832,0.822351905566393,74.382258535702,300.402345829408,52.134909281914,1.09515076337102,78.039968223813,268.929487881828,7.82112116104436,0.438592324446289,87.5986476929963,301.431887214154,26.1331409355148,0.106908738920758,35.7278060468059
2020-11-01,2020,11,298.320329727308,53.8852755244259,1.64737402445574,84.0500259020881,300.545862674317,53.6369423210777,1.41203841876225,78.5097053353471,262.040639581697,5.44777913902836,0.289803105249719,88.7885310689614,297.487354056134,18.3924452060222,0.00900431245800907,34.2837844734314
2020-12-01,2020,12,298.001747748661,52.1565590490934,1.41245460560879,78.9668672280374,300.39051776765,56.3158846416536,1.49994526230269,82.1177879063773,251.865326806364,2.7712820592029,0.196856423992706,85.6610155126545,296.252713256431,16.2600490166153,0.0030702789993859,31.4200060654853
2021-01-01,2021,1,297.350408665453,52.2215080645893,1.64008736952733,81.6566667683173,300.171424648202,57.0950445401882,1.8110627881725,86.802632203979,246.194595245384,1.96909241942082,0.118244587670159,81.8520052774082,295.665638521039,12.5601426798582,0.00372386042089773,29.3486656791453
2021-02-01,2021,2,297.812821149497,52.9209572065877,1.32621831692068,83.1250347303031,300.246134345476,53.6405124264227,1.43409318909282,79.648303484255,249.962783307863,2.4543253479205,0.163458662487558,82.3160003140753,296.23127533227,13.892610596327,0.0054064863039019,28.7767630964042
2021-03-01,2021,3,297.22835746638,53.6743184600249,2.06042629588974,85.7135548211803,300.380498801613,54.0764088051272,1.36899388161555,75.9693890317131,259.589189395026,3.8241258558978,0.277004688080377,86.0367630535371,299.93452143085,16.9192766316033,0.00304293472355996,36.6190602431682
2021-04-01,2021,4,297.391601222265,55.391942739527,2.37112541372707,86.5166866097825,300.729614340448,51.1797882899063,1.0421263055864,69.8473030817789,267.890069806062,6.31525880658291,0.39348086922314,85.2544710356825,302.522815155348,18.5650561841686,0.0221094993563253,36.5259213052812
2021-05-01,2021,5,297.095652132803,55.0112634643835,2.11989657828203,83.7239765325525,300.869661028509,54.0660105802126,1.25207629385446,70.351370270155,276.736558201873,11.1412016742436,0.484833676146746,80.6737053484624,304.052904731006,25.3986507684637,0.0716096244763315,42.6827724245008
2021-06-01,2021,6,297.060555684251,49.9321948957933,1.36144483231686,64.6584527975379,300.50913955085,51.8774818715082,1.04225261880462,61.9580306489343,285.672238683087,17.5745172262647,0.428792384816217,69.0701997768542,304.593311829986,31.9984547288362,0.144447629120196,48.7254685074199
2021-07-01,2021,7,297.014218660555,48.8348709548762,1.21768391457811,66.5922613956862,300.348864985913,50.4285512887402,1.01116073951588,64.8110641814085,289.617118561939,21.1773148913003,0.360172268263532,55.5363736073621,303.089516121555,39.1647500264875,0.433831286370948,60.6110672267634
2021-08-01,2021,8,298.216544378566,46.5334098647988,0.952825950733841,62.0121616585337,300.175468989736,51.4713258691702,1.27634519891493,67.3254243443504,287.245717656116,20.5370115910184,0.342784154186295,60.2823417322087,302.462842669269,41.4808483826359,0.53766839042984,62.5198591741378
2021-09-01,2021,9,298.772070707415,46.1071834801732,0.883476348683992,62.5243604442481,300.177885523724,52.563104249204,1.33775251327819,73.7308222655309,278.086345933429,12.768931359807,0.440656179543416,77.9338644961383,302.542372854546,34.7164367710631,0.300343971771011,53.2806958826889
2021-10-01,2021,10,299.236565087861,48.8491071964532,1.12167174628492,72.2048883181034,300.685771806811,51.3143849725957,0.983445522842605,67.2932974407628,270.766692766604,8.1185607706135,0.429346954027557,88.5365035226619,301.520409218617,25.7642401281255,0.0845390126211543,42.5014134381299
2021-11-01,2021,11,298.127774190599,52.6320084401158,1.50869230810969,78.0542253401391,300.69254669014,56.4860585518102,1.61441757663441,79.0378163881134,259.869660154177,4.52401696470609,0.313583128834727,87.1019890882718,298.928949602904,18.3982969919542,0.00977088190396642,31.3249408603232
2021-12-01,2021,12,298.027239367641,56.7824132394907,1.7453446317862,86.3526590004258,300.59673802937,56.2819599488761,1.73005516666967,84.0769489087339,251.851314479735,3.13861604650542,0.198775216303454,80.7337938229643,295.022177519267,14.8943704149047,0.00484722340458991,35.4681464112426
2022-01-01,2022,1,297.605467329127,50.027558007888,1.17620966441348,75.7847100206789,300.352773719813,53.0797640850716,1.41858951098767,79.0749943783126,253.427977579962,3.38514603489498,0.15566594340952,80.6492570557286,293.538239165769,14.1045779190913,0.0048404927582144,32.4960941716554
2022-02-01,2022,2,297.648775356374,53.642747575991,1.81019403818846,83.5907788229504,300.329224566606,55.0387728026955,1.80281887990471,82.2980561557713,255.760014266094,3.40152338614179,0.159034528540732,80.3103137946713,295.45130478671,11.1189322588626,0.00155975443425741,28.7592993674099
2022-03-01,2022,3,297.372669214794,56.1697365690738,2.50022142314575,89.3108932281817,300.653002461049,55.2864073013996,1.35208948093813,74.0328616478162,260.105672968105,3.68668566149294,0.253193757284214,84.392829426784,299.206722486287,15.0175644283433,0.00362596476100532,36.9411301660149
2022-04-01,2022,4,297.419988712556,55.6460141759934,2.09524807924967,85.4924524673013,300.882199733946,53.7867739515523,1.12101039582567,72.7685918008319,269.037648279122,7.08495264686365,0.416525144645186,85.2822632950997,303.010194343312,19.7441753176338,0.0235550258688564,41.7959741849991
2022-05-01,2022,5,297.103005749186,54.0595556848744,2.01252764762096,81.8870027970035,301.026329803166,54.7581724936389,1.19724267166355,67.2341455025661,278.026994196687,11.8340531750012,0.487083668456602,75.6218038154739,304.133114477832,25.1233759444241,0.0605212246970628,38.9318983105428
2022-06-01,2022,6,296.977458510892,49.2234347424526,1.39486565843614,72.6347583972254,300.49391621271,53.068340797845,1.42458671294379,68.3411870359872,287.007650785772,19.0414980803765,0.540724889074701,63.1950755551056,304.182320648054,32.4499133668954,0.196597511531078,46.2859902191666
2022-07-01,2022,7,297.836888069352,48.1903948488676,1.08384244069708,72.5676000785542,300.226567529582,51.9669502428808,1.24589520908207,74.7879983079462,289.357273793112,23.6373336174248,0.533072301761423,62.9637923037253,302.514125240516,40.5898841676919,0.64090717290008,60.9493946251576
2022-08-01,2022,8,298.457809669788,43.681356928344,0.733588680496038,67.8698202757331,300.098627611129,50.5585597769575,1.18696031194624,70.2393639515145,284.303866600537,18.9635391395351,0.596693092449685,71.1625945167124,301.305848565052,45.1537825691227,0.910097435119946,68.6520202627188
2022-09-01,2022,9,299.822557252521,42.0867131560976,0.515712803403513,62.5987969357906,300.2844919999,50.5757334406829,1.06574888704507,71.9668591191316,276.745054168014,11.8323797624333,0.498298622027076,82.151387096732,301.989089850443,38.7672270862766,0.592552129266137,56.044953429244
2022-10-01,2022,10,299.788042457891,48.0740882612633,0.901995349351092,76.8795641589117,300.508990430208,54.0390969328634,1.38870660292046,79.3304276507533,271.037528519065,8.30110561229292,0.38047491741677,89.7725205634097,300.622322284683,26.4159601948007,0.101652777571247,32.9528359598991
2022-11-01,2022,11,298.372762665873,51.2846169211672,1.45319405002989,81.5123198079561,300.531489231551,55.6717325343924,1.49575441359875,80.8564130230711,257.334584422373,3.97867271686929,0.232483571157146,84.6114274348578,296.764596317376,15.4902512295232,0.00329403263577753,30.9810610980027
2022-12-01,2022,12,297.533223961713,50.1912778343599,1.3895913888612,80.5148407057513,300.320013494679,54.4489259155521,1.60001736876916,83.3932292862954,252.44631753982,3.05524488843117,0.178738999445305,84.4129242446867,294.808292894343,13.7760995136266,0.0117059002261313,29.7718576781668
2023-01-01,2023,1,297.083773667272,51.4292576674503,1.66969878639274,80.4225789135708,300.140329787191,54.6781418455469,1.47664009811601,81.5227747643921,248.338468341261,2.48754137271879,0.175674765712086,82.2557758703366,294.220758561675,12.3638777453631,0.00373428955131564,32.0953694634228
2023-02-01,2023,2,297.364262881785,54.2202434062926,1.86176987843142,87.2116859649136,300.198041434216,55.9535881285645,1.80664934339771,85.4657147249952,255.778113762652,3.44172341814177,0.178225838836112,84.3085065037371,296.130486847419,12.8737508275098,0.00454623932195416,31.9741873924474
2023-03-01,2023,3,297.702783571779,52.3706879027825,1.55225195295251,84.0862197953357,300.253441220409,52.9413320316577,1.36682477339389,73.6386585511736,262.322549804361,4.79643750992705,0.369854511459403,86.275367147235,300.081431156931,15.3956429813704,0.0107853882895636,39.6346996238647
2023-04-01,2023,4,297.697657737875,54.6712275032219,1.91220250089378,85.7380090561044,300.671608924769,53.2098649743528,1.16969099485867,69.6490938282507,266.095657435847,5.47801169306708,0.383308343096212,83.7294392243664,302.329610926075,20.2586600639424,0.031792052326964,48.3365813874997
2023-05-01,2023,5,297.87279136659,56.1086886008755,1.82207510628581,83.6271008116495,300.866928093102,53.3817375190371,1.18884556656693,67.4696071730492,276.021864623733,9.72553691331175,0.368347520316815,75.974734077896,304.500935453568,27.3305627462593,0.0793307611496197,50.4927663961108
2023-06-01,2023,6,297.699973721512,49.6477142777283,1.01834538590758,59.0617526993894,300.465075867436,52.3022461317718,0.947753593181544,63.2671959319871,285.86162819017,16.8764444075195,0.434816904381829,67.05584833969,304.1991546899,35.4152665610959,0.361264566265924,56.1942328065665
2023-07-01,2023,7,298.477213172195,46.560503460079,0.806055065276116,57.2019745002129,300.150185148188,51.0989096603012,0.977613213466786,69.8321954586818,290.79483415063,22.5649332109707,0.362575073089689,55.3487014630059,304.031664976487,38.2296658564926,0.376097320475836,55.9278017922172
2023-08-01,2023,8,299.933762070134,42.0626832939916,0.416868835819746,51.499690345369,299.93381941916,46.6605139894883,0.643100913604343,56.0712975161588,287.965198227268,20.5309322624818,0.362941775811417,54.9067430602597,303.14807250765,42.6635649738176,0.633486842926537,61.887235642658
2023-09-01,2023,9,301.079854809423,41.0652907958138,0.313414652674007,56.3935707108152,299.843914303353,46.4504832251231,0.700779275313998,58.7660843105962,279.050295676755,13.6265352628607,0.383231814599211,71.1712444744816,303.225873554824,36.8703118632473,0.372390547605641,51.0757917501295
2023-10-01,2023,10,301.652929525815,43.4223046296952,0.405602777341836,68.5699672105756,300.336694007411,46.1682214776496,0.631896892830494,59.3578471460773,271.820605272246,9.52873708119814,0.494612229561153,88.1752089709553,301.618194195783,27.4883370812477,0.107584227370391,39.6032466559287
2023-11-01,2023,11,300.73699211282,48.1280042282861,0.744912520405143,67.6413828508911,300.646295663645,51.7065944352574,1.0616585901294,66.156584749857,260.011591429084,5.07633244372306,0.262764960533888,82.2508677363791,298.679415435636,19.8503236809116,0.0315687012299954,41.5196731730677
2023-12-01,2023,12,299.32336779809,54.3709519446057,1.22288947658384,79.6984514678571,300.78797344278,55.1692945907494,1.36494839703583,73.3555273112775,251.733702255441,3.16495355342046,0.172332613850295,82.9458966878806,294.558006045153,11.5536232192104,0.00186013637347372,29.2190724378692
2024-01-01,2024,1,298.950224724154,51.7657341865119,1.04173684666185,79.157693618776,300.711257196969,58.1040187339085,1.84210957042285,83.2414817569585,252.252865454059,2.86045791505723,0.164560648135328,81.2751120022675,294.252384406069,9.87062028523015,0.00331009568072915,32.8149278593802
2024-02-01,2024,2,299.507704196151,50.338086744375,1.05413093245846,75.8926108986603,300.785598829537,55.7507579351576,1.36339844541015,75.5311781646653,253.297777052702,2.86064861586237,0.158062955894722,79.3816730035541,296.526066952012,12.2989854730387,0.00381631768230687,31.7434104530192
2024-03-01,2024,3,299.185988884977,56.4437188236106,1.53484840800992,85.6920818368237,300.88818678381,57.2337901304595,1.69104382824829,79.9534649256768,260.248954699134,4.01695609847348,0.277780854182305,83.0878601790024,300.881755837448,16.0573285469232,0.00972556662075303,43.6445529844502
2024-04-01,2024,4,298.669195712377,58.4768527756701,2.23275676214943,88.1846098284879,301.156568334264,58.6702178007889,1.69080613142993,79.1844642760901,267.956330966689,6.87102274592877,0.4340921946009,86.759995031791,303.432147275905,19.7311556683831,0.0146624656877715,41.5563636142869
2024-05-01,2024,5,298.289434881272,58.7554522673331,2.19042636404831,88.5302762438836,301.13391559134,57.8670853757828,1.60295800574731,75.0718442466065,276.321113578805,10.1951752842468,0.472340534254473,74.9091850445359,305.203608251461,25.2735382937353,0.0494075585111711,37.185919578296
2024-06-01,2024,6,298.090860482314,52.3407996649565,1.35962215739533,74.6543455781989,300.549217136129,54.4452517402006,1.24906576129284,70.1916403525571,286.864300991562,17.6617415368906,0.36719635095506,60.3919878644987,305.16602886067,33.1687400003077,0.226545040105432,46.1669508627059
2024-07-01,2024,7,298.398958608525,46.5373775217688,0.798644185549519,67.9189455418262,300.143880918415,50.3951726835327,0.936290389734827,71.4485760995302,291.286806222838,23.7103411756151,0.325823033529777,52.8968654589176,303.104697070832,43.045690471118,0.653519961048857,67.712752796243
2024-08-01,2024,8,299.791899763182,40.9672028610684,0.452249739175048,58.1583793847133,299.976117445452,49.978942636833,1.11499901292844,66.8972441963942,287.148962761658,21.0943235752463,0.485685106974984,62.8776403598181,301.171551662701,49.2130831708765,1.05321729220395,77.335240813036
2024-09-01,2024,9,301.368250419971,41.989515735236,0.367317662819922,61.1867009875994,300.464809096542,50.2712205614329,0.765297984853972,64.841266881903,278.056202151731,13.6512790681732,0.531483771048864,85.6752941181922,302.270955031517,41.6414847007634,0.626287102101832,59.0854958247006
2024-10-01,2024,10,301.020774622167,44.8089854130115,0.476927915837748,68.3484974271609,300.723691043385,51.0768949528361,0.969869934715023,65.1472010988079,268.524889541414,7.31674477201232,0.381533856797839,87.2347822663757,301.338962151662,29.0915524545053,0.179513904053363,45.1156450087437
2024-11-01,2024,11,300.457081578972,48.2883954597983,0.791919390763137,70.2329733705301,300.844445197787,56.4378477595304,1.53235650986211,69.538419982219,261.818940131191,5.11351054227983,0.319620631623219,86.1671929200504,296.721730177668,14.9290299437517,0.0116310397857488,20.4444873801567
2024-12-01,2024,12,298.71375096323,53.8550581590352,1.44296979904902,81.1460006488841,300.718051670089,60.5720705189121,1.95109144657996,86.7483823461644,257.470474991303,3.92532394161694,0.221314894319004,83.708895099819,294.036163888075,11.9832933887421,0.0056854359706806,33.3838767992525
2025-01-01,2025,1,298.200603102827,50.9197488616282,1.2962221439082,77.6476493799834,300.356356924786,58.5545488829492,1.90753346697172,83.9504450353858,254.370327317193,3.26987963536119,0.203719082073663,81.7533164861613,294.456285031696,10.9879011560096,0.00250828857875878,26.6488590304909
2025-02-01,2025,2,297.913425469587,55.53845595964,1.92589674549645,85.4014309905732,300.395997807348,56.066942850336,1.43782175628293,80.9097751176338,254.728706801778,3.18671196517021,0.191219185485497,80.8288112822044,296.804414711699,13.9665708954809,0.00236744383690172,33.0941990674303
2025-03-01,2025,3,298.040033368729,55.0993092055818,1.89043743869159,83.4559014796114,300.63351422465,57.5493874122675,1.68263756181813,80.662561090596,261.281183971441,4.61635745620321,0.284229693963384,83.0701804093528,300.47605242527,16.5525302051606,0.00693314969013855,42.4579458964928
2025-04-01,2025,4,298.011585041608,55.8383712579565,2.1642652472013,84.7989571174357,300.669128477467,56.5430411425768,1.38928179592554,76.54711753027,269.201570881455,7.20943952778314,0.538204132599884,84.8605784513282,302.503259157653,20.0067245492818,0.023663644649636,39.9052497389599
2025-05-01,2025,5,297.744868577987,55.0763566937809,1.93323050236219,78.9038946179895,300.973280150147,57.5362478418949,1.38783881987333,68.70353016882,276.441915515314,11.0498460628193,0.490506310638861,83.0449435913366,304.293764136468,24.8294406349788,0.0550018572493368,37.9748726168887
2025-06-01,2025,6,297.50165796219,51.6948937064194,1.51138110197609,67.0030450758201,300.545487357643,54.2015433196981,1.361077129747,67.5617228683546,286.249578061191,18.5160243857749,0.449312844406411,64.7221061611093,304.376584541231,28.7113478254197,0.111912611893572,36.8916732269485
2025-07-01,2025,7,297.503605767619,48.603559222578,1.2018200807225,65.573535853935,300.374460223567,50.2315075645119,0.873410070890235,62.7949964521808,289.476570604591,21.380607283635,0.431490746277629,59.7794806132691,303.257887745575,36.5946673475101,0.362774687904376,51.0804133462676
2025-08-01,2025,8,298.418030674054,45.5170418335204,0.866372751318148,58.9327300247632,300.120041125552,49.3370506865642,1.02798063208545,65.5841460136168,287.414443260934,19.0800030414938,0.294298443459399,51.9290732878046,302.458452937178,40.5401264097635,0.537337312962048,58.5134795559157
2025-09-01,2025,9,300.033068953498,43.408247049234,0.55244360571952,64.8085129350689,300.284973317445,50.5104274647549,1.15517321708893,66.6158279214879,278.21132087904,13.016663238212,0.451723283200575,73.7268556147948,302.582863277692,34.548711420515,0.276213221013775,48.8023441262546
2025-10-01,2025,10,300.275907444085,45.5838685992905,0.649029527895176,70.3946602716977,300.688414878878,50.5852453211426,1.15623593730474,66.8678898757523,267.727575810733,6.4607166466719,0.230068226596484,78.6474309318658,301.018565964603,21.8924666766858,0.0453861337686641,27.965155198015
2025-11-01,2025,11,300.115108497609,48.3695281354858,0.867158418319184,84.7688819698619,300.769012613475,54.4814084896548,1.58770812535649,79.6343341381703,257.769957131551,4.31518861070755,0.317726085464368,84.5985976879071,298.200655444177,17.1992107390256,0.00415135042925048,29.7654116712391
2025-12-01,2025,12,298.994694284434,51.6060679893675,1.19338448493759,85.0567263207461,300.628446341903,55.781124138734,1.66720733547214,78.7492380143975,250.577193732755,2.93818407641136,0.194869653654827,82.9572490819084,295.038449607623,15.698105357278,0.0116338611331703,40.9286080171658
2026-01-01,2026,1,298.779228913937,51.38227484134,1.25822131519525,80.8531276127462,300.347745464768,53.0452847088478,1.51439699083432,80.6443648600016,248.232772008274,2.36010888321601,0.107714514652568,78.3142385733212,295.06055666558,12.382613458874,0.000739385135870695,30.5633555763661
2026-02-01,2026,2,298.336434321469,51.3892498133325,1.30023312597941,80.2278267318859,300.30001582275,54.7813957975401,1.50121118941706,79.0632462303083,252.035565943572,2.72807753081117,0.192320220122343,84.0083373062916,296.902633718674,10.0003441308809,0.000362674087041362,30.0045852436535
2026-03-01,2026,3,298.349270494797,53.8865455900287,1.77824255872336,86.6096942732446,300.414092268823,51.745028915256,1.29929189506358,77.0146023994179,259.988856250043,4.28402935937608,0.324863987633151,85.2702005021556,299.498819468552,18.4237120260968,0.0120537617694556,39.5810373228537
