"var","step_col","coef","step_idx","lambda","log_lambda"
"T2m","s0",0,1,1.45630895831622,0.375905123909727
"T2m","s1",0,2,1.32693448421509,0.282871382778654
"T2m","s2",0,3,1.2090532818221,0.189837641647582
"T2m","s3",0,4,1.1016443205555,0.0968039005165092
"T2m","s4",0,5,1.00377727537633,0.00377015938543671
"T2m","s5",0,6,0.914604468757992,-0.0892635817456359
"T2m","s6",0,7,0.833353528509075,-0.182297322876708
"T2m","s7",0,8,0.759320697854897,-0.275331064007781
"T2m","s8",0.0398315560594428,9,0.691864739833004,-0.368364805138854
"T2m","s9",0.00438841190506582,10,0.630401383205366,-0.461398546269926
"T2m","s10",0,11,0.574398261780418,-0.554432287400999
"T2m","s11",0,12,0.523370303311792,-0.647466028532071
"T2m","s12",0,13,0.476875528034572,-0.740499769663144
"T2m","s13",0,14,0.43451122044801,-0.833533510794216
"T2m","s14",0,15,0.395910441186514,-0.926567251925289
"T2m","s15",0,16,0.360738848766403,-1.01960099305636
"T2m","s16",0,17,0.328691803679924,-1.11263473418743
"T2m","s17",0,18,0.299491729753571,-1.20566847531851
"T2m","s18",0,19,0.272885709916059,-1.29870221644958
"T2m","s19",0,20,0.248643295551648,-1.39173595758065
"T2m","s20",0,21,0.226554510464478,-1.48476969871172
"T2m","s21",0,22,0.206428032165209,-1.5778034398428
"T2m","s22",0,23,0.188089534727149,-1.67083718097387
"T2m","s23",0,24,0.171380178858469,-1.76387092210494
"T2m","s24",0,25,0.156155236112248,-1.85690466323601
"T2m","s25",0,26,0.142282835317901,-1.94993840436709
"T2m","s26",0,27,0.129642820376185,-2.04297214549816
"T2m","s27",0,28,0.11812570952455,-2.13600588662923
"T2m","s28",0,29,0.107631747058487,-2.2290396277603
"T2m","s29",0,30,0.098070039295336,-2.32207336889138
"T2m","s30",0,31,0.0893577672966927,-2.41510711002245
"T2m","s31",0,32,0.081419469530381,-2.50814085115352
"T2m","s32",0,33,0.0741863882587631,-2.60117459228459
"T2m","s33",0,34,0.0675958739921083,-2.69420833341567
"T2m","s34",0,35,0.0615908428486847,-2.78724207454674
"T2m","s35",0,36,0.0561192821214836,-2.88027581567781
"T2m","s36",0,37,0.0511337997690337,-2.97330955680888
"T2m","s37",0,38,0.0465912139282103,-3.06634329793996
"T2m","s38",0,39,0.0424521788935944,-3.15937703907103
"T2m","s39",0,40,0.0386808443237953,-3.2524107802021
"T2m","s40",0,41,0.0352445447229435,-3.34544452133317
"T2m","s41",0,42,0.0321135165077928,-3.43847826246425
"T2m","s42",0,43,0.0292606402098008,-3.53151200359532
"T2m","s43",0,44,0.0266612055792658,-3.62454574472639
"T2m","s44",0,45,0.0242926975569655,-3.71757948585747
"T2m","s45",0,46,0.0221346012594847,-3.81061322698854
"T2m","s46",0.028609684273092,47,0.0201682242891094,-3.90364696811961
"T2m","s47",0.0765470132434506,48,0.0183765348292203,-3.99668070925068
"T2m","s48",0.124082791337882,49,0.0167440141228447,-4.08971445038176
"T2m","s49",0.167967225399938,50,0.0152565220566078,-4.18274819151283
"T2m","s50",0.208096397534304,51,0.0139011746858355,-4.2757819326439
"T2m","s51",0.244695835376931,52,0.0126662326399888,-4.36881567377497
"T2m","s52",0.276986500279801,53,0.0115409994418521,-4.46184941490605
"T2m","s53",0.307060701988707,54,0.0105157288597653,-4.55488315603712
"T2m","s54",0.334616666108851,55,0.00958154049042696,-4.64791689716819
"T2m","s55",0.363630025493532,56,0.00873034284108958,-4.74095063829926
"T2m","s56",0.375205461486691,57,0.00795476324492032,-4.83398437943034
"T2m","s57",0.378028318902004,58,0.00724808400248779,-4.92701812056141
"T2m","s58",0.38303676746363,59,0.00660418419626336,-5.02005186169248
"T2m","s59",0.38536020038506,60,0.00601748667416168,-5.11308560282355
"T2m","s60",0.386275295901586,61,0.00548290974291738,-5.20611934395463
"T2m","s61",0.386242868625877,62,0.00499582315288907,-5.2991530850857
"T2m","s62",0.386106558592313,63,0.00455200799305198,-5.39218682621677
"T2m","s63",0.375414752177821,64,0.00414762014880898,-5.48522056734784
"T2m","s64",0.368547728034965,65,0.00377915700610892,-5.57825430847892
"T2m","s65",0.362490860685445,66,0.00344342711347937,-5.67128804960999
"T2m","s66",0.357385162147557,67,0.00313752253920067,-5.76432179074106
"T2m","s67",0.352457505377595,68,0.00285879368419255,-5.85735553187213
"T2m","s68",0.348024747332701,69,0.00260482633245443,-5.95038927300321
"T2m","s69",0.342619889708423,70,0.00237342074028138,-6.04342301413428
"T2m","s70",0.337452519050839,71,0.00216257258313645,-6.13645675526535
"T2m","s71",0.332499598485451,72,0.0019704555951504,-6.22949049639642
"T2m","s72",0.327776435905407,73,0.00179540575088043,-6.3225242375275
"T2m","s73",0.322224340791095,74,0.00163590685231781,-6.41555797865857
"T2m","s74",0.304271236139844,75,0.00149057739630611,-6.50859171978964
"T2m","s75",0.292291312828402,76,0.00135815860862172,-6.60162546092071
"T2m","s76",0.287992565723193,77,0.00123750354107375,-6.69465920205179
"T2m","s77",0.282557355206872,78,0.00112756713718743,-6.78769294318286
"T2m","s78",0.278007384295208,79,0.00102739718042495,-6.88072668431393
"T2m","s79",0.273625170739454,80,0.000936126046541284,-6.973760425445
"T2m","s80",0.269715255085638,81,0.000852963188638053,-7.06679416657608
"T2m","s81",0.266066370601046,82,0.000777188289824504,-7.15982790770715
"T2m","s82",0.262928794041558,83,0.000708145024177179,-7.25286164883822
"T2m","s83",0.258599428365642,84,0.000645235371958748,-7.34589538996929
"T2m","s84",0.255577647920753,85,0.000587914439857136,-7.43892913110037
"T2m","s85",0.251659902378307,86,0.000535685741380322,-7.53196287223144
"T2m","s86",0.249692453389999,87,0.000488096896527863,-7.62499661336251
"T2m","s87",0.24621482816794,88,0.000444735713491745,-7.71803035449358
"T2m","s88",0.244382419580283,89,0.000405226618448127,-7.81106409562466
"T2m","s89",0.242159133191269,90,0.000369227402516555,-7.90409783675573
"T2m","s90",0.240081325743378,91,0.000336426257710347,-7.9971315778868
"T2m","s91",0.238191447823303,92,0.00030653907620498,-8.09016531901787
"T500","s0",0,1,1.45630895831622,0.375905123909727
"T500","s1",0,2,1.32693448421509,0.282871382778654
"T500","s2",0,3,1.2090532818221,0.189837641647582
"T500","s3",0,4,1.1016443205555,0.0968039005165092
"T500","s4",0,5,1.00377727537633,0.00377015938543671
"T500","s5",0,6,0.914604468757992,-0.0892635817456359
"T500","s6",0,7,0.833353528509075,-0.182297322876708
"T500","s7",0,8,0.759320697854897,-0.275331064007781
"T500","s8",0.00718621352562954,9,0.691864739833004,-0.368364805138854
"T500","s9",0.0702075356139482,10,0.630401383205366,-0.461398546269926
"T500","s10",0.125798898668902,11,0.574398261780418,-0.554432287400999
"T500","s11",0.177714295562695,12,0.523370303311792,-0.647466028532071
"T500","s12",0.225839156034295,13,0.476875528034572,-0.740499769663144
"T500","s13",0.269712293365221,14,0.43451122044801,-0.833533510794216
"T500","s14",0.309686479928227,15,0.395910441186514,-0.926567251925289
"T500","s15",0.345659655587537,16,0.360738848766403,-1.01960099305636
"T500","s16",0.386516053225315,17,0.328691803679924,-1.11263473418743
"T500","s17",0.424609097933733,18,0.299491729753571,-1.20566847531851
"T500","s18",0.459155533376076,19,0.272885709916059,-1.29870221644958
"T500","s19",0.482040963184175,20,0.248643295551648,-1.39173595758065
"T500","s20",0.503833381961915,21,0.226554510464478,-1.48476969871172
"T500","s21",0.523642796539164,22,0.206428032165209,-1.5778034398428
"T500","s22",0.541684628987126,23,0.188089534727149,-1.67083718097387
"T500","s23",0.558202678919783,24,0.171380178858469,-1.76387092210494
"T500","s24",0.574764415365119,25,0.156155236112248,-1.85690466323601
"T500","s25",0.5911160428956,26,0.142282835317901,-1.94993840436709
"T500","s26",0.605406800456357,27,0.129642820376185,-2.04297214549816
"T500","s27",0.613600473352704,28,0.11812570952455,-2.13600588662923
"T500","s28",0.615939811266676,29,0.107631747058487,-2.2290396277603
"T500","s29",0.618130918696498,30,0.098070039295336,-2.32207336889138
"T500","s30",0.621851143477466,31,0.0893577672966927,-2.41510711002245
"T500","s31",0.628685510294505,32,0.081419469530381,-2.50814085115352
"T500","s32",0.633968916854398,33,0.0741863882587631,-2.60117459228459
"T500","s33",0.638779061928315,34,0.0675958739921083,-2.69420833341567
"T500","s34",0.643163982225954,35,0.0615908428486847,-2.78724207454674
"T500","s35",0.646162195369955,36,0.0561192821214836,-2.88027581567781
"T500","s36",0.65044897155238,37,0.0511337997690337,-2.97330955680888
"T500","s37",0.653161851152626,38,0.0465912139282103,-3.06634329793996
"T500","s38",0.656346975133347,39,0.0424521788935944,-3.15937703907103
"T500","s39",0.65925719655527,40,0.0386808443237953,-3.2524107802021
"T500","s40",0.661929152696739,41,0.0352445447229435,-3.34544452133317
"T500","s41",0.664368481967383,42,0.0321135165077928,-3.43847826246425
"T500","s42",0.666592590861554,43,0.0292606402098008,-3.53151200359532
"T500","s43",0.667500154883163,44,0.0266612055792658,-3.62454574472639
"T500","s44",0.666113660128705,45,0.0242926975569655,-3.71757948585747
"T500","s45",0.665360231674754,46,0.0221346012594847,-3.81061322698854
"T500","s46",0.662686752285441,47,0.0201682242891094,-3.90364696811961
"T500","s47",0.658519552298831,48,0.0183765348292203,-3.99668070925068
"T500","s48",0.654711428839461,49,0.0167440141228447,-4.08971445038176
"T500","s49",0.651222865943159,50,0.0152565220566078,-4.18274819151283
"T500","s50",0.648035006097599,51,0.0139011746858355,-4.2757819326439
"T500","s51",0.645129433442921,52,0.0126662326399888,-4.36881567377497
"T500","s52",0.642589001819303,53,0.0115409994418521,-4.46184941490605
"T500","s53",0.640198813833347,54,0.0105157288597653,-4.55488315603712
"T500","s54",0.638011044292547,55,0.00958154049042696,-4.64791689716819
"T500","s55",0.635489558809025,56,0.00873034284108958,-4.74095063829926
"T500","s56",0.631825709329304,57,0.00795476324492032,-4.83398437943034
"T500","s57",0.629620148370376,58,0.00724808400248779,-4.92701812056141
"T500","s58",0.628472909639506,59,0.00660418419626336,-5.02005186169248
"T500","s59",0.627768147393896,60,0.00601748667416168,-5.11308560282355
"T500","s60",0.627223861792268,61,0.00548290974291738,-5.20611934395463
"T500","s61",0.626761256924322,62,0.00499582315288907,-5.2991530850857
"T500","s62",0.626355029667898,63,0.00455200799305198,-5.39218682621677
"T500","s63",0.628030108711965,64,0.00414762014880898,-5.48522056734784
"T500","s64",0.629686621742858,65,0.00377915700610892,-5.57825430847892
"T500","s65",0.631218172554242,66,0.00344342711347937,-5.67128804960999
"T500","s66",0.632568190201839,67,0.00313752253920067,-5.76432179074106
"T500","s67",0.633832627308434,68,0.00285879368419255,-5.85735553187213
"T500","s68",0.634974529029902,69,0.00260482633245443,-5.95038927300321
"T500","s69",0.635948302233799,70,0.00237342074028138,-6.04342301413428
"T500","s70",0.63678780705415,71,0.00216257258313645,-6.13645675526535
"T500","s71",0.637520170617377,72,0.0019704555951504,-6.22949049639642
"T500","s72",0.638159517185776,73,0.00179540575088043,-6.3225242375275
"T500","s73",0.63920231197187,74,0.00163590685231781,-6.41555797865857
"T500","s74",0.640648323819679,75,0.00149057739630611,-6.50859171978964
"T500","s75",0.640829244346241,76,0.00135815860862172,-6.60162546092071
"T500","s76",0.6408307878243,77,0.00123750354107375,-6.69465920205179
"T500","s77",0.640841377449636,78,0.00112756713718743,-6.78769294318286
"T500","s78",0.640849175463968,79,0.00102739718042495,-6.88072668431393
"T500","s79",0.640859208413288,80,0.000936126046541284,-6.973760425445
"T500","s80",0.640869274101184,81,0.000852963188638053,-7.06679416657608
"T500","s81",0.640879036043428,82,0.000777188289824504,-7.15982790770715
"T500","s82",0.640890241496662,83,0.000708145024177179,-7.25286164883822
"T500","s83",0.640893351641155,84,0.000645235371958748,-7.34589538996929
"T500","s84",0.640914822997651,85,0.000587914439857136,-7.43892913110037
"T500","s85",0.640936794818434,86,0.000535685741380322,-7.53196287223144
"T500","s86",0.640950216933313,87,0.000488096896527863,-7.62499661336251
"T500","s87",0.640969153761697,88,0.000444735713491745,-7.71803035449358
"T500","s88",0.640979178165598,89,0.000405226618448127,-7.81106409562466
"T500","s89",0.640992056912662,90,0.000369227402516555,-7.90409783675573
"T500","s90",0.641003390150454,91,0.000336426257710347,-7.9971315778868
"T500","s91",0.641012442868453,92,0.00030653907620498,-8.09016531901787
"SPFH2m","s0",0,1,1.45630895831622,0.375905123909727
"SPFH2m","s1",0,2,1.32693448421509,0.282871382778654
"SPFH2m","s2",0,3,1.2090532818221,0.189837641647582
"SPFH2m","s3",0,4,1.1016443205555,0.0968039005165092
"SPFH2m","s4",0,5,1.00377727537633,0.00377015938543671
"SPFH2m","s5",0,6,0.914604468757992,-0.0892635817456359
"SPFH2m","s6",0,7,0.833353528509075,-0.182297322876708
"SPFH2m","s7",0,8,0.759320697854897,-0.275331064007781
"SPFH2m","s8",0,9,0.691864739833004,-0.368364805138854
"SPFH2m","s9",0,10,0.630401383205366,-0.461398546269926
"SPFH2m","s10",0,11,0.574398261780418,-0.554432287400999
"SPFH2m","s11",0,12,0.523370303311792,-0.647466028532071
"SPFH2m","s12",0,13,0.476875528034572,-0.740499769663144
"SPFH2m","s13",0,14,0.43451122044801,-0.833533510794216
"SPFH2m","s14",0,15,0.395910441186514,-0.926567251925289
"SPFH2m","s15",0,16,0.360738848766403,-1.01960099305636
"SPFH2m","s16",0,17,0.328691803679924,-1.11263473418743
"SPFH2m","s17",0,18,0.299491729753571,-1.20566847531851
"SPFH2m","s18",0,19,0.272885709916059,-1.29870221644958
"SPFH2m","s19",0,20,0.248643295551648,-1.39173595758065
"SPFH2m","s20",0,21,0.226554510464478,-1.48476969871172
"SPFH2m","s21",0,22,0.206428032165209,-1.5778034398428
"SPFH2m","s22",0,23,0.188089534727149,-1.67083718097387
"SPFH2m","s23",0,24,0.171380178858469,-1.76387092210494
"SPFH2m","s24",0,25,0.156155236112248,-1.85690466323601
"SPFH2m","s25",0,26,0.142282835317901,-1.94993840436709
"SPFH2m","s26",0,27,0.129642820376185,-2.04297214549816
"SPFH2m","s27",0,28,0.11812570952455,-2.13600588662923
"SPFH2m","s28",0,29,0.107631747058487,-2.2290396277603
"SPFH2m","s29",0,30,0.098070039295336,-2.32207336889138
"SPFH2m","s30",0.0140415570324429,31,0.0893577672966927,-2.41510711002245
"SPFH2m","s31",0,32,0.081419469530381,-2.50814085115352
"SPFH2m","s32",0,33,0.0741863882587631,-2.60117459228459
"SPFH2m","s33",0,34,0.0675958739921083,-2.69420833341567
"SPFH2m","s34",0,35,0.0615908428486847,-2.78724207454674
"SPFH2m","s35",0,36,0.0561192821214836,-2.88027581567781
"SPFH2m","s36",0,37,0.0511337997690337,-2.97330955680888
"SPFH2m","s37",0,38,0.0465912139282103,-3.06634329793996
"SPFH2m","s38",0,39,0.0424521788935944,-3.15937703907103
"SPFH2m","s39",0,40,0.0386808443237953,-3.2524107802021
"SPFH2m","s40",0,41,0.0352445447229435,-3.34544452133317
"SPFH2m","s41",0,42,0.0321135165077928,-3.43847826246425
"SPFH2m","s42",0,43,0.0292606402098008,-3.53151200359532
"SPFH2m","s43",0,44,0.0266612055792658,-3.62454574472639
"SPFH2m","s44",0,45,0.0242926975569655,-3.71757948585747
"SPFH2m","s45",0,46,0.0221346012594847,-3.81061322698854
"SPFH2m","s46",0,47,0.0201682242891094,-3.90364696811961
"SPFH2m","s47",0,48,0.0183765348292203,-3.99668070925068
"SPFH2m","s48",0,49,0.0167440141228447,-4.08971445038176
"SPFH2m","s49",0,50,0.0152565220566078,-4.18274819151283
"SPFH2m","s50",0,51,0.0139011746858355,-4.2757819326439
"SPFH2m","s51",0,52,0.0126662326399888,-4.36881567377497
"SPFH2m","s52",0,53,0.0115409994418521,-4.46184941490605
"SPFH2m","s53",0,54,0.0105157288597653,-4.55488315603712
"SPFH2m","s54",0,55,0.00958154049042696,-4.64791689716819
"SPFH2m","s55",0,56,0.00873034284108958,-4.74095063829926
"SPFH2m","s56",0,57,0.00795476324492032,-4.83398437943034
"SPFH2m","s57",0,58,0.00724808400248779,-4.92701812056141
"SPFH2m","s58",0,59,0.00660418419626336,-5.02005186169248
"SPFH2m","s59",0,60,0.00601748667416168,-5.11308560282355
"SPFH2m","s60",0,61,0.00548290974291738,-5.20611934395463
"SPFH2m","s61",0,62,0.00499582315288907,-5.2991530850857
"SPFH2m","s62",-0.000114759362626657,63,0.00455200799305198,-5.39218682621677
"SPFH2m","s63",-0.0174433696356104,64,0.00414762014880898,-5.48522056734784
"SPFH2m","s64",-0.0331149922183338,65,0.00377915700610892,-5.57825430847892
"SPFH2m","s65",-0.0476540839188582,66,0.00344342711347937,-5.67128804960999
"SPFH2m","s66",-0.0605487048567006,67,0.00313752253920067,-5.76432179074106
"SPFH2m","s67",-0.0725681661341532,68,0.00285879368419255,-5.85735553187213
"SPFH2m","s68",-0.0834076301920824,69,0.00260482633245443,-5.95038927300321
"SPFH2m","s69",-0.093860184036136,70,0.00237342074028138,-6.04342301413428
"SPFH2m","s70",-0.103268187716917,71,0.00216257258313645,-6.13645675526535
"SPFH2m","s71",-0.111945024466303,72,0.0019704555951504,-6.22949049639642
"SPFH2m","s72",-0.119914962536331,73,0.00179540575088043,-6.3225242375275
"SPFH2m","s73",-0.129119332986859,74,0.00163590685231781,-6.41555797865857
"SPFH2m","s74",-0.141930023672901,75,0.00149057739630611,-6.50859171978964
"SPFH2m","s75",-0.152076754690935,76,0.00135815860862172,-6.60162546092071
"SPFH2m","s76",-0.15745914997792,77,0.00123750354107375,-6.69465920205179
"SPFH2m","s77",-0.163403984074402,78,0.00112756713718743,-6.78769294318286
"SPFH2m","s78",-0.168536257965956,79,0.00102739718042495,-6.88072668431393
"SPFH2m","s79",-0.173373601810979,80,0.000936126046541284,-6.973760425445
"SPFH2m","s80",-0.177717548163098,81,0.000852963188638053,-7.06679416657608
"SPFH2m","s81",-0.18173302425394,82,0.000777188289824504,-7.15982790770715
"SPFH2m","s82",-0.185261960369447,83,0.000708145024177179,-7.25286164883822
"SPFH2m","s83",-0.189165819499734,84,0.000645235371958748,-7.34589538996929
"SPFH2m","s84",-0.192210554337207,85,0.000587914439857136,-7.43892913110037
"SPFH2m","s85",-0.195915895698742,86,0.000535685741380322,-7.53196287223144
"SPFH2m","s86",-0.198008917205136,87,0.000488096896527863,-7.62499661336251
"SPFH2m","s87",-0.201336766472052,88,0.000444735713491745,-7.71803035449358
"SPFH2m","s88",-0.203200254205921,89,0.000405226618448127,-7.81106409562466
"SPFH2m","s89",-0.205441676841029,90,0.000369227402516555,-7.90409783675573
"SPFH2m","s90",-0.207479199307032,91,0.000336426257710347,-7.9971315778868
"SPFH2m","s91",-0.209316019544421,92,0.00030653907620498,-8.09016531901787
"PWAT","s0",0,1,1.45630895831622,0.375905123909727
"PWAT","s1",0,2,1.32693448421509,0.282871382778654
"PWAT","s2",0,3,1.2090532818221,0.189837641647582
"PWAT","s3",0,4,1.1016443205555,0.0968039005165092
"PWAT","s4",0,5,1.00377727537633,0.00377015938543671
"PWAT","s5",0,6,0.914604468757992,-0.0892635817456359
"PWAT","s6",0,7,0.833353528509075,-0.182297322876708
"PWAT","s7",0,8,0.759320697854897,-0.275331064007781
"PWAT","s8",0,9,0.691864739833004,-0.368364805138854
"PWAT","s9",0,10,0.630401383205366,-0.461398546269926
"PWAT","s10",0,11,0.574398261780418,-0.554432287400999
"PWAT","s11",0,12,0.523370303311792,-0.647466028532071
"PWAT","s12",0,13,0.476875528034572,-0.740499769663144
"PWAT","s13",0,14,0.43451122044801,-0.833533510794216
"PWAT","s14",0,15,0.395910441186514,-0.926567251925289
"PWAT","s15",0,16,0.360738848766403,-1.01960099305636
"PWAT","s16",0,17,0.328691803679924,-1.11263473418743
"PWAT","s17",0,18,0.299491729753571,-1.20566847531851
"PWAT","s18",0,19,0.272885709916059,-1.29870221644958
"PWAT","s19",0,20,0.248643295551648,-1.39173595758065
"PWAT","s20",0,21,0.226554510464478,-1.48476969871172
"PWAT","s21",0,22,0.206428032165209,-1.5778034398428
"PWAT","s22",0,23,0.188089534727149,-1.67083718097387
"PWAT","s23",0,24,0.171380178858469,-1.76387092210494
"PWAT","s24",0.0476555226819709,25,0.156155236112248,-1.85690466323601
"PWAT","s25",0.107580997433507,26,0.142282835317901,-1.94993840436709
"PWAT","s26",0.170222432907945,27,0.129642820376185,-2.04297214549816
"PWAT","s27",0.236301929104224,28,0.11812570952455,-2.13600588662923
"PWAT","s28",0.300107796259287,29,0.107631747058487,-2.2290396277603
"PWAT","s29",0.359858567482961,30,0.098070039295336,-2.32207336889138
"PWAT","s30",0.349727606700271,31,0.0893577672966927,-2.41510711002245
"PWAT","s31",0.269752413035509,32,0.081419469530381,-2.50814085115352
"PWAT","s32",0.204491444358104,33,0.0741863882587631,-2.60117459228459
"PWAT","s33",0.144870076942582,34,0.0675958739921083,-2.69420833341567
"PWAT","s34",0.0906602135891565,35,0.0615908428486847,-2.78724207454674
"PWAT","s35",0.043142726615187,36,0.0561192821214836,-2.88027581567781
"PWAT","s36",0,37,0.0511337997690337,-2.97330955680888
"PWAT","s37",0,38,0.0465912139282103,-3.06634329793996
"PWAT","s38",0,39,0.0424521788935944,-3.15937703907103
"PWAT","s39",0,40,0.0386808443237953,-3.2524107802021
"PWAT","s40",0,41,0.0352445447229435,-3.34544452133317
"PWAT","s41",0,42,0.0321135165077928,-3.43847826246425
"PWAT","s42",0,43,0.0292606402098008,-3.53151200359532
"PWAT","s43",0,44,0.0266612055792658,-3.62454574472639
"PWAT","s44",0,45,0.0242926975569655,-3.71757948585747
"PWAT","s45",0,46,0.0221346012594847,-3.81061322698854
"PWAT","s46",0,47,0.0201682242891094,-3.90364696811961
"PWAT","s47",0,48,0.0183765348292203,-3.99668070925068
"PWAT","s48",0,49,0.0167440141228447,-4.08971445038176
"PWAT","s49",0,50,0.0152565220566078,-4.18274819151283
"PWAT","s50",0,51,0.0139011746858355,-4.2757819326439
"PWAT","s51",0,52,0.0126662326399888,-4.36881567377497
"PWAT","s52",0,53,0.0115409994418521,-4.46184941490605
"PWAT","s53",0,54,0.0105157288597653,-4.55488315603712
"PWAT","s54",0,55,0.00958154049042696,-4.64791689716819
"PWAT","s55",-0.0137037043295888,56,0.00873034284108958,-4.74095063829926
"PWAT","s56",-0.0575039282819231,57,0.00795476324492032,-4.83398437943034
"PWAT","s57",-0.0995342451799665,58,0.00724808400248779,-4.92701812056141
"PWAT","s58",-0.135560517836351,59,0.00660418419626336,-5.02005186169248
"PWAT","s59",-0.167123714655402,60,0.00601748667416168,-5.11308560282355
"PWAT","s60",-0.195161337031627,61,0.00548290974291738,-5.20611934395463
"PWAT","s61",-0.221161171605545,62,0.00499582315288907,-5.2991530850857
"PWAT","s62",-0.244391792639281,63,0.00455200799305198,-5.39218682621677
"PWAT","s63",-0.271572418768692,64,0.00414762014880898,-5.48522056734784
"PWAT","s64",-0.290315573293167,65,0.00377915700610892,-5.57825430847892
"PWAT","s65",-0.307727962504361,66,0.00344342711347937,-5.67128804960999
"PWAT","s66",-0.323182944800239,67,0.00313752253920067,-5.76432179074106
"PWAT","s67",-0.337577348093749,68,0.00285879368419255,-5.85735553187213
"PWAT","s68",-0.350534966437516,69,0.00260482633245443,-5.95038927300321
"PWAT","s69",-0.362492954738642,70,0.00237342074028138,-6.04342301413428
"PWAT","s70",-0.372893699733526,71,0.00216257258313645,-6.13645675526535
"PWAT","s71",-0.382278545408304,72,0.0019704555951504,-6.22949049639642
"PWAT","s72",-0.39072151792425,73,0.00179540575088043,-6.3225242375275
"PWAT","s73",-0.399814072707552,74,0.00163590685231781,-6.41555797865857
"PWAT","s74",-0.4078230920194,75,0.00149057739630611,-6.50859171978964
"PWAT","s75",-0.414905302081084,76,0.00135815860862172,-6.60162546092071
"PWAT","s76",-0.418082040309631,77,0.00123750354107375,-6.69465920205179
"PWAT","s77",-0.42178320581088,78,0.00112756713718743,-6.78769294318286
"PWAT","s78",-0.425080966071306,79,0.00102739718042495,-6.88072668431393
"PWAT","s79",-0.428211403293068,80,0.000936126046541284,-6.973760425445
"PWAT","s80",-0.431040809628315,81,0.000852963188638053,-7.06679416657608
"PWAT","s81",-0.433659580670252,82,0.000777188289824504,-7.15982790770715
"PWAT","s82",-0.435974222505105,83,0.000708145024177179,-7.25286164883822
"PWAT","s83",-0.438861778480322,84,0.000645235371958748,-7.34589538996929
"PWAT","s84",-0.441186577052312,85,0.000587914439857136,-7.43892913110037
"PWAT","s85",-0.443950630843784,86,0.000535685741380322,-7.53196287223144
"PWAT","s86",-0.445520726581507,87,0.000488096896527863,-7.62499661336251
"PWAT","s87",-0.448020561131166,88,0.000444735713491745,-7.71803035449358
"PWAT","s88",-0.44938595630079,89,0.000405226618448127,-7.81106409562466
"PWAT","s89",-0.451084324812447,90,0.000369227402516555,-7.90409783675573
"PWAT","s90",-0.452596031031143,91,0.000336426257710347,-7.9971315778868
"PWAT","s91",-0.453948048829976,92,0.00030653907620498,-8.09016531901787
"APCP","s0",0,1,1.45630895831622,0.375905123909727
"APCP","s1",0,2,1.32693448421509,0.282871382778654
"APCP","s2",0,3,1.2090532818221,0.189837641647582
"APCP","s3",0,4,1.1016443205555,0.0968039005165092
"APCP","s4",0,5,1.00377727537633,0.00377015938543671
"APCP","s5",0,6,0.914604468757992,-0.0892635817456359
"APCP","s6",0,7,0.833353528509075,-0.182297322876708
"APCP","s7",0,8,0.759320697854897,-0.275331064007781
"APCP","s8",-0.060535718851662,9,0.691864739833004,-0.368364805138854
"APCP","s9",-0.178799598804121,10,0.630401383205366,-0.461398546269926
"APCP","s10",-0.277429480042321,11,0.574398261780418,-0.554432287400999
"APCP","s11",-0.361629645796562,12,0.523370303311792,-0.647466028532071
"APCP","s12",-0.438286326874656,13,0.476875528034572,-0.740499769663144
"APCP","s13",-0.508129736467873,14,0.43451122044801,-0.833533510794216
"APCP","s14",-0.571768431723809,15,0.395910441186514,-0.926567251925289
"APCP","s15",-0.629812519417363,16,0.360738848766403,-1.01960099305636
"APCP","s16",-0.673826828643637,17,0.328691803679924,-1.11263473418743
"APCP","s17",-0.711105091099243,18,0.299491729753571,-1.20566847531851
"APCP","s18",-0.745695112316162,19,0.272885709916059,-1.29870221644958
"APCP","s19",-0.785732954038293,20,0.248643295551648,-1.39173595758065
"APCP","s20",-0.8216189853559,21,0.226554510464478,-1.48476969871172
"APCP","s21",-0.854375150667439,22,0.206428032165209,-1.5778034398428
"APCP","s22",-0.884230913931424,23,0.188089534727149,-1.67083718097387
"APCP","s23",-0.91133705067127,24,0.171380178858469,-1.76387092210494
"APCP","s24",-0.946054251557435,25,0.156155236112248,-1.85690466323601
"APCP","s25",-0.981070313153424,26,0.142282835317901,-1.94993840436709
"APCP","s26",-1.00979004209064,27,0.129642820376185,-2.04297214549816
"APCP","s27",-1.03533486324124,28,0.11812570952455,-2.13600588662923
"APCP","s28",-1.05682603145253,29,0.107631747058487,-2.2290396277603
"APCP","s29",-1.07677804999694,30,0.098070039295336,-2.32207336889138
"APCP","s30",-1.09472792755685,31,0.0893577672966927,-2.41510711002245
"APCP","s31",-1.11015766477378,32,0.081419469530381,-2.50814085115352
"APCP","s32",-1.12406967737857,33,0.0741863882587631,-2.60117459228459
"APCP","s33",-1.13673748656437,34,0.0675958739921083,-2.69420833341567
"APCP","s34",-1.14828606800098,35,0.0615908428486847,-2.78724207454674
"APCP","s35",-1.15720949428881,36,0.0561192821214836,-2.88027581567781
"APCP","s36",-1.16439469189305,37,0.0511337997690337,-2.97330955680888
"APCP","s37",-1.17639263563283,38,0.0465912139282103,-3.06634329793996
"APCP","s38",-1.18693159636158,39,0.0424521788935944,-3.15937703907103
"APCP","s39",-1.19657694129482,40,0.0386808443237953,-3.2524107802021
"APCP","s40",-1.20535171968468,41,0.0352445447229435,-3.34544452133317
"APCP","s41",-1.21334518161476,42,0.0321135165077928,-3.43847826246425
"APCP","s42",-1.2206278090027,43,0.0292606402098008,-3.53151200359532
"APCP","s43",-1.22870948337715,44,0.0266612055792658,-3.62454574472639
"APCP","s44",-1.23773566899325,45,0.0242926975569655,-3.71757948585747
"APCP","s45",-1.2458400720489,46,0.0221346012594847,-3.81061322698854
"APCP","s46",-1.25283019246556,47,0.0201682242891094,-3.90364696811961
"APCP","s47",-1.26007127627778,48,0.0183765348292203,-3.99668070925068
"APCP","s48",-1.26674492373918,49,0.0167440141228447,-4.08971445038176
"APCP","s49",-1.27284730752524,50,0.0152565220566078,-4.18274819151283
"APCP","s50",-1.27841669493085,51,0.0139011746858355,-4.2757819326439
"APCP","s51",-1.28349309374192,52,0.0126662326399888,-4.36881567377497
"APCP","s52",-1.28799709060506,53,0.0115409994418521,-4.46184941490605
"APCP","s53",-1.29218630828709,54,0.0105157288597653,-4.55488315603712
"APCP","s54",-1.29601688542542,55,0.00958154049042696,-4.64791689716819
"APCP","s55",-1.298679987563,56,0.00873034284108958,-4.74095063829926
"APCP","s56",-1.29901608158391,57,0.00795476324492032,-4.83398437943034
"APCP","s57",-1.29874294123541,58,0.00724808400248779,-4.92701812056141
"APCP","s58",-1.29806952237575,59,0.00660418419626336,-5.02005186169248
"APCP","s59",-1.29713825463127,60,0.00601748667416168,-5.11308560282355
"APCP","s60",-1.29618890936752,61,0.00548290974291738,-5.20611934395463
"APCP","s61",-1.29524194338456,62,0.00499582315288907,-5.2991530850857
"APCP","s62",-1.29439861423019,63,0.00455200799305198,-5.39218682621677
"APCP","s63",-1.29304161119959,64,0.00414762014880898,-5.48522056734784
"APCP","s64",-1.29232546282893,65,0.00377915700610892,-5.57825430847892
"APCP","s65",-1.29166582061391,66,0.00344342711347937,-5.67128804960999
"APCP","s66",-1.29109395610581,67,0.00313752253920067,-5.76432179074106
"APCP","s67",-1.29055072964087,68,0.00285879368419255,-5.85735553187213
"APCP","s68",-1.29006382543417,69,0.00260482633245443,-5.95038927300321
"APCP","s69",-1.28963013072343,70,0.00237342074028138,-6.04342301413428
"APCP","s70",-1.28929587839283,71,0.00216257258313645,-6.13645675526535
"APCP","s71",-1.28902726875249,72,0.0019704555951504,-6.22949049639642
"APCP","s72",-1.28881334837002,73,0.00179540575088043,-6.3225242375275
"APCP","s73",-1.2884234750248,74,0.00163590685231781,-6.41555797865857
"APCP","s74",-1.28826320099309,75,0.00149057739630611,-6.50859171978964
"APCP","s75",-1.28845753758169,76,0.00135815860862172,-6.60162546092071
"APCP","s76",-1.28877509196191,77,0.00123750354107375,-6.69465920205179
"APCP","s77",-1.28906551974014,78,0.00112756713718743,-6.78769294318286
"APCP","s78",-1.28932187048945,79,0.00102739718042495,-6.88072668431393
"APCP","s79",-1.28955423125023,80,0.000936126046541284,-6.973760425445
"APCP","s80",-1.28976323870425,81,0.000852963188638053,-7.06679416657608
"APCP","s81",-1.28995380043046,82,0.000777188289824504,-7.15982790770715
"APCP","s82",-1.29012321148574,83,0.000708145024177179,-7.25286164883822
"APCP","s83",-1.29024703524002,84,0.000645235371958748,-7.34589538996929
"APCP","s84",-1.29035255138951,85,0.000587914439857136,-7.43892913110037
"APCP","s85",-1.29046343200092,86,0.000535685741380322,-7.53196287223144
"APCP","s86",-1.29055123914657,87,0.000488096896527863,-7.62499661336251
"APCP","s87",-1.29064683203674,88,0.000444735713491745,-7.71803035449358
"APCP","s88",-1.29072359052147,89,0.000405226618448127,-7.81106409562466
"APCP","s89",-1.29079712882313,90,0.000369227402516555,-7.90409783675573
"APCP","s90",-1.29086555178934,91,0.000336426257710347,-7.9971315778868
"APCP","s91",-1.29092877561167,92,0.00030653907620498,-8.09016531901787
"TCDC","s0",0,1,1.45630895831622,0.375905123909727
"TCDC","s1",0,2,1.32693448421509,0.282871382778654
"TCDC","s2",0,3,1.2090532818221,0.189837641647582
"TCDC","s3",0,4,1.1016443205555,0.0968039005165092
"TCDC","s4",0,5,1.00377727537633,0.00377015938543671
"TCDC","s5",0,6,0.914604468757992,-0.0892635817456359
"TCDC","s6",0,7,0.833353528509075,-0.182297322876708
"TCDC","s7",0,8,0.759320697854897,-0.275331064007781
"TCDC","s8",0,9,0.691864739833004,-0.368364805138854
"TCDC","s9",0,10,0.630401383205366,-0.461398546269926
"TCDC","s10",0,11,0.574398261780418,-0.554432287400999
"TCDC","s11",0,12,0.523370303311792,-0.647466028532071
"TCDC","s12",0,13,0.476875528034572,-0.740499769663144
"TCDC","s13",0,14,0.43451122044801,-0.833533510794216
"TCDC","s14",0,15,0.395910441186514,-0.926567251925289
"TCDC","s15",0,16,0.360738848766403,-1.01960099305636
"TCDC","s16",0,17,0.328691803679924,-1.11263473418743
"TCDC","s17",0,18,0.299491729753571,-1.20566847531851
"TCDC","s18",0,19,0.272885709916059,-1.29870221644958
"TCDC","s19",0,20,0.248643295551648,-1.39173595758065
"TCDC","s20",0,21,0.226554510464478,-1.48476969871172
"TCDC","s21",0,22,0.206428032165209,-1.5778034398428
"TCDC","s22",0,23,0.188089534727149,-1.67083718097387
"TCDC","s23",0,24,0.171380178858469,-1.76387092210494
"TCDC","s24",0,25,0.156155236112248,-1.85690466323601
"TCDC","s25",0,26,0.142282835317901,-1.94993840436709
"TCDC","s26",0,27,0.129642820376185,-2.04297214549816
"TCDC","s27",0,28,0.11812570952455,-2.13600588662923
"TCDC","s28",0,29,0.107631747058487,-2.2290396277603
"TCDC","s29",0,30,0.098070039295336,-2.32207336889138
"TCDC","s30",0,31,0.0893577672966927,-2.41510711002245
"TCDC","s31",0,32,0.081419469530381,-2.50814085115352
"TCDC","s32",0,33,0.0741863882587631,-2.60117459228459
"TCDC","s33",0,34,0.0675958739921083,-2.69420833341567
"TCDC","s34",0,35,0.0615908428486847,-2.78724207454674
"TCDC","s35",0,36,0.0561192821214836,-2.88027581567781
"TCDC","s36",0,37,0.0511337997690337,-2.97330955680888
"TCDC","s37",0,38,0.0465912139282103,-3.06634329793996
"TCDC","s38",0,39,0.0424521788935944,-3.15937703907103
"TCDC","s39",0,40,0.0386808443237953,-3.2524107802021
"TCDC","s40",0,41,0.0352445447229435,-3.34544452133317
"TCDC","s41",0,42,0.0321135165077928,-3.43847826246425
"TCDC","s42",0,43,0.0292606402098008,-3.53151200359532
"TCDC","s43",0.00406709558618356,44,0.0266612055792658,-3.62454574472639
"TCDC","s44",0.0108565770408734,45,0.0242926975569655,-3.71757948585747
"TCDC","s45",0.0165878490870097,46,0.0221346012594847,-3.81061322698854
"TCDC","s46",0.0268023305006641,47,0.0201682242891094,-3.90364696811961
"TCDC","s47",0.0396493854915806,48,0.0183765348292203,-3.99668070925068
"TCDC","s48",0.051982726817249,49,0.0167440141228447,-4.08971445038176
"TCDC","s49",0.0633201681702476,50,0.0152565220566078,-4.18274819151283
"TCDC","s50",0.0736737723960354,51,0.0139011746858355,-4.2757819326439
"TCDC","s51",0.0831126925715245,52,0.0126662326399888,-4.36881567377497
"TCDC","s52",0.0915476793344678,53,0.0115409994418521,-4.46184941490605
"TCDC","s53",0.0993377045458795,54,0.0105157288597653,-4.55488315603712
"TCDC","s54",0.10645571018356,55,0.00958154049042696,-4.64791689716819
"TCDC","s55",0.115670043485474,56,0.00873034284108958,-4.74095063829926
"TCDC","s56",0.126325800939219,57,0.00795476324492032,-4.83398437943034
"TCDC","s57",0.134747077368289,58,0.00724808400248779,-4.92701812056141
"TCDC","s58",0.141289259586215,59,0.00660418419626336,-5.02005186169248
"TCDC","s59",0.146297010903826,60,0.00601748667416168,-5.11308560282355
"TCDC","s60",0.150498544256311,61,0.00548290974291738,-5.20611934395463
"TCDC","s61",0.154190327386357,62,0.00499582315288907,-5.2991530850857
"TCDC","s62",0.157493069764567,63,0.00455200799305198,-5.39218682621677
"TCDC","s63",0.158937864199745,64,0.00414762014880898,-5.48522056734784
"TCDC","s64",0.160117612505829,65,0.00377915700610892,-5.57825430847892
"TCDC","s65",0.161217491295055,66,0.00344342711347937,-5.67128804960999
"TCDC","s66",0.162265138154209,67,0.00313752253920067,-5.76432179074106
"TCDC","s67",0.163188299478688,68,0.00285879368419255,-5.85735553187213
"TCDC","s68",0.1640319142705,69,0.00260482633245443,-5.95038927300321
"TCDC","s69",0.16471019074936,70,0.00237342074028138,-6.04342301413428
"TCDC","s70",0.165294569032168,71,0.00216257258313645,-6.13645675526535
"TCDC","s71",0.165818968159832,72,0.0019704555951504,-6.22949049639642
"TCDC","s72",0.166288115750591,73,0.00179540575088043,-6.3225242375275
"TCDC","s73",0.166444998399604,74,0.00163590685231781,-6.41555797865857
"TCDC","s74",0.164837463724296,75,0.00149057739630611,-6.50859171978964
"TCDC","s75",0.164642303185609,76,0.00135815860862172,-6.60162546092071
"TCDC","s76",0.165004558407756,77,0.00123750354107375,-6.69465920205179
"TCDC","s77",0.165245014154283,78,0.00112756713718743,-6.78769294318286
"TCDC","s78",0.165506810942082,79,0.00102739718042495,-6.88072668431393
"TCDC","s79",0.165729558644075,80,0.000936126046541284,-6.973760425445
"TCDC","s80",0.165939263402724,81,0.000852963188638053,-7.06679416657608
"TCDC","s81",0.16612438762074,82,0.000777188289824504,-7.15982790770715
"TCDC","s82",0.166304795375336,83,0.000708145024177179,-7.25286164883822
"TCDC","s83",0.166382429223266,84,0.000645235371958748,-7.34589538996929
"TCDC","s84",0.166517483638638,85,0.000587914439857136,-7.43892913110037
"TCDC","s85",0.166579498860594,86,0.000535685741380322,-7.53196287223144
"TCDC","s86",0.166715714188835,87,0.000488096896527863,-7.62499661336251
"TCDC","s87",0.166764971037742,88,0.000444735713491745,-7.71803035449358
"TCDC","s88",0.16686338582284,89,0.000405226618448127,-7.81106409562466
"TCDC","s89",0.166939873845823,90,0.000369227402516555,-7.90409783675573
"TCDC","s90",0.166998981137598,91,0.000336426257710347,-7.9971315778868
"TCDC","s91",0.167051878340055,92,0.00030653907620498,-8.09016531901787
"DLWRF","s0",0,1,1.45630895831622,0.375905123909727
"DLWRF","s1",0,2,1.32693448421509,0.282871382778654
"DLWRF","s2",0,3,1.2090532818221,0.189837641647582
"DLWRF","s3",0,4,1.1016443205555,0.0968039005165092
"DLWRF","s4",0,5,1.00377727537633,0.00377015938543671
"DLWRF","s5",0,6,0.914604468757992,-0.0892635817456359
"DLWRF","s6",0,7,0.833353528509075,-0.182297322876708
"DLWRF","s7",0,8,0.759320697854897,-0.275331064007781
"DLWRF","s8",0,9,0.691864739833004,-0.368364805138854
"DLWRF","s9",0,10,0.630401383205366,-0.461398546269926
"DLWRF","s10",0,11,0.574398261780418,-0.554432287400999
"DLWRF","s11",0,12,0.523370303311792,-0.647466028532071
"DLWRF","s12",0,13,0.476875528034572,-0.740499769663144
"DLWRF","s13",0,14,0.43451122044801,-0.833533510794216
"DLWRF","s14",0,15,0.395910441186514,-0.926567251925289
"DLWRF","s15",0,16,0.360738848766403,-1.01960099305636
"DLWRF","s16",0,17,0.328691803679924,-1.11263473418743
"DLWRF","s17",0,18,0.299491729753571,-1.20566847531851
"DLWRF","s18",0,19,0.272885709916059,-1.29870221644958
"DLWRF","s19",0,20,0.248643295551648,-1.39173595758065
"DLWRF","s20",0,21,0.226554510464478,-1.48476969871172
"DLWRF","s21",0,22,0.206428032165209,-1.5778034398428
"DLWRF","s22",0,23,0.188089534727149,-1.67083718097387
"DLWRF","s23",0,24,0.171380178858469,-1.76387092210494
"DLWRF","s24",0,25,0.156155236112248,-1.85690466323601
"DLWRF","s25",0,26,0.142282835317901,-1.94993840436709
"DLWRF","s26",0,27,0.129642820376185,-2.04297214549816
"DLWRF","s27",0,28,0.11812570952455,-2.13600588662923
"DLWRF","s28",0,29,0.107631747058487,-2.2290396277603
"DLWRF","s29",0,30,0.098070039295336,-2.32207336889138
"DLWRF","s30",0,31,0.0893577672966927,-2.41510711002245
"DLWRF","s31",0,32,0.081419469530381,-2.50814085115352
"DLWRF","s32",0,33,0.0741863882587631,-2.60117459228459
"DLWRF","s33",0,34,0.0675958739921083,-2.69420833341567
"DLWRF","s34",0,35,0.0615908428486847,-2.78724207454674
"DLWRF","s35",0,36,0.0561192821214836,-2.88027581567781
"DLWRF","s36",0,37,0.0511337997690337,-2.97330955680888
"DLWRF","s37",0,38,0.0465912139282103,-3.06634329793996
"DLWRF","s38",0,39,0.0424521788935944,-3.15937703907103
"DLWRF","s39",0,40,0.0386808443237953,-3.2524107802021
"DLWRF","s40",0,41,0.0352445447229435,-3.34544452133317
"DLWRF","s41",0,42,0.0321135165077928,-3.43847826246425
"DLWRF","s42",0,43,0.0292606402098008,-3.53151200359532
"DLWRF","s43",0,44,0.0266612055792658,-3.62454574472639
"DLWRF","s44",0,45,0.0242926975569655,-3.71757948585747
"DLWRF","s45",0,46,0.0221346012594847,-3.81061322698854
"DLWRF","s46",0,47,0.0201682242891094,-3.90364696811961
"DLWRF","s47",0,48,0.0183765348292203,-3.99668070925068
"DLWRF","s48",0,49,0.0167440141228447,-4.08971445038176
"DLWRF","s49",0,50,0.0152565220566078,-4.18274819151283
"DLWRF","s50",0,51,0.0139011746858355,-4.2757819326439
"DLWRF","s51",0,52,0.0126662326399888,-4.36881567377497
"DLWRF","s52",0,53,0.0115409994418521,-4.46184941490605
"DLWRF","s53",0,54,0.0105157288597653,-4.55488315603712
"DLWRF","s54",0,55,0.00958154049042696,-4.64791689716819
"DLWRF","s55",0,56,0.00873034284108958,-4.74095063829926
"DLWRF","s56",0,57,0.00795476324492032,-4.83398437943034
"DLWRF","s57",0,58,0.00724808400248779,-4.92701812056141
"DLWRF","s58",0,59,0.00660418419626336,-5.02005186169248
"DLWRF","s59",0,60,0.00601748667416168,-5.11308560282355
"DLWRF","s60",0,61,0.00548290974291738,-5.20611934395463
"DLWRF","s61",0,62,0.00499582315288907,-5.2991530850857
"DLWRF","s62",0,63,0.00455200799305198,-5.39218682621677
"DLWRF","s63",0,64,0.00414762014880898,-5.48522056734784
"DLWRF","s64",0,65,0.00377915700610892,-5.57825430847892
"DLWRF","s65",0,66,0.00344342711347937,-5.67128804960999
"DLWRF","s66",0,67,0.00313752253920067,-5.76432179074106
"DLWRF","s67",0,68,0.00285879368419255,-5.85735553187213
"DLWRF","s68",0,69,0.00260482633245443,-5.95038927300321
"DLWRF","s69",0,70,0.00237342074028138,-6.04342301413428
"DLWRF","s70",0,71,0.00216257258313645,-6.13645675526535
"DLWRF","s71",0,72,0.0019704555951504,-6.22949049639642
"DLWRF","s72",0,73,0.00179540575088043,-6.3225242375275
"DLWRF","s73",0,74,0.00163590685231781,-6.41555797865857
"DLWRF","s74",0,75,0.00149057739630611,-6.50859171978964
"DLWRF","s75",0,76,0.00135815860862172,-6.60162546092071
"DLWRF","s76",0,77,0.00123750354107375,-6.69465920205179
"DLWRF","s77",0,78,0.00112756713718743,-6.78769294318286
"DLWRF","s78",0,79,0.00102739718042495,-6.88072668431393
"DLWRF","s79",0,80,0.000936126046541284,-6.973760425445
"DLWRF","s80",0,81,0.000852963188638053,-7.06679416657608
"DLWRF","s81",0,82,0.000777188289824504,-7.15982790770715
"DLWRF","s82",0,83,0.000708145024177179,-7.25286164883822
"DLWRF","s83",0.00214530115305903,84,0.000645235371958748,-7.34589538996929
"DLWRF","s84",0.00473629969936987,85,0.000587914439857136,-7.43892913110037
"DLWRF","s85",0.00851327400729201,86,0.000535685741380322,-7.53196287223144
"DLWRF","s86",0.0111237621007496,87,0.000488096896527863,-7.62499661336251
"DLWRF","s87",0.0157476034282418,88,0.000444735713491745,-7.71803035449358
"DLWRF","s88",0.0186516214819918,89,0.000405226618448127,-7.81106409562466
"DLWRF","s89",0.0224806294251615,90,0.000369227402516555,-7.90409783675573
"DLWRF","s90",0.0262050008445444,91,0.000336426257710347,-7.9971315778868
"DLWRF","s91",0.0297887940501333,92,0.00030653907620498,-8.09016531901787
"ULWRF","s0",0,1,1.45630895831622,0.375905123909727
"ULWRF","s1",0,2,1.32693448421509,0.282871382778654
"ULWRF","s2",0,3,1.2090532818221,0.189837641647582
"ULWRF","s3",0,4,1.1016443205555,0.0968039005165092
"ULWRF","s4",0,5,1.00377727537633,0.00377015938543671
"ULWRF","s5",0,6,0.914604468757992,-0.0892635817456359
"ULWRF","s6",0,7,0.833353528509075,-0.182297322876708
"ULWRF","s7",0,8,0.759320697854897,-0.275331064007781
"ULWRF","s8",0,9,0.691864739833004,-0.368364805138854
"ULWRF","s9",0,10,0.630401383205366,-0.461398546269926
"ULWRF","s10",0,11,0.574398261780418,-0.554432287400999
"ULWRF","s11",0,12,0.523370303311792,-0.647466028532071
"ULWRF","s12",0,13,0.476875528034572,-0.740499769663144
"ULWRF","s13",0,14,0.43451122044801,-0.833533510794216
"ULWRF","s14",0,15,0.395910441186514,-0.926567251925289
"ULWRF","s15",0,16,0.360738848766403,-1.01960099305636
"ULWRF","s16",0,17,0.328691803679924,-1.11263473418743
"ULWRF","s17",0,18,0.299491729753571,-1.20566847531851
"ULWRF","s18",0,19,0.272885709916059,-1.29870221644958
"ULWRF","s19",0,20,0.248643295551648,-1.39173595758065
"ULWRF","s20",0,21,0.226554510464478,-1.48476969871172
"ULWRF","s21",0,22,0.206428032165209,-1.5778034398428
"ULWRF","s22",0,23,0.188089534727149,-1.67083718097387
"ULWRF","s23",0,24,0.171380178858469,-1.76387092210494
"ULWRF","s24",0,25,0.156155236112248,-1.85690466323601
"ULWRF","s25",0,26,0.142282835317901,-1.94993840436709
"ULWRF","s26",0,27,0.129642820376185,-2.04297214549816
"ULWRF","s27",0,28,0.11812570952455,-2.13600588662923
"ULWRF","s28",0,29,0.107631747058487,-2.2290396277603
"ULWRF","s29",0,30,0.098070039295336,-2.32207336889138
"ULWRF","s30",0,31,0.0893577672966927,-2.41510711002245
"ULWRF","s31",0,32,0.081419469530381,-2.50814085115352
"ULWRF","s32",0,33,0.0741863882587631,-2.60117459228459
"ULWRF","s33",0,34,0.0675958739921083,-2.69420833341567
"ULWRF","s34",0,35,0.0615908428486847,-2.78724207454674
"ULWRF","s35",0,36,0.0561192821214836,-2.88027581567781
"ULWRF","s36",0,37,0.0511337997690337,-2.97330955680888
"ULWRF","s37",-0.0259549456590837,38,0.0465912139282103,-3.06634329793996
"ULWRF","s38",-0.050701219312798,39,0.0424521788935944,-3.15937703907103
"ULWRF","s39",-0.072987300590586,40,0.0386808443237953,-3.2524107802021
"ULWRF","s40",-0.0924131920519964,41,0.0352445447229435,-3.34544452133317
"ULWRF","s41",-0.109202193928255,42,0.0321135165077928,-3.43847826246425
"ULWRF","s42",-0.123631577053857,43,0.0292606402098008,-3.53151200359532
"ULWRF","s43",-0.147876442748466,44,0.0266612055792658,-3.62454574472639
"ULWRF","s44",-0.171842738535202,45,0.0242926975569655,-3.71757948585747
"ULWRF","s45",-0.193694213816781,46,0.0221346012594847,-3.81061322698854
"ULWRF","s46",-0.230285264191213,47,0.0201682242891094,-3.90364696811961
"ULWRF","s47",-0.27782803918857,48,0.0183765348292203,-3.99668070925068
"ULWRF","s48",-0.322535488083266,49,0.0167440141228447,-4.08971445038176
"ULWRF","s49",-0.362910305719266,50,0.0152565220566078,-4.18274819151283
"ULWRF","s50",-0.399073293211458,51,0.0139011746858355,-4.2757819326439
"ULWRF","s51",-0.431332038687729,52,0.0126662326399888,-4.36881567377497
"ULWRF","s52",-0.460051296480183,53,0.0115409994418521,-4.46184941490605
"ULWRF","s53",-0.486507671914953,54,0.0105157288597653,-4.55488315603712
"ULWRF","s54",-0.510267868712835,55,0.00958154049042696,-4.64791689716819
"ULWRF","s55",-0.533974581666676,56,0.00873034284108958,-4.74095063829926
"ULWRF","s56",-0.547963747276271,57,0.00795476324492032,-4.83398437943034
"ULWRF","s57",-0.554142508864941,58,0.00724808400248779,-4.92701812056141
"ULWRF","s58",-0.563065609250244,59,0.00660418419626336,-5.02005186169248
"ULWRF","s59",-0.569233645544113,60,0.00601748667416168,-5.11308560282355
"ULWRF","s60",-0.573617596395281,61,0.00548290974291738,-5.20611934395463
"ULWRF","s61",-0.576732501909452,62,0.00499582315288907,-5.2991530850857
"ULWRF","s62",-0.57914596068009,63,0.00455200799305198,-5.39218682621677
"ULWRF","s63",-0.571610519070702,64,0.00414762014880898,-5.48522056734784
"ULWRF","s64",-0.565468639021456,65,0.00377915700610892,-5.57825430847892
"ULWRF","s65",-0.559689330990309,66,0.00344342711347937,-5.67128804960999
"ULWRF","s66",-0.554421379634077,67,0.00313752253920067,-5.76432179074106
"ULWRF","s67",-0.549096930506987,68,0.00285879368419255,-5.85735553187213
"ULWRF","s68",-0.543972995673424,69,0.00260482633245443,-5.95038927300321
"ULWRF","s69",-0.537856870618497,70,0.00237342074028138,-6.04342301413428
"ULWRF","s70",-0.531752023811333,71,0.00216257258313645,-6.13645675526535
"ULWRF","s71",-0.525754065333678,72,0.0019704555951504,-6.22949049639642
"ULWRF","s72",-0.519892699779218,73,0.00179540575088043,-6.3225242375275
"ULWRF","s73",-0.513817537957661,74,0.00163590685231781,-6.41555797865857
"ULWRF","s74",-0.479294804291726,75,0.00149057739630611,-6.50859171978964
"ULWRF","s75",-0.437972629701666,76,0.00135815860862172,-6.60162546092071
"ULWRF","s76",-0.409719041069307,77,0.00123750354107375,-6.69465920205179
"ULWRF","s77",-0.379159909856395,78,0.00112756713718743,-6.78769294318286
"ULWRF","s78",-0.353045606378325,79,0.00102739718042495,-6.88072668431393
"ULWRF","s79",-0.328596824452827,80,0.000936126046541284,-6.973760425445
"ULWRF","s80",-0.30676366760284,81,0.000852963188638053,-7.06679416657608
"ULWRF","s81",-0.286636240989712,82,0.000777188289824504,-7.15982790770715
"ULWRF","s82",-0.269120121610825,83,0.000708145024177179,-7.25286164883822
"ULWRF","s83",-0.251131622042227,84,0.000645235371958748,-7.34589538996929
"ULWRF","s84",-0.238014246845697,85,0.000587914439857136,-7.43892913110037
"ULWRF","s85",-0.221699874333476,86,0.000535685741380322,-7.53196287223144
"ULWRF","s86",-0.213100373007542,87,0.000488096896527863,-7.62499661336251
"ULWRF","s87",-0.198936638551342,88,0.000444735713491745,-7.71803035449358
"ULWRF","s88",-0.191290490425098,89,0.000405226618448127,-7.81106409562466
"ULWRF","s89",-0.182224463053351,90,0.000369227402516555,-7.90409783675573
"ULWRF","s90",-0.173965261404811,91,0.000336426257710347,-7.9971315778868
"ULWRF","s91",-0.166535121873165,92,0.00030653907620498,-8.09016531901787
"DSWRF","s0",0,1,1.45630895831622,0.375905123909727
"DSWRF","s1",0,2,1.32693448421509,0.282871382778654
"DSWRF","s2",0,3,1.2090532818221,0.189837641647582
"DSWRF","s3",0,4,1.1016443205555,0.0968039005165092
"DSWRF","s4",0,5,1.00377727537633,0.00377015938543671
"DSWRF","s5",0,6,0.914604468757992,-0.0892635817456359
"DSWRF","s6",0,7,0.833353528509075,-0.182297322876708
"DSWRF","s7",0,8,0.759320697854897,-0.275331064007781
"DSWRF","s8",0,9,0.691864739833004,-0.368364805138854
"DSWRF","s9",0,10,0.630401383205366,-0.461398546269926
"DSWRF","s10",0,11,0.574398261780418,-0.554432287400999
"DSWRF","s11",0,12,0.523370303311792,-0.647466028532071
"DSWRF","s12",0,13,0.476875528034572,-0.740499769663144
"DSWRF","s13",0,14,0.43451122044801,-0.833533510794216
"DSWRF","s14",0,15,0.395910441186514,-0.926567251925289
"DSWRF","s15",0,16,0.360738848766403,-1.01960099305636
"DSWRF","s16",0.0849365475750919,17,0.328691803679924,-1.11263473418743
"DSWRF","s17",0.190481772013037,18,0.299491729753571,-1.20566847531851
"DSWRF","s18",0.287849420978287,19,0.272885709916059,-1.29870221644958
"DSWRF","s19",0.350478540208882,20,0.248643295551648,-1.39173595758065
"DSWRF","s20",0.411356586856831,21,0.226554510464478,-1.48476969871172
"DSWRF","s21",0.466378783742136,22,0.206428032165209,-1.5778034398428
"DSWRF","s22",0.516439376102143,23,0.188089534727149,-1.67083718097387
"DSWRF","s23",0.562801451168431,24,0.171380178858469,-1.76387092210494
"DSWRF","s24",0.618383475858236,25,0.156155236112248,-1.85690466323601
"DSWRF","s25",0.672345025687121,26,0.142282835317901,-1.94993840436709
"DSWRF","s26",0.72442817260214,27,0.129642820376185,-2.04297214549816
"DSWRF","s27",0.738255515565115,28,0.11812570952455,-2.13600588662923
"DSWRF","s28",0.688542433845838,29,0.107631747058487,-2.2290396277603
"DSWRF","s29",0.642588638826244,30,0.098070039295336,-2.32207336889138
"DSWRF","s30",0.629149740477677,31,0.0893577672966927,-2.41510711002245
"DSWRF","s31",0.661347290188193,32,0.081419469530381,-2.50814085115352
"DSWRF","s32",0.684347149893538,33,0.0741863882587631,-2.60117459228459
"DSWRF","s33",0.705360043920933,34,0.0675958739921083,-2.69420833341567
"DSWRF","s34",0.724458915872284,35,0.0615908428486847,-2.78724207454674
"DSWRF","s35",0.765103614831014,36,0.0561192821214836,-2.88027581567781
"DSWRF","s36",0.830762241871759,37,0.0511337997690337,-2.97330955680888
"DSWRF","s37",0.862373138283405,38,0.0465912139282103,-3.06634329793996
"DSWRF","s38",0.902904914758522,39,0.0424521788935944,-3.15937703907103
"DSWRF","s39",0.939791047664384,40,0.0386808443237953,-3.2524107802021
"DSWRF","s40",0.973738262703102,41,0.0352445447229435,-3.34544452133317
"DSWRF","s41",1.00473456685956,42,0.0321135165077928,-3.43847826246425
"DSWRF","s42",1.0329902928314,43,0.0292606402098008,-3.53151200359532
"DSWRF","s43",1.04330132872279,44,0.0266612055792658,-3.62454574472639
"DSWRF","s44",1.04906122365306,45,0.0242926975569655,-3.71757948585747
"DSWRF","s45",1.05472325523595,46,0.0221346012594847,-3.81061322698854
"DSWRF","s46",1.06063482508118,47,0.0201682242891094,-3.90364696811961
"DSWRF","s47",1.06800241243314,48,0.0183765348292203,-3.99668070925068
"DSWRF","s48",1.07500497527914,49,0.0167440141228447,-4.08971445038176
"DSWRF","s49",1.0813655025731,50,0.0152565220566078,-4.18274819151283
"DSWRF","s50",1.08718739345935,51,0.0139011746858355,-4.2757819326439
"DSWRF","s51",1.09251089458282,52,0.0126662326399888,-4.36881567377497
"DSWRF","s52",1.09713804663655,53,0.0115409994418521,-4.46184941490605
"DSWRF","s53",1.10141503511869,54,0.0105157288597653,-4.55488315603712
"DSWRF","s54",1.10538906648496,55,0.00958154049042696,-4.64791689716819
"DSWRF","s55",1.11023965342709,56,0.00873034284108958,-4.74095063829926
"DSWRF","s56",1.11519510807936,57,0.00795476324492032,-4.83398437943034
"DSWRF","s57",1.11359869743051,58,0.00724808400248779,-4.92701812056141
"DSWRF","s58",1.09935597262264,59,0.00660418419626336,-5.02005186169248
"DSWRF","s59",1.08124357161439,60,0.00601748667416168,-5.11308560282355
"DSWRF","s60",1.06407705677468,61,0.00548290974291738,-5.20611934395463
"DSWRF","s61",1.04832415009237,62,0.00499582315288907,-5.2991530850857
"DSWRF","s62",1.03467247530095,63,0.00455200799305198,-5.39218682621677
"DSWRF","s63",1.01765232774037,64,0.00414762014880898,-5.48522056734784
"DSWRF","s64",1.00656060999843,65,0.00377915700610892,-5.57825430847892
"DSWRF","s65",0.996953200178693,66,0.00344342711347937,-5.67128804960999
"DSWRF","s66",0.989001047721824,67,0.00313752253920067,-5.76432179074106
"DSWRF","s67",0.982108857331745,68,0.00285879368419255,-5.85735553187213
"DSWRF","s68",0.976332343775375,69,0.00260482633245443,-5.95038927300321
"DSWRF","s69",0.974602028920965,70,0.00237342074028138,-6.04342301413428
"DSWRF","s70",0.97538116765577,71,0.00216257258313645,-6.13645675526535
"DSWRF","s71",0.978006435351538,72,0.0019704555951504,-6.22949049639642
"DSWRF","s72",0.982003947154428,73,0.00179540575088043,-6.3225242375275
"DSWRF","s73",0.984546568906721,74,0.00163590685231781,-6.41555797865857
"DSWRF","s74",0.99478644589333,75,0.00149057739630611,-6.50859171978964
"DSWRF","s75",1.01271866806771,76,0.00135815860862172,-6.60162546092071
"DSWRF","s76",1.0255676926769,77,0.00123750354107375,-6.69465920205179
"DSWRF","s77",1.03933488935373,78,0.00112756713718743,-6.78769294318286
"DSWRF","s78",1.0513500404133,79,0.00102739718042495,-6.88072668431393
"DSWRF","s79",1.06267492417096,80,0.000936126046541284,-6.973760425445
"DSWRF","s80",1.07291379864373,81,0.000852963188638053,-7.06679416657608
"DSWRF","s81",1.08242642598519,82,0.000777188289824504,-7.15982790770715
"DSWRF","s82",1.09081345077963,83,0.000708145024177179,-7.25286164883822
"DSWRF","s83",1.10005107749608,84,0.000645235371958748,-7.34589538996929
"DSWRF","s84",1.10753754412118,85,0.000587914439857136,-7.43892913110037
"DSWRF","s85",1.11700421532589,86,0.000535685741380322,-7.53196287223144
"DSWRF","s86",1.12254627999356,87,0.000488096896527863,-7.62499661336251
"DSWRF","s87",1.13154461552741,88,0.000444735713491745,-7.71803035449358
"DSWRF","s88",1.13678203895067,89,0.000405226618448127,-7.81106409562466
"DSWRF","s89",1.14313207988066,90,0.000369227402516555,-7.90409783675573
"DSWRF","s90",1.14903950665128,91,0.000336426257710347,-7.9971315778868
"DSWRF","s91",1.15449601893133,92,0.00030653907620498,-8.09016531901787
"USWRF","s0",0,1,1.45630895831622,0.375905123909727
"USWRF","s1",0,2,1.32693448421509,0.282871382778654
"USWRF","s2",0,3,1.2090532818221,0.189837641647582
"USWRF","s3",0,4,1.1016443205555,0.0968039005165092
"USWRF","s4",0,5,1.00377727537633,0.00377015938543671
"USWRF","s5",0,6,0.914604468757992,-0.0892635817456359
"USWRF","s6",0,7,0.833353528509075,-0.182297322876708
"USWRF","s7",0,8,0.759320697854897,-0.275331064007781
"USWRF","s8",0,9,0.691864739833004,-0.368364805138854
"USWRF","s9",0,10,0.630401383205366,-0.461398546269926
"USWRF","s10",0,11,0.574398261780418,-0.554432287400999
"USWRF","s11",0,12,0.523370303311792,-0.647466028532071
"USWRF","s12",0,13,0.476875528034572,-0.740499769663144
"USWRF","s13",0,14,0.43451122044801,-0.833533510794216
"USWRF","s14",0,15,0.395910441186514,-0.926567251925289
"USWRF","s15",0,16,0.360738848766403,-1.01960099305636
"USWRF","s16",0,17,0.328691803679924,-1.11263473418743
"USWRF","s17",0,18,0.299491729753571,-1.20566847531851
"USWRF","s18",0.0051687545302241,19,0.272885709916059,-1.29870221644958
"USWRF","s19",0.041239433533834,20,0.248643295551648,-1.39173595758065
"USWRF","s20",0.0738361824958724,21,0.226554510464478,-1.48476969871172
"USWRF","s21",0.103555396174348,22,0.206428032165209,-1.5778034398428
"USWRF","s22",0.130637445206576,23,0.188089534727149,-1.67083718097387
"USWRF","s23",0.155282994125466,24,0.171380178858469,-1.76387092210494
"USWRF","s24",0.173392013283664,25,0.156155236112248,-1.85690466323601
"USWRF","s25",0.188274332384725,26,0.142282835317901,-1.94993840436709
"USWRF","s26",0.227505370797304,27,0.129642820376185,-2.04297214549816
"USWRF","s27",0.290039232116461,28,0.11812570952455,-2.13600588662923
"USWRF","s28",0.346555423754591,29,0.107631747058487,-2.2290396277603
"USWRF","s29",0.398212728073087,30,0.098070039295336,-2.32207336889138
"USWRF","s30",0.444889721544214,31,0.0893577672966927,-2.41510711002245
"USWRF","s31",0.48328177272168,32,0.081419469530381,-2.50814085115352
"USWRF","s32",0.519350484484875,33,0.0741863882587631,-2.60117459228459
"USWRF","s33",0.552215119723035,34,0.0675958739921083,-2.69420833341567
"USWRF","s34",0.582160668575206,35,0.0615908428486847,-2.78724207454674
"USWRF","s35",0.508101113210608,36,0.0561192821214836,-2.88027581567781
"USWRF","s36",0.39769098878578,37,0.0511337997690337,-2.97330955680888
"USWRF","s37",0.329431707448547,38,0.0465912139282103,-3.06634329793996
"USWRF","s38",0.251479731825845,39,0.0424521788935944,-3.15937703907103
"USWRF","s39",0.181317038218928,40,0.0386808443237953,-3.2524107802021
"USWRF","s40",0.116920331349806,41,0.0352445447229435,-3.34544452133317
"USWRF","s41",0.0581951244066409,42,0.0321135165077928,-3.43847826246425
"USWRF","s42",0.00469270627703028,43,0.0292606402098008,-3.53151200359532
"USWRF","s43",0,44,0.0266612055792658,-3.62454574472639
"USWRF","s44",0,45,0.0242926975569655,-3.71757948585747
"USWRF","s45",0,46,0.0221346012594847,-3.81061322698854
"USWRF","s46",0,47,0.0201682242891094,-3.90364696811961
"USWRF","s47",0,48,0.0183765348292203,-3.99668070925068
"USWRF","s48",0,49,0.0167440141228447,-4.08971445038176
"USWRF","s49",0,50,0.0152565220566078,-4.18274819151283
"USWRF","s50",0,51,0.0139011746858355,-4.2757819326439
"USWRF","s51",0,52,0.0126662326399888,-4.36881567377497
"USWRF","s52",0,53,0.0115409994418521,-4.46184941490605
"USWRF","s53",0,54,0.0105157288597653,-4.55488315603712
"USWRF","s54",0,55,0.00958154049042696,-4.64791689716819
"USWRF","s55",0,56,0.00873034284108958,-4.74095063829926
"USWRF","s56",0,57,0.00795476324492032,-4.83398437943034
"USWRF","s57",0,58,0.00724808400248779,-4.92701812056141
"USWRF","s58",-0.0214237652176703,59,0.00660418419626336,-5.02005186169248
"USWRF","s59",-0.0486077732740529,60,0.00601748667416168,-5.11308560282355
"USWRF","s60",-0.0748409347772393,61,0.00548290974291738,-5.20611934395463
"USWRF","s61",-0.0997576172790265,62,0.00499582315288907,-5.2991530850857
"USWRF","s62",-0.122434961598521,63,0.00455200799305198,-5.39218682621677
"USWRF","s63",-0.151935334996494,64,0.00414762014880898,-5.48522056734784
"USWRF","s64",-0.174269056299817,65,0.00377915700610892,-5.57825430847892
"USWRF","s65",-0.19540971787254,66,0.00344342711347937,-5.67128804960999
"USWRF","s66",-0.214408754732253,67,0.00313752253920067,-5.76432179074106
"USWRF","s67",-0.232185623757709,68,0.00285879368419255,-5.85735553187213
"USWRF","s68",-0.248281829917417,69,0.00260482633245443,-5.95038927300321
"USWRF","s69",-0.263117356096621,70,0.00237342074028138,-6.04342301413428
"USWRF","s70",-0.275784645342639,71,0.00216257258313645,-6.13645675526535
"USWRF","s71",-0.287017844881325,72,0.0019704555951504,-6.22949049639642
"USWRF","s72",-0.296941544273203,73,0.00179540575088043,-6.3225242375275
"USWRF","s73",-0.305781166044972,74,0.00163590685231781,-6.41555797865857
"USWRF","s74",-0.313423485941941,75,0.00149057739630611,-6.50859171978964
"USWRF","s75",-0.313312577525214,76,0.00135815860862172,-6.60162546092071
"USWRF","s76",-0.313460133497595,77,0.00123750354107375,-6.69465920205179
"USWRF","s77",-0.313330336543408,78,0.00112756713718743,-6.78769294318286
"USWRF","s78",-0.313240420312304,79,0.00102739718042495,-6.88072668431393
"USWRF","s79",-0.313163351194826,80,0.000936126046541284,-6.973760425445
"USWRF","s80",-0.313123432596505,81,0.000852963188638053,-7.06679416657608
"USWRF","s81",-0.31309063392366,82,0.000777188289824504,-7.15982790770715
"USWRF","s82",-0.313127687803705,83,0.000708145024177179,-7.25286164883822
"USWRF","s83",-0.3131330893978,84,0.000645235371958748,-7.34589538996929
"USWRF","s84",-0.313381390536603,85,0.000587914439857136,-7.43892913110037
"USWRF","s85",-0.313571320869933,86,0.000535685741380322,-7.53196287223144
"USWRF","s86",-0.313815063782669,87,0.000488096896527863,-7.62499661336251
"USWRF","s87",-0.314154254318593,88,0.000444735713491745,-7.71803035449358
"USWRF","s88",-0.314344279391151,89,0.000405226618448127,-7.81106409562466
"USWRF","s89",-0.314697613345808,90,0.000369227402516555,-7.90409783675573
"USWRF","s90",-0.314977985374952,91,0.000336426257710347,-7.9971315778868
"USWRF","s91",-0.315217576409663,92,0.00030653907620498,-8.09016531901787
"PRMSL","s0",0,1,1.45630895831622,0.375905123909727
"PRMSL","s1",0,2,1.32693448421509,0.282871382778654
"PRMSL","s2",0,3,1.2090532818221,0.189837641647582
"PRMSL","s3",0,4,1.1016443205555,0.0968039005165092
"PRMSL","s4",0,5,1.00377727537633,0.00377015938543671
"PRMSL","s5",0,6,0.914604468757992,-0.0892635817456359
"PRMSL","s6",0,7,0.833353528509075,-0.182297322876708
"PRMSL","s7",-0.03818394627803,8,0.759320697854897,-0.275331064007781
"PRMSL","s8",-0.113873696468416,9,0.691864739833004,-0.368364805138854
"PRMSL","s9",-0.197644375461243,10,0.630401383205366,-0.461398546269926
"PRMSL","s10",-0.272062158062917,11,0.574398261780418,-0.554432287400999
"PRMSL","s11",-0.335173950956627,12,0.523370303311792,-0.647466028532071
"PRMSL","s12",-0.392578885873233,13,0.476875528034572,-0.740499769663144
"PRMSL","s13",-0.444877444986868,14,0.43451122044801,-0.833533510794216
"PRMSL","s14",-0.492529620858498,15,0.395910441186514,-0.926567251925289
"PRMSL","s15",-0.536057104649392,16,0.360738848766403,-1.01960099305636
"PRMSL","s16",-0.570372970122696,17,0.328691803679924,-1.11263473418743
"PRMSL","s17",-0.600547113606234,18,0.299491729753571,-1.20566847531851
"PRMSL","s18",-0.628116070761747,19,0.272885709916059,-1.29870221644958
"PRMSL","s19",-0.655418975563775,20,0.248643295551648,-1.39173595758065
"PRMSL","s20",-0.680080781173329,21,0.226554510464478,-1.48476969871172
"PRMSL","s21",-0.702564652318378,22,0.206428032165209,-1.5778034398428
"PRMSL","s22",-0.723053255356279,23,0.188089534727149,-1.67083718097387
"PRMSL","s23",-0.741699970924685,24,0.171380178858469,-1.76387092210494
"PRMSL","s24",-0.757429040903872,25,0.156155236112248,-1.85690466323601
"PRMSL","s25",-0.771149540776624,26,0.142282835317901,-1.94993840436709
"PRMSL","s26",-0.779535494016908,27,0.129642820376185,-2.04297214549816
"PRMSL","s27",-0.785894968618974,28,0.11812570952455,-2.13600588662923
"PRMSL","s28",-0.798899717920325,29,0.107631747058487,-2.2290396277603
"PRMSL","s29",-0.810690940590111,30,0.098070039295336,-2.32207336889138
"PRMSL","s30",-0.820571400905018,31,0.0893577672966927,-2.41510711002245
"PRMSL","s31",-0.825507520395166,32,0.081419469530381,-2.50814085115352
"PRMSL","s32",-0.831386694759349,33,0.0741863882587631,-2.60117459228459
"PRMSL","s33",-0.83674329309751,34,0.0675958739921083,-2.69420833341567
"PRMSL","s34",-0.841624487968884,35,0.0615908428486847,-2.78724207454674
"PRMSL","s35",-0.842650446197222,36,0.0561192821214836,-2.88027581567781
"PRMSL","s36",-0.840503297207567,37,0.0511337997690337,-2.97330955680888
"PRMSL","s37",-0.840902082657797,38,0.0465912139282103,-3.06634329793996
"PRMSL","s38",-0.839917636487992,39,0.0424521788935944,-3.15937703907103
"PRMSL","s39",-0.83906400077948,40,0.0386808443237953,-3.2524107802021
"PRMSL","s40",-0.838249068347507,41,0.0352445447229435,-3.34544452133317
"PRMSL","s41",-0.837501454488672,42,0.0321135165077928,-3.43847826246425
"PRMSL","s42",-0.836820095283974,43,0.0292606402098008,-3.53151200359532
"PRMSL","s43",-0.835027750289421,44,0.0266612055792658,-3.62454574472639
"PRMSL","s44",-0.832817263021013,45,0.0242926975569655,-3.71757948585747
"PRMSL","s45",-0.830645431668974,46,0.0221346012594847,-3.81061322698854
"PRMSL","s46",-0.825737473070684,47,0.0201682242891094,-3.90364696811961
"PRMSL","s47",-0.819534757295713,48,0.0183765348292203,-3.99668070925068
"PRMSL","s48",-0.813695785842652,49,0.0167440141228447,-4.08971445038176
"PRMSL","s49",-0.80833624788145,50,0.0152565220566078,-4.18274819151283
"PRMSL","s50",-0.803440868756154,51,0.0139011746858355,-4.2757819326439
"PRMSL","s51",-0.798977884962681,52,0.0126662326399888,-4.36881567377497
"PRMSL","s52",-0.79503655407082,53,0.0115409994418521,-4.46184941490605
"PRMSL","s53",-0.791361332088578,54,0.0105157288597653,-4.55488315603712
"PRMSL","s54",-0.787999888588421,55,0.00958154049042696,-4.64791689716819
"PRMSL","s55",-0.783697416070527,56,0.00873034284108958,-4.74095063829926
"PRMSL","s56",-0.779406533853043,57,0.00795476324492032,-4.83398437943034
"PRMSL","s57",-0.776010496124143,58,0.00724808400248779,-4.92701812056141
"PRMSL","s58",-0.772968739054934,59,0.00660418419626336,-5.02005186169248
"PRMSL","s59",-0.770398750954041,60,0.00601748667416168,-5.11308560282355
"PRMSL","s60",-0.768162350007923,61,0.00548290974291738,-5.20611934395463
"PRMSL","s61",-0.766143030680649,62,0.00499582315288907,-5.2991530850857
"PRMSL","s62",-0.764337794365449,63,0.00455200799305198,-5.39218682621677
"PRMSL","s63",-0.761364289764889,64,0.00414762014880898,-5.48522056734784
"PRMSL","s64",-0.758973492087459,65,0.00377915700610892,-5.57825430847892
"PRMSL","s65",-0.756709602457796,66,0.00344342711347937,-5.67128804960999
"PRMSL","s66",-0.754680969766181,67,0.00313752253920067,-5.76432179074106
"PRMSL","s67",-0.752801022721744,68,0.00285879368419255,-5.85735553187213
"PRMSL","s68",-0.751109794605912,69,0.00260482633245443,-5.95038927300321
"PRMSL","s69",-0.749500827664604,70,0.00237342074028138,-6.04342301413428
"PRMSL","s70",-0.748112499467723,71,0.00216257258313645,-6.13645675526535
"PRMSL","s71",-0.746853745256192,72,0.0019704555951504,-6.22949049639642
"PRMSL","s72",-0.745718880603976,73,0.00179540575088043,-6.3225242375275
"PRMSL","s73",-0.744334101992359,74,0.00163590685231781,-6.41555797865857
"PRMSL","s74",-0.743746148097557,75,0.00149057739630611,-6.50859171978964
"PRMSL","s75",-0.742988607626067,76,0.00135815860862172,-6.60162546092071
"PRMSL","s76",-0.742383344195359,77,0.00123750354107375,-6.69465920205179
"PRMSL","s77",-0.741788232112958,78,0.00112756713718743,-6.78769294318286
"PRMSL","s78",-0.74125685073616,79,0.00102739718042495,-6.88072668431393
"PRMSL","s79",-0.740765834821586,80,0.000936126046541284,-6.973760425445
"PRMSL","s80",-0.740321744533845,81,0.000852963188638053,-7.06679416657608
"PRMSL","s81",-0.739914948231145,82,0.000777188289824504,-7.15982790770715
"PRMSL","s82",-0.739549770770762,83,0.000708145024177179,-7.25286164883822
"PRMSL","s83",-0.739229731658184,84,0.000645235371958748,-7.34589538996929
"PRMSL","s84",-0.738943066566662,85,0.000587914439857136,-7.43892913110037
"PRMSL","s85",-0.738619789425972,86,0.000535685741380322,-7.53196287223144
"PRMSL","s86",-0.738415337712916,87,0.000488096896527863,-7.62499661336251
"PRMSL","s87",-0.738118061498928,88,0.000444735713491745,-7.71803035449358
"PRMSL","s88",-0.737945672563216,89,0.000405226618448127,-7.81106409562466
"PRMSL","s89",-0.737733261987746,90,0.000369227402516555,-7.90409783675573
"PRMSL","s90",-0.737548624851251,91,0.000336426257710347,-7.9971315778868
"PRMSL","s91",-0.737384410883279,92,0.00030653907620498,-8.09016531901787
"CSDSF","s0",0,1,1.45630895831622,0.375905123909727
"CSDSF","s1",0,2,1.32693448421509,0.282871382778654
"CSDSF","s2",0,3,1.2090532818221,0.189837641647582
"CSDSF","s3",0,4,1.1016443205555,0.0968039005165092
"CSDSF","s4",0,5,1.00377727537633,0.00377015938543671
"CSDSF","s5",0,6,0.914604468757992,-0.0892635817456359
"CSDSF","s6",0,7,0.833353528509075,-0.182297322876708
"CSDSF","s7",0,8,0.759320697854897,-0.275331064007781
"CSDSF","s8",0,9,0.691864739833004,-0.368364805138854
"CSDSF","s9",0,10,0.630401383205366,-0.461398546269926
"CSDSF","s10",0,11,0.574398261780418,-0.554432287400999
"CSDSF","s11",0,12,0.523370303311792,-0.647466028532071
"CSDSF","s12",0,13,0.476875528034572,-0.740499769663144
"CSDSF","s13",0,14,0.43451122044801,-0.833533510794216
"CSDSF","s14",0,15,0.395910441186514,-0.926567251925289
"CSDSF","s15",0,16,0.360738848766403,-1.01960099305636
"CSDSF","s16",0,17,0.328691803679924,-1.11263473418743
"CSDSF","s17",0,18,0.299491729753571,-1.20566847531851
"CSDSF","s18",0,19,0.272885709916059,-1.29870221644958
"CSDSF","s19",0,20,0.248643295551648,-1.39173595758065
"CSDSF","s20",0,21,0.226554510464478,-1.48476969871172
"CSDSF","s21",0,22,0.206428032165209,-1.5778034398428
"CSDSF","s22",0,23,0.188089534727149,-1.67083718097387
"CSDSF","s23",0,24,0.171380178858469,-1.76387092210494
"CSDSF","s24",0,25,0.156155236112248,-1.85690466323601
"CSDSF","s25",0,26,0.142282835317901,-1.94993840436709
"CSDSF","s26",0,27,0.129642820376185,-2.04297214549816
"CSDSF","s27",0.0275233109860346,28,0.11812570952455,-2.13600588662923
"CSDSF","s28",0.162878216135018,29,0.107631747058487,-2.2290396277603
"CSDSF","s29",0.286425907780428,30,0.098070039295336,-2.32207336889138
"CSDSF","s30",0.391393386955744,31,0.0893577672966927,-2.41510711002245
"CSDSF","s31",0.454049468238961,32,0.081419469530381,-2.50814085115352
"CSDSF","s32",0.517134883823973,33,0.0741863882587631,-2.60117459228459
"CSDSF","s33",0.574570485620777,34,0.0675958739921083,-2.69420833341567
"CSDSF","s34",0.626939729281814,35,0.0615908428486847,-2.78724207454674
"CSDSF","s35",0.669680060309846,36,0.0561192821214836,-2.88027581567781
"CSDSF","s36",0.69323093023034,37,0.0511337997690337,-2.97330955680888
"CSDSF","s37",0.734402711758396,38,0.0465912139282103,-3.06634329793996
"CSDSF","s38",0.765349283907535,39,0.0424521788935944,-3.15937703907103
"CSDSF","s39",0.793561554888218,40,0.0386808443237953,-3.2524107802021
"CSDSF","s40",0.8190813589998,41,0.0352445447229435,-3.34544452133317
"CSDSF","s41",0.842298930323035,42,0.0321135165077928,-3.43847826246425
"CSDSF","s42",0.863447510209761,43,0.0292606402098008,-3.53151200359532
"CSDSF","s43",0.886459548567295,44,0.0266612055792658,-3.62454574472639
"CSDSF","s44",0.911459572767482,45,0.0242926975569655,-3.71757948585747
"CSDSF","s45",0.933595938022218,46,0.0221346012594847,-3.81061322698854
"CSDSF","s46",0.95104019875975,47,0.0201682242891094,-3.90364696811961
"CSDSF","s47",0.964335808188526,48,0.0183765348292203,-3.99668070925068
"CSDSF","s48",0.976030840952093,49,0.0167440141228447,-4.08971445038176
"CSDSF","s49",0.986673682103133,50,0.0152565220566078,-4.18274819151283
"CSDSF","s50",0.996349103811784,51,0.0139011746858355,-4.2757819326439
"CSDSF","s51",1.00515123688229,52,0.0126662326399888,-4.36881567377497
"CSDSF","s52",1.01335570538211,53,0.0115409994418521,-4.46184941490605
"CSDSF","s53",1.02074599799705,54,0.0105157288597653,-4.55488315603712
"CSDSF","s54",1.02741833347459,55,0.00958154049042696,-4.64791689716819
"CSDSF","s55",1.03203779796585,56,0.00873034284108958,-4.74095063829926
"CSDSF","s56",1.03519474448628,57,0.00795476324492032,-4.83398437943034
"CSDSF","s57",1.0414804384375,58,0.00724808400248779,-4.92701812056141
"CSDSF","s58",1.05592266555039,59,0.00660418419626336,-5.02005186169248
"CSDSF","s59",1.07222418488199,60,0.00601748667416168,-5.11308560282355
"CSDSF","s60",1.0874906233876,61,0.00548290974291738,-5.20611934395463
"CSDSF","s61",1.10146109827942,62,0.00499582315288907,-5.2991530850857
"CSDSF","s62",1.11386065311786,63,0.00455200799305198,-5.39218682621677
"CSDSF","s63",1.12570363483833,64,0.00414762014880898,-5.48522056734784
"CSDSF","s64",1.13444171118412,65,0.00377915700610892,-5.57825430847892
"CSDSF","s65",1.14208309286433,66,0.00344342711347937,-5.67128804960999
"CSDSF","s66",1.14868970983663,67,0.00313752253920067,-5.76432179074106
"CSDSF","s67",1.15449220339472,68,0.00285879368419255,-5.85735553187213
"CSDSF","s68",1.15954241430768,69,0.00260482633245443,-5.95038927300321
"CSDSF","s69",1.16375412230163,70,0.00237342074028138,-6.04342301413428
"CSDSF","s70",1.16696039356855,71,0.00216257258313645,-6.13645675526535
"CSDSF","s71",1.16938994636464,72,0.0019704555951504,-6.22949049639642
"CSDSF","s72",1.17118438472836,73,0.00179540575088043,-6.3225242375275
"CSDSF","s73",1.17412242878513,74,0.00163590685231781,-6.41555797865857
"CSDSF","s74",1.17909852477283,75,0.00149057739630611,-6.50859171978964
"CSDSF","s75",1.18092784757163,76,0.00135815860862172,-6.60162546092071
"CSDSF","s76",1.18209636803767,77,0.00123750354107375,-6.69465920205179
"CSDSF","s77",1.18294213266963,78,0.00112756713718743,-6.78769294318286
"CSDSF","s78",1.18366145592552,79,0.00102739718042495,-6.88072668431393
"CSDSF","s79",1.184244151462,80,0.000936126046541284,-6.973760425445
"CSDSF","s80",1.18473981118167,81,0.000852963188638053,-7.06679416657608
"CSDSF","s81",1.18514679912048,82,0.000777188289824504,-7.15982790770715
"CSDSF","s82",1.185512760561,83,0.000708145024177179,-7.25286164883822
"CSDSF","s83",1.18540437416196,84,0.000645235371958748,-7.34589538996929
"CSDSF","s84",1.18523947854429,85,0.000587914439857136,-7.43892913110037
"CSDSF","s85",1.18461787893264,86,0.000535685741380322,-7.53196287223144
"CSDSF","s86",1.18443822617469,87,0.000488096896527863,-7.62499661336251
"CSDSF","s87",1.18358835626824,88,0.000444735713491745,-7.71803035449358
"CSDSF","s88",1.18325076130716,89,0.000405226618448127,-7.81106409562466
"CSDSF","s89",1.18264271860606,90,0.000369227402516555,-7.90409783675573
"CSDSF","s90",1.1820201985606,91,0.000336426257710347,-7.9971315778868
"CSDSF","s91",1.18141279374507,92,0.00030653907620498,-8.09016531901787
"CSUSF","s0",0,1,1.45630895831622,0.375905123909727
"CSUSF","s1",0,2,1.32693448421509,0.282871382778654
"CSUSF","s2",0,3,1.2090532818221,0.189837641647582
"CSUSF","s3",0,4,1.1016443205555,0.0968039005165092
"CSUSF","s4",0,5,1.00377727537633,0.00377015938543671
"CSUSF","s5",0,6,0.914604468757992,-0.0892635817456359
"CSUSF","s6",0,7,0.833353528509075,-0.182297322876708
"CSUSF","s7",0,8,0.759320697854897,-0.275331064007781
"CSUSF","s8",0,9,0.691864739833004,-0.368364805138854
"CSUSF","s9",0,10,0.630401383205366,-0.461398546269926
"CSUSF","s10",0,11,0.574398261780418,-0.554432287400999
"CSUSF","s11",0,12,0.523370303311792,-0.647466028532071
"CSUSF","s12",0,13,0.476875528034572,-0.740499769663144
"CSUSF","s13",0,14,0.43451122044801,-0.833533510794216
"CSUSF","s14",0,15,0.395910441186514,-0.926567251925289
"CSUSF","s15",0,16,0.360738848766403,-1.01960099305636
"CSUSF","s16",0,17,0.328691803679924,-1.11263473418743
"CSUSF","s17",0,18,0.299491729753571,-1.20566847531851
"CSUSF","s18",0,19,0.272885709916059,-1.29870221644958
"CSUSF","s19",0,20,0.248643295551648,-1.39173595758065
"CSUSF","s20",0,21,0.226554510464478,-1.48476969871172
"CSUSF","s21",0,22,0.206428032165209,-1.5778034398428
"CSUSF","s22",0,23,0.188089534727149,-1.67083718097387
"CSUSF","s23",0,24,0.171380178858469,-1.76387092210494
"CSUSF","s24",0,25,0.156155236112248,-1.85690466323601
"CSUSF","s25",0,26,0.142282835317901,-1.94993840436709
"CSUSF","s26",0,27,0.129642820376185,-2.04297214549816
"CSUSF","s27",0,28,0.11812570952455,-2.13600588662923
"CSUSF","s28",0,29,0.107631747058487,-2.2290396277603
"CSUSF","s29",0,30,0.098070039295336,-2.32207336889138
"CSUSF","s30",0,31,0.0893577672966927,-2.41510711002245
"CSUSF","s31",0,32,0.081419469530381,-2.50814085115352
"CSUSF","s32",0,33,0.0741863882587631,-2.60117459228459
"CSUSF","s33",0,34,0.0675958739921083,-2.69420833341567
"CSUSF","s34",0,35,0.0615908428486847,-2.78724207454674
"CSUSF","s35",0.12782748541096,36,0.0561192821214836,-2.88027581567781
"CSUSF","s36",0.296175218665128,37,0.0511337997690337,-2.97330955680888
"CSUSF","s37",0.410920470668081,38,0.0465912139282103,-3.06634329793996
"CSUSF","s38",0.534139255729482,39,0.0424521788935944,-3.15937703907103
"CSUSF","s39",0.645324017713514,40,0.0386808443237953,-3.2524107802021
"CSUSF","s40",0.747191890669058,41,0.0352445447229435,-3.34544452133317
"CSUSF","s41",0.840066552899317,42,0.0321135165077928,-3.43847826246425
"CSUSF","s42",0.924681757868906,43,0.0292606402098008,-3.53151200359532
"CSUSF","s43",0.956743404975722,44,0.0266612055792658,-3.62454574472639
"CSUSF","s44",0.978711354583528,45,0.0242926975569655,-3.71757948585747
"CSUSF","s45",1.0006351795061,46,0.0221346012594847,-3.81061322698854
"CSUSF","s46",1.01635279239909,47,0.0201682242891094,-3.90364696811961
"CSUSF","s47",1.02608780923151,48,0.0183765348292203,-3.99668070925068
"CSUSF","s48",1.03321423978726,49,0.0167440141228447,-4.08971445038176
"CSUSF","s49",1.03953211034029,50,0.0152565220566078,-4.18274819151283
"CSUSF","s50",1.04525807647989,51,0.0139011746858355,-4.2757819326439
"CSUSF","s51",1.05046321432541,52,0.0126662326399888,-4.36881567377497
"CSUSF","s52",1.05516148379437,53,0.0115409994418521,-4.46184941490605
"CSUSF","s53",1.05953516622421,54,0.0105157288597653,-4.55488315603712
"CSUSF","s54",1.06348797110417,55,0.00958154049042696,-4.64791689716819
"CSUSF","s55",1.06669693495799,56,0.00873034284108958,-4.74095063829926
"CSUSF","s56",1.07209380841014,57,0.00795476324492032,-4.83398437943034
"CSUSF","s57",1.07774828269923,58,0.00724808400248779,-4.92701812056141
"CSUSF","s58",1.1033294578856,59,0.00660418419626336,-5.02005186169248
"CSUSF","s59",1.13560916665924,60,0.00601748667416168,-5.11308560282355
"CSUSF","s60",1.16714204112867,61,0.00548290974291738,-5.20611934395463
"CSUSF","s61",1.19732828418005,62,0.00499582315288907,-5.2991530850857
"CSUSF","s62",1.22482476883204,63,0.00455200799305198,-5.39218682621677
"CSUSF","s63",1.26162204352694,64,0.00414762014880898,-5.48522056734784
"CSUSF","s64",1.28866065510623,65,0.00377915700610892,-5.57825430847892
"CSUSF","s65",1.31419188528373,66,0.00344342711347937,-5.67128804960999
"CSUSF","s66",1.33706735125353,67,0.00313752253920067,-5.76432179074106
"CSUSF","s67",1.3585123604458,68,0.00285879368419255,-5.85735553187213
"CSUSF","s68",1.37792006303832,69,0.00260482633245443,-5.95038927300321
"CSUSF","s69",1.39618084225047,70,0.00237342074028138,-6.04342301413428
"CSUSF","s70",1.41185893037349,71,0.00216257258313645,-6.13645675526535
"CSUSF","s71",1.4258305548719,72,0.0019704555951504,-6.22949049639642
"CSUSF","s72",1.43823614907768,73,0.00179540575088043,-6.3225242375275
"CSUSF","s73",1.44921889941013,74,0.00163590685231781,-6.41555797865857
"CSUSF","s74",1.46151360708702,75,0.00149057739630611,-6.50859171978964
"CSUSF","s75",1.46347790470182,76,0.00135815860862172,-6.60162546092071
"CSUSF","s76",1.46441751766992,77,0.00123750354107375,-6.69465920205179
"CSUSF","s77",1.46520219999193,78,0.00112756713718743,-6.78769294318286
"CSUSF","s78",1.46588162239468,79,0.00102739718042495,-6.88072668431393
"CSUSF","s79",1.46654421850604,80,0.000936126046541284,-6.973760425445
"CSUSF","s80",1.46717028420967,81,0.000852963188638053,-7.06679416657608
"CSUSF","s81",1.46775903145873,82,0.000777188289824504,-7.15982790770715
"CSUSF","s82",1.46834378779494,83,0.000708145024177179,-7.25286164883822
"CSUSF","s83",1.46907097109762,84,0.000645235371958748,-7.34589538996929
"CSUSF","s84",1.46985269383703,85,0.000587914439857136,-7.43892913110037
"CSUSF","s85",1.47071566468708,86,0.000535685741380322,-7.53196287223144
"CSUSF","s86",1.47131632893503,87,0.000488096896527863,-7.62499661336251
"CSUSF","s87",1.47228115301487,88,0.000444735713491745,-7.71803035449358
"CSUSF","s88",1.47279989369091,89,0.000405226618448127,-7.81106409562466
"CSUSF","s89",1.47357420963549,90,0.000369227402516555,-7.90409783675573
"CSUSF","s90",1.4742405588459,91,0.000336426257710347,-7.9971315778868
"CSUSF","s91",1.47482956629542,92,0.00030653907620498,-8.09016531901787
"CSDLF","s0",0,1,1.45630895831622,0.375905123909727
"CSDLF","s1",0,2,1.32693448421509,0.282871382778654
"CSDLF","s2",0,3,1.2090532818221,0.189837641647582
"CSDLF","s3",0,4,1.1016443205555,0.0968039005165092
"CSDLF","s4",0,5,1.00377727537633,0.00377015938543671
"CSDLF","s5",0,6,0.914604468757992,-0.0892635817456359
"CSDLF","s6",0,7,0.833353528509075,-0.182297322876708
"CSDLF","s7",0,8,0.759320697854897,-0.275331064007781
"CSDLF","s8",0.0409423459433717,9,0.691864739833004,-0.368364805138854
"CSDLF","s9",0.123723681094561,10,0.630401383205366,-0.461398546269926
"CSDLF","s10",0.17535912188681,11,0.574398261780418,-0.554432287400999
"CSDLF","s11",0.216792989337048,12,0.523370303311792,-0.647466028532071
"CSDLF","s12",0.253846773723891,13,0.476875528034572,-0.740499769663144
"CSDLF","s13",0.287588665510621,14,0.43451122044801,-0.833533510794216
"CSDLF","s14",0.318334208716896,15,0.395910441186514,-0.926567251925289
"CSDLF","s15",0.346733562669175,16,0.360738848766403,-1.01960099305636
"CSDLF","s16",0.377621491258851,17,0.328691803679924,-1.11263473418743
"CSDLF","s17",0.408914101722798,18,0.299491729753571,-1.20566847531851
"CSDLF","s18",0.438186511380633,19,0.272885709916059,-1.29870221644958
"CSDLF","s19",0.471649467095578,20,0.248643295551648,-1.39173595758065
"CSDLF","s20",0.501803742098888,21,0.226554510464478,-1.48476969871172
"CSDLF","s21",0.529262536665574,22,0.206428032165209,-1.5778034398428
"CSDLF","s22",0.55427926208004,23,0.188089534727149,-1.67083718097387
"CSDLF","s23",0.577101134136164,24,0.171380178858469,-1.76387092210494
"CSDLF","s24",0.557887996247774,25,0.156155236112248,-1.85690466323601
"CSDLF","s25",0.525666796820104,26,0.142282835317901,-1.94993840436709
"CSDLF","s26",0.488115639059692,27,0.129642820376185,-2.04297214549816
"CSDLF","s27",0.44348068945042,28,0.11812570952455,-2.13600588662923
"CSDLF","s28",0.39468499343195,29,0.107631747058487,-2.2290396277603
"CSDLF","s29",0.348680612229331,30,0.098070039295336,-2.32207336889138
"CSDLF","s30",0.429428125637173,31,0.0893577672966927,-2.41510711002245
"CSDLF","s31",0.675541218923375,32,0.081419469530381,-2.50814085115352
"CSDLF","s32",0.869022056222442,33,0.0741863882587631,-2.60117459228459
"CSDLF","s33",1.04559049731744,34,0.0675958739921083,-2.69420833341567
"CSDLF","s34",1.20627090035317,35,0.0615908428486847,-2.78724207454674
"CSDLF","s35",1.35325761253312,36,0.0561192821214836,-2.88027581567781
"CSDLF","s36",1.4948889668503,37,0.0511337997690337,-2.97330955680888
"CSDLF","s37",1.5625110624989,38,0.0465912139282103,-3.06634329793996
"CSDLF","s38",1.62820866784292,39,0.0424521788935944,-3.15937703907103
"CSDLF","s39",1.68816265212743,40,0.0386808443237953,-3.2524107802021
"CSDLF","s40",1.74288091040228,41,0.0352445447229435,-3.34544452133317
"CSDLF","s41",1.79275602379343,42,0.0321135165077928,-3.43847826246425
"CSDLF","s42",1.83820138688576,43,0.0292606402098008,-3.53151200359532
"CSDLF","s43",1.87482628100963,44,0.0266612055792658,-3.62454574472639
"CSDLF","s44",1.9100351982927,45,0.0242926975569655,-3.71757948585747
"CSDLF","s45",1.9428525732987,46,0.0221346012594847,-3.81061322698854
"CSDLF","s46",1.96937586374291,47,0.0201682242891094,-3.90364696811961
"CSDLF","s47",1.99532345416919,48,0.0183765348292203,-3.99668070925068
"CSDLF","s48",2.01841182714392,49,0.0167440141228447,-4.08971445038176
"CSDLF","s49",2.03941266139389,50,0.0152565220566078,-4.18274819151283
"CSDLF","s50",2.05857476117762,51,0.0139011746858355,-4.2757819326439
"CSDLF","s51",2.07604202901509,52,0.0126662326399888,-4.36881567377497
"CSDLF","s52",2.09142806538522,53,0.0115409994418521,-4.46184941490605
"CSDLF","s53",2.10579599763349,54,0.0105157288597653,-4.55488315603712
"CSDLF","s54",2.11895351273264,55,0.00958154049042696,-4.64791689716819
"CSDLF","s55",2.14958095237299,56,0.00873034284108958,-4.74095063829926
"CSDLF","s56",2.2220541282797,57,0.00795476324492032,-4.83398437943034
"CSDLF","s57",2.2912116278372,58,0.00724808400248779,-4.92701812056141
"CSDLF","s58",2.35250529895285,59,0.00660418419626336,-5.02005186169248
"CSDLF","s59",2.40630364940181,60,0.00601748667416168,-5.11308560282355
"CSDLF","s60",2.45392175746181,61,0.00548290974291738,-5.20611934395463
"CSDLF","s61",2.49801853615171,62,0.00499582315288907,-5.2991530850857
"CSDLF","s62",2.53752213494843,63,0.00455200799305198,-5.39218682621677
"CSDLF","s63",2.6038925517755,64,0.00414762014880898,-5.48522056734784
"CSDLF","s64",2.6548841713272,65,0.00377915700610892,-5.57825430847892
"CSDLF","s65",2.70240420982496,66,0.00344342711347937,-5.67128804960999
"CSDLF","s66",2.74455528439829,67,0.00313752253920067,-5.76432179074106
"CSDLF","s67",2.78384883225696,68,0.00285879368419255,-5.85735553187213
"CSDLF","s68",2.81921893893444,69,0.00260482633245443,-5.95038927300321
"CSDLF","s69",2.85313066232185,70,0.00237342074028138,-6.04342301413428
"CSDLF","s70",2.88336009151797,71,0.00216257258313645,-6.13645675526535
"CSDLF","s71",2.91119432089226,72,0.0019704555951504,-6.22949049639642
"CSDLF","s72",2.93669953249818,73,0.00179540575088043,-6.3225242375275
"CSDLF","s73",2.96599484429123,74,0.00163590685231781,-6.41555797865857
"CSDLF","s74",3.00047805017428,75,0.00149057739630611,-6.50859171978964
"CSDLF","s75",3.0306421975821,76,0.00135815860862172,-6.60162546092071
"CSDLF","s76",3.04682691068373,77,0.00123750354107375,-6.69465920205179
"CSDLF","s77",3.06469805596524,78,0.00112756713718743,-6.78769294318286
"CSDLF","s78",3.0802885804724,79,0.00102739718042495,-6.88072668431393
"CSDLF","s79",3.09497285663164,80,0.000936126046541284,-6.973760425445
"CSDLF","s80",3.10818292687194,81,0.000852963188638053,-7.06679416657608
"CSDLF","s81",3.12038733466115,82,0.000777188289824504,-7.15982790770715
"CSDLF","s82",3.13113304710035,83,0.000708145024177179,-7.25286164883822
"CSDLF","s83",3.14140479114472,84,0.000645235371958748,-7.34589538996929
"CSDLF","s84",3.14883552930745,85,0.000587914439857136,-7.43892913110037
"CSDLF","s85",3.15721001539181,86,0.000535685741380322,-7.53196287223144
"CSDLF","s86",3.16162877048621,87,0.000488096896527863,-7.62499661336251
"CSDLF","s87",3.16817208440894,88,0.000444735713491745,-7.71803035449358
"CSDLF","s88",3.17156848940121,89,0.000405226618448127,-7.81106409562466
"CSDLF","s89",3.17544327909144,90,0.000369227402516555,-7.90409783675573
"CSDLF","s90",3.17870215378488,91,0.000336426257710347,-7.9971315778868
"CSDLF","s91",3.18144175496452,92,0.00030653907620498,-8.09016531901787
"CSULF","s0",0,1,1.45630895831622,0.375905123909727
"CSULF","s1",0,2,1.32693448421509,0.282871382778654
"CSULF","s2",0,3,1.2090532818221,0.189837641647582
"CSULF","s3",0,4,1.1016443205555,0.0968039005165092
"CSULF","s4",0,5,1.00377727537633,0.00377015938543671
"CSULF","s5",0,6,0.914604468757992,-0.0892635817456359
"CSULF","s6",0,7,0.833353528509075,-0.182297322876708
"CSULF","s7",0,8,0.759320697854897,-0.275331064007781
"CSULF","s8",0,9,0.691864739833004,-0.368364805138854
"CSULF","s9",0,10,0.630401383205366,-0.461398546269926
"CSULF","s10",0,11,0.574398261780418,-0.554432287400999
"CSULF","s11",0,12,0.523370303311792,-0.647466028532071
"CSULF","s12",0,13,0.476875528034572,-0.740499769663144
"CSULF","s13",0,14,0.43451122044801,-0.833533510794216
"CSULF","s14",0,15,0.395910441186514,-0.926567251925289
"CSULF","s15",0,16,0.360738848766403,-1.01960099305636
"CSULF","s16",0,17,0.328691803679924,-1.11263473418743
"CSULF","s17",0,18,0.299491729753571,-1.20566847531851
"CSULF","s18",0,19,0.272885709916059,-1.29870221644958
"CSULF","s19",0,20,0.248643295551648,-1.39173595758065
"CSULF","s20",0,21,0.226554510464478,-1.48476969871172
"CSULF","s21",0,22,0.206428032165209,-1.5778034398428
"CSULF","s22",0,23,0.188089534727149,-1.67083718097387
"CSULF","s23",0,24,0.171380178858469,-1.76387092210494
"CSULF","s24",0,25,0.156155236112248,-1.85690466323601
"CSULF","s25",0,26,0.142282835317901,-1.94993840436709
"CSULF","s26",0,27,0.129642820376185,-2.04297214549816
"CSULF","s27",0,28,0.11812570952455,-2.13600588662923
"CSULF","s28",0,29,0.107631747058487,-2.2290396277603
"CSULF","s29",0,30,0.098070039295336,-2.32207336889138
"CSULF","s30",-0.0877087823375618,31,0.0893577672966927,-2.41510711002245
"CSULF","s31",-0.259228358350363,32,0.081419469530381,-2.50814085115352
"CSULF","s32",-0.402523136561286,33,0.0741863882587631,-2.60117459228459
"CSULF","s33",-0.533223947729216,34,0.0675958739921083,-2.69420833341567
"CSULF","s34",-0.652213347421904,35,0.0615908428486847,-2.78724207454674
"CSULF","s35",-0.766931247695261,36,0.0561192821214836,-2.88027581567781
"CSULF","s36",-0.880932071400928,37,0.0511337997690337,-2.97330955680888
"CSULF","s37",-0.928546789897376,38,0.0465912139282103,-3.06634329793996
"CSULF","s38",-0.975498940422855,39,0.0424521788935944,-3.15937703907103
"CSULF","s39",-1.01856545148686,40,0.0386808443237953,-3.2524107802021
"CSULF","s40",-1.0587960453918,41,0.0352445447229435,-3.34544452133317
"CSULF","s41",-1.09638247751726,42,0.0321135165077928,-3.43847826246425
"CSULF","s42",-1.13149828734432,43,0.0292606402098008,-3.53151200359532
"CSULF","s43",-1.14630890712724,44,0.0266612055792658,-3.62454574472639
"CSULF","s44",-1.15774046879158,45,0.0242926975569655,-3.71757948585747
"CSULF","s45",-1.16945802758289,46,0.0221346012594847,-3.81061322698854
"CSULF","s46",-1.18582641094192,47,0.0201682242891094,-3.90364696811961
"CSULF","s47",-1.20709629035975,48,0.0183765348292203,-3.99668070925068
"CSULF","s48",-1.22800483211273,49,0.0167440141228447,-4.08971445038176
"CSULF","s49",-1.24789457983069,50,0.0152565220566078,-4.18274819151283
"CSULF","s50",-1.26679140571318,51,0.0139011746858355,-4.2757819326439
"CSULF","s51",-1.28473787097635,52,0.0126662326399888,-4.36881567377497
"CSULF","s52",-1.30035269124836,53,0.0115409994418521,-4.46184941490605
"CSULF","s53",-1.31518982798066,54,0.0105157288597653,-4.55488315603712
"CSULF","s54",-1.3292448014815,55,0.00958154049042696,-4.64791689716819
"CSULF","s55",-1.35087145764557,56,0.00873034284108958,-4.74095063829926
"CSULF","s56",-1.38243831654588,57,0.00795476324492032,-4.83398437943034
"CSULF","s57",-1.4126324773749,58,0.00724808400248779,-4.92701812056141
"CSULF","s58",-1.44031116762685,59,0.00660418419626336,-5.02005186169248
"CSULF","s59",-1.46511377986776,60,0.00601748667416168,-5.11308560282355
"CSULF","s60",-1.48726254313742,61,0.00548290974291738,-5.20611934395463
"CSULF","s61",-1.50794742746362,62,0.00499582315288907,-5.2991530850857
"CSULF","s62",-1.52674023520085,63,0.00455200799305198,-5.39218682621677
"CSULF","s63",-1.55559285757056,64,0.00414762014880898,-5.48522056734784
"CSULF","s64",-1.57914435634659,65,0.00377915700610892,-5.57825430847892
"CSULF","s65",-1.60153914952274,66,0.00344342711347937,-5.67128804960999
"CSULF","s66",-1.62179594284063,67,0.00313752253920067,-5.76432179074106
"CSULF","s67",-1.64094146762659,68,0.00285879368419255,-5.85735553187213
"CSULF","s68",-1.65849885936564,69,0.00260482633245443,-5.95038927300321
"CSULF","s69",-1.67547101903198,70,0.00237342074028138,-6.04342301413428
"CSULF","s70",-1.69089880470164,71,0.00216257258313645,-6.13645675526535
"CSULF","s71",-1.70529493457988,72,0.0019704555951504,-6.22949049639642
"CSULF","s72",-1.7186704321789,73,0.00179540575088043,-6.3225242375275
"CSULF","s73",-1.73347001730788,74,0.00163590685231781,-6.41555797865857
"CSULF","s74",-1.76764696598227,75,0.00149057739630611,-6.50859171978964
"CSULF","s75",-1.81132735863294,76,0.00135815860862172,-6.60162546092071
"CSULF","s76",-1.84312343327577,77,0.00123750354107375,-6.69465920205179
"CSULF","s77",-1.87682364757684,78,0.00112756713718743,-6.78769294318286
"CSULF","s78",-1.90586428813578,79,0.00102739718042495,-6.88072668431393
"CSULF","s79",-1.93296390028073,80,0.000936126046541284,-6.973760425445
"CSULF","s80",-1.95721387903576,81,0.000852963188638053,-7.06679416657608
"CSULF","s81",-1.97953484677313,82,0.000777188289824504,-7.15982790770715
"CSULF","s82",-1.99906136467955,83,0.000708145024177179,-7.25286164883822
"CSULF","s83",-2.018412250553,84,0.000645235371958748,-7.34589538996929
"CSULF","s84",-2.0330662563168,85,0.000587914439857136,-7.43892913110037
"CSULF","s85",-2.05089972098418,86,0.000535685741380322,-7.53196287223144
"CSULF","s86",-2.06067620604639,87,0.000488096896527863,-7.62499661336251
"CSULF","s87",-2.0762643514062,88,0.000444735713491745,-7.71803035449358
"CSULF","s88",-2.08484125078606,89,0.000405226618448127,-7.81106409562466
"CSULF","s89",-2.09502911944293,90,0.000369227402516555,-7.90409783675573
"CSULF","s90",-2.10421652190172,91,0.000336426257710347,-7.9971315778868
"CSULF","s91",-2.112460935576,92,0.00030653907620498,-8.09016531901787
"CDUVB","s0",0,1,1.45630895831622,0.375905123909727
"CDUVB","s1",0,2,1.32693448421509,0.282871382778654
"CDUVB","s2",0,3,1.2090532818221,0.189837641647582
"CDUVB","s3",0,4,1.1016443205555,0.0968039005165092
"CDUVB","s4",0,5,1.00377727537633,0.00377015938543671
"CDUVB","s5",0,6,0.914604468757992,-0.0892635817456359
"CDUVB","s6",0,7,0.833353528509075,-0.182297322876708
"CDUVB","s7",0,8,0.759320697854897,-0.275331064007781
"CDUVB","s8",0,9,0.691864739833004,-0.368364805138854
"CDUVB","s9",0,10,0.630401383205366,-0.461398546269926
"CDUVB","s10",-0.00410871274306684,11,0.574398261780418,-0.554432287400999
"CDUVB","s11",-0.0235330044790496,12,0.523370303311792,-0.647466028532071
"CDUVB","s12",-0.0413169069418825,13,0.476875528034572,-0.740499769663144
"CDUVB","s13",-0.0575226800984207,14,0.43451122044801,-0.833533510794216
"CDUVB","s14",-0.0722885035694897,15,0.395910441186514,-0.926567251925289
"CDUVB","s15",-0.08570391605965,16,0.360738848766403,-1.01960099305636
"CDUVB","s16",-0.1261806572855,17,0.328691803679924,-1.11263473418743
"CDUVB","s17",-0.172440114226392,18,0.299491729753571,-1.20566847531851
"CDUVB","s18",-0.217047072897196,19,0.272885709916059,-1.29870221644958
"CDUVB","s19",-0.260276587373516,20,0.248643295551648,-1.39173595758065
"CDUVB","s20",-0.300970970216827,21,0.226554510464478,-1.48476969871172
"CDUVB","s21",-0.337897150756663,22,0.206428032165209,-1.5778034398428
"CDUVB","s22",-0.371517753063483,23,0.188089534727149,-1.67083718097387
"CDUVB","s23",-0.402407578649937,24,0.171380178858469,-1.76387092210494
"CDUVB","s24",-0.434955263175673,25,0.156155236112248,-1.85690466323601
"CDUVB","s25",-0.465766634033326,26,0.142282835317901,-1.94993840436709
"CDUVB","s26",-0.493093637288797,27,0.129642820376185,-2.04297214549816
"CDUVB","s27",-0.531250304582643,28,0.11812570952455,-2.13600588662923
"CDUVB","s28",-0.649849723550102,29,0.107631747058487,-2.2290396277603
"CDUVB","s29",-0.757894327662882,30,0.098070039295336,-2.32207336889138
"CDUVB","s30",-0.853430143888591,31,0.0893577672966927,-2.41510711002245
"CDUVB","s31",-0.916542999517692,32,0.081419469530381,-2.50814085115352
"CDUVB","s32",-0.979033837820318,33,0.0741863882587631,-2.60117459228459
"CDUVB","s33",-1.0359383590176,34,0.0675958739921083,-2.69420833341567
"CDUVB","s34",-1.08781373645477,35,0.0615908428486847,-2.78724207454674
"CDUVB","s35",-1.15178550437589,36,0.0561192821214836,-2.88027581567781
"CDUVB","s36",-1.20908068944172,37,0.0511337997690337,-2.97330955680888
"CDUVB","s37",-1.26911673120572,38,0.0465912139282103,-3.06634329793996
"CDUVB","s38",-1.32286340153564,39,0.0424521788935944,-3.15937703907103
"CDUVB","s39",-1.37172802356558,40,0.0386808443237953,-3.2524107802021
"CDUVB","s40",-1.41622997295986,41,0.0352445447229435,-3.34544452133317
"CDUVB","s41",-1.45677089087851,42,0.0321135165077928,-3.43847826246425
"CDUVB","s42",-1.49370837347145,43,0.0292606402098008,-3.53151200359532
"CDUVB","s43",-1.52206589445016,44,0.0266612055792658,-3.62454574472639
"CDUVB","s44",-1.5498480337856,45,0.0242926975569655,-3.71757948585747
"CDUVB","s45",-1.57472802158409,46,0.0221346012594847,-3.81061322698854
"CDUVB","s46",-1.59480743297018,47,0.0201682242891094,-3.90364696811961
"CDUVB","s47",-1.6105937759103,48,0.0183765348292203,-3.99668070925068
"CDUVB","s48",-1.62453599998323,49,0.0167440141228447,-4.08971445038176
"CDUVB","s49",-1.63720409298548,50,0.0152565220566078,-4.18274819151283
"CDUVB","s50",-1.64872922594748,51,0.0139011746858355,-4.2757819326439
"CDUVB","s51",-1.65922221233407,52,0.0126662326399888,-4.36881567377497
"CDUVB","s52",-1.66893547979649,53,0.0115409994418521,-4.46184941490605
"CDUVB","s53",-1.67769589841322,54,0.0105157288597653,-4.55488315603712
"CDUVB","s54",-1.68563548999419,55,0.00958154049042696,-4.64791689716819
"CDUVB","s55",-1.69138378211677,56,0.00873034284108958,-4.74095063829926
"CDUVB","s56",-1.6950293167856,57,0.00795476324492032,-4.83398437943034
"CDUVB","s57",-1.69845224468089,58,0.00724808400248779,-4.92701812056141
"CDUVB","s58",-1.70479366036604,59,0.00660418419626336,-5.02005186169248
"CDUVB","s59",-1.71194372762556,60,0.00601748667416168,-5.11308560282355
"CDUVB","s60",-1.71884367821698,61,0.00548290974291738,-5.20611934395463
"CDUVB","s61",-1.72522670148706,62,0.00499582315288907,-5.2991530850857
"CDUVB","s62",-1.73110410951474,63,0.00455200799305198,-5.39218682621677
"CDUVB","s63",-1.73414437671347,64,0.00414762014880898,-5.48522056734784
"CDUVB","s64",-1.73688027823284,65,0.00377915700610892,-5.57825430847892
"CDUVB","s65",-1.7392591969129,66,0.00344342711347937,-5.67128804960999
"CDUVB","s66",-1.74149581962954,67,0.00313752253920067,-5.76432179074106
"CDUVB","s67",-1.74347806954352,68,0.00285879368419255,-5.85735553187213
"CDUVB","s68",-1.74531053669961,69,0.00260482633245443,-5.95038927300321
"CDUVB","s69",-1.73979581555587,70,0.00237342074028138,-6.04342301413428
"CDUVB","s70",-1.73166804434116,71,0.00216257258313645,-6.13645675526535
"CDUVB","s71",-1.72154577131468,72,0.0019704555951504,-6.22949049639642
"CDUVB","s72",-1.7100945251233,73,0.00179540575088043,-6.3225242375275
"CDUVB","s73",-1.69300871997222,74,0.00163590685231781,-6.41555797865857
"CDUVB","s74",-1.65170841010922,75,0.00149057739630611,-6.50859171978964
"CDUVB","s75",-1.59661469949947,76,0.00135815860862172,-6.60162546092071
"CDUVB","s76",-1.56144156948153,77,0.00123750354107375,-6.69465920205179
"CDUVB","s77",-1.52393185166835,78,0.00112756713718743,-6.78769294318286
"CDUVB","s78",-1.49173892305298,79,0.00102739718042495,-6.88072668431393
"CDUVB","s79",-1.46162032555896,80,0.000936126046541284,-6.973760425445
"CDUVB","s80",-1.4346533178102,81,0.000852963188638053,-7.06679416657608
"CDUVB","s81",-1.40976789100255,82,0.000777188289824504,-7.15982790770715
"CDUVB","s82",-1.38801612555525,83,0.000708145024177179,-7.25286164883822
"CDUVB","s83",-1.36617856118913,84,0.000645235371958748,-7.34589538996929
"CDUVB","s84",-1.34958004163457,85,0.000587914439857136,-7.43892913110037
"CDUVB","s85",-1.3286752709651,86,0.000535685741380322,-7.53196287223144
"CDUVB","s86",-1.31733375499066,87,0.000488096896527863,-7.62499661336251
"CDUVB","s87",-1.2984803577216,88,0.000444735713491745,-7.71803035449358
"CDUVB","s88",-1.28815219739794,89,0.000405226618448127,-7.81106409562466
"CDUVB","s89",-1.27564588944567,90,0.000369227402516555,-7.90409783675573
"CDUVB","s90",-1.26418551378617,91,0.000336426257710347,-7.9971315778868
"CDUVB","s91",-1.25377965211616,92,0.00030653907620498,-8.09016531901787
"DUVB","s0",0,1,1.45630895831622,0.375905123909727
"DUVB","s1",0,2,1.32693448421509,0.282871382778654
"DUVB","s2",0,3,1.2090532818221,0.189837641647582
"DUVB","s3",0,4,1.1016443205555,0.0968039005165092
"DUVB","s4",0,5,1.00377727537633,0.00377015938543671
"DUVB","s5",0,6,0.914604468757992,-0.0892635817456359
"DUVB","s6",0,7,0.833353528509075,-0.182297322876708
"DUVB","s7",0,8,0.759320697854897,-0.275331064007781
"DUVB","s8",0,9,0.691864739833004,-0.368364805138854
"DUVB","s9",0,10,0.630401383205366,-0.461398546269926
"DUVB","s10",0,11,0.574398261780418,-0.554432287400999
"DUVB","s11",0,12,0.523370303311792,-0.647466028532071
"DUVB","s12",0,13,0.476875528034572,-0.740499769663144
"DUVB","s13",0,14,0.43451122044801,-0.833533510794216
"DUVB","s14",0,15,0.395910441186514,-0.926567251925289
"DUVB","s15",0,16,0.360738848766403,-1.01960099305636
"DUVB","s16",0,17,0.328691803679924,-1.11263473418743
"DUVB","s17",0,18,0.299491729753571,-1.20566847531851
"DUVB","s18",0,19,0.272885709916059,-1.29870221644958
"DUVB","s19",0,20,0.248643295551648,-1.39173595758065
"DUVB","s20",0,21,0.226554510464478,-1.48476969871172
"DUVB","s21",0,22,0.206428032165209,-1.5778034398428
"DUVB","s22",0,23,0.188089534727149,-1.67083718097387
"DUVB","s23",0,24,0.171380178858469,-1.76387092210494
"DUVB","s24",0,25,0.156155236112248,-1.85690466323601
"DUVB","s25",0,26,0.142282835317901,-1.94993840436709
"DUVB","s26",0,27,0.129642820376185,-2.04297214549816
"DUVB","s27",0,28,0.11812570952455,-2.13600588662923
"DUVB","s28",0,29,0.107631747058487,-2.2290396277603
"DUVB","s29",0,30,0.098070039295336,-2.32207336889138
"DUVB","s30",0,31,0.0893577672966927,-2.41510711002245
"DUVB","s31",0,32,0.081419469530381,-2.50814085115352
"DUVB","s32",0,33,0.0741863882587631,-2.60117459228459
"DUVB","s33",0,34,0.0675958739921083,-2.69420833341567
"DUVB","s34",0,35,0.0615908428486847,-2.78724207454674
"DUVB","s35",0,36,0.0561192821214836,-2.88027581567781
"DUVB","s36",0,37,0.0511337997690337,-2.97330955680888
"DUVB","s37",0,38,0.0465912139282103,-3.06634329793996
"DUVB","s38",0,39,0.0424521788935944,-3.15937703907103
"DUVB","s39",0,40,0.0386808443237953,-3.2524107802021
"DUVB","s40",0,41,0.0352445447229435,-3.34544452133317
"DUVB","s41",0,42,0.0321135165077928,-3.43847826246425
"DUVB","s42",0,43,0.0292606402098008,-3.53151200359532
"DUVB","s43",0,44,0.0266612055792658,-3.62454574472639
"DUVB","s44",0,45,0.0242926975569655,-3.71757948585747
"DUVB","s45",0,46,0.0221346012594847,-3.81061322698854
"DUVB","s46",0,47,0.0201682242891094,-3.90364696811961
"DUVB","s47",0,48,0.0183765348292203,-3.99668070925068
"DUVB","s48",0,49,0.0167440141228447,-4.08971445038176
"DUVB","s49",0,50,0.0152565220566078,-4.18274819151283
"DUVB","s50",0,51,0.0139011746858355,-4.2757819326439
"DUVB","s51",0,52,0.0126662326399888,-4.36881567377497
"DUVB","s52",0,53,0.0115409994418521,-4.46184941490605
"DUVB","s53",0,54,0.0105157288597653,-4.55488315603712
"DUVB","s54",0,55,0.00958154049042696,-4.64791689716819
"DUVB","s55",0,56,0.00873034284108958,-4.74095063829926
"DUVB","s56",0,57,0.00795476324492032,-4.83398437943034
"DUVB","s57",0,58,0.00724808400248779,-4.92701812056141
"DUVB","s58",0,59,0.00660418419626336,-5.02005186169248
"DUVB","s59",0,60,0.00601748667416168,-5.11308560282355
"DUVB","s60",0,61,0.00548290974291738,-5.20611934395463
"DUVB","s61",0,62,0.00499582315288907,-5.2991530850857
"DUVB","s62",0,63,0.00455200799305198,-5.39218682621677
"DUVB","s63",0,64,0.00414762014880898,-5.48522056734784
"DUVB","s64",0,65,0.00377915700610892,-5.57825430847892
"DUVB","s65",0,66,0.00344342711347937,-5.67128804960999
"DUVB","s66",0,67,0.00313752253920067,-5.76432179074106
"DUVB","s67",0,68,0.00285879368419255,-5.85735553187213
"DUVB","s68",-0.000102285348669029,69,0.00260482633245443,-5.95038927300321
"DUVB","s69",-0.0103402104029925,70,0.00237342074028138,-6.04342301413428
"DUVB","s70",-0.0238869713317749,71,0.00216257258313645,-6.13645675526535
"DUVB","s71",-0.039900890286027,72,0.0019704555951504,-6.22949049639642
"DUVB","s72",-0.0575064717828306,73,0.00179540575088043,-6.3225242375275
"DUVB","s73",-0.0815982997459099,74,0.00163590685231781,-6.41555797865857
"DUVB","s74",-0.141210939251061,75,0.00149057739630611,-6.50859171978964
"DUVB","s75",-0.217258062910814,76,0.00135815860862172,-6.60162546092071
"DUVB","s76",-0.2666539403073,77,0.00123750354107375,-6.69465920205179
"DUVB","s77",-0.318864053059243,78,0.00112756713718743,-6.78769294318286
"DUVB","s78",-0.363764631774398,79,0.00102739718042495,-6.88072668431393
"DUVB","s79",-0.40571328146897,80,0.000936126046541284,-6.973760425445
"DUVB","s80",-0.443297758178967,81,0.000852963188638053,-7.06679416657608
"DUVB","s81",-0.477959390970112,82,0.000777188289824504,-7.15982790770715
"DUVB","s82",-0.508310471626443,83,0.000708145024177179,-7.25286164883822
"DUVB","s83",-0.538658855870834,84,0.000645235371958748,-7.34589538996929
"DUVB","s84",-0.561869119115708,85,0.000587914439857136,-7.43892913110037
"DUVB","s85",-0.590666680714413,86,0.000535685741380322,-7.53196287223144
"DUVB","s86",-0.606691622657727,87,0.000488096896527863,-7.62499661336251
"DUVB","s87",-0.632595199771935,88,0.000444735713491745,-7.71803035449358
"DUVB","s88",-0.647105373575682,89,0.000405226618448127,-7.81106409562466
"DUVB","s89",-0.664449475754468,90,0.000369227402516555,-7.90409783675573
"DUVB","s90",-0.68032542739065,91,0.000336426257710347,-7.9971315778868
"DUVB","s91",-0.694746170644172,92,0.00030653907620498,-8.09016531901787
"ALBDO","s0",0,1,1.45630895831622,0.375905123909727
"ALBDO","s1",0,2,1.32693448421509,0.282871382778654
"ALBDO","s2",0,3,1.2090532818221,0.189837641647582
"ALBDO","s3",0,4,1.1016443205555,0.0968039005165092
"ALBDO","s4",0,5,1.00377727537633,0.00377015938543671
"ALBDO","s5",0,6,0.914604468757992,-0.0892635817456359
"ALBDO","s6",0,7,0.833353528509075,-0.182297322876708
"ALBDO","s7",0,8,0.759320697854897,-0.275331064007781
"ALBDO","s8",0,9,0.691864739833004,-0.368364805138854
"ALBDO","s9",0,10,0.630401383205366,-0.461398546269926
"ALBDO","s10",0,11,0.574398261780418,-0.554432287400999
"ALBDO","s11",0,12,0.523370303311792,-0.647466028532071
"ALBDO","s12",0,13,0.476875528034572,-0.740499769663144
"ALBDO","s13",0,14,0.43451122044801,-0.833533510794216
"ALBDO","s14",0,15,0.395910441186514,-0.926567251925289
"ALBDO","s15",0,16,0.360738848766403,-1.01960099305636
"ALBDO","s16",0,17,0.328691803679924,-1.11263473418743
"ALBDO","s17",0,18,0.299491729753571,-1.20566847531851
"ALBDO","s18",0,19,0.272885709916059,-1.29870221644958
"ALBDO","s19",0,20,0.248643295551648,-1.39173595758065
"ALBDO","s20",0,21,0.226554510464478,-1.48476969871172
"ALBDO","s21",0,22,0.206428032165209,-1.5778034398428
"ALBDO","s22",0,23,0.188089534727149,-1.67083718097387
"ALBDO","s23",0,24,0.171380178858469,-1.76387092210494
"ALBDO","s24",0,25,0.156155236112248,-1.85690466323601
"ALBDO","s25",0,26,0.142282835317901,-1.94993840436709
"ALBDO","s26",-0.0330671070016271,27,0.129642820376185,-2.04297214549816
"ALBDO","s27",-0.0940662104828338,28,0.11812570952455,-2.13600588662923
"ALBDO","s28",-0.146733296658696,29,0.107631747058487,-2.2290396277603
"ALBDO","s29",-0.195018746565493,30,0.098070039295336,-2.32207336889138
"ALBDO","s30",-0.251355332148379,31,0.0893577672966927,-2.41510711002245
"ALBDO","s31",-0.310446166415974,32,0.081419469530381,-2.50814085115352
"ALBDO","s32",-0.363774541991291,33,0.0741863882587631,-2.60117459228459
"ALBDO","s33",-0.412377468333839,34,0.0675958739921083,-2.69420833341567
"ALBDO","s34",-0.4566539549936,35,0.0615908428486847,-2.78724207454674
"ALBDO","s35",-0.521816642671141,36,0.0561192821214836,-2.88027581567781
"ALBDO","s36",-0.592350854924428,37,0.0511337997690337,-2.97330955680888
"ALBDO","s37",-0.647480506204627,38,0.0465912139282103,-3.06634329793996
"ALBDO","s38",-0.701825927852831,39,0.0424521788935944,-3.15937703907103
"ALBDO","s39",-0.751134974404876,40,0.0386808443237953,-3.2524107802021
"ALBDO","s40",-0.79618512985503,41,0.0352445447229435,-3.34544452133317
"ALBDO","s41",-0.837245443653225,42,0.0321135165077928,-3.43847826246425
"ALBDO","s42",-0.874655428440064,43,0.0292606402098008,-3.53151200359532
"ALBDO","s43",-0.906341860520261,44,0.0266612055792658,-3.62454574472639
"ALBDO","s44",-0.932618978816084,45,0.0242926975569655,-3.71757948585747
"ALBDO","s45",-0.958492735687598,46,0.0221346012594847,-3.81061322698854
"ALBDO","s46",-0.97705175062223,47,0.0201682242891094,-3.90364696811961
"ALBDO","s47",-0.989460077273894,48,0.0183765348292203,-3.99668070925068
"ALBDO","s48",-0.999041898720977,49,0.0167440141228447,-4.08971445038176
"ALBDO","s49",-1.00759495646636,50,0.0152565220566078,-4.18274819151283
"ALBDO","s50",-1.01536064021081,51,0.0139011746858355,-4.2757819326439
"ALBDO","s51",-1.02242572189455,52,0.0126662326399888,-4.36881567377497
"ALBDO","s52",-1.02877340146373,53,0.0115409994418521,-4.46184941490605
"ALBDO","s53",-1.03467238820087,54,0.0105157288597653,-4.55488315603712
"ALBDO","s54",-1.04002488310925,55,0.00958154049042696,-4.64791689716819
"ALBDO","s55",-1.0448684434388,56,0.00873034284108958,-4.74095063829926
"ALBDO","s56",-1.05283215150713,57,0.00795476324492032,-4.83398437943034
"ALBDO","s57",-1.061587730916,58,0.00724808400248779,-4.92701812056141
"ALBDO","s58",-1.07019172937759,59,0.00660418419626336,-5.02005186169248
"ALBDO","s59",-1.07961389930276,60,0.00601748667416168,-5.11308560282355
"ALBDO","s60",-1.0887747503885,61,0.00548290974291738,-5.20611934395463
"ALBDO","s61",-1.09760094633359,62,0.00499582315288907,-5.2991530850857
"ALBDO","s62",-1.10557689454835,63,0.00455200799305198,-5.39218682621677
"ALBDO","s63",-1.11732447207062,64,0.00414762014880898,-5.48522056734784
"ALBDO","s64",-1.12552134587993,65,0.00377915700610892,-5.57825430847892
"ALBDO","s65",-1.133167871071,66,0.00344342711347937,-5.67128804960999
"ALBDO","s66",-1.13991245883758,67,0.00313752253920067,-5.76432179074106
"ALBDO","s67",-1.14623420469122,68,0.00285879368419255,-5.85735553187213
"ALBDO","s68",-1.15187945963472,69,0.00260482633245443,-5.95038927300321
"ALBDO","s69",-1.1577803540184,70,0.00237342074028138,-6.04342301413428
"ALBDO","s70",-1.16310274034072,71,0.00216257258313645,-6.13645675526535
"ALBDO","s71",-1.16805485904612,72,0.0019704555951504,-6.22949049639642
"ALBDO","s72",-1.17263362010805,73,0.00179540575088043,-6.3225242375275
"ALBDO","s73",-1.17767719863716,74,0.00163590685231781,-6.41555797865857
"ALBDO","s74",-1.1865789171005,75,0.00149057739630611,-6.50859171978964
"ALBDO","s75",-1.19293010154291,76,0.00135815860862172,-6.60162546092071
"ALBDO","s76",-1.19638833883084,77,0.00123750354107375,-6.69465920205179
"ALBDO","s77",-1.20011633936528,78,0.00112756713718743,-6.78769294318286
"ALBDO","s78",-1.20331412699083,79,0.00102739718042495,-6.88072668431393
"ALBDO","s79",-1.20632008836794,80,0.000936126046541284,-6.973760425445
"ALBDO","s80",-1.2090166173072,81,0.000852963188638053,-7.06679416657608
"ALBDO","s81",-1.21150747006993,82,0.000777188289824504,-7.15982790770715
"ALBDO","s82",-1.21369603119914,83,0.000708145024177179,-7.25286164883822
"ALBDO","s83",-1.21605328641701,84,0.000645235371958748,-7.34589538996929
"ALBDO","s84",-1.21786781414915,85,0.000587914439857136,-7.43892913110037
"ALBDO","s85",-1.22007716489979,86,0.000535685741380322,-7.53196287223144
"ALBDO","s86",-1.22131294539659,87,0.000488096896527863,-7.62499661336251
"ALBDO","s87",-1.22330283534742,88,0.000444735713491745,-7.71803035449358
"ALBDO","s88",-1.22440366844135,89,0.000405226618448127,-7.81106409562466
"ALBDO","s89",-1.2257418469141,90,0.000369227402516555,-7.90409783675573
"ALBDO","s90",-1.22695440023175,91,0.000336426257710347,-7.9971315778868
"ALBDO","s91",-1.22804767546114,92,0.00030653907620498,-8.09016531901787
"CRE_SW","s0",0,1,1.45630895831622,0.375905123909727
"CRE_SW","s1",0,2,1.32693448421509,0.282871382778654
"CRE_SW","s2",0,3,1.2090532818221,0.189837641647582
"CRE_SW","s3",0,4,1.1016443205555,0.0968039005165092
"CRE_SW","s4",0,5,1.00377727537633,0.00377015938543671
"CRE_SW","s5",0,6,0.914604468757992,-0.0892635817456359
"CRE_SW","s6",0,7,0.833353528509075,-0.182297322876708
"CRE_SW","s7",0,8,0.759320697854897,-0.275331064007781
"CRE_SW","s8",0,9,0.691864739833004,-0.368364805138854
"CRE_SW","s9",0,10,0.630401383205366,-0.461398546269926
"CRE_SW","s10",0,11,0.574398261780418,-0.554432287400999
"CRE_SW","s11",0,12,0.523370303311792,-0.647466028532071
"CRE_SW","s12",0,13,0.476875528034572,-0.740499769663144
"CRE_SW","s13",0,14,0.43451122044801,-0.833533510794216
"CRE_SW","s14",0,15,0.395910441186514,-0.926567251925289
"CRE_SW","s15",0,16,0.360738848766403,-1.01960099305636
"CRE_SW","s16",0,17,0.328691803679924,-1.11263473418743
"CRE_SW","s17",0,18,0.299491729753571,-1.20566847531851
"CRE_SW","s18",0,19,0.272885709916059,-1.29870221644958
"CRE_SW","s19",0,20,0.248643295551648,-1.39173595758065
"CRE_SW","s20",0,21,0.226554510464478,-1.48476969871172
"CRE_SW","s21",0,22,0.206428032165209,-1.5778034398428
"CRE_SW","s22",0,23,0.188089534727149,-1.67083718097387
"CRE_SW","s23",0,24,0.171380178858469,-1.76387092210494
"CRE_SW","s24",0,25,0.156155236112248,-1.85690466323601
"CRE_SW","s25",0,26,0.142282835317901,-1.94993840436709
"CRE_SW","s26",0,27,0.129642820376185,-2.04297214549816
"CRE_SW","s27",0,28,0.11812570952455,-2.13600588662923
"CRE_SW","s28",0,29,0.107631747058487,-2.2290396277603
"CRE_SW","s29",0,30,0.098070039295336,-2.32207336889138
"CRE_SW","s30",0,31,0.0893577672966927,-2.41510711002245
"CRE_SW","s31",0,32,0.081419469530381,-2.50814085115352
"CRE_SW","s32",0,33,0.0741863882587631,-2.60117459228459
"CRE_SW","s33",0,34,0.0675958739921083,-2.69420833341567
"CRE_SW","s34",0,35,0.0615908428486847,-2.78724207454674
"CRE_SW","s35",0,36,0.0561192821214836,-2.88027581567781
"CRE_SW","s36",0,37,0.0511337997690337,-2.97330955680888
"CRE_SW","s37",0,38,0.0465912139282103,-3.06634329793996
"CRE_SW","s38",0,39,0.0424521788935944,-3.15937703907103
"CRE_SW","s39",0,40,0.0386808443237953,-3.2524107802021
"CRE_SW","s40",0,41,0.0352445447229435,-3.34544452133317
"CRE_SW","s41",0,42,0.0321135165077928,-3.43847826246425
"CRE_SW","s42",0,43,0.0292606402098008,-3.53151200359532
"CRE_SW","s43",0,44,0.0266612055792658,-3.62454574472639
"CRE_SW","s44",0,45,0.0242926975569655,-3.71757948585747
"CRE_SW","s45",0,46,0.0221346012594847,-3.81061322698854
"CRE_SW","s46",0,47,0.0201682242891094,-3.90364696811961
"CRE_SW","s47",0,48,0.0183765348292203,-3.99668070925068
"CRE_SW","s48",0,49,0.0167440141228447,-4.08971445038176
"CRE_SW","s49",0,50,0.0152565220566078,-4.18274819151283
"CRE_SW","s50",0,51,0.0139011746858355,-4.2757819326439
"CRE_SW","s51",0,52,0.0126662326399888,-4.36881567377497
"CRE_SW","s52",0,53,0.0115409994418521,-4.46184941490605
"CRE_SW","s53",0,54,0.0105157288597653,-4.55488315603712
"CRE_SW","s54",0,55,0.00958154049042696,-4.64791689716819
"CRE_SW","s55",0,56,0.00873034284108958,-4.74095063829926
"CRE_SW","s56",6.05639442549274e-05,57,0.00795476324492032,-4.83398437943034
"CRE_SW","s57",0.00864035659265922,58,0.00724808400248779,-4.92701812056141
"CRE_SW","s58",0.0359880715643348,59,0.00660418419626336,-5.02005186169248
"CRE_SW","s59",0.0667461747008588,60,0.00601748667416168,-5.11308560282355
"CRE_SW","s60",0.0950698811606857,61,0.00548290974291738,-5.20611934395463
"CRE_SW","s61",0.121132667213938,62,0.00499582315288907,-5.2991530850857
"CRE_SW","s62",0.144021414585829,63,0.00455200799305198,-5.39218682621677
"CRE_SW","s63",0.173818081761495,64,0.00414762014880898,-5.48522056734784
"CRE_SW","s64",0.195449607025447,65,0.00377915700610892,-5.57825430847892
"CRE_SW","s65",0.215168948491747,66,0.00344342711347937,-5.67128804960999
"CRE_SW","s66",0.23216154212707,67,0.00313752253920067,-5.76432179074106
"CRE_SW","s67",0.247534410317243,68,0.00285879368419255,-5.85735553187213
"CRE_SW","s68",0.261027518517465,69,0.00260482633245443,-5.95038927300321
"CRE_SW","s69",0.27983692160631,70,0.00237342074028138,-6.04342301413428
"CRE_SW","s70",0.298688238329937,71,0.00216257258313645,-6.13645675526535
"CRE_SW","s71",0.317686673146356,72,0.0019704555951504,-6.22949049639642
"CRE_SW","s72",0.336428122295862,73,0.00179540575088043,-6.3225242375275
"CRE_SW","s73",0.343690227124396,74,0.00163590685231781,-6.41555797865857
"CRE_SW","s74",0.36954850975912,75,0.00149057739630611,-6.50859171978964
"CRE_SW","s75",0.400516774165669,76,0.00135815860862172,-6.60162546092071
"CRE_SW","s76",0.424363871613588,77,0.00123750354107375,-6.69465920205179
"CRE_SW","s77",0.449047614533853,78,0.00112756713718743,-6.78769294318286
"CRE_SW","s78",0.469872468836222,79,0.00102739718042495,-6.88072668431393
"CRE_SW","s79",0.489012626660873,80,0.000936126046541284,-6.973760425445
"CRE_SW","s80",0.505896565369319,81,0.000852963188638053,-7.06679416657608
"CRE_SW","s81",0.521245467120899,82,0.000777188289824504,-7.15982790770715
"CRE_SW","s82",0.534519520668267,83,0.000708145024177179,-7.25286164883822
"CRE_SW","s83",0.547852893890638,84,0.000645235371958748,-7.34589538996929
"CRE_SW","s84",0.558089711619855,85,0.000587914439857136,-7.43892913110037
"CRE_SW","s85",0.57077097164851,86,0.000535685741380322,-7.53196287223144
"CRE_SW","s86",0.577767573365616,87,0.000488096896527863,-7.62499661336251
"CRE_SW","s87",0.589170722511118,88,0.000444735713491745,-7.71803035449358
"CRE_SW","s88",0.595460275119839,89,0.000405226618448127,-7.81106409562466
"CRE_SW","s89",0.603062926886094,90,0.000369227402516555,-7.90409783675573
"CRE_SW","s90",0.609985178881498,91,0.000336426257710347,-7.9971315778868
"CRE_SW","s91",0.616245863603005,92,0.00030653907620498,-8.09016531901787
"CRE_LW","s0",0,1,1.45630895831622,0.375905123909727
"CRE_LW","s1",-0.129489320527747,2,1.32693448421509,0.282871382778654
"CRE_LW","s2",-0.247475166707331,3,1.2090532818221,0.189837641647582
"CRE_LW","s3",-0.354979475494939,4,1.1016443205555,0.0968039005165092
"CRE_LW","s4",-0.452933397784146,5,1.00377727537633,0.00377015938543671
"CRE_LW","s5",-0.542185363589503,6,0.914604468757992,-0.0892635817456359
"CRE_LW","s6",-0.623508430741437,7,0.833353528509075,-0.182297322876708
"CRE_LW","s7",-0.680902876088245,8,0.759320697854897,-0.275331064007781
"CRE_LW","s8",-0.720807109414055,9,0.691864739833004,-0.368364805138854
"CRE_LW","s9",-0.747725685612711,10,0.630401383205366,-0.461398546269926
"CRE_LW","s10",-0.77444299153084,11,0.574398261780418,-0.554432287400999
"CRE_LW","s11",-0.797978460027984,12,0.523370303311792,-0.647466028532071
"CRE_LW","s12",-0.81951162671388,13,0.476875528034572,-0.740499769663144
"CRE_LW","s13",-0.839136332714307,14,0.43451122044801,-0.833533510794216
"CRE_LW","s14",-0.857017742095988,15,0.395910441186514,-0.926567251925289
"CRE_LW","s15",-0.873234897985821,16,0.360738848766403,-1.01960099305636
"CRE_LW","s16",-0.812257810268516,17,0.328691803679924,-1.11263473418743
"CRE_LW","s17",-0.731142838713185,18,0.299491729753571,-1.20566847531851
"CRE_LW","s18",-0.654306016920162,19,0.272885709916059,-1.29870221644958
"CRE_LW","s19",-0.596339664965562,20,0.248643295551648,-1.39173595758065
"CRE_LW","s20",-0.540221765408125,21,0.226554510464478,-1.48476969871172
"CRE_LW","s21",-0.489490781219726,22,0.206428032165209,-1.5778034398428
"CRE_LW","s22",-0.443332603443337,23,0.188089534727149,-1.67083718097387
"CRE_LW","s23",-0.400603368687595,24,0.171380178858469,-1.76387092210494
"CRE_LW","s24",-0.350498901395152,25,0.156155236112248,-1.85690466323601
"CRE_LW","s25",-0.30233986434955,26,0.142282835317901,-1.94993840436709
"CRE_LW","s26",-0.254217865239805,27,0.129642820376185,-2.04297214549816
"CRE_LW","s27",-0.235959497766041,28,0.11812570952455,-2.13600588662923
"CRE_LW","s28",-0.265500742971882,29,0.107631747058487,-2.2290396277603
"CRE_LW","s29",-0.29300922833206,30,0.098070039295336,-2.32207336889138
"CRE_LW","s30",-0.292937780311812,31,0.0893577672966927,-2.41510711002245
"CRE_LW","s31",-0.257357356401231,32,0.081419469530381,-2.50814085115352
"CRE_LW","s32",-0.229363135273888,33,0.0741863882587631,-2.60117459228459
"CRE_LW","s33",-0.203807901037518,34,0.0675958739921083,-2.69420833341567
"CRE_LW","s34",-0.180563195298238,35,0.0615908428486847,-2.78724207454674
"CRE_LW","s35",-0.186680448072458,36,0.0561192821214836,-2.88027581567781
"CRE_LW","s36",-0.1880633129744,37,0.0511337997690337,-2.97330955680888
"CRE_LW","s37",-0.197948154465699,38,0.0465912139282103,-3.06634329793996
"CRE_LW","s38",-0.204403579800919,39,0.0424521788935944,-3.15937703907103
"CRE_LW","s39",-0.209902238915389,40,0.0386808443237953,-3.2524107802021
"CRE_LW","s40",-0.214845805441396,41,0.0352445447229435,-3.34544452133317
"CRE_LW","s41",-0.219317933696258,42,0.0321135165077928,-3.43847826246425
"CRE_LW","s42",-0.223378817884986,43,0.0292606402098008,-3.53151200359532
"CRE_LW","s43",-0.222528788088246,44,0.0266612055792658,-3.62454574472639
"CRE_LW","s44",-0.221959006674623,45,0.0242926975569655,-3.71757948585747
"CRE_LW","s45",-0.221754342824436,46,0.0221346012594847,-3.81061322698854
"CRE_LW","s46",-0.221826108809862,47,0.0201682242891094,-3.90364696811961
"CRE_LW","s47",-0.220358533622587,48,0.0183765348292203,-3.99668070925068
"CRE_LW","s48",-0.218550048277571,49,0.0167440141228447,-4.08971445038176
"CRE_LW","s49",-0.216909656208516,50,0.0152565220566078,-4.18274819151283
"CRE_LW","s50",-0.21539376028634,51,0.0139011746858355,-4.2757819326439
"CRE_LW","s51",-0.21399581007327,52,0.0126662326399888,-4.36881567377497
"CRE_LW","s52",-0.212825931221031,53,0.0115409994418521,-4.46184941490605
"CRE_LW","s53",-0.211782678696431,54,0.0105157288597653,-4.55488315603712
"CRE_LW","s54",-0.210768176448237,55,0.00958154049042696,-4.64791689716819
"CRE_LW","s55",-0.208999878048959,56,0.00873034284108958,-4.74095063829926
"CRE_LW","s56",-0.206491351367009,57,0.00795476324492032,-4.83398437943034
"CRE_LW","s57",-0.202085249415837,58,0.00724808400248779,-4.92701812056141
"CRE_LW","s58",-0.20127116773698,59,0.00660418419626336,-5.02005186169248
"CRE_LW","s59",-0.203422453294882,60,0.00601748667416168,-5.11308560282355
"CRE_LW","s60",-0.206417019791382,61,0.00548290974291738,-5.20611934395463
"CRE_LW","s61",-0.209518198993277,62,0.00499582315288907,-5.2991530850857
"CRE_LW","s62",-0.21244185987253,63,0.00455200799305198,-5.39218682621677
"CRE_LW","s63",-0.216411762635021,64,0.00414762014880898,-5.48522056734784
"CRE_LW","s64",-0.218559604619953,65,0.00377915700610892,-5.57825430847892
"CRE_LW","s65",-0.220469793057759,66,0.00344342711347937,-5.67128804960999
"CRE_LW","s66",-0.222191856494645,67,0.00313752253920067,-5.76432179074106
"CRE_LW","s67",-0.223778856416757,68,0.00285879368419255,-5.85735553187213
"CRE_LW","s68",-0.225224144149099,69,0.00260482633245443,-5.95038927300321
"CRE_LW","s69",-0.225929218494826,70,0.00237342074028138,-6.04342301413428
"CRE_LW","s70",-0.225921700901335,71,0.00216257258313645,-6.13645675526535
"CRE_LW","s71",-0.225405409758623,72,0.0019704555951504,-6.22949049639642
"CRE_LW","s72",-0.22451464422891,73,0.00179540575088043,-6.3225242375275
"CRE_LW","s73",-0.229202184961078,74,0.00163590685231781,-6.41555797865857
"CRE_LW","s74",-0.235283895328147,75,0.00149057739630611,-6.50859171978964
"CRE_LW","s75",-0.238602922907615,76,0.00135815860862172,-6.60162546092071
"CRE_LW","s76",-0.238722818227244,77,0.00123750354107375,-6.69465920205179
"CRE_LW","s77",-0.238903620053888,78,0.00112756713718743,-6.78769294318286
"CRE_LW","s78",-0.239117477485327,79,0.00102739718042495,-6.88072668431393
"CRE_LW","s79",-0.239405298998016,80,0.000936126046541284,-6.973760425445
"CRE_LW","s80",-0.239731662895053,81,0.000852963188638053,-7.06679416657608
"CRE_LW","s81",-0.240093480152157,82,0.000777188289824504,-7.15982790770715
"CRE_LW","s82",-0.240464899629909,83,0.000708145024177179,-7.25286164883822
"CRE_LW","s83",-0.241440931465653,84,0.000645235371958748,-7.34589538996929
"CRE_LW","s84",-0.242462422473809,85,0.000587914439857136,-7.43892913110037
"CRE_LW","s85",-0.243997361713631,86,0.000535685741380322,-7.53196287223144
"CRE_LW","s86",-0.24496189074549,87,0.000488096896527863,-7.62499661336251
"CRE_LW","s87",-0.246795474710933,88,0.000444735713491745,-7.71803035449358
"CRE_LW","s88",-0.247871680860915,89,0.000405226618448127,-7.81106409562466
"CRE_LW","s89",-0.249331925995975,90,0.000369227402516555,-7.90409783675573
"CRE_LW","s90",-0.250749206408865,91,0.000336426257710347,-7.9971315778868
"CRE_LW","s91",-0.252102569926647,92,0.00030653907620498,-8.09016531901787
"CRE_net","s0",0,1,1.45630895831622,0.375905123909727
"CRE_net","s1",0,2,1.32693448421509,0.282871382778654
"CRE_net","s2",0,3,1.2090532818221,0.189837641647582
"CRE_net","s3",0,4,1.1016443205555,0.0968039005165092
"CRE_net","s4",0,5,1.00377727537633,0.00377015938543671
"CRE_net","s5",0,6,0.914604468757992,-0.0892635817456359
"CRE_net","s6",0,7,0.833353528509075,-0.182297322876708
"CRE_net","s7",0,8,0.759320697854897,-0.275331064007781
"CRE_net","s8",0,9,0.691864739833004,-0.368364805138854
"CRE_net","s9",0,10,0.630401383205366,-0.461398546269926
"CRE_net","s10",0,11,0.574398261780418,-0.554432287400999
"CRE_net","s11",0,12,0.523370303311792,-0.647466028532071
"CRE_net","s12",0,13,0.476875528034572,-0.740499769663144
"CRE_net","s13",0,14,0.43451122044801,-0.833533510794216
"CRE_net","s14",0,15,0.395910441186514,-0.926567251925289
"CRE_net","s15",0,16,0.360738848766403,-1.01960099305636
"CRE_net","s16",0,17,0.328691803679924,-1.11263473418743
"CRE_net","s17",0,18,0.299491729753571,-1.20566847531851
"CRE_net","s18",0,19,0.272885709916059,-1.29870221644958
"CRE_net","s19",0,20,0.248643295551648,-1.39173595758065
"CRE_net","s20",0,21,0.226554510464478,-1.48476969871172
"CRE_net","s21",0,22,0.206428032165209,-1.5778034398428
"CRE_net","s22",0,23,0.188089534727149,-1.67083718097387
"CRE_net","s23",0,24,0.171380178858469,-1.76387092210494
"CRE_net","s24",0,25,0.156155236112248,-1.85690466323601
"CRE_net","s25",0,26,0.142282835317901,-1.94993840436709
"CRE_net","s26",0,27,0.129642820376185,-2.04297214549816
"CRE_net","s27",0,28,0.11812570952455,-2.13600588662923
"CRE_net","s28",0,29,0.107631747058487,-2.2290396277603
"CRE_net","s29",0,30,0.098070039295336,-2.32207336889138
"CRE_net","s30",0,31,0.0893577672966927,-2.41510711002245
"CRE_net","s31",0,32,0.081419469530381,-2.50814085115352
"CRE_net","s32",0,33,0.0741863882587631,-2.60117459228459
"CRE_net","s33",0,34,0.0675958739921083,-2.69420833341567
"CRE_net","s34",0,35,0.0615908428486847,-2.78724207454674
"CRE_net","s35",0,36,0.0561192821214836,-2.88027581567781
"CRE_net","s36",0,37,0.0511337997690337,-2.97330955680888
"CRE_net","s37",0,38,0.0465912139282103,-3.06634329793996
"CRE_net","s38",0,39,0.0424521788935944,-3.15937703907103
"CRE_net","s39",0,40,0.0386808443237953,-3.2524107802021
"CRE_net","s40",0,41,0.0352445447229435,-3.34544452133317
"CRE_net","s41",0,42,0.0321135165077928,-3.43847826246425
"CRE_net","s42",0,43,0.0292606402098008,-3.53151200359532
"CRE_net","s43",0,44,0.0266612055792658,-3.62454574472639
"CRE_net","s44",0,45,0.0242926975569655,-3.71757948585747
"CRE_net","s45",0,46,0.0221346012594847,-3.81061322698854
"CRE_net","s46",0,47,0.0201682242891094,-3.90364696811961
"CRE_net","s47",0,48,0.0183765348292203,-3.99668070925068
"CRE_net","s48",0,49,0.0167440141228447,-4.08971445038176
"CRE_net","s49",0,50,0.0152565220566078,-4.18274819151283
"CRE_net","s50",0,51,0.0139011746858355,-4.2757819326439
"CRE_net","s51",0,52,0.0126662326399888,-4.36881567377497
"CRE_net","s52",0,53,0.0115409994418521,-4.46184941490605
"CRE_net","s53",0,54,0.0105157288597653,-4.55488315603712
"CRE_net","s54",0,55,0.00958154049042696,-4.64791689716819
"CRE_net","s55",0,56,0.00873034284108958,-4.74095063829926
"CRE_net","s56",0,57,0.00795476324492032,-4.83398437943034
"CRE_net","s57",0,58,0.00724808400248779,-4.92701812056141
"CRE_net","s58",0,59,0.00660418419626336,-5.02005186169248
"CRE_net","s59",0,60,0.00601748667416168,-5.11308560282355
"CRE_net","s60",0,61,0.00548290974291738,-5.20611934395463
"CRE_net","s61",0,62,0.00499582315288907,-5.2991530850857
"CRE_net","s62",0,63,0.00455200799305198,-5.39218682621677
"CRE_net","s63",0,64,0.00414762014880898,-5.48522056734784
"CRE_net","s64",0,65,0.00377915700610892,-5.57825430847892
"CRE_net","s65",0,66,0.00344342711347937,-5.67128804960999
"CRE_net","s66",0,67,0.00313752253920067,-5.76432179074106
"CRE_net","s67",0,68,0.00285879368419255,-5.85735553187213
"CRE_net","s68",0,69,0.00260482633245443,-5.95038927300321
"CRE_net","s69",0,70,0.00237342074028138,-6.04342301413428
"CRE_net","s70",0,71,0.00216257258313645,-6.13645675526535
"CRE_net","s71",0,72,0.0019704555951504,-6.22949049639642
"CRE_net","s72",2.05506708057033e-05,73,0.00179540575088043,-6.3225242375275
"CRE_net","s73",0.0142459855991111,74,0.00163590685231781,-6.41555797865857
"CRE_net","s74",0.0333387214290152,75,0.00149057739630611,-6.50859171978964
"CRE_net","s75",0.0536146534526105,76,0.00135815860862172,-6.60162546092071
"CRE_net","s76",0.0637158296872235,77,0.00123750354107375,-6.69465920205179
"CRE_net","s77",0.0745456061052955,78,0.00112756713718743,-6.78769294318286
"CRE_net","s78",0.0840533430415019,79,0.00102739718042495,-6.88072668431393
"CRE_net","s79",0.0930771435869435,80,0.000936126046541284,-6.973760425445
"CRE_net","s80",0.101289183891499,81,0.000852963188638053,-7.06679416657608
"CRE_net","s81",0.108961726275912,82,0.000777188289824504,-7.15982790770715
"CRE_net","s82",0.115774464441437,83,0.000708145024177179,-7.25286164883822
"CRE_net","s83",0.12201743092125,84,0.000645235371958748,-7.34589538996929
"CRE_net","s84",0.126641027630411,85,0.000587914439857136,-7.43892913110037
"CRE_net","s85",0.13215773268588,86,0.000535685741380322,-7.53196287223144
"CRE_net","s86",0.135198208754034,87,0.000488096896527863,-7.62499661336251
"CRE_net","s87",0.139888518478403,88,0.000444735713491745,-7.71803035449358
"CRE_net","s88",0.142496605198925,89,0.000405226618448127,-7.81106409562466
"CRE_net","s89",0.145513000840735,90,0.000369227402516555,-7.90409783675573
"CRE_net","s90",0.148209878254475,91,0.000336426257710347,-7.9971315778868
"CRE_net","s91",0.150612880724136,92,0.00030653907620498,-8.09016531901787
