"year","month","date","T2m","T500","SPFH2m","PWAT","APCP","TCDC","DLWRF","ULWRF","DSWRF","USWRF","PRMSL","CSDSF","CSUSF","CSDLF","CSULF","CDUVB","DUVB","ALBDO","CRE_SW","CRE_LW","CRE_net"
1979,1,1979-01-01,285.40766072157,257.25862729928,0.00940572458656194,22.9268017567038,0.51393983171863,58.4234186690161,329.882185314548,387.201488004852,201.423440664552,29.0003914702956,101148.282421845,255.593393734123,35.3581114087356,304.841751517261,387.179805258858,4.13709519393676,3.47455224517226,11.081320870401,-47.812233131131,25.018751051293,-22.793482079838
1979,2,1979-02-01,285.369593252048,257.422629795104,0.00953136920918115,22.9863721402392,0.510288973367065,58.633876569038,330.848406095843,387.551839405379,199.311226141958,27.616200188839,101159.296041534,252.991820520826,34.1081984197316,305.346901936422,387.52429975448,4.0900140649845,3.438671755656,11.8161358078914,-47.1885961479754,25.473964508522,-21.7146316394534
1979,3,1979-03-01,286.26742704779,257.472174202015,0.00960994425691859,23.3585825479865,0.50760493106513,58.9795605607438,334.593214990306,391.562214908393,197.007981227103,27.1481528122462,101155.300194358,249.145634947873,34.3465978553481,308.564655505977,391.545487218991,4.00097785053686,3.37921712004796,12.2892927119521,-44.9392086776681,26.011831794927,-18.927376882741
1979,4,1979-04-01,287.18050259722,257.749695331198,0.00970300876786788,23.3742288413615,0.503231159847559,58.4984338312281,337.195070858737,395.636608414755,195.944424416558,28.4921032154451,101144.742736417,245.28259542721,35.9596639522471,311.393683426284,395.630682499087,3.90126904111855,3.32142414693448,11.9003474631044,-41.87061027385,25.795461516785,-16.075148757065
1979,5,1979-05-01,288.263194306762,258.439126515101,0.00995163974488673,24.2748554742785,0.524946773808921,58.877047665635,342.79423007755,400.53354512999,191.449508064359,27.6105408566899,101134.242443046,241.114677660558,35.075637581433,316.69492702212,400.550292090055,3.82657198502061,3.23616662702314,10.3720117625842,-42.2000728714559,26.116050015495,-16.0840228559609
1979,6,1979-06-01,289.104627613966,259.262744249913,0.0101628272484533,25.3236001314631,0.536755792145446,58.9018922694661,347.437725971629,404.768383961595,186.802864712718,25.1059614111196,101134.503412934,237.835278824003,32.4635947604201,321.544862173346,404.783209077645,3.78878702716889,3.175855448282,9.13972432681083,-43.6747807619845,25.9076889143329,-17.7670918476516
1979,7,1979-07-01,289.325597375137,259.719281857097,0.0102875912222341,25.8811264052996,0.538685249139554,58.7816812375447,349.570860957801,406.120710371453,184.473499145627,22.7506521601787,101132.477462732,236.354399363572,29.7052260248936,323.768634706648,406.130321021019,3.78494178377238,3.15525787068381,8.81391526735896,-44.9263263532301,25.811836900719,-19.1144894525112
1979,8,1979-08-01,289.289187670278,259.393331843066,0.0102969696425731,25.5958370773344,0.526366542605782,58.6195651580679,349.348698979949,406.086916965027,185.181331145125,21.2601339076608,101138.27273167,238.105180748954,27.9895729824438,322.996657700398,406.092812960639,3.80924235054674,3.17285399766954,9.30737646020198,-46.194410529046,26.357937275163,-19.836473253883
1979,9,1979-09-01,288.68841411287,258.720120462562,0.00999723441899035,24.6721091110384,0.52004348390703,58.0450590957032,345.171093962426,402.84175554831,189.389082751963,22.1785284591514,101141.495611133,242.624898550456,28.7343693813381,318.980490250228,402.850673994352,3.85996039185787,3.22840255184513,10.3025100114586,-46.6799748763063,26.19952215824,-20.4804527180663
1979,10,1979-10-01,287.650576901011,258.106872677241,0.00967950252488274,23.6399459196683,0.499610211639071,58.9420619410425,339.909479600512,397.728980428673,194.252743711506,25.5141413659988,101136.379337573,248.538514439001,32.2986966554084,313.343846539917,397.738062911232,3.95846804290555,3.3142654756395,11.041673711475,-47.5012154380854,26.574715543154,-20.9264998949314
1979,11,1979-11-01,286.459512420227,257.445528657983,0.00943672385716249,23.0915286594083,0.51471238029502,58.50858789742,334.187777412946,391.924377469511,199.510376958777,29.7495410816286,101146.778388482,253.842517791931,36.5562122426638,307.95480091417,391.926412012742,4.06159149818399,3.41011339648986,11.2564592448318,-47.5254696721188,26.235011042007,-21.2904586301118
1979,12,1979-12-01,285.996362375459,257.286673328442,0.00938324885195995,22.9223423050828,0.494745802834926,58.8146728517478,332.172007737189,389.598811072885,202.026712406891,29.8337051567557,101139.681099595,256.426367013234,36.3448485784558,306.389030142545,389.579632403377,4.12302644302015,3.4656828546416,10.6035951017991,-47.8885111846429,25.763798925136,-22.1247122595069
1980,1,1980-01-01,285.60304188475,257.359574311914,0.0094077689114729,22.9598156336687,0.513560990874933,58.8332992081066,330.76414419615,388.068166316129,201.24958365504,28.679345170005,101149.573369456,255.863387816428,34.9559618522441,305.565627348307,388.029036200525,4.13447112982357,3.47050069285084,10.8764196418521,-48.3371874791489,25.1593867322391,-23.1778007469099
1980,2,1980-02-01,285.92365520073,257.723416605598,0.0095393002037931,23.25414416721,0.504743765938018,58.5489023522513,332.671925894155,389.646234404432,198.546079323963,27.1290826511186,101152.674927918,253.11644117385,33.7118468527183,307.27242858705,389.600305789817,4.09137386098494,3.42853879373933,11.6371580441353,-47.9875976482873,25.35356869249,-22.6340289557973
1980,3,1980-03-01,286.546490233983,257.595521244589,0.00966200406338876,23.5276433202715,0.509724577454329,58.3750406314456,335.4194754364,392.708345274044,197.277034440579,26.8506231130353,101154.835809528,248.913468986045,33.6960089645611,309.650723007879,392.648275144397,4.00909563461196,3.39138233397163,11.9315112359264,-44.7910486939402,25.708682298874,-19.0823663950662
1980,4,1980-04-01,287.549154228779,257.989386630329,0.00981402471490068,24.1773935666493,0.508681381518047,58.9663047801058,339.569891412695,397.393925800099,194.872199145822,27.7051885261786,101150.590639084,244.794750373061,35.0488881535631,313.832279668801,397.392543062954,3.91042595592844,3.31930365514608,11.469236832034,-42.5788515998545,25.736229006749,-16.8426225931055
1980,5,1980-05-01,288.646716455682,258.684936424158,0.0100166403313102,24.8213485661248,0.521705342312285,58.9771063083136,344.852318694811,402.481441889032,191.224432594119,27.4879083341763,101132.595669923,240.807906191166,34.9861410635203,318.738637299121,402.518046191456,3.83417286138327,3.24715262289745,10.2395613982668,-42.085240867703,26.150285698114,-15.934955169589
1980,6,1980-06-01,289.225761508931,259.431239185114,0.0101246673872814,25.3205997683656,0.536250989822282,58.8166330081528,348.106944103661,405.469835460609,186.770164575338,25.1099885943743,101135.494894805,237.802228593038,32.4733396852697,321.845427068658,405.497096857783,3.78957942240748,3.17730572182736,9.09199931669854,-43.6687129268046,26.288778432177,-17.3799344946276
1980,7,1980-07-01,289.583331703213,259.837062185386,0.0102838901545325,25.9547816475255,0.536512935733515,59.268372560068,350.990891791897,407.185248524783,182.967247274211,22.7536445545567,101119.751463699,236.317553148295,30.0586031304749,324.46870004728,407.20472829879,3.78596288591517,3.13829138659199,8.87815526823043,-46.0453472981658,26.541671518624,-19.5036757795418
1980,8,1980-08-01,289.400620376943,259.656261565561,0.0102800711884481,25.6929769891245,0.534425298362381,59.2429461452124,349.967192871244,406.218241902496,183.841860487664,21.4070961201704,101131.939066751,238.063294107054,28.1611121666589,323.416366923269,406.230113512089,3.80879424973725,3.15194358309333,9.38816812593396,-47.4674175729015,26.562697557568,-20.9047200153335
1980,9,1980-09-01,288.692335430819,258.986893458427,0.00995269285141808,24.474410139192,0.521091424472391,57.5321745000264,344.660471251068,402.610247318516,190.272965073458,22.54842783169,101133.641796087,242.840225233695,28.9802709862196,318.572915692277,402.631305857073,3.86715269172733,3.24169134363301,10.4291010656472,-46.1354170057074,26.108614097348,-20.0268029083593
1980,10,1980-10-01,287.567193538752,257.96561784545,0.00960861425379865,23.5970736748724,0.513537080797687,58.6536677189978,339.402680510607,397.053726737578,194.152648017886,26.0712907395585,101140.707218531,248.719954683173,32.8676892190842,312.569888288597,397.07418156624,3.96757432579299,3.31814667772065,11.1326620581253,-47.7709081857613,26.853247050672,-20.9176611350893
1980,11,1980-11-01,286.514578992273,257.485215612946,0.00938210618777738,22.8618067587508,0.508169486419068,58.6455570799932,333.720588041077,392.018958437925,200.212605374232,30.0389433292695,101139.038592875,253.925135973667,36.7451235089496,307.844240745434,392.011653449053,4.07319798230128,3.42607814984838,11.2095288121738,-47.0063504197549,25.869042306771,-21.1373081129839
1980,12,1980-12-01,285.831296207188,257.242557784712,0.00930987566934764,22.6894822888307,0.499128266174344,58.4701207768052,330.726096257499,388.836337947894,202.876376458332,30.3564299993144,101140.923760483,256.650152051118,36.6951850118215,305.299768101837,388.797035779195,4.13162691860619,3.47988833977339,10.660423576215,-47.4350205802789,25.3870259869631,-22.0479945933158
1981,1,1981-01-01,285.939330577999,257.488426745555,0.00938474478413959,22.8950867334261,0.521131266757168,58.5953506423893,331.499602400079,389.222424786054,201.172745702636,28.4748277859456,101144.830476055,255.838839193964,34.6934062077078,306.183256022189,389.17867969641,4.13265709340964,3.46477024453077,10.7359260569927,-48.4475150695658,25.272601288246,-23.1749137813198
1981,2,1981-02-01,286.043509639519,257.736743589525,0.009559027574787,23.4721591100973,0.525101404589513,59.4120875901428,333.590240898473,389.774208149295,197.158868570784,26.5390732958802,101152.298386741,252.780458634664,33.1536549904566,307.655881042407,389.741929141241,4.08846330195906,3.41228601897127,11.3907172608973,-49.0070083693036,25.902080848012,-23.1049275212916
1981,3,1981-03-01,286.77436765762,257.705524186478,0.00971525115128299,23.7300533717261,0.50742161129239,58.5939739311686,336.216098595118,393.445948799339,196.767039331951,26.2301894251018,101141.769260932,248.661668569189,33.1222468831814,310.778976260143,393.429455589702,3.99617194983433,3.37514374842393,11.8605678771947,-45.0025717791584,25.420629125338,-19.5819426538204
1981,4,1981-04-01,287.596319741371,257.857434186626,0.00980509253209766,23.9343071572924,0.504617090990277,58.2965102262243,339.233752401941,397.416754283008,195.255685985854,27.2880854101283,101153.845288807,244.710835747924,34.4446613226526,313.683197964125,397.438625278527,3.89784909183366,3.31414121276931,11.3731669321155,-42.2985738495457,25.572425433335,-16.7261484162107
1981,5,1981-05-01,288.519118217796,258.617895878782,0.00993123487241511,24.4948559876258,0.521573995920455,58.3556959980569,343.551694723628,401.778457526909,191.978077147741,27.2347302895901,101136.749211774,240.874748440998,34.5490536540862,317.711714976934,401.820881511787,3.82894381866284,3.24873199397568,10.1880650801601,-41.5823479287609,25.882403731572,-15.6999441971889
1981,6,1981-06-01,289.28984377641,259.183404646588,0.0101030886542938,25.0516304730027,0.530300809744289,58.3496163647647,347.485429119045,405.708816198655,187.921263355134,24.8147036519998,101120.635604041,237.814986140433,32.0504926551209,321.554804372615,405.74477031185,3.7895336476123,3.19194090136743,9.01306298599192,-42.6579337821779,25.966578859625,-16.6913549225529
1981,7,1981-07-01,289.476733882651,259.852705783881,0.0103057837626624,25.9541569551269,0.547023069868572,59.2363038427433,350.283472262841,406.584435450365,183.491625076781,22.7143390601118,101118.087136861,236.219578025056,29.9082692344202,324.242595437051,406.614215754455,3.7866588959501,3.14463158878989,8.87490211789605,-45.5340227739666,26.07065712988,-19.4633656440866
1981,8,1981-08-01,289.437707629866,259.666535880419,0.0102297572289763,25.2633367242873,0.537643184270761,57.8592325572523,348.361559684795,406.355619206083,186.644475480824,21.4833384255733,101116.851869968,238.298220476388,28.0337408932207,322.934685740164,406.380502279176,3.81140395217456,3.18720069350451,9.37027646471635,-45.1033425279166,25.451757017724,-19.6515855101926
1981,9,1981-09-01,288.720851495983,258.846259175468,0.00998186803726428,24.3816503182663,0.529842339972572,56.9544510440807,343.516230157238,402.610528478766,192.328635145709,22.6035760790267,101121.435172572,242.909177318551,28.8955280566758,318.436711737763,402.627115178162,3.86532039162903,3.26457508922697,10.3779571927039,-44.2885901951929,25.096105118871,-19.1924850763219
1981,10,1981-10-01,287.548653221361,257.978439584732,0.00958556892366382,23.2554869511761,0.522000317731252,57.7885903720505,337.743885712872,396.85926082138,196.365263413043,26.3139742120848,101135.04170444,248.943359326764,32.9110734509495,311.979484830783,396.871079966053,3.96068624152287,3.33369384591726,11.1598286729585,-45.9809966748563,25.776220026762,-20.2047766480944
1981,11,1981-11-01,286.344138306036,257.481173350164,0.00932239612495148,22.651793958093,0.517075580706531,59.2271601284843,333.09012998134,390.799692455678,197.738380632341,29.9665160816964,101142.26325447,254.149301970653,36.9996884692612,306.668573106273,390.796364165666,4.06831516280863,3.38275644170734,11.3009550279617,-49.3777489507472,26.418228585055,-22.9595203656922
1981,12,1981-12-01,285.852406179119,257.365172243551,0.0092662608790683,22.7240002499666,0.513114995480177,59.282871393116,330.807073735963,388.607816640896,200.01068383746,30.4865969502786,101136.072315586,256.711584599874,37.1262465415877,305.119928398335,388.600333143733,4.13526489666688,3.43982748025818,10.8586128596439,-50.0612511711049,25.679661840465,-24.3815893306399
1982,1,1982-01-01,285.255430072795,257.22788490164,0.00926648216896655,22.5224548898136,0.51794199611925,58.8834719030267,328.939264318256,386.612629468978,200.406765722717,28.7550258719529,101147.081924602,256.09262064541,35.2717656747128,303.653699176783,386.596200088377,4.14631661999157,3.46120538862953,11.0855396694612,-49.1691151199331,25.269135760872,-23.8999793590611
1982,2,1982-02-01,285.568129553876,257.407367346004,0.00943050648679388,23.0792078191654,0.517366963902978,60.0402221845863,331.48297418353,387.760121690963,197.775847884585,27.3539640847076,101154.891750258,253.110527936079,34.0789366235006,305.617614703087,387.741199594591,4.09050583110343,3.41565739365182,11.8478626481925,-48.609707512701,25.8464373840711,-22.7632701286299
1982,3,1982-03-01,286.051723714007,257.464866179577,0.00956139894824252,23.3505097272222,0.515979882086997,60.0855299076311,334.211164406831,390.364980298405,194.500137205761,27.0058934273779,101159.834519547,248.91579128336,34.2657281036713,307.798203453465,390.345887322272,3.99593747134544,3.34016305120843,12.2785314609133,-47.1558194013056,26.393867977233,-20.7619514240725
1982,4,1982-04-01,287.155023012427,257.802226888698,0.00964505037406161,23.6999144744107,0.507345086485873,59.6461693741868,338.155793728589,395.558460766967,192.556779746305,27.3173270129809,101143.777845324,243.697693618796,34.9232184331839,311.734992947544,395.554053409646,3.87223357737693,3.268009777285,11.622338221875,-43.535022452288,26.4163934237239,-17.118629028564
1982,5,1982-05-01,288.231003415393,258.427213565589,0.00986948364833134,24.3164520392667,0.513867406994508,58.9698739912887,342.399241260304,400.398976777724,189.618369236068,27.4173977374414,101124.665604631,238.518750347001,34.6033780542314,316.599635720812,400.403111301098,3.77054143808914,3.19281620859673,10.2907447622276,-41.714400794143,25.803740062866,-15.910660731277
1982,6,1982-06-01,288.970741079957,259.169932979794,0.0100435378077322,24.9429948467367,0.53821125723005,59.1368257874422,346.891097312674,403.997491871146,184.844273539216,24.7279094043227,101101.182036128,234.950043799882,31.9215836750321,320.479011945442,404.005424675151,3.71491741254888,3.12028342049678,9.00893640384798,-42.9120959899566,26.420018171237,-16.4920778187196
1982,7,1982-07-01,289.304868349714,259.439924445763,0.0102014629370918,25.6683317207153,0.543057080296591,58.3401612999121,348.513683387879,405.600224200504,182.760795225854,22.4249731108271,101096.727989546,232.637019899448,29.1167601635848,323.036356898301,405.607928264229,3.69341971058853,3.09392741980134,8.7249865426265,-43.1844376208363,25.485030553303,-17.6994070675333
1982,8,1982-08-01,289.080035094312,259.420198423242,0.0102272354634298,25.6976902125069,0.536226262304868,59.4047590225315,348.69746090048,404.538602967492,181.859005901948,20.8882081274876,101111.446037665,234.135405054547,27.3600631262622,322.356736229524,404.542283591318,3.71958126863331,3.09327645881316,9.19488483372863,-45.8045441538244,26.344405294782,-19.4601388590425
1982,9,1982-09-01,288.47267429809,258.536716255897,0.00990958266798814,24.3426287812609,0.513837132900564,58.4315876358906,344.109964365461,401.587709258166,186.894008085762,21.7624054052605,101114.355259238,238.852683478791,28.1433303393026,317.602519193664,401.595923769005,3.78073492134,3.16833001485095,10.1428379703415,-45.5777504589869,26.515659682636,-19.0620907763509
1982,10,1982-10-01,287.395275859515,257.574976777164,0.00952786151628083,23.0549193735049,0.516517624539277,58.5812745976297,337.459533476739,396.225717017907,193.670384310957,25.4299633954821,101124.433572848,244.868490744939,31.9417897420298,311.285131206538,396.238507097446,3.8848845297805,3.28088483004972,11.0278884148752,-44.6862800874343,26.18719234974,-18.4990877376943
1982,11,1982-11-01,286.264829266563,257.29092524153,0.00935441733860138,22.7961047127089,0.516660234951701,59.35489405078,332.812968590048,390.57058645754,196.620575162148,29.1609350237343,101130.17603681,249.980828233795,35.82768836143,306.777250346701,390.578205311802,3.99398408530975,3.35187510095128,11.0690216199315,-46.6934997339513,26.043337097609,-20.6501626363423
1982,12,1982-12-01,285.796705788627,257.207990537752,0.00927727287702945,22.6052250673782,0.517821318422651,59.0672847454834,330.750538766089,388.591363684843,199.956517435742,29.6210923020141,101129.477272321,252.984309015796,35.9116935025214,305.03002060711,388.591720745656,4.0636823282737,3.42221339755545,10.5560002727872,-46.7371903795467,25.720875219792,-21.0163151597546
1983,1,1983-01-01,285.603611047774,257.567870899083,0.00936202835211558,22.775171129964,0.524393047356223,59.2229640825699,330.448718119433,387.953548622383,198.247032305504,28.2873991776294,101135.686110982,252.540001186022,34.4763062852274,304.929466923928,387.940768257041,4.07684032733331,3.41079110041612,10.8156998624149,-48.10406177292,25.506470830163,-22.597590942757
1983,2,1983-02-01,285.865136503976,257.266766707767,0.0095430877176509,23.3242718075954,0.517751816611839,58.1813799577868,331.813434019913,389.463570779569,197.747196692369,26.9938915279578,101144.531947727,249.812489388706,33.2298557963982,307.193870485973,389.443070626891,4.03691849876008,3.40170031929555,11.6430193795716,-45.8293284278966,24.599063381262,-21.2302650466346
1983,3,1983-03-01,286.47280356326,257.833128456404,0.00964610591757808,23.5527409582152,0.4999041238033,58.6502832824375,335.263355358683,392.221943129398,194.542214645884,26.686500902023,101160.034393544,245.798526171247,33.472388421086,309.569008411889,392.200049383212,3.95633936353055,3.33875926620736,12.1067205116008,-44.4704240063,25.6724532006079,-18.797970805692
1983,4,1983-04-01,287.352810491627,258.002924642659,0.00971026769876416,23.7124519659198,0.512031688746589,59.1172078869305,338.653113652735,396.468672611618,192.339734840235,27.1365015847627,101144.509934805,241.945740356703,34.3733996573911,312.67979946666,396.454774082303,3.85976243591124,3.27032414900246,11.5031887940726,-42.3691074438396,25.95941565676,-16.4096917870796
1983,5,1983-05-01,288.504871418461,258.766628149553,0.00997491681221269,24.5462339984875,0.526517522204593,59.5318114183586,344.215980687374,401.567753820677,188.782502670648,27.0969613832755,101115.016198975,238.027430566947,34.2167058483046,317.912327646538,401.570063185732,3.78502940876995,3.20029057842832,10.1651231143835,-42.1251834312699,26.305962405891,-15.8192210253789
1983,6,1983-06-01,289.12861654792,259.148421498407,0.0101164890396881,25.1569135327858,0.533638627843313,59.038677662531,347.412531809037,404.975002991265,185.241399153373,24.6884360682802,101117.312224399,235.085066423956,31.7279385145591,321.368737949872,404.98490853127,3.74302530776307,3.14267705054385,8.95917105768418,-42.8041648243041,26.0536993991699,-16.7504654251341
1983,7,1983-07-01,289.325132356171,259.843156677145,0.0102996674746598,26.0369040413324,0.543240812441741,59.8919874081355,350.575255528768,406.093583381778,181.35277326332,22.2277045602525,101120.893988749,233.742409658893,29.1719347230219,324.174580112552,406.101983978196,3.7455118836384,3.10796474799654,8.70051013360402,-45.4454062328036,26.409076012634,-19.0363302201696
1983,8,1983-08-01,289.333110718039,259.7577513229,0.0102967460920293,25.9072692873994,0.534327737286661,59.0884059748667,349.944512505785,405.854799935844,183.438134925192,20.9329390505255,101115.286340546,235.837510313099,27.4832852994463,323.527512126632,405.85512935431,3.77831557478493,3.14624960980304,9.20081439269736,-45.8490291389862,26.4173297976189,-19.4316993413672
1983,9,1983-09-01,288.711859500327,258.837306059134,0.009991215479583,24.5515730627308,0.527794784248105,57.7437944854576,344.746256332947,402.620169668947,189.042510285003,22.0744423986542,101109.302922303,240.962188668033,28.4363377673589,318.70733247936,402.629635436168,3.84139377868794,3.22290104321844,10.2569181900836,-45.5577830143253,26.0483896208079,-19.5093933935173
1983,10,1983-10-01,287.423882043374,257.993144540708,0.00958052212176897,23.284265417084,0.510282555732296,58.1622882366661,337.818421680296,396.18045721029,194.114351608262,25.6632441886764,101127.416537245,247.324198142813,32.288472994564,311.496118168032,396.191630384612,3.94380919228208,3.30823692736402,11.0873059488449,-46.5846177286634,26.333476686586,-20.2511410420774
1983,11,1983-11-01,286.382009733908,257.373168276323,0.00927842897126637,22.5571479506614,0.514183768623023,58.6039574902074,333.012282735703,391.269363532275,198.419025479487,29.6710235971,101127.047790758,252.847835052915,36.4414378605664,306.840204512788,391.27508632253,4.05833219330955,3.39732657628818,11.2374283443627,-47.6583953099616,26.17780101317,-21.4805942967916
1983,12,1983-12-01,285.592843924365,256.998736750457,0.00919309953638308,22.3145266035554,0.512401916164982,58.231387000784,329.086906611566,387.609214453958,202.183985009885,30.5363249205213,101134.473828998,255.853369244268,36.9698096528548,303.856323213714,387.605729327563,4.13033681894339,3.4727005554436,10.9178784794378,-47.2358995020495,25.227098271457,-22.0088012305925
1984,1,1984-01-01,285.383422050755,257.015058360776,0.00924128316936534,22.353892171977,0.503956506963293,58.3838206311297,328.729253802336,386.691380064716,201.789736912559,28.9563457486457,101152.835820904,255.237693636894,35.1105085220826,303.447404810383,386.677998466339,4.13438241289871,3.47999618576587,11.0037341967835,-47.2937939508981,25.268467393576,-22.0253265573221
1984,2,1984-02-01,285.49136276697,257.280845678385,0.00936081453577656,22.7511466298553,0.513246227578953,58.7465260001923,330.197036600736,387.72602089814,199.036654677393,27.6723917929162,101156.451740046,252.532922971825,34.062106437455,304.762694885934,387.707931339491,4.08625004324138,3.4349555705488,11.8055543047423,-47.1065536498932,25.416252156153,-21.6903014937403
1984,3,1984-03-01,286.357456476582,257.460972083748,0.00953262543864715,23.1279412433931,0.510292382092624,59.5602270232305,334.564814705297,391.605748278628,196.014204108085,27.2881790331941,101142.565758535,248.244441345492,34.5058235584166,308.403642174853,391.580589601577,4.00661999155558,3.37788966493823,12.2918756604205,-45.0125927121845,26.136013853393,-18.8765788587915
1984,4,1984-04-01,287.223540464767,257.646747152601,0.00967324983561307,23.5788865186276,0.510420624744722,58.5484363893891,337.870235193417,395.695639953849,194.124459805245,27.8146345827105,101135.273799437,244.175659509116,35.1899464150919,311.766187960045,395.683550853242,3.89781810535729,3.30275816499447,11.5963659474378,-42.6758878714896,26.091958132765,-16.5839297387246
1984,5,1984-05-01,288.509921080013,258.474306533677,0.00987953265832963,24.3232517119271,0.524879008236427,58.5427319521164,343.313623837303,401.415162065069,190.950867068761,27.0056797621107,101116.229268682,240.136288861123,34.2691918425933,317.415476191031,401.416845557097,3.82083134297046,3.23608955672788,10.1319783104665,-41.9219097118794,25.8998311383,-16.0220785735794
1984,6,1984-06-01,288.922313482304,259.099717596903,0.0100057949809438,24.8544604175164,0.532179424859843,58.2110447509157,345.800408117548,403.6655681129,186.496013454296,24.7479808646471,101120.644428077,237.216094052754,31.9449561162117,320.051137053498,403.670041044783,3.78532649234703,3.17345263443011,8.99725866700356,-43.5231053468934,25.753743995933,-17.7693613509605
1984,7,1984-07-01,289.193159143346,259.438163858701,0.0101726615993123,25.3729947047406,0.529682437051661,59.2409037580155,348.713023872248,405.235348206213,184.238705289854,22.4135381261103,101111.316116862,235.887647142048,29.3612322204607,322.309953743309,405.234810660198,3.78380266433923,3.15955913486117,8.76997455912154,-44.7012477578436,26.402532582924,-18.2987151749196
1984,8,1984-08-01,289.163935165221,259.287452220237,0.0101481064763768,25.1441739416481,0.525447881739246,57.8702788930579,347.406250331299,404.984245352518,187.115385842194,21.4250557550255,101120.698817602,237.906488519522,27.8327483508659,321.646147408022,404.984177255365,3.81121511990022,3.20238447349457,9.32695305735868,-44.3834100814876,25.7600348261241,-18.6233752553635
1984,9,1984-09-01,288.508883564753,258.173776683129,0.00982349221658128,23.9358756485921,0.507536169795455,57.1707241163158,342.50726339365,401.795371765948,192.418779675429,22.3424782985439,101124.931911856,242.693922388934,28.7343567785912,316.794194172911,401.802197782645,3.86746706290366,3.27606412021874,10.3135609326845,-43.8832642334577,25.719895237436,-18.1633689960217
1984,10,1984-10-01,287.441923336313,257.825096075513,0.00953016583445036,23.1784514438066,0.51540005807363,58.8122585898862,337.943964417723,396.150535093715,194.9505332698,25.964776842038,101135.435315241,248.635129337693,32.6931519933013,311.422213072365,396.165895826313,3.97290927681614,3.33147500293865,11.1206849941279,-46.9562209166297,26.537112077956,-20.4191088386738
1984,11,1984-11-01,286.15839611434,257.149148294143,0.0092617594667231,22.4340489207593,0.510167182928999,58.2083040394856,331.310903585859,390.130225675187,201.174580235752,30.3479310486061,101137.416533922,254.011325742884,37.0108273941335,305.787954550832,390.133764772672,4.08604257865064,3.44790618978974,11.377046740045,-46.1738491616046,25.526488132512,-20.6473610290926
1984,12,1984-12-01,285.389380707217,257.044714675225,0.0091770235584548,22.2482835112299,0.503938078059818,60.1537045531799,329.519501345501,386.813613277825,200.670297941986,30.2919457980525,101151.575241301,256.677019167325,37.000273412288,303.054273723332,386.803455104719,4.15025095936197,3.46791387887393,10.8635566733849,-49.2983936111035,26.4550694490629,-22.8433241620405
1985,1,1985-01-01,285.473019679945,257.050091750077,0.00920680193475889,22.334829393106,0.494242389418407,58.9519683784801,328.870371708721,387.224667283516,201.960843915324,28.9146593017564,101139.262558235,255.745810253373,35.1735990624851,303.790126065558,387.21001378231,4.15262228621312,3.49372247046103,11.1117728267882,-47.5260265773203,25.065592141957,-22.4604344353633
1985,2,1985-02-01,285.264146935016,257.084845273742,0.00929787478587996,22.4074120801578,0.49446785211325,58.4742149234847,328.914316067207,386.564660708397,199.855885542928,27.7808166294969,101158.895587159,253.246102776148,34.1675596235534,303.439385840261,386.544342073384,4.09924343260729,3.45172408010698,11.8734821924557,-47.0034742391635,25.4546115919329,-21.5488626472306
1985,3,1985-03-01,286.196844969605,257.188297778215,0.00952480055947421,23.2320804276539,0.501707336363987,59.5558962020021,334.062530212019,390.856490014884,195.981667042566,27.5091515802361,101156.991319247,248.748990277664,34.6865222147403,307.743299792836,390.84039901834,4.02027769118014,3.3832894086625,12.3806781041833,-45.5899526005938,26.303139422639,-19.2868131779548
1985,4,1985-04-01,287.138087313675,257.632858003136,0.0096289114399949,23.6245697960819,0.501645124535124,59.3107847955655,337.779359292897,395.006832904353,193.674843888398,27.91271001373,101141.545213335,244.569034759908,35.2835205991922,311.401826223669,394.995291185503,3.91725278966798,3.31073011503337,11.6431592586421,-43.5233802860478,26.365991350378,-17.1573889356698
1985,5,1985-05-01,288.201228337108,258.161073302881,0.00979215346295617,24.0749709598756,0.516536628075006,59.1198810822369,342.072035679365,400.225842793323,191.738969720791,27.487155897815,101137.689297689,240.672853773934,34.903497594189,315.818045223538,400.226978040852,3.83875545586142,3.25863153356282,10.3351438224766,-41.517542356769,26.255125703356,-15.262416653413
1985,6,1985-06-01,288.94838646865,258.818007178184,0.00988503098567219,24.3815743660444,0.516361941477622,58.33424867051,345.002990557576,403.665696389009,187.813611367365,24.5045424032629,101110.199360223,237.851973388329,31.7211631875469,319.030982054106,403.668156288619,3.79286274856184,3.19164450440967,8.91544180826277,-42.82174123668,25.97446840308,-16.8472728335999
1985,7,1985-07-01,289.130035022568,259.189343053083,0.0100751579855315,25.1791957407964,0.526655666197125,59.3338314380022,348.421872018422,404.918867937895,184.830844669784,22.1887577627851,101114.163827398,236.214619714142,29.1067944009826,321.621489012832,404.921079491626,3.78648697970003,3.16644781632291,8.60933582710425,-44.4657384061605,26.802594559321,-17.6631438468395
1985,8,1985-08-01,289.157760065311,259.364317085068,0.0101785449257574,25.3419482301915,0.536328975926618,59.1234351299508,348.549663888744,404.658726253606,184.506886061081,21.1878537379729,101113.860015344,237.871816450255,27.698036880162,321.98058535894,404.65957057999,3.81614538517108,3.17099465399889,9.23180661099047,-46.8547472469849,26.569922856188,-20.2848243907969
1985,9,1985-09-01,288.40293320998,258.535460321716,0.00984391651681257,24.1482939558796,0.518660011987288,58.5391064256393,343.655341009239,400.98025585739,188.787159972498,22.1074550076287,101124.876758496,242.688373762736,28.7092546102325,316.710908332138,400.987177187837,3.87717206248898,3.23354777290101,10.2551939966728,-47.2994141876342,26.951354007548,-20.3480601800862
1985,10,1985-10-01,287.260934500115,257.52735925265,0.00948346747867821,23.0118904913014,0.506801369228529,58.632923737068,337.285291720396,395.402530052631,194.271297205876,25.8935884106673,101128.636341556,248.729584696469,32.7405080718241,310.445804308053,395.410720840456,3.98618348208469,3.33365740996638,11.1257003273035,-47.6113678294362,26.847678200168,-20.7636896292682
1985,11,1985-11-01,286.182230118816,257.052983912312,0.00923350666486997,22.3341029525694,0.509786938209404,59.0139903414757,332.101817898349,390.243341106701,199.990053207825,30.2227688505008,101132.661066901,254.161063087076,37.109657079802,305.644087140219,390.245251183584,4.10220781557218,3.44445231920177,11.4043488452603,-47.2841216499498,26.459640835013,-20.8244808149368
1985,12,1985-12-01,285.574111986847,256.983793949426,0.0091386298792056,22.1399029110293,0.503636167462193,59.0463431251913,328.559829878831,387.295378194303,202.158698390022,30.7654405930751,101130.660391819,256.809551773998,37.3014829460547,303.312111033399,387.293825549713,4.16423622517283,3.49101974523596,10.9055327476592,-48.1148110309964,25.246166200842,-22.8686448301544
1986,1,1986-01-01,285.492770211622,257.179786947643,0.00923672381922098,22.3863374996592,0.511808481457056,57.9340824118603,328.521562731059,386.995506304087,201.526068671291,28.6037120176246,101124.479018356,255.796067584399,34.6935939988597,303.653428858722,386.987269322105,4.16027617303657,3.49053968697513,10.7058361234669,-48.1801169318729,24.8598968903551,-23.3202200415178
1986,2,1986-02-01,285.806237315782,257.105261955448,0.00929477404442201,22.4075677944833,0.497703838936414,57.5615043081173,329.727689956095,388.854963191729,200.85864714307,27.0825629360873,101134.63170629,252.973739844859,33.3285187486574,305.047643526042,388.840752462239,4.09440290072753,3.4593934582836,11.4824003153383,-45.8691368892189,24.665835700563,-21.203301188656
1986,3,1986-03-01,286.370518760598,257.31121377715,0.00950124242935131,22.9815699174032,0.514355378818125,58.3749306158708,333.83273110239,391.666185429997,197.686519528158,26.8028648942379,101148.458285581,248.682615382359,33.7025652494626,307.964455397323,391.654939061403,4.00583651873055,3.39452794279718,12.004482906747,-44.0963954989763,25.8570293364731,-18.2393661625032
1986,4,1986-04-01,287.424823908243,257.713063154102,0.00969090539245255,23.6161299018135,0.505123042949488,58.7003510522389,338.27622262074,396.460427376798,194.698563692288,26.82497801263,101142.940811217,244.360801849612,34.0412181101759,312.423594772307,396.458892219192,3.90445302653459,3.31483167777442,11.2983589171621,-42.4459980597781,25.851092690827,-16.5949053689511
1986,5,1986-05-01,288.385476918683,258.332088431604,0.00979277634962298,23.9448961738101,0.511346296116816,58.357826191238,341.984052605084,401.073987276338,192.558527247019,27.1402062909718,101127.880066651,240.593110739398,34.2821273397497,316.302399383672,401.083856157845,3.83592686584994,3.26566605647791,10.1179074744392,-40.8926624436011,25.691522102919,-15.2011403406822
1986,6,1986-06-01,289.042585080534,259.148199817099,0.00997545380668696,24.8981285014577,0.535015180259247,59.2447623392447,346.751533017994,404.542145791425,186.757401094924,24.7573212631922,101123.61313229,237.505250657922,31.9503684890518,320.468227195393,404.548276860965,3.79697231955638,3.18430381002935,8.94285448450473,-43.5548023371384,26.289436892141,-17.2653654449974
1986,7,1986-07-01,289.32357933197,259.380205108183,0.0101152640514235,25.354176336535,0.527762840962234,58.5879583283526,348.742200762905,405.855617231975,184.131142623843,22.4571407847595,101118.749733203,236.103478364249,29.3381096033094,322.579414221161,405.855846690699,3.79029704496922,3.15824268813144,8.6794956808401,-45.0913669218561,26.163016000468,-18.9283509213881
1986,8,1986-08-01,289.194193881939,259.111504804833,0.0101377471385744,25.1725313924385,0.52734017041842,58.6639862066573,347.737892356867,405.092067005693,185.775470844433,21.2412999664568,101120.58231217,237.860271169744,27.7116560258827,321.704972710628,405.096174559573,3.81958369730957,3.19128223864479,9.23191569259551,-45.6144442658851,26.037027200119,-19.5774170657662
1986,9,1986-09-01,288.470693254094,258.393869172888,0.00986622923484254,24.1825261730613,0.517652541625896,57.5430070516475,343.018845294403,401.495556779054,190.3848396648,22.0903955429659,101126.691985383,242.42032318166,28.5466290589519,317.140352204225,401.508812223643,3.87068237042228,3.25025492253356,10.2779444658113,-45.579250000874,25.891748534767,-19.687501466107
1986,10,1986-10-01,287.437714414231,257.647996703602,0.00952092302867727,22.9358367302778,0.508463719244316,57.3264033143046,337.298259145348,396.33999628187,195.652260374197,25.5985544437168,101128.246909575,248.448579166199,32.229167706464,311.13521000229,396.352840232483,3.96699952356395,3.33744654156802,11.0245280966915,-46.1657055292548,26.175893093671,-19.9898124355838
1986,11,1986-11-01,286.312018026253,257.211668036048,0.00930066701390334,22.5791046299419,0.51362889365567,59.4897575969019,333.301861789341,390.82694622281,197.981102529693,29.1493672317144,101147.337030379,253.561060814998,35.9857459396963,306.534714356722,390.834820417331,4.07602866334669,3.40482610833725,11.004189016888,-48.7435795773231,26.7750216271399,-21.9685579501831
1986,12,1986-12-01,285.616467488656,257.194914888586,0.00923794923651577,22.5480043031609,0.517905530249166,59.5199708879338,329.906262842145,387.601362787888,200.571140115014,30.062735667364,101139.330864927,256.280478728332,36.5621081177831,304.188380979626,387.599365597814,4.14497236682499,3.46121250924327,10.6207893201376,-49.2099661628989,25.715884672445,-23.4940814904539
1987,1,1987-01-01,285.468943869641,257.567823513117,0.00930961199643955,22.6327968099124,0.521908427645378,57.9714766856168,329.58068628615,387.329894569438,201.004172975587,28.7231791105614,101142.051100569,255.760027395325,34.9034506489225,304.360721768461,387.310427378638,4.16316629031637,3.48690362014792,10.9167888091882,-48.5755828813769,25.200497326889,-23.3750855544879
1987,2,1987-02-01,285.792551448636,257.531994993011,0.00948074671553864,23.1197647976837,0.507071116117645,57.5477136964118,331.429764959857,389.098321168824,199.492383690792,26.8309741579246,101151.990056495,252.937298789307,33.2171238767404,306.54694313862,389.08011973161,4.11758356953238,3.46239442843437,11.5647048501471,-47.0587653796992,24.864620384023,-22.1941449956762
1987,3,1987-03-01,286.283504332426,257.294102133192,0.00956642573901035,23.3165078875187,0.487220131280802,57.8831013836637,333.743506586733,391.683463308975,198.416751571391,26.9793621583074,101152.762074391,248.809335023444,33.7582922950362,308.396458973553,391.664598201953,4.01838966102617,3.41466120795327,12.1457680851676,-43.6136533153242,25.328182506158,-18.2854708091662
1987,4,1987-04-01,287.350972167195,258.004830833606,0.00970336059265708,23.7470160128387,0.496562333441217,58.0692649419769,338.073120907844,396.401522243799,195.151677265318,27.297914037977,101143.991174055,244.64837363052,34.314547439022,312.494086392002,396.391474939728,3.90752598851715,3.31940358286066,11.462076664139,-42.480062964157,25.5689872117711,-16.911075752386
1987,5,1987-05-01,288.385230426834,258.397519946602,0.00994698477019014,24.772147026302,0.50667625785668,58.1301308035337,343.42758688186,401.321134541656,192.031876175043,27.0033872376748,101139.480146696,240.361420769234,34.0816714373108,317.78053404628,401.32403561403,3.83020904389074,3.25774079970913,10.1449817960903,-41.251260394555,25.6499539079539,-15.6013064866011
1987,6,1987-06-01,289.206058617215,259.398221853109,0.0101441051069465,25.3999526312322,0.528426141525952,58.0839281417395,347.438220993716,405.105795120906,187.180519502449,24.5349122769538,101120.421752056,237.33746461345,31.7381317488561,321.765999388892,405.108908707557,3.78723015504141,3.18414505378916,8.93544627334781,-42.9537256390987,25.675335191475,-17.2783904476237
1987,7,1987-07-01,289.548924463628,259.644753078331,0.010321055377487,26.0296904171519,0.532618440245584,58.5654237689502,350.912704896335,407.337432614976,183.931836291017,22.2902916501047,101130.065690422,235.7701433127,29.234213006235,324.839101362845,407.349743885589,3.78271095246521,3.15379303302762,8.69481080828238,-44.8943856655527,26.085914804103,-18.8084708614497
1987,8,1987-08-01,289.23697564051,259.387348953333,0.0103146196831375,25.8187582033624,0.526130395053722,58.5197316414278,350.014015789169,406.021098735203,184.669424409714,20.9581184883139,101130.784775444,237.507336817136,27.628228210722,323.334249148269,406.025962736012,3.80852819419342,3.17371934962003,9.22316415526322,-46.1678026850139,26.684630641709,-19.483172043305
1987,9,1987-09-01,288.704905924795,258.662470403483,0.0100560912009429,24.9303244940438,0.50609963674157,57.6247705683262,345.113842195999,403.01939229809,189.912903859531,22.1189948531945,101134.023936243,242.181429564234,28.6239657229191,319.216923040773,403.035543700324,3.87212807230025,3.24967544396821,10.3304712065348,-45.7635548349784,25.91307055746,-19.8504842775184
1987,10,1987-10-01,287.537845473805,258.073428730605,0.0096676887285336,23.8197531945959,0.501331758895783,58.3236340750078,339.532081244713,397.103103983103,194.202766777319,25.7271106582323,101137.587809695,248.234114172066,32.4772537222597,312.977133486874,397.109797706234,3.98180816263604,3.33597305806686,11.0503235506868,-47.2812043307196,26.5616414809701,-20.7195628497495
1987,11,1987-11-01,286.359920959094,257.576876543722,0.00948552610994643,23.3765324121687,0.497494897422749,58.8142486050237,334.48177748337,391.545283050927,197.542069033402,29.2330393429349,101152.998462979,253.424163698315,36.2017308703943,308.282953174932,391.550229709901,4.09896998865735,3.41945761665976,11.0412118134482,-48.9134031374536,26.203770967412,-22.7096321700417
1987,12,1987-12-01,285.90840994568,257.703735758808,0.00942342423147125,23.0527478194054,0.510157489960523,59.361163560967,332.485123925925,389.169286828256,199.445535650865,29.7455217378112,101150.801830044,256.270483957266,36.5493174527047,306.473600189365,389.167757462809,4.16046772571281,3.45941516555083,10.5888394952305,-50.0211525915075,26.009994371113,-24.0111582203945
1988,1,1988-01-01,285.762083577485,257.650631254937,0.00953259859713292,23.6091211106165,0.501826492207933,59.5037812077417,332.685557531016,388.727443691537,199.114886843947,28.192826521277,101150.876357291,255.365345699779,34.6567661897787,306.926112306984,388.713953355095,4.15684239013318,3.46526190115351,10.6893675183418,-49.7865191873303,25.74595488759,-24.0405642997403
1988,2,1988-02-01,285.792930502397,257.663196438355,0.00957658311538981,23.4968017728458,0.489654601747235,58.2733363682988,332.592862745023,389.474370730042,198.521350113319,26.8877398586493,101168.332857806,252.852977567152,33.3970294182666,307.217886832286,389.455991315616,4.10352813254093,3.43896580543605,11.5774965377104,-47.8223378942157,25.356596498311,-22.4657413959047
1988,3,1988-03-01,286.574482056053,257.875384471984,0.00972968284892877,23.863629594463,0.502115601612879,58.2760316210179,335.924262109081,392.827780553744,196.852395816726,26.7614603772448,101165.764503772,248.660326158169,33.8642811495494,310.22603940498,392.81585819268,4.0238043736856,3.39795803216739,12.1551094888625,-44.7051095691384,25.686300343037,-19.0188092261014
1988,4,1988-04-01,287.567812930177,258.056790333268,0.00984319281262663,24.3760951575736,0.504701291118253,58.346575954671,340.012020778414,397.530521345164,194.781467911616,27.0747072817174,101154.705308544,244.41744641074,34.3243946411383,314.214619291907,397.519717277175,3.91933641057619,3.32843253860906,11.4051226503617,-42.3862911397031,25.786597418518,-16.5996937211851
1988,5,1988-05-01,288.562910487101,258.632132081917,0.00999756744248219,24.787282727711,0.519577927456086,58.6797825006027,344.363306058673,401.915844296045,190.978000489473,26.9737504143629,101140.969710713,240.520308592669,34.3594664533433,318.265177438388,401.917757297073,3.84219928166014,3.2535044444292,10.1494713965213,-42.1565920642156,26.100041621313,-16.0565504429026
1988,6,1988-06-01,289.265421138395,259.400404503115,0.010133473708618,25.4312421069579,0.533633688311491,58.6067752807361,348.22627404412,405.592483668373,186.041633872931,24.292887982454,101134.46439241,237.371636063997,31.8364085879966,322.310613560825,405.596044420947,3.79785908852072,3.17860023524242,8.97893248632563,-43.7864815855234,25.919221235869,-17.8672603496544
1988,7,1988-07-01,289.456555778234,259.975543941939,0.0103916736072968,26.2763422260933,0.551789518062238,58.9883448822271,351.204691789149,406.723650639749,183.230720843991,22.0178060235385,101134.067901531,235.853616483524,29.0802069452216,325.031155782009,406.72567136548,3.79390496473308,3.14966058751941,8.68314739661916,-45.5604947178499,26.175556732871,-19.3849379849789
1988,8,1988-08-01,289.339750299227,259.755958041989,0.0103694845501102,26.0602280159844,0.539598166191232,59.0889940293574,350.579875771225,406.058355776411,183.266963258524,20.7181183412484,101136.925873577,237.684096765517,27.5867877567607,323.965012210136,406.058879815392,3.82685978220543,3.16385681046688,9.25577515435003,-47.5484640914808,26.6153876000699,-20.9330764914108
1988,9,1988-09-01,288.729260318051,259.109905032588,0.0100517736850518,24.8519462568494,0.527311314995544,58.3233173446702,346.011511151997,402.696163260587,188.553341821162,21.9595908805382,101139.293509531,242.466708790245,28.5196083893725,319.417037054409,402.707783190306,3.87978113013515,3.23410962326901,10.2462186690308,-47.3533494602487,26.606094027307,-20.7472554329417
1988,10,1988-10-01,287.616247127916,258.073857593705,0.00962657214920816,23.4767281466817,0.505708215030396,57.441833152586,338.625639927973,397.019569152053,195.562771646562,26.0111587874417,101142.871357272,248.660466176285,32.5379455346898,312.621128810587,397.032942412503,3.97577687467304,3.34023260263672,11.0674736913392,-46.5709077824749,26.017884377836,-20.5530234046389
1988,11,1988-11-01,286.252689515104,257.655945704935,0.00923244717638667,22.6268770225736,0.515149621180021,58.7660065513092,332.670529118357,390.477455644664,198.100931178271,29.8178637961791,101131.750567357,254.02033043645,36.6521312975345,306.298956086546,390.483355772974,4.0792304051617,3.39715922055708,11.1784427971185,-49.0851317568236,26.377473160121,-22.7076585967026
1988,12,1988-12-01,285.714498135098,257.402741797113,0.00917946310524873,22.5488766749645,0.511437274371107,59.6465811521864,330.693788262036,387.847614047065,198.87143958679,29.7853369782402,101130.374089145,256.542036297394,36.7213816382783,304.373182074199,387.844077729574,4.14192189570596,3.43156644237375,10.6762879261131,-50.7345520505659,26.317069870346,-24.41748218022
1989,1,1989-01-01,285.283742910274,257.30299199783,0.00923466736386557,22.424062535926,0.50633380712743,58.2859663955958,328.458088150487,386.347176635815,201.128489670285,28.4350370184553,101148.066186097,256.129323229865,34.673945417282,303.070738680876,386.329816649787,4.14098017819312,3.46573408974868,10.7683675785124,-48.7619251607533,25.369989483583,-23.3919356771703
1989,2,1989-02-01,285.756068561563,257.361189782538,0.00930005937826371,22.64653422488,0.510298862181234,59.139302486423,330.733519985043,388.511930604756,198.657275364882,26.6630407845832,101155.0862828,253.37683106933,33.1161711682629,304.911629028811,388.494398036359,4.09438367400022,3.42552367259571,11.4630786849456,-48.2664253207683,25.804358387835,-22.4620669329333
1989,3,1989-03-01,286.38408138872,257.248603908895,0.00947305462610052,22.9481884475235,0.494590575325008,57.7913022549984,333.325894020184,391.786796409871,197.810626300754,26.1621759187702,101153.960812867,249.160579612234,33.0732946581764,307.862179205871,391.767035827319,4.00564951933828,3.3878899023819,11.9425709629428,-44.4388345720738,25.443954231761,-18.9948803403128
1989,4,1989-04-01,287.415910675513,257.732450420952,0.00968390548416569,23.5597087245959,0.516960864997808,58.7076151877187,337.961899662161,396.399211576813,195.394633114553,27.1428851432536,101142.869316001,245.025480073174,34.3288199245904,312.156410471692,396.387945163607,3.90382507049724,3.3145977326832,11.381367624318,-42.4449121772842,25.794222777263,-16.6506894000213
1989,5,1989-05-01,288.263632267754,258.159702657617,0.00983123421570301,24.0996228207539,0.517937851620372,58.6735408044615,342.26822566493,400.614447337417,191.409209744409,27.1547596541861,101128.442456166,241.094588747955,34.7099839079516,316.100373314208,400.612411290094,3.83596535328576,3.24516734518122,10.2810491849314,-42.1301547497805,26.165816303399,-15.9643384463815
1989,6,1989-06-01,288.981995241114,258.881282409181,0.0100042082495692,24.7294475555573,0.530094169870112,59.1064557165195,346.510173135924,404.26842667318,187.219169250532,24.6684566020218,101131.645393866,237.934257051627,32.1579452133402,320.13234908048,404.274810538714,3.79437973787771,3.18461308250591,9.06560075961143,-43.2255991897766,26.384207920978,-16.8413912687986
1989,7,1989-07-01,289.407804446853,259.399476255124,0.0102138887735775,25.6211064233749,0.541181160749246,58.3612684789615,349.058803189402,406.406943413778,185.469838399629,22.4468897350908,101131.102132987,236.321779946132,29.3592002112747,323.428467930954,406.409803242688,3.78700342175586,3.16881852725743,8.75188962676627,-43.9396310703191,25.633195087358,-18.3064359829611
1989,8,1989-08-01,289.232733503147,259.303875026774,0.0102502589868168,25.4678307202009,0.53230509861762,58.7426752589415,348.554465162139,405.425378227652,185.420852195962,21.0477073697295,101131.783242262,238.058317978455,27.6232442632,322.707367401062,405.430677296691,3.81317627776708,3.17581656906052,9.25808203364496,-46.0619288890225,25.852396830116,-20.2095320589065
1989,9,1989-09-01,288.619409128393,258.796989382927,0.00988702803957852,24.3073136461352,0.518943954974862,57.6840306124158,343.822805175727,402.299494973997,190.812899573858,22.2345093439569,101126.561858878,242.904302629613,28.5536136360031,317.932729817465,402.315199041201,3.86833241080041,3.24895550136548,10.2261848217516,-45.7722987637088,25.9057794254661,-19.8665193382427
1989,10,1989-10-01,287.553948094254,258.002626632877,0.00956689192583737,23.3056008038116,0.514337663918817,58.0663264501546,338.337055842789,396.771755304322,195.069232199124,25.7629497879024,101125.842258327,248.90338019222,32.4553960685183,311.942189600911,396.781783526893,3.9757640465232,3.33234891961188,11.0258606977283,-47.1417017124801,26.404894464449,-20.7368072480311
1989,11,1989-11-01,286.324498076436,257.350797014734,0.00933938733633577,22.8354533830355,0.502139513841086,59.1080154656236,333.105600602812,391.058548153599,198.81859817032,29.4158969032731,101138.095140109,253.992747912644,36.3143240607122,306.948187081308,391.063109331752,4.08613815428605,3.41618658523875,11.0945235909992,-48.2757225848849,26.161974699657,-22.1137478852279
1989,12,1989-12-01,285.822422744233,257.433259941606,0.00920709122843993,22.4559627441989,0.502672549431435,59.2256758679529,330.925498286457,388.539279721525,199.879585536927,29.9014190829437,101132.653857654,256.723617478913,36.6164299582985,304.996529821873,388.530922024687,4.14952282394056,3.44971055582798,10.6520154721272,-50.1290210666312,25.920610767746,-24.2084102988852
1990,1,1990-01-01,285.57879289567,257.472712596334,0.00936772412043559,23.0538295876273,0.521491864819369,59.3376841343305,331.3532964191,387.732021599472,198.351124858471,27.9021041534334,101147.627524301,255.726108249357,34.5585666184039,305.41920430107,387.718672527107,4.15731002845774,3.45093154570872,10.7124560634549,-50.7185209259155,25.920743045665,-24.7977778802505
1990,2,1990-02-01,285.825238543521,257.374512882652,0.00951323140007062,23.2870866725349,0.493733787885077,58.3867700709477,332.343386756086,389.312990394784,198.522683447163,26.5738434014304,101154.616192375,253.027153999139,33.1363905943497,306.723880483007,389.294326170331,4.10406859221491,3.43865924744481,11.5076240352889,-47.9419233590567,25.600842048626,-22.3410813104307
1990,3,1990-03-01,286.835863004374,257.732587720496,0.0096706951341942,23.7249368071469,0.511895510621813,58.5124381220044,336.514268868414,393.761251080771,196.083484261133,25.7406658695271,101148.198180776,248.728340787809,32.7361362483911,310.431862832506,393.746195190379,4.00641753305983,3.37325806425988,11.7936076284737,-45.649386147812,26.067350145516,-19.582036002296
1990,4,1990-04-01,287.68797365211,257.974685414857,0.00981609197350801,24.1268584340858,0.507488341748864,58.5770278324259,340.00779013145,397.913663317668,194.286512933496,26.3725815197466,101147.336932478,244.766798117491,33.7585816862958,314.035188612208,397.908620308364,3.9164837871233,3.31533699498248,11.2384082796702,-43.0942850174458,25.967558509938,-17.1267265075078
1990,5,1990-05-01,288.630355521523,258.669058792105,0.0100067533235975,24.7126044154798,0.523546086747016,57.8262786219095,344.19589705001,402.305694592191,191.283649136914,26.2197360964042,101139.394246605,240.831897670556,33.7852558154807,318.33107415707,402.316472419792,3.84474760667101,3.25418192488138,10.0113035643131,-41.9827288145655,25.8756007205409,-16.1071280940246
1990,6,1990-06-01,289.205876224875,259.26514751187,0.010101620683146,25.1486445461573,0.533641514401918,57.9122972687971,347.56047461252,405.304193952164,186.334241614817,24.2602712913273,101140.787984812,237.703633269326,31.5226812805711,321.5974700204,405.30457393964,3.80043697938635,3.17939929558122,8.89805655262007,-44.1069816652652,25.963384579596,-18.1435970856692
1990,7,1990-07-01,289.526348633232,259.583123730065,0.0102876058260598,25.7923996995793,0.536078989064287,58.0575548025772,349.79839159954,406.884429008332,184.806032241551,22.0163770388114,101135.947295582,236.190819839366,28.9184225973185,324.291365284312,406.889623161624,3.79199802300694,3.16489180178868,8.61982329033343,-44.4827420393079,25.51222046852,-18.9705215707879
1990,8,1990-08-01,289.330103076517,259.402993690204,0.0102599175278429,25.509210216393,0.525231937218784,58.0903410210819,349.054319565376,406.181355487189,186.250890658039,21.0789958506216,101135.962832446,238.037801335158,27.5070464414131,322.898204993992,406.185084466307,3.81996151854117,3.19595558195658,9.18444449447068,-45.3588600863275,26.1598435505019,-19.1990165358256
1990,9,1990-09-01,288.64508433127,258.716009468942,0.00993434451762517,24.4767583094443,0.512424030328964,57.4685210010061,344.640218059952,402.571159640037,189.919119294994,22.0283121047433,101125.958918616,242.761768250988,28.4874620132358,318.292006085128,402.58141096088,3.88077038581065,3.24978273489807,10.1800381096967,-46.3834990475015,26.358463295667,-20.0250357518345
1990,10,1990-10-01,287.706239544869,258.137691763708,0.00964725271357725,23.5816932319979,0.510142907348199,57.5098610883161,339.22705369886,397.704546024851,194.858058485234,25.661961978848,101130.551559065,248.647309695629,32.2699327422519,313.162863010883,397.712226768421,3.98454859967205,3.33719242173005,10.9744881972369,-47.1812804469911,26.071871431547,-21.1094090154441
1990,11,1990-11-01,286.584577542611,257.856143718287,0.00939950643342146,22.8909300446352,0.510285663532303,58.7979541167422,334.636961914775,392.393592881495,197.843855827304,29.2187571509276,101132.177471613,253.926443455526,36.1028818476989,308.187730403504,392.402460999612,4.09875291674526,3.41592704692589,11.0315805389561,-49.1984629314507,26.458099629388,-22.7403633020627
1990,12,1990-12-01,285.828422607732,257.617687700603,0.009275510896765,22.7215420360944,0.499218527155607,59.0017334775405,331.772470746904,389.030488720742,200.133475726658,29.7291254328268,101139.475407273,256.65965908129,36.4268905064463,305.51386692373,389.029302708549,4.16481856119783,3.46974196616764,10.5799709929652,-49.8284182810125,26.2574178109809,-23.5710004700316
1991,1,1991-01-01,285.580480018206,257.433508903985,0.00938626098770371,22.9980880432216,0.507499657295147,59.0341116045113,330.908268396157,387.818507218824,199.204762138691,28.2539716183256,101149.154914595,255.869955316504,34.7917655004995,305.378238288117,387.799450948919,4.16994186199508,3.46588223804476,10.7947854335433,-50.1273992956391,25.510973838135,-24.6164254575041
1991,2,1991-02-01,285.968480091338,257.625088433921,0.00951443598698536,23.1934518743401,0.511827479355365,57.657555843648,331.887658306347,389.911153793639,200.436057466573,26.6082449306603,101147.360829299,253.249275530058,32.976447265138,306.97033258572,389.891444169289,4.11452857818771,3.46996793103605,11.4353907327296,-46.4450157290073,24.897616096277,-21.5473996327302
1991,3,1991-03-01,286.464838384655,258.002773439784,0.00960587441493023,23.3301924997054,0.497950190848346,58.1432241995579,335.139927851329,392.361625075074,195.615030423622,26.1680635384,101152.071946969,248.976512988508,33.1076203948002,309.332208113728,392.347760490913,4.01617702170948,3.36942404372853,11.96319541338,-46.4219257084858,25.79385515344,-20.6280705550458
1991,4,1991-04-01,287.600436614016,257.739662094473,0.00973866707485513,23.8457980496113,0.499376278508788,57.4103617907516,338.727168160357,397.658433688071,195.86463345163,26.8526028066043,101146.41347683,244.856007736581,34.0392834923164,313.474896866022,397.654725250112,3.91316414867452,3.331448196318,11.396539091374,-41.8046935992389,25.248562856376,-16.5561307428629
1991,5,1991-05-01,288.495933197602,258.521106119691,0.00992374475012809,24.4231256572954,0.513439043169429,58.0010318084616,343.313800068969,402.072428274122,191.522692497792,26.5237711639034,101137.862420426,240.860774455852,34.0516127643622,317.567872161136,402.08152917646,3.83134800261309,3.24384627329802,10.151436009694,-41.8102403576012,25.755028810171,-16.0552115474302
1991,6,1991-06-01,289.411492157141,259.444786814722,0.0101969054420411,25.3486643733821,0.527715631702214,58.6877907268067,348.925921458517,406.306062099298,185.764429507144,24.1625127673167,101123.341452514,236.766289579051,31.5698872724045,322.87720062166,406.314000148911,3.77094018150749,3.15819309906675,8.89254969270383,-43.5944855668192,26.05665888647,-17.5378266803492
1991,7,1991-07-01,289.601308602539,259.687779248426,0.0102778250911944,25.8819398462168,0.529690276843136,57.7125313997704,350.143528434111,407.608984033724,184.053562710738,22.1249839712414,101130.401223619,234.263910526792,28.7618022454886,324.607357098061,407.618490706359,3.73870808887558,3.13090371953545,8.53955939273188,-43.5735295418068,25.5456780086849,-18.0278515331218
1991,8,1991-08-01,289.420829743187,259.776750167555,0.0102803153340574,25.84069028754,0.524464852730168,58.1438636104559,349.621366130165,406.408882349757,182.687011398657,20.6596678013943,101130.635086462,234.169818124289,27.0348163683065,323.705305989348,406.418461477885,3.72872435446567,3.11005431903281,9.04715929925411,-45.1076581587198,25.925639268945,-19.1820188897748
1991,9,1991-09-01,288.716846885349,258.722181395725,0.00989851567417544,24.1955415667762,0.504485585012949,56.6354294249062,343.808311940862,403.013574690246,188.443337960204,21.8504703401891,101145.061218124,237.861629515076,27.7882427418218,318.135644650006,403.032347589589,3.75923044457468,3.18001414404676,9.96752151234389,-43.4805191532393,25.691440190199,-17.7890789630403
1991,10,1991-10-01,287.608370370917,257.889329572819,0.00949784985430289,23.1222241448679,0.506986349948016,57.5573069252389,338.298480381274,397.277822446168,191.626853891923,25.0838250665959,101136.284440382,242.744059038088,31.3035775112479,312.104327545811,397.294641009091,3.83611075582904,3.2340820345398,10.7411579762081,-44.897452701513,26.210971398386,-18.686481303127
1991,11,1991-11-01,286.458777596586,257.321709261905,0.00927734117396255,22.5723298140948,0.503256212985321,58.6315619278387,332.877791414126,391.556460013988,195.164314204326,28.589485272325,101138.966777498,247.203959500261,34.978242804783,307.011117049681,391.566965879223,3.9256184319512,3.3034288294518,10.7922690184443,-45.650887763477,25.8771802296801,-19.7737075337969
1991,12,1991-12-01,285.766206388857,257.211464348975,0.00921641856966441,22.4795959050408,0.492804920407923,59.577358039143,330.751532369344,388.718746776749,196.698245628148,29.0746907760445,101147.821542866,250.434864310938,35.3482451294981,304.81572455428,388.721216912867,4.01183310361006,3.36316979189393,10.4070788056383,-47.4630643293364,25.938277951182,-21.5247863781544
1992,1,1992-01-01,285.639604836687,257.198304785644,0.00917880323861018,22.3040176978787,0.497852609019906,58.6776861920405,329.766118943751,388.089230377457,196.671199490484,27.4395972150321,101140.159912602,249.739321259085,33.395381967837,304.216544510058,388.074557591575,4.01659811895022,3.37093635932342,10.4623023251059,-47.1123370157961,25.534901647811,-21.5774353679851
1992,2,1992-02-01,285.832879818393,257.28652778218,0.00935507687221682,22.5802761392313,0.514801149392634,57.9125542835283,330.324540892408,389.247292911918,196.695636449088,25.9762990888172,101152.675321762,247.09508785949,31.8917805850377,305.60842677567,389.226431334277,3.96207062357065,3.35306700087963,11.2215808905069,-44.4839699141815,24.6952525390969,-19.7887173750846
1992,3,1992-03-01,286.530807269211,257.561424207818,0.00956920879311679,23.2916338357881,0.490271946719432,58.4041806156946,334.355645700018,392.528879179808,193.18422753374,25.6311639799039,101151.613325926,242.901441128397,32.0771222077234,309.131578156628,392.511717017734,3.88376214390421,3.28716441183164,11.7153794352368,-43.2712553668375,25.206905381316,-18.0643499855215
1992,4,1992-04-01,287.324698650667,257.582079942486,0.00967505475800529,23.6816065400603,0.505935513800638,58.9758582812696,337.841165467223,396.500730988893,191.701783282676,26.7901563551175,101145.376016319,239.103793089669,33.4910371225314,312.249677536499,396.496215095639,3.79756928274217,3.23885570320623,11.2567688387358,-40.7011290395791,25.58697203747,-15.1141570021091
1992,5,1992-05-01,288.317104011609,258.230544616936,0.00988142904690469,24.4459850807378,0.504831642849276,58.3789411598044,342.165799890479,401.055951877399,189.046164671544,26.7401243363434,101147.585067235,235.20184627364,33.7254015780504,316.974459454578,401.065645582067,3.72875149785343,3.18275723217868,10.0782002845133,-39.170404360389,25.201034140569,-13.96937021982
1992,6,1992-06-01,289.023938203145,258.920526702437,0.00998336742792582,24.6954686461527,0.529240298107129,58.8251645571113,346.077843794253,404.338039163117,184.195611254794,24.6277000713592,101133.773005359,233.168700966131,31.6325426645654,320.202249157173,404.349692778542,3.7079217562086,3.11974492229543,8.94191925506828,-41.9682471181308,25.887248252505,-16.0809988656258
1992,7,1992-07-01,289.14202717537,259.152476295604,0.0100377889305423,24.9698916091826,0.520488551133573,58.048787690208,347.222296965499,405.099399164024,182.264164984732,22.0080289804839,101132.210179109,231.955686708823,28.5188033320153,321.384523805083,405.110231327043,3.70193182353781,3.10007194574089,8.54274382853807,-43.1807473725596,25.848605323435,-17.3321420491246
1992,8,1992-08-01,288.983926417337,258.919321617867,0.0100908444138066,25.0754138788579,0.523981285038084,58.0736602543406,346.470915464391,404.37516654829,183.851014361954,20.768874821521,101137.202940457,233.961664165329,26.9434738837079,320.764401754908,404.379849811739,3.737827795227,3.13329713402879,9.1123183054357,-43.9360507411881,25.711196972932,-18.2248537682561
1992,9,1992-09-01,288.252804296142,258.251218277471,0.00980734627864705,23.9850347913056,0.514465346544843,58.1833935673728,342.390843256222,400.684014826725,187.113108364868,21.7473997127691,101143.667737371,238.907387704722,27.9572318830033,315.96176211893,400.690429044968,3.80668434509545,3.18966617570735,10.1252498623256,-45.5844471696198,26.4354953555351,-19.1489518140847
1992,10,1992-10-01,287.289660907308,257.661363360578,0.00940255126965337,22.6967385455638,0.500715831514503,57.8989714675162,336.159079493227,395.542730501316,193.204718619901,25.4536871308164,101139.804061685,245.320155109881,31.7643911301262,310.115684264707,395.556776940523,3.92165713203509,3.29666576534511,10.9634363054714,-45.8047324906702,26.057441667727,-19.7472908229432
1992,11,1992-11-01,286.153054559269,257.196427149912,0.00917706262391006,22.1545411733218,0.501784079595955,59.5365058558469,331.829804876844,390.146998665389,195.757276883745,28.7343783851523,101138.39587499,250.716196268758,35.4886262844014,305.12102423721,390.151155426883,4.03703085901978,3.37099370015622,10.9386949907808,-48.2046714857639,26.712937401128,-21.4917340846359
1992,12,1992-12-01,285.588576580447,257.031504544235,0.00915257184234768,22.0214211569752,0.501405338098143,59.891078561323,329.916203644037,387.597576274943,198.441965173634,29.2198533248467,101144.503479619,254.028155342069,35.7309095325946,303.497722594974,387.582472008983,4.10627634087517,3.4246220308016,10.4924538169498,-49.0751339606871,26.4033767831031,-22.671757177584
1993,1,1993-01-01,285.54143430532,257.11378922771,0.0092637044470462,22.1699975485435,0.501137370583518,58.2608666091985,328.589168933408,387.563849538607,200.782014280951,27.7378443966823,101147.995150654,253.503106665615,33.8831074299422,303.559857249556,387.545028315945,4.10892724231894,3.46085051606745,10.6647509197202,-46.5758293514041,25.01049046119,-21.5653388902141
1993,2,1993-02-01,285.822943245491,257.230111868907,0.00931795552504735,22.4918590039743,0.496756260718104,58.3912165877489,330.5976645868,388.956955439386,198.317745675408,26.196987747095,101146.92351821,250.986128872939,32.5213110629914,305.282207019119,388.932542863163,4.06532738453407,3.42067669049045,11.3694090727367,-46.3440598816346,25.291044991458,-21.0530148901766
1993,3,1993-03-01,286.403565318295,256.977294068899,0.00944484447452701,22.6956417398369,0.498216228228776,57.5444793819397,332.870496081809,392.104295992975,198.103602213724,26.2390610141477,101154.939344032,247.236996534828,32.8695002290024,307.507375158525,392.087719472617,3.99187762311736,3.40237987612433,11.8846369962037,-42.5029551062493,25.346544402926,-17.1564107033233
1993,4,1993-04-01,287.412564571823,257.432888263433,0.00966638600183017,23.5757170982785,0.505749029350619,58.7214989822603,337.64951392702,396.527109994782,194.433816258634,26.8873563111179,101146.280007305,243.143273073198,33.7760581730358,312.249451889953,396.517113794733,3.90291863940404,3.31948175992083,11.2821460132557,-41.8207549526461,25.390065837018,-16.4306891156281
1993,5,1993-05-01,288.362786212978,258.257400473506,0.00987855640175127,24.3999942988567,0.522069450998116,59.0125957482658,343.025055130624,401.149033157038,190.211177189639,26.3907423774112,101141.163464359,239.136503357545,33.8579407276502,317.034271488048,401.153711337815,3.83328093881699,3.24739154868747,10.0805297461692,-41.458127817667,25.9954618233531,-15.4626659943139
1993,6,1993-06-01,289.017990892471,259.057300909103,0.0100152061542297,24.6491211774321,0.529675470383621,59.1884082584949,346.56097877793,404.335779207507,185.520877780537,24.0155009127511,101125.977145232,236.502107162272,31.3789847698175,320.09786873207,404.3414161838,3.79397467938305,3.17612566394007,8.84200830039559,-43.6177455246686,26.468747022153,-17.1489985025156
1993,7,1993-07-01,289.268931545105,259.509948478975,0.0102115000290063,25.5561856863395,0.540747299604264,59.9362271299596,349.583723708558,405.683347354839,181.713542560112,21.6660488318381,101137.173326627,234.92084304913,28.545433942891,322.971871944504,405.687881676552,3.78875316030995,3.13590160113471,8.48431554799087,-46.3279153779651,26.616386085767,-19.7115292921981
1993,8,1993-08-01,289.145159980861,259.190524916948,0.0101388755376478,25.0736905424801,0.521061121955219,58.9813872854144,347.648832492189,405.061300944784,184.720935798405,20.8389898614145,101134.132179662,236.901035419508,27.2655794903744,321.579776885671,405.070893878553,3.81234685254134,3.1780074351367,9.10009067574092,-45.7535099921431,26.078648540287,-19.6748614518561
1993,9,1993-09-01,288.435568471283,258.322604517236,0.009795324417284,23.8957229286632,0.513724734950024,57.723629388714,342.649725859633,401.485276477002,190.729143608167,22.1036831550045,101136.176593822,241.766704317455,28.3972777868746,316.441859843762,401.498811473474,3.87378793736326,3.26743736780813,10.1750500198232,-44.7439660774179,26.221401012343,-18.5225650650749
1993,10,1993-10-01,287.520067518469,257.819140333455,0.00951604183585617,23.2323734124628,0.513794324811859,58.1692924490026,337.817751755869,396.759924969772,194.799925648698,25.6715648009394,101142.995823738,247.580933689047,32.2731567664003,311.648808924777,396.771845000375,3.98410942114241,3.35024191029333,11.0169694487899,-46.1794160748881,26.180862861695,-19.9985532131931
1993,11,1993-11-01,286.246269954445,257.355939616227,0.00934503681953895,22.7210394774457,0.510396052870373,59.7292990335399,332.990714341849,390.784922204215,198.011599590724,29.3667972294024,101154.834488306,252.815503104803,36.2457171833275,306.634304614768,390.792367817793,4.09717505430686,3.42964120353069,11.1347776615023,-47.9249835601539,26.363855340659,-21.5611282194949
1993,12,1993-12-01,285.709959216192,257.445874302514,0.00932243547177003,22.650612411761,0.508245723662598,59.8188841791077,330.906030096053,388.115506814511,199.364221105287,29.7666572635808,101152.34393837,255.731284645162,36.3641040721791,304.864875693498,388.113778121157,4.16414964083577,3.46690949605616,10.6173678207618,-49.7696167312767,26.039425709201,-23.7301910220757
1994,1,1994-01-01,285.494037451465,257.326441327962,0.00931892989671986,22.4799232088002,0.50233068385066,59.0252420458623,329.555315545567,387.553741638954,200.117528092241,28.383686332634,101155.084863656,255.255008473862,34.6304489961221,304.281665682678,387.546016808428,4.16882464458596,3.48435152681606,10.782319903993,-48.8907177181329,25.265925032363,-23.6247926857699
1994,2,1994-02-01,285.469983742837,257.429528386642,0.00938337470494726,22.7653521219101,0.497255693361457,58.4197625348899,329.76983615653,387.47132181663,198.666771478137,27.0472104897148,101164.31301401,252.533866230925,33.3448448005868,304.693504582778,387.454630874733,4.10394850444858,3.44254298723258,11.6000179061803,-47.569460441916,25.059640631855,-22.509819810061
1994,3,1994-03-01,286.396889911651,257.352217222682,0.009509969275316,22.9372977663694,0.500323642708562,57.972461636938,333.330307658672,392.10642858825,198.364329398521,26.652475333429,101160.074151819,248.566365523167,33.3516003015684,308.052927042799,392.090001148579,4.01392937088371,3.40895977173825,12.0413688091912,-43.5029111565066,25.260953176202,-18.2419579803047
1994,4,1994-04-01,287.522273956099,257.703855682847,0.00967782016669244,23.5089572762842,0.506388928437358,57.2836092263037,337.574839460367,396.997423288972,197.134810534415,27.3568836490542,101144.314486808,244.411869510221,34.239307001038,312.636214576602,396.99665606315,3.91951466334741,3.35780474383844,11.4530704005204,-40.3946356238222,24.937857657943,-15.4567779658792
1994,5,1994-05-01,288.419618926737,258.365842847196,0.00985934126919311,24.2335177348561,0.516379065838654,57.8664118731737,342.415583210913,401.519207150862,192.316828034808,27.1099473996937,101138.848348553,240.448527410401,34.3286084957642,316.922002490922,401.529346058124,3.8445080207849,3.27038683787771,10.194843044785,-40.9130382795225,25.503719627253,-15.4093186522695
1994,6,1994-06-01,289.168410964917,259.226008436336,0.0100304093396592,24.8210264917138,0.52840498272858,58.3176914727984,346.722874428934,404.940814407942,187.008703653888,24.6331844143985,101130.214467607,237.494248479379,31.9772538663984,320.872023508956,404.953581891448,3.80497884190835,3.19446673482828,8.9916389579089,-43.1414753734911,25.863618403484,-17.2778569700071
1994,7,1994-07-01,289.405396500972,259.69034356515,0.010206667620548,25.6197175800537,0.533226549985441,58.0206739044883,348.677443334532,406.294822519696,185.1647301959,22.2739158739438,101133.821243983,235.89126165356,29.0381766618754,323.369206225925,406.306529234392,3.79607941171567,3.17534123002708,8.67887755081628,-43.9622706697284,25.3199438233029,-18.6423268464254
1994,8,1994-08-01,289.206869475291,259.357291116545,0.0101946014149806,25.4653386414674,0.516485864107833,58.5200830262449,348.351990914288,405.576959379257,185.843260642397,21.1449462762582,101132.113216565,237.630168943412,27.5701965390825,322.370741357024,405.590917512975,3.8233777895148,3.19637545197446,9.2140851537981,-45.3616580381907,25.9952076909821,-19.3664503472086
1994,9,1994-09-01,288.707249852501,258.76311835036,0.00989690851878897,24.181661158076,0.511423061949625,57.7073611744692,343.803058094595,402.732058743177,190.793523721818,22.1391948295158,101130.496185957,242.482906110068,28.5588890434715,317.957240397171,402.751326778235,3.88635495540759,3.26846114166465,10.2520465775007,-45.2696881742943,25.865085732482,-19.4046024418123
1994,10,1994-10-01,287.666311281021,257.62618578163,0.00962219861244385,23.3682121767996,0.496853918263377,58.0066399549308,338.810728492537,397.552428021653,196.066573079042,25.704596647418,101142.117553441,248.270950610086,32.3015694905386,312.739843511177,397.567766322997,3.98887659308912,3.36553412866718,11.0076895185217,-45.6074046879234,26.086223282704,-19.5211814052194
1994,11,1994-11-01,286.545660651326,257.468712694356,0.00939010768545774,22.6795914321748,0.506463444079899,58.2530102217781,333.392429319645,392.122481621768,201.28143587513,29.4994790241526,101149.470768598,253.569113473577,36.1408890381354,307.693159002315,392.128171158192,4.09613991742733,3.46333553272365,11.0625499217899,-45.6462675844642,25.704959853754,-19.9413077307102
1994,12,1994-12-01,285.815659683646,257.450252150543,0.00930836799818624,22.5062383465659,0.50999667498207,58.6335089802869,330.323760878345,388.673189752137,201.904523170605,30.1450070634316,101149.326752165,256.401701432836,36.6552625496103,304.919913869946,388.663753618302,4.15761198712255,3.48908288216094,10.6147088927239,-47.9869227760523,25.394410874564,-22.5925119014883
1995,1,1995-01-01,285.679327184574,257.458337909073,0.0093850191417286,22.8787597774986,0.50517825023965,58.0650165331696,330.934647490256,388.117831102652,199.596339053198,28.4735391355974,101152.020537321,255.647185292296,34.8453192597245,305.263125829161,388.100508519847,4.17052159931169,3.47763061904914,10.7644594302128,-49.6790661149709,25.6541990782899,-24.024867036681
1995,2,1995-02-01,286.144387638866,257.358568702081,0.00953230668114929,23.146934649751,0.488999108972679,57.5360969421598,332.821358693528,390.540089031087,200.282819623824,26.5623959949042,101162.106802561,252.800521854261,32.9410343237287,307.489603854577,390.518066790311,4.11611037712212,3.47685530779531,11.4260821946335,-46.1390639016125,25.309732598175,-20.8293313034375
1995,3,1995-03-01,286.515328358689,257.500508031097,0.00964378309445521,23.5002821890028,0.501239849302872,57.725976227445,335.222034947563,392.749146401576,197.52156575468,26.3129063142541,101169.029114778,248.723222809135,33.2844076971092,309.427249607383,392.725642600747,4.03524711495758,3.41871340211117,11.9847095370088,-44.2301556715999,25.771281539351,-18.4588741322489
1995,4,1995-04-01,287.641327041774,258.053419080305,0.00978622315719865,23.9425364353948,0.50684021506038,58.3638810113893,340.23826576413,397.738829141904,193.749707497733,26.6326103804156,101158.863967436,244.576141940551,33.990214908244,313.830642096153,397.731146011833,3.94489417385745,3.33595374940045,11.3132494246617,-43.4688299149896,26.399940537906,-17.0688893770835
1995,5,1995-05-01,288.426698903773,258.506975174487,0.00993568073330372,24.3327034307758,0.513208116807816,58.3027196405195,343.384352122681,401.504790817067,190.680621004236,26.183798188956,101144.224665734,240.760565284292,33.6362486825671,317.126936295779,401.506491142179,3.86679153753038,3.26491559610651,9.98214109168467,-42.6274937864449,26.259116152014,-16.3683776344309
1995,6,1995-06-01,289.289045115862,259.258796019335,0.0101720754421859,25.1564980827478,0.532701578295903,58.4807003112417,347.988208914279,405.887135799045,186.376965230058,24.1234002645061,101132.908901333,237.576659135303,31.6654064849653,321.967582649495,405.893978932277,3.82620309250413,3.20379985366236,8.93447872121042,-43.6576876847858,26.027469398016,-17.6302182867698
1995,7,1995-07-01,289.565316519007,259.652884784814,0.0103729320276351,26.1029985562533,0.538760544480653,58.2556209867902,350.367293918072,407.191810890543,184.459133911284,21.9567403596612,101134.582824078,235.929705376209,29.0307081479758,324.847527103999,407.197241079566,3.81832157959319,3.1890513901729,8.65339079338803,-44.3966036766104,25.525197003096,-18.8714066735145
1995,8,1995-08-01,289.45974422503,259.890336354761,0.0103660863047218,25.9603569157288,0.541156820595378,58.7002945035741,350.542058238654,406.955484371519,184.480187784577,20.9739494613187,101139.06037892,237.643922523618,27.5189726951003,324.427520098806,406.964217535462,3.83902425847213,3.19044895892651,9.16503500472525,-46.6187115052594,26.1232713037911,-20.4954402014683
1995,9,1995-09-01,288.709630705376,259.210196890742,0.0100140849226798,24.7665936645998,0.520764694190086,59.0858945122869,346.497014291185,402.978853306533,187.162181968777,21.9368451696178,101148.999285,242.362268293442,28.7461810800833,319.294840254642,402.996291743664,3.89427952958527,3.23153007062525,10.2637348279674,-48.3907504141995,27.219612473674,-21.1711379405255
1995,10,1995-10-01,287.722801692333,258.271706187549,0.00965019111491107,23.3866350918241,0.512430887469758,58.0043617545109,339.806219665182,397.827302087146,194.474606449113,25.6572835586414,101153.891743297,248.668056882577,32.5340079153275,312.813628791171,397.840918528976,4.00615889508075,3.35597258568795,11.0262966187843,-47.3167260767779,27.006207315841,-20.3105187609369
1995,11,1995-11-01,286.55286176886,257.938255475903,0.00934055530020927,22.7393205348918,0.512323344052157,58.454521740519,333.949377391587,392.024769576233,198.508628976796,29.9076750248336,101150.908444289,254.074808328999,36.8161161374994,307.445544696586,392.028688312066,4.12190809238362,3.44289262905464,11.3194283540287,-48.6577382395372,26.507751430834,-22.1499868087032
1995,12,1995-12-01,285.678585864117,257.426479073149,0.00925169232723475,22.6081995621194,0.501441349013739,59.3868620327357,331.279928970693,388.257094451262,199.089147992972,30.4080772693258,101154.685252779,256.676839359713,37.4646678081741,304.709152745032,388.246717209135,4.18390375215129,3.47416562353183,11.0437156610159,-50.5311008278927,26.560398983534,-23.9707018443586
1996,1,1996-01-01,285.431771080312,257.448865833177,0.00929850781891501,22.5714396468236,0.503758761842543,59.1324831595001,330.303673008015,387.268787242679,199.417540666509,28.7755354194857,101172.618110884,256.150672086871,35.3409071732582,304.224616518082,387.247653052655,4.18307668305598,3.481405884683,10.9792313283046,-50.1677596665895,26.057922299909,-24.1098373666805
1996,2,1996-02-01,285.874811402944,257.616591048815,0.00945538477115647,22.9390558363418,0.506854646005119,58.0920290694855,331.811672293702,389.497290577609,199.816943419433,27.1349416976795,101174.312698532,253.269219938633,33.6410162501907,306.274951856802,389.476499602976,4.11894596400022,3.46696464427673,11.6740516438026,-46.9462019666888,25.515929462267,-21.4302725044218
1996,3,1996-03-01,286.497064090823,257.832036452664,0.00964475182972247,23.4954975968876,0.507269217813065,58.9667302712522,335.656982760932,392.285502787902,196.45955169374,26.8481797437805,101175.473095972,249.002404359856,34.0543101154072,309.310396360394,392.263644790244,4.0344488511649,3.39938227226119,12.1748086323381,-45.3367222944893,26.32472840288,-19.0119938916093
1996,4,1996-04-01,287.423611022741,257.907541782617,0.00973963814466386,23.767558992151,0.515109557110533,58.1978049646013,338.041591862651,396.3709922408,196.131966194933,27.925301699561,101159.663753763,245.094622383287,35.2974393519091,312.510108027208,396.357921037108,3.94178227820734,3.35559986330801,11.6667750464279,-41.5905185360059,25.518412631751,-16.0721059042549
1996,5,1996-05-01,288.290129931451,258.332073369314,0.0099392234498172,24.23922128247,0.514527075571304,59.1158756623083,343.095905270903,400.918931308427,190.544086583848,27.3009952943381,101154.992644782,241.032768102012,35.2670470458648,316.733179634016,400.919310265607,3.86746392095935,3.26159800588556,10.4199180752392,-42.5226297666373,26.3631045940671,-16.1595251725702
1996,6,1996-06-01,289.012818236416,259.089608728784,0.0101126496833751,25.1055254674916,0.533669093914536,58.8802471246782,347.325693807002,404.434909618178,185.684713973928,24.6935558043566,101144.682038685,237.766555073991,32.5791775133721,320.942405990406,404.437223689271,3.81618738564661,3.18507504723626,9.17898555701433,-44.1962193910475,26.385601887689,-17.8106175033585
1996,7,1996-07-01,289.387754043793,259.512232041189,0.010222680516749,25.4347066326101,0.537500723357887,59.1078788594365,349.277932114985,406.279062805713,184.572806544404,22.4700705712108,101147.385975475,236.528520649339,29.7477780667162,323.126863122963,406.281059371651,3.8193123030328,3.18405290721539,8.84713288541744,-44.6780066094296,26.15306555796,-18.5249410514697
1996,8,1996-08-01,289.385965699999,259.390467720159,0.0102219128390382,25.3402600204378,0.524564000231338,58.1771565257892,348.9313458503,406.000121361296,186.228363896919,21.2839992780294,101145.647611869,238.318882642366,27.9879223107694,322.807970988956,406.003195316403,3.84525779668284,3.2144502147238,9.39361330894058,-45.386595712707,26.1264488164509,-19.2601468962561
1996,9,1996-09-01,288.566039811311,258.910799327293,0.00990126759102466,24.1177992933231,0.523310820992485,58.2185160654267,344.027622368623,402.064512209748,190.421260616466,22.4315131204885,101145.013446421,243.151685451153,29.0565018751767,317.632374776522,402.077793175513,3.90275315488209,3.27279337426723,10.500470180954,-46.1054360799988,26.408528557866,-19.6969075221328
1996,10,1996-10-01,287.387359877052,258.171536633765,0.00957641079173682,23.2023707774601,0.512051065738096,58.4801267322574,338.476255411093,396.122164110356,194.135169011126,26.0560000981082,101157.399423878,249.080169897148,33.0247471697143,311.47307055557,396.131795853237,4.00423299249164,3.34512307502259,11.329773240014,-47.9762538144159,27.012816598404,-20.9634372160119
1996,11,1996-11-01,286.493883323946,257.683016980045,0.00929997104787692,22.4219807409491,0.507745581938556,58.57076968961,332.976400165538,391.5364362531,200.087582892329,29.7583203752458,101162.404728931,254.511076579727,36.7213103992974,306.670522489843,391.533226728022,4.11849799608407,3.4580825095961,11.2733947171753,-47.4605036633464,26.302668150617,-21.1578355127294
1996,12,1996-12-01,285.80160962531,257.424715052254,0.00923373847203858,22.3715496429025,0.513817223353253,58.8027553176143,330.425471373016,388.645288059143,201.988585105135,30.1875624483023,101160.209885013,257.10793503079,36.7221137240731,304.683397184123,388.637230458726,4.17778838139077,3.50196264153412,10.7360827993579,-48.5847986498842,25.734016588476,-22.8507820614082
1997,1,1997-01-01,285.482513155408,257.424047347988,0.00930136524349139,22.6327095877939,0.505987594457256,59.0412996499698,329.859972058918,387.45888385446,200.995246675803,28.7699260514416,101163.772154419,256.279119180604,35.3022771230903,304.430786931445,387.434041310566,4.17982162749086,3.49582645325696,11.0561138353943,-48.7515214331523,25.404342583579,-23.3471788495733
1997,2,1997-02-01,285.768077658219,257.61027073368,0.00946323867502807,23.0002103547388,0.517019357045178,57.8887910214065,330.52925120444,388.693119630728,200.524079744922,27.1095458383569,101167.181405224,253.524683425184,33.5365918336946,305.852184669377,388.668932898601,4.11764790270805,3.46773869603214,11.6420777725246,-46.5735576849243,24.652879802936,-21.9206778819883
1997,3,1997-03-01,286.615873724415,257.539744541842,0.00961311474717941,23.2530637568472,0.497348071600342,58.015122601384,334.40716502867,392.832547663687,198.125792014649,26.5381364135219,101157.519222942,249.345488434082,33.5554318021951,309.193362467418,392.81233293591,4.0307154881001,3.40977056719488,12.0950139691393,-44.2024010307598,25.193587833475,-19.0088131972848
1997,4,1997-04-01,287.389132088066,257.576330635594,0.00966582896063606,23.5964290127439,0.512807799122112,58.5569394075789,338.008095930144,396.557351547629,194.904820544553,26.834775834491,101156.783619717,245.170872333032,34.5832693570443,312.259052385469,396.542149295615,3.9381227838144,3.33599528798476,11.5041749960427,-42.5175582659257,25.733841292661,-16.7837169732647
1997,5,1997-05-01,288.390934604129,258.28113853546,0.00994678762620295,24.2525274562146,0.524528719264238,59.2116612594013,343.212952943181,401.374032803041,192.100113084862,27.0660267932271,101148.090158615,241.211277694561,34.7030331723904,317.107220234678,401.372010563386,3.86648543077728,3.27975943452095,10.2777965938165,-41.4741582305357,26.103710468848,-15.3704477616877
1997,6,1997-06-01,289.284548798037,258.88991290504,0.010129550660609,24.9292469593593,0.52966272265443,58.3679949051506,347.195957074452,405.801455721853,188.957904041717,24.7824239604076,101130.721640274,238.107868957187,32.1629365934658,321.815429147148,405.804131050458,3.82098583258485,3.2290888019921,9.08831058879508,-41.7694522824118,25.383203255909,-16.3862490265028
1997,7,1997-07-01,289.40134342424,259.574209007436,0.0103414306960928,25.9203561040834,0.535339288353165,58.3995994240267,349.37354208173,406.756986427994,186.117195879355,22.5134769219895,101148.103727841,236.452482861175,29.3129156600735,324.082654413622,406.754660195859,3.80853914848442,3.19673102832568,8.76258093638425,-43.535848243736,25.2885614359731,-18.2472868077629
1997,8,1997-08-01,289.311636460815,259.398688841759,0.010306333043633,25.6553077739129,0.521800235916236,58.5090228997305,348.952344037644,406.380516381327,186.778818107164,21.3375328185314,101151.723166811,238.232867647596,27.7575134458001,323.348097985958,406.385605114657,3.83632232181263,3.21373132669734,9.34670174384457,-45.0340689131633,25.609334785016,-19.4247341281473
1997,9,1997-09-01,288.781660658173,258.633740037593,0.0100313371271141,24.6906337751005,0.513362345606457,57.7020473697534,344.745380593304,403.704180443191,191.834679180337,22.5283408884611,101154.331111571,243.010123745404,28.8918050127155,319.437409576629,403.718278239326,3.90522284537542,3.29296232804113,10.4227129105913,-44.8119804408126,25.32206881281,-19.4899116280026
1997,10,1997-10-01,287.794716330205,258.06695809138,0.00972390821047983,23.8321004513803,0.505406864911081,58.663278920773,340.190299059509,398.563720993254,195.422428765729,26.3024549716003,101167.666747449,248.877538595659,33.0116911286352,314.108861058035,398.572038306153,4.01265633075896,3.36789031211188,11.1946281500041,-46.7458736728951,26.089755314373,-20.6561183585221
1997,11,1997-11-01,286.731975671535,257.6309752193,0.00953476007140629,23.3281276623803,0.503339222638895,58.3641470556755,334.798622090178,393.243242498886,200.799609958683,30.0380595372332,101172.748045236,254.069403198124,36.9023876889056,309.396197654297,393.241386062612,4.12441958945313,3.47512762435063,11.2143490066641,-46.4054650877686,25.400567999607,-21.0048970881616
1997,12,1997-12-01,285.966184947333,257.612310101817,0.00953225124412955,23.3204288318636,0.515147734870555,59.8769231493489,332.771722285319,389.79942819506,200.691092615449,30.370091559411,101167.216071488,256.733535450184,37.2914478912835,307.083615876643,389.785924367932,4.18864783621346,3.49579056651161,10.77742899432,-49.1210865028625,25.674602581548,-23.4464839213145
1998,1,1998-01-01,285.642984387224,257.987131804964,0.00958403456822872,23.4876534263376,0.515246069519296,60.1840244138954,332.314884388681,388.514870078657,199.099821946957,28.5631151538127,101187.578113982,256.078234960089,35.2138128789006,306.723963238738,388.486780237507,4.19277610430386,3.4842962040857,10.8901055213771,-50.3277152880441,25.562831308793,-24.7648839792511
1998,2,1998-02-01,286.121908055111,258.276838533079,0.00972073221212462,23.6983337483594,0.510965816967528,59.348307492751,334.488979348126,391.014919368785,197.258498465278,26.646050668041,101178.607903356,253.182564753097,33.4971805896747,309.02700950657,390.986964067383,4.12587416021262,3.43568916186742,11.6072174542976,-49.0729363661853,25.434014540154,-23.6389218260313
1998,3,1998-03-01,286.620542239733,258.142927230231,0.00977251670081619,23.9202440438773,0.511745628821838,59.7194698946694,336.636992937073,393.268893583952,195.385974097617,26.7058084027695,101193.763335878,249.094793779252,33.8924619467983,310.679305211382,393.243690860401,4.0319428020021,3.37764909326813,12.1658733101392,-46.5221661376062,25.93248500214,-20.5896811354662
1998,4,1998-04-01,287.786969174186,258.725742764225,0.0100109491291513,24.6339216252016,0.511777814667916,58.9599139732974,341.637813931051,398.648633273972,193.841325505636,27.455957530215,101176.765830109,244.717413614491,34.7919816971412,316.051125528098,398.635375758954,3.92762510706433,3.31548155251963,11.5752468738366,-43.5400639419288,25.573430887935,-17.9666330539937
1998,5,1998-05-01,288.775891419047,259.198638730533,0.0101628618444099,25.1105377934021,0.521164151243898,59.244738948209,345.588282259424,403.276976990573,191.089559900239,27.2178312667263,101160.206063862,240.881170329464,34.7437318203597,319.817971549147,403.280983709231,3.84811245455093,3.25264331987261,10.2964180101023,-42.2657098755916,25.774317428935,-16.4913924466566
1998,6,1998-06-01,289.496900291284,259.737460228801,0.0102966349743042,25.5987859567939,0.532215633140334,58.9829575635292,349.614587953311,406.841829266325,186.326091673791,24.3380641858081,101160.976559116,237.66294700195,31.7352964643469,323.750088881021,406.846763199364,3.8045647679809,3.18386714616762,8.97387151278882,-43.9396230496202,25.869433005329,-18.0701900442912
1998,7,1998-07-01,289.732812952251,260.082280667958,0.0104873186592478,26.4632675425805,0.531079190063124,59.0519837595082,352.106855984433,408.290673416588,184.734033057896,22.3869637464254,101169.523656109,236.071790568206,29.1970899855767,326.543009910232,408.293241906759,3.79904795581977,3.17278076943687,8.73821316332463,-44.5276312711587,25.5664145643721,-18.9612167067867
1998,8,1998-08-01,289.635080388578,259.955649933559,0.0105120541771984,26.1981991736786,0.53273950395724,58.5540281313384,351.321642336078,407.664085594469,186.097586556535,21.0877871261827,101167.180152352,237.915166063232,27.6227499351858,325.734063586572,407.664636851275,3.82313884687639,3.19582453396093,9.30562994497519,-45.2826166976939,25.588130006312,-19.6944866913819
1998,9,1998-09-01,288.753889901896,259.320436901567,0.0101301819613956,24.8664291488231,0.520025861970098,59.3618860224078,346.788273573197,403.173127514491,188.22766406068,22.2842344549999,101175.312700078,242.770542201472,29.0016738071255,320.009515276038,403.178110314296,3.88922667937204,3.23723857911567,10.4031101402521,-47.8254387886664,26.783741096964,-21.0416976917024
1998,10,1998-10-01,287.64513858635,258.592467258631,0.00980353219474214,23.8675670606612,0.520864000752336,58.2348109715254,339.845652099707,397.280398853952,195.475354414741,26.7421419823088,101170.079255543,248.857525257762,33.4389310711469,313.936288803191,397.288970953862,4.00383053044666,3.36125586364722,11.4215897900933,-46.6853817541829,25.917935396426,-20.7674463577569
1998,11,1998-11-01,286.589279781582,258.006698167151,0.0095871487861587,23.7587998684918,0.536356557568184,59.0398267832919,335.340310355574,391.979095119429,197.999115697473,30.3637009858099,101155.956100854,253.878389857806,37.3566491289102,309.680729989966,391.976837125881,4.12266275627445,3.43768443632258,11.4007664893484,-48.8863260172327,25.65732237206,-23.2290036451728
1998,12,1998-12-01,286.037243962444,258.016366281821,0.00950074647108453,23.6133611071064,0.545678096154057,59.8074246457295,333.660172826508,389.249408797269,198.422849505051,30.4135838508427,101157.718919627,256.532525915148,37.3423862541163,307.657272392709,389.243292566857,4.18612597848757,3.46489010298979,10.8281457032853,-51.1808740068234,25.9967842033871,-25.1840898034364
1999,1,1999-01-01,285.680303822009,257.822815602247,0.00951995168900735,23.6225072222315,0.532676585119603,59.2961410263357,332.0348505192,388.034874653764,199.2557238271,28.7069140695079,101176.950972027,256.000641985899,35.2172903194074,306.797014726751,388.012671866835,4.18234441399481,3.4760739624656,10.8998252408452,-50.2345419088995,25.21563300552,-25.0189089033795
1999,2,1999-02-01,286.158292726602,257.913010308321,0.00965613734599258,24.0954751440798,0.540072617080964,58.9198978738574,334.308282131637,390.425464588928,198.539384188469,26.7401293817443,101174.379411618,253.033210193253,33.3122802545296,309.33888208427,390.397296925285,4.12144012317088,3.4504929139788,11.584438338628,-47.9216751319987,24.941232383724,-22.9804427482747
1999,3,1999-03-01,286.478947793778,257.612834400956,0.00976433771483044,24.3389969725438,0.52663720849207,58.4984176007471,335.587626094567,392.246758407239,198.204400261681,27.1165228699444,101185.299381535,249.046719457974,33.890734137151,310.849062845049,392.215609515213,4.0351795362101,3.41981709245927,12.1947616881016,-44.0681079290864,24.707414357492,-19.3606935715944
1999,4,1999-04-01,287.440312954272,257.888935732397,0.00984316324339524,24.483740361677,0.519381399966324,58.0047800149805,339.46326263457,396.561312049377,195.211864330304,27.5423293965213,101173.752881303,244.946009481856,34.8236206940662,313.873989065747,396.560368705626,3.93313882944497,3.33775367542753,11.5848896769509,-42.4528538540071,25.588330225072,-16.8645236289352
1999,5,1999-05-01,288.358154104481,258.366080341364,0.00991295338155947,24.6077058540576,0.531993555072366,58.3055171432313,343.461685150982,401.026084759298,191.792910302932,27.3794491367827,101157.228109385,241.224577329149,34.8130969940707,317.432062704894,401.053373292207,3.85459395675001,3.26510289776091,10.3551942601682,-41.998019168929,26.0569109789971,-15.941108189932
1999,6,1999-06-01,289.19958654364,258.904647601233,0.0100646885572672,25.1992725607072,0.528235951850102,57.781365210478,346.880413922803,405.098121740202,188.824434162079,25.2869801621074,101147.491279096,238.128543047335,32.5242028504259,321.574734215175,405.127826788097,3.81442999213418,3.22125101945494,9.20626843718878,-42.0668861969375,25.335384755523,-16.7315014414145
1999,7,1999-07-01,289.504149690227,259.67379408916,0.0103251275049275,26.3639639466953,0.547326003242157,59.0109397290245,351.301458504799,406.782607044431,183.719087273909,22.4610320776541,101145.51856975,236.222326905219,29.4027739316561,325.249254727258,406.791593055035,3.80306865048773,3.16322409987063,8.78865848000508,-45.561497777308,26.0611897881449,-19.5003079891631
1999,8,1999-08-01,289.348045216785,259.45097695486,0.010274173682469,25.9765717636521,0.534706289371065,58.3741898289534,349.891491317216,405.897759209435,185.441130946727,21.2605172252673,101135.708616095,238.099963887883,27.8172659788276,323.883771298585,405.900182534239,3.83169455291545,3.19384985360352,9.32177566364966,-46.1020841875957,26.010143343435,-20.0919408441607
1999,9,1999-09-01,288.712594238907,258.87608984947,0.0100149100982557,25.02641630585,0.531258697006238,58.2663948221076,346.142018118119,402.778842443522,189.169165917547,22.3429079905339,101145.693551115,242.71913295506,28.7944741975996,319.685961710568,402.787263363537,3.89164271202336,3.2510742317055,10.310041318185,-47.0984008304473,26.464477327566,-20.6339235028813
1999,10,1999-10-01,287.642782826564,258.210573805615,0.00968279087259894,24.0180735446902,0.524953734121463,58.3959569790675,340.406366053671,397.164160775852,193.513690381589,26.1275128055518,101149.360054766,248.656889973836,32.9970170465486,313.647732161778,397.158491731463,4.00078780820623,3.3377821488141,11.1598344409408,-48.2736953512502,26.752964847504,-21.5207305037462
1999,11,1999-11-01,286.527064437411,257.685204230149,0.00940401956418618,23.2448522588382,0.513925618438794,58.871524905156,334.60499100665,391.697602742944,198.22531181715,29.9907067778511,101153.36296909,254.092087465408,36.9656868135102,308.13643839434,391.673057050657,4.11779885857269,3.43875071918591,11.0980623305002,-48.8917956125989,26.444006920023,-22.447788692576
1999,12,1999-12-01,285.933860289184,257.583663948621,0.00933991631956527,23.0876144061526,0.518422275708037,59.3177388293265,332.58813055353,388.879974747489,198.599610375768,30.2860322148044,101158.699522585,256.893762718711,37.2332537164661,306.011580554543,388.824801811991,4.1814347293373,3.46265864800046,10.5520129571071,-51.3469308412813,26.521377063489,-24.8255537777923
2000,1,2000-01-01,285.56817263676,257.322372717768,0.00936793806916803,23.0142934505279,0.517007064799296,59.1776961860201,331.263680842878,387.781872579912,199.340720861624,28.4937475691707,101163.687098352,256.183480237753,34.8897151619093,305.226940877652,387.761655722932,4.17391026114699,3.47170077066828,10.6770295986234,-50.4467917833904,26.016523108246,-24.4302686751444
2000,2,2000-02-01,286.069142036048,257.691283637117,0.0096103664547067,23.669629372009,0.526818165221232,58.717085142444,333.566487047809,389.700664894316,198.149467459704,26.4940784006855,101164.235444411,253.156413196296,33.0446986496569,308.123606020103,389.672223108488,4.10931019787948,3.43419439055433,11.3619348977297,-48.4563254876206,25.414439241878,-23.0418862457426
2000,3,2000-03-01,286.685657681512,257.761233418614,0.00971812280785973,23.8556421779191,0.520881954663875,57.8550079246272,335.910319704988,392.899593272113,197.723874429107,26.2142253073345,101170.698537368,249.083373477583,33.0027896040936,310.475448910911,392.880796309055,4.02016892747491,3.40027477641468,11.867567662405,-44.5709347517169,25.416073831019,-19.1548609206979
2000,4,2000-04-01,287.735568533269,257.974149776092,0.00990025370713872,24.5456337209071,0.529787382983319,58.797192541919,341.111700913958,398.01778544883,194.642275652692,26.9894214805963,101165.06337431,244.710053979434,34.3294499888661,315.28781883788,398.022988165181,3.9243524731449,3.32697470428827,11.4631256172336,-42.7277498184722,25.8290847924289,-16.8986650260433
2000,5,2000-05-01,288.483315026924,258.565341103601,0.00999025597061328,24.812424982901,0.528471851891586,59.4686543028755,345.308181968392,401.596246915693,189.918445383632,27.2989162039266,101150.311690693,241.051153170269,35.0612479144753,318.527279096987,401.625000248246,3.85722934208907,3.24513764425122,10.418849133099,-43.3703760760883,26.809656203958,-16.5607198721303
2000,6,2000-06-01,289.198537220698,259.317062682433,0.0100968414147601,25.2708716352282,0.533976648787347,58.2085962396445,347.853788574195,405.016430767424,187.570499508238,25.3165730125721,101145.718578327,238.108992300148,32.6777835408035,322.066655148632,405.055410849916,3.81550711703602,3.20470818117789,9.26526399880195,-43.1772822636786,25.826113508055,-17.3511687556236
2000,7,2000-07-01,289.49053605405,259.45644346717,0.0102162056266671,25.9065274628327,0.530352170157739,58.7053769922639,350.178169020753,406.822028097911,185.395537805529,22.7367227678464,101151.379277885,236.559803253558,29.5092225288267,324.497984233161,406.825208364145,3.80698232018254,3.18568204713523,8.86854697275191,-44.3917656870487,25.683365053826,-18.7084006332227
2000,8,2000-08-01,289.395849306376,259.331819907037,0.0102778579418408,25.9174447826201,0.534332813934524,57.9635412862824,349.473995506998,406.393549978746,187.010606563665,21.6243884773603,101153.01150486,238.247947432553,27.9191234294928,324.128126198024,406.393557471764,3.83340945668986,3.21488735681756,9.4818674016069,-44.9426059167555,25.3458768019919,-19.5967291147635
2000,9,2000-09-01,288.753533004439,258.830314488481,0.00998256729687885,24.8343500664651,0.523942297900201,58.09028303082,345.576072053046,403.03141011924,190.468595977676,22.8390275010673,101151.325906131,243.019969819496,29.2330933177494,319.550493366581,403.027972431003,3.90133742756853,3.27313191697233,10.533573770361,-46.1573080251379,26.022140998228,-20.1351670269099
2000,10,2000-10-01,287.580193517351,258.221992944592,0.00970319999852246,24.0986724688684,0.530710199583731,59.5864856874677,340.821291422502,397.122713016325,193.160522006856,26.4806154810815,101168.146544003,248.832276844914,33.3594963054086,313.876694063813,397.114863909932,4.00673013485922,3.33641535877237,11.2846850389849,-48.7928740137309,26.936748252296,-21.8561257614348
2000,11,2000-11-01,286.554452815521,257.705956583265,0.00948399529453661,23.3829352038673,0.522249408383995,59.6783363787844,335.327789678276,392.001181077815,198.178411299778,30.3335046594448,101168.266601085,254.096335065473,37.3919663172725,308.980969991248,391.976191222719,4.11842917271814,3.43744940678056,11.3047455882161,-48.8594621078673,26.3218298319321,-22.5376322759352
2000,12,2000-12-01,285.891175511453,257.605680402426,0.00944591577707867,23.1265956824731,0.522303960465142,59.0531846409184,331.648243831321,388.860036458125,201.876487346871,31.0757991312414,101170.242637039,256.932542051648,37.544397171485,306.417585066791,388.839476341844,4.18658892976754,3.50702639780907,10.7843550455665,-48.5874566645334,25.210098648249,-23.3773580162845
2001,1,2001-01-01,285.867308777663,257.735669843451,0.0094936113740564,23.3369773192938,0.518050476672933,58.5431393928173,331.843866967234,389.034187103876,202.317086926229,28.9750813109658,101167.759459671,256.135305234742,35.2668037245553,306.847194505482,389.00633864957,4.178672795018,3.51655133945782,10.8293501717126,-47.5264958949235,24.9688240074461,-22.5576718874775
2001,2,2001-02-01,285.993044106149,257.947537165254,0.00968005799735308,24.010191625788,0.52916279437451,59.6386818453232,333.676318965439,389.800058447825,197.665187849605,26.6898733128955,101182.777649702,253.018708310741,33.2458876324602,308.557698612385,389.765933860737,4.12547784656339,3.44309662504281,11.4643334442555,-48.7975061415713,25.084495765966,-23.7130103756053
2001,3,2001-03-01,286.796648515692,257.943338963399,0.00984186467257402,24.416883558488,0.528653985700341,59.3164168419016,337.414856711303,393.749722626065,196.323780054175,26.4004646925559,101178.834388151,248.791903997994,33.4665023449972,312.079599470414,393.730503236097,4.02565334873845,3.39031177606277,12.0649421639221,-45.4020862913777,25.316037850921,-20.0860484404568
2001,4,2001-04-01,287.720929087261,258.340542538385,0.00993492470852386,24.6947752253148,0.536379634817214,60.0511542937975,341.954369676387,398.08945925686,192.921669541717,27.1900467150916,101170.777694066,244.725186305057,34.6547329876264,315.638711728967,398.097621371583,3.91965064225656,3.30007366437335,11.5268139808464,-44.3388304908052,26.323820062143,-18.0150104286622
2001,5,2001-05-01,288.746102817753,258.830748186347,0.0100413320587195,25.0554974342054,0.531165719844004,59.591063075909,345.81664391813,403.024524605559,190.499005949787,27.3758946186949,101152.673893345,240.968759752143,34.9648474939707,319.775468103577,403.052008929123,3.85224515389144,3.24953683003459,10.3663117710651,-42.8808009270802,26.068660138117,-16.8121407889632
2001,6,2001-06-01,289.382597591456,259.294156338345,0.0101790190476573,25.6033623294802,0.539008120878087,58.4165884643206,348.393065609624,406.094275067121,188.583008290457,25.3471357324909,101142.603345024,238.003321678122,32.4553018531328,323.103107422722,406.131396039596,3.81100866223,3.2160007567107,9.16751903940895,-42.3121472670231,25.327079159377,-16.9850681076461
2001,7,2001-07-01,289.750147592138,259.816390195952,0.0104149114859416,26.6704071355041,0.549420413792131,59.6231926761513,352.434204680986,408.138860635392,183.774814533221,22.4793326535648,101144.733950645,236.125458750862,29.3040050726927,326.778561037913,408.140898170041,3.80149623005305,3.16296509180737,8.76547888961856,-45.5259717985131,25.657681177722,-19.8682906207911
2001,8,2001-08-01,289.602590061212,260.006654154314,0.0104487221939003,26.6275697175289,0.550154892758892,59.3050815222073,352.294493396246,407.534463358166,184.458523033072,21.312073599356,101151.269591909,237.782542350901,27.8061086582937,326.416732847587,407.543913416411,3.82654325884487,3.17960857929187,9.39511589389183,-46.8299842588913,25.887210606904,-20.9427736519873
2001,9,2001-09-01,288.866888847614,259.035733989591,0.0101293374107433,25.467853576725,0.536686683710434,59.3057978428266,347.682745937185,403.642845774159,188.310732874922,22.4010734729902,101150.532089075,242.51673277755,28.9665339546709,321.260306749582,403.650043290858,3.88958969627398,3.24095288243542,10.4853295221439,-47.6405394209473,26.429636704302,-21.2109027166453
2001,10,2001-10-01,287.843097369183,258.661191184197,0.0098356650821674,24.4106593970638,0.531605361497692,60.8467526325559,343.010841362283,398.239426364458,190.626701631673,25.7945144907162,101145.214862117,248.451321403273,32.9030398165396,315.462931644011,398.241721383602,3.99642361207717,3.29858227528878,11.1759841782482,-50.7160944457766,27.550204737416,-23.1658897083606
2001,11,2001-11-01,286.959962991985,258.145901880852,0.00962182769134701,23.9762053306328,0.533704600552824,60.0821447740964,337.803594811065,393.659291716304,196.597362795285,29.7190960526179,101152.052310707,253.688420173191,36.9184636535687,311.20469059336,393.660941702385,4.10918895220108,3.41279351803589,11.1704955317129,-49.8916897769552,26.600554203786,-23.2911355731692
2001,12,2001-12-01,286.186078815671,257.979210789002,0.00959083733817913,23.9629448584239,0.538265658345778,61.5454789403587,335.844532258628,390.175150251631,195.833403303912,29.9225306283728,101158.626922069,256.282145414895,37.2433137111128,308.909457733973,390.165396318478,4.17705209484647,3.42946032052395,10.7311767147297,-53.127959028243,26.925320591502,-26.202638436741
2002,1,2002-01-01,286.054386635052,257.963200991753,0.00959801895639245,23.8639782602048,0.528656232036423,60.5261173174597,334.924359556681,389.590101041215,197.198656712749,28.1463242742097,101160.323846979,255.569236219064,34.8859252104074,308.600405171673,389.571913370423,4.17156217649945,3.44995139222774,10.7697616882381,-51.6309785701173,26.305766714216,-25.3252118559013
2002,2,2002-02-01,286.221141093808,258.117324475007,0.0097446169745788,24.1472254762548,0.530469718795444,60.3394042503163,335.747392634126,390.799251468516,195.667885039398,26.2362282636174,101168.728812828,252.851035000595,33.0259392769703,309.803047020465,390.778749978509,4.11045189380486,3.40576250760053,11.4011984337938,-50.3934389478441,25.923844123654,-24.4695948241901
2002,3,2002-03-01,287.095072418851,258.114135571962,0.00992645415810642,24.6017525868489,0.53013649902157,59.9295342826228,339.185858066996,394.930512992308,195.627949830003,26.1107375896148,101168.936406547,248.623628316209,33.0185928020351,313.422451648844,394.9146882936,4.02301262157485,3.38162106206315,11.8848033105485,-46.0878232737857,25.747581719444,-20.3402415543417
2002,4,2002-04-01,287.751529091124,258.451354603378,0.00995424141244502,24.8594956502517,0.521659303466847,60.3525300241264,343.039538817328,398.363873961852,192.167743634841,27.1539928117249,101164.89877218,244.61423123996,34.7294155952112,316.072965864837,398.359146902628,3.92836315662882,3.30185378083858,11.4971307958617,-44.8710648216327,26.961845893267,-17.9092189283656
2002,5,2002-05-01,288.866674483953,258.993320056995,0.0100839653952451,25.1265425881448,0.529007550110786,58.9968960768788,346.07504445245,403.308915626172,191.204702143475,27.4366652086393,101144.863515555,241.060330548152,35.0078087747454,320.2019886884,403.320500175123,3.85917609156422,3.26220143455896,10.3177121697865,-42.2844848385709,25.8846403130011,-16.3998445255698
2002,6,2002-06-01,289.578139287725,259.708961643895,0.0102793941059352,25.8380325825016,0.552419966945846,59.600670383389,350.375434864457,407.065091969522,186.782159308734,24.7091715782274,101138.842654144,237.809118922929,31.9504935226757,324.493114295574,407.077502688273,3.8106250003364,3.19527244084798,8.97053265849849,-43.7856376697467,25.894731287634,-17.8909063821126
2002,7,2002-07-01,289.831225973457,260.035662989346,0.0104450093532987,26.6403910958404,0.541451793063895,59.7707649967839,352.696852091035,408.662694823752,183.767836609312,22.6104518323125,101144.717843237,236.17051080982,29.4212120303622,327.225010116866,408.680872337343,3.80651460703462,3.16692998458649,8.77086217380993,-45.5919140024583,25.49001948776,-20.1018945146983
2002,8,2002-08-01,289.626143373538,259.895943208781,0.0104158504017483,26.5706273452829,0.549612637960331,59.6715290679966,352.406855416201,407.607188811129,183.853081372946,21.1189147064341,101148.858475499,237.759753687449,27.6859343809996,326.361447482481,407.619248459901,3.83047281518282,3.1750855329554,9.29453646381978,-47.3396526399375,26.0574675824919,-21.2821850574456
2002,9,2002-09-01,289.05383188431,259.26908194433,0.010146549391481,25.4727845617769,0.537277806318618,58.9904263990826,347.947114989243,404.470351627306,189.297117420892,22.3597252305995,101149.751066427,242.46473306279,28.8532004018001,322.012111737232,404.485341118413,3.89173661127424,3.25329331385558,10.3916550572931,-46.6741404706974,25.949992743118,-20.7241477275794
2002,10,2002-10-01,287.942085867491,258.415155331964,0.00988125507592586,24.6045534372459,0.528023936044205,58.8837941583717,341.88277533072,398.732770824849,195.312680458375,26.5165972167,101154.498001308,248.346329614187,33.2389724297328,315.975575792358,398.743513874646,3.98982070341675,3.35373209856423,11.3736303375172,-46.3112739427792,25.917942588159,-20.3933313546202
2002,11,2002-11-01,286.863490168217,258.078860434597,0.00967290771104171,24.0787663396519,0.543092828260098,60.3325714883776,337.933226768438,393.374278355723,197.071027974393,30.3024285979593,101152.548571611,253.513615375391,37.3085056260105,311.416426336329,393.374075434741,4.09329718885731,3.40628791960317,11.3593054920876,-49.4365103729468,26.516597511127,-22.9199128618198
2002,12,2002-12-01,286.116399607237,257.925635983867,0.00962795472322539,23.9034175502697,0.525903765406815,61.4299282328583,335.415064794085,390.128433549702,197.354142218105,30.6756503843057,101157.918708605,256.223753738053,37.871172145287,308.860180923306,390.120399386432,4.16977233799851,3.44609051829862,10.955795529976,-51.6740897589667,26.546849707509,-25.1272400514577
2003,1,2003-01-01,286.111136503934,258.105716029806,0.00964534209016298,23.860938849118,0.534441645852851,60.8291488549576,334.875509363122,390.140518956329,198.119979318746,28.6825425591819,101159.884413437,255.573278782114,35.4784160750267,308.884777841535,390.124460323405,4.17477537759709,3.46532806977956,10.9190588064847,-50.6574259475232,25.974672888663,-24.6827530588602
2003,2,2003-02-01,286.204395610599,258.04874384643,0.00983762527207211,24.3109002977648,0.523808653250651,59.9810926568139,336.167409103167,390.962586580037,196.988617029554,27.0054025994963,101163.797062691,252.662189379952,33.7831049704363,310.550391833577,390.947651573952,4.11317880471678,3.43000791906509,11.6818868240222,-48.895869979458,25.602082263505,-23.293787715953
2003,3,2003-03-01,286.771917227868,258.090468737847,0.00988849460188538,24.2813276390657,0.522214353585805,59.1732599017738,337.648971654284,393.778626311783,196.556122758313,26.8163529437661,101167.850840034,248.815560883806,33.8027490605364,312.018339995472,393.761162676044,4.02114516085294,3.39053431861935,12.1633985541514,-45.2730420087227,25.6131680230731,-19.6598739856497
2003,4,2003-04-01,287.761461522747,258.413431015142,0.0099925298148511,24.7806537646493,0.529993668306767,60.1810662207976,342.392459407798,398.384489712227,192.867920828004,26.9056870182816,101161.917069941,244.56129905587,34.3303450015134,316.109350551106,398.379168366962,3.91908511320302,3.30220517511816,11.476835689732,-44.2687202446342,26.2777875114271,-17.9909327332072
2003,5,2003-05-01,288.776059061358,258.9553680757,0.0101151400886685,25.0951637826326,0.533651291542728,59.5297780499599,346.154904297004,403.172048418358,190.368339239455,27.0167745619858,101155.46958574,240.841169342065,34.5323096516015,319.987222389715,403.177105745426,3.84523363971852,3.24237004334006,10.2621174708571,-42.9572950129943,26.172739234357,-16.7845557786373
2003,6,2003-06-01,289.374149703114,259.375048796343,0.0102573375836976,25.7527381206926,0.533089323062612,58.8791502884786,349.428131582641,406.297905136796,186.963043078008,24.7426708647832,101152.754767059,237.643159552048,32.1015409798899,323.873677590378,406.312103119326,3.80298773458995,3.19272660344658,9.1316482690356,-43.3212463589333,25.5686519747931,-17.7525943841402
2003,7,2003-07-01,289.75411012383,260.037994961054,0.0105040998873829,26.9012186603461,0.553526220037908,58.980008083384,352.626865063108,408.291169785143,184.816120767427,22.5307271885282,101149.656648132,235.87690331596,29.2870590962142,327.379890866885,408.301960044848,3.79522748644027,3.1734614828257,8.81320502287084,-44.304450640847,25.2577644559281,-19.0466861849189
2003,8,2003-08-01,289.725002397874,259.889699015198,0.0105315097507559,26.736637932333,0.540717445516112,59.2032796227301,352.942438843478,408.229807504592,184.94008473485,21.1046989623141,101147.811321736,237.551676644916,27.6492664961719,326.996124940365,408.238785046523,3.82306034587198,3.18624983254063,9.32807424337295,-46.0670243762082,25.955291445044,-20.1117329311642
2003,9,2003-09-01,289.077868397112,259.320824040111,0.0102637029089319,25.6260386887019,0.543442542305598,59.2115075436651,348.79440096009,404.770116604394,188.896600547725,22.2447168494614,101147.951966524,242.291363330092,28.799047843082,322.332788936238,404.779610678629,3.88855504176116,3.25080185917498,10.3431062848553,-46.8404317887464,26.471106098087,-20.3693256906594
2003,10,2003-10-01,288.070617059593,258.74967757667,0.00988770901266795,24.4584327894634,0.534388047243136,59.8745582245079,343.231522463271,399.703924546575,192.571197272274,26.1807328334321,101151.740640872,248.402620108475,33.0355399405907,316.400515855599,399.709635335547,4.00123351622846,3.32851898030145,11.1570827075427,-48.9766157290424,26.836717396644,-22.1398983323984
2003,11,2003-11-01,286.83203370647,258.207594757957,0.00969487127876696,24.1619796552991,0.532669638084243,60.7285603476128,338.507779694195,393.459817276497,196.264196260041,30.068227819542,101163.218594416,253.442999008901,37.2489272617005,311.548925323715,393.462841909072,4.10878051765942,3.41290359969062,11.2981275402131,-49.9981033067015,26.9618790030549,-23.0362243036465
2003,12,2003-12-01,286.359252738893,258.263209789526,0.00959508850529204,23.8647688086543,0.540139673070651,60.7017984095048,335.881946129863,390.989185386767,198.002852562259,30.5737403855304,101163.212264197,256.237923638007,37.549666683715,309.319358640052,390.98177372386,4.17134378287976,3.45403996623508,10.8116669902361,-51.2591447775634,26.555175826904,-24.7039689506593
2004,1,2004-01-01,285.965434727628,257.999328784474,0.0096517836613829,23.9805439750902,0.517441396804782,60.9315904055881,335.041914766426,389.708682113127,197.026743142093,28.4469933683606,101167.367279822,255.42548039798,35.246376309644,308.963186927692,389.693685298322,4.18114824849841,3.45758759414345,10.8484353414624,-51.5993543146036,26.063731023929,-25.5356232906746
2004,2,2004-02-01,286.257921986125,258.126325756432,0.00973391325755883,24.1022617874185,0.536049733950863,58.8287510389948,334.949806818117,391.227239537833,198.513821466224,26.7882282629403,101165.001018689,252.883840926486,33.4066393283901,309.932650273848,391.20391644921,4.11706678471492,3.44977263305208,11.5567139234176,-47.7516083948122,24.993833455646,-22.7577749391662
2004,3,2004-03-01,286.895774768686,258.376078153309,0.00990986050040758,24.4980652573447,0.532196233860043,59.9737478563223,338.599304650768,394.344355784267,195.112328330154,26.1066244455795,101169.372629128,248.617174339578,33.0862857783341,312.742002994274,394.333185637357,4.0213585497539,3.37271202744936,11.9351429513308,-46.5251846766694,25.846131509584,-20.6790531670854
2004,4,2004-04-01,287.863234257081,258.433412553578,0.0100680701110643,25.1574298180243,0.531752736899462,60.0892374964069,342.663333790605,398.771365516736,193.975663668202,27.0086452765289,101164.365783421,244.3018990265,34.1806950784062,317.024052271516,398.763474874184,3.92418666977996,3.32209728265735,11.4095036233774,-43.1541855564207,25.631390876537,-17.5227946798837
2004,5,2004-05-01,288.543496840918,258.957154888804,0.0101109490115234,25.4064225663565,0.545147456020325,60.4521313284678,346.02220805513,402.071441243106,189.014187746225,27.2034513523071,101153.614114871,240.562700821184,34.8295686697292,319.761214103146,402.07799371016,3.85246268021859,3.23381379786831,10.289545266796,-43.9223957575369,26.267546419038,-17.6548493384989
2004,6,2004-06-01,289.352389274558,259.42804871395,0.0102669944391272,25.8180895459933,0.557854002556903,60.0091702569903,350.013218920066,405.810748513851,185.036403248118,24.6874777041116,101137.373001946,237.58949467848,32.1776353929317,323.686303765293,405.818553957704,3.80639236497805,3.17040085480565,9.08826733602502,-45.0629337415419,26.3347205986259,-18.7282131429159
2004,7,2004-07-01,289.457402885053,259.560620046164,0.0104337309977787,26.6265271026076,0.545176153034717,59.6827312248259,351.97023456918,407.051511344398,184.847579367388,22.5517916129065,101147.528023294,235.959363488966,29.4235931910638,326.160623999292,407.061073674747,3.80027990708312,3.18088884901336,8.86595134786548,-44.2399825434207,25.8191729002369,-18.4208096431838
2004,8,2004-08-01,289.45603765876,259.724578564471,0.0104629240183468,26.4743727961256,0.55547413559452,60.1040968681308,351.941182114646,406.900251786589,184.09432048907,21.1435889089072,101142.376553686,237.736189255454,27.7843920099734,325.662540192894,406.911660785307,3.83083070646942,3.18085210292459,9.38588894775333,-47.0010656653178,26.2900509204699,-20.7110147448479
2004,9,2004-09-01,288.907987017616,259.187107737808,0.0101884875020008,25.5654971683291,0.541803803684069,59.8028147654883,348.384752347327,403.861574949362,188.29933040993,22.456016234346,101150.54760265,242.416195484803,29.0319667500472,321.676125173179,403.872094955425,3.89348738522151,3.24643455393305,10.4651552991371,-47.5409145591718,26.7191471802109,-20.8217673789609
2004,10,2004-10-01,287.895281769986,258.639999536341,0.00987641131339606,24.5651119623277,0.537750580169514,60.5747067431018,343.37591981305,398.663428300759,191.596976003425,26.3200239401382,101147.257500358,248.352105516486,33.2911409375395,316.135267316553,398.669093109075,4.00333404291927,3.31563819342179,11.2747001818001,-49.7840125156597,27.246317304813,-22.5376952108467
2004,11,2004-11-01,286.901265395704,258.038279154381,0.00966157859004724,24.0803584128569,0.534731437581909,61.5395915518002,339.017243747348,393.822542070851,194.828100195081,29.8454604005587,101155.646311478,253.472774201072,37.1953152149418,311.565573505544,393.823103598966,4.11273333038223,3.39566318076364,11.2307864355984,-51.2948191916079,27.452231769919,-23.842587421689
2004,12,2004-12-01,286.06983356059,257.920782588983,0.00959071191695278,23.8551602883706,0.536848626193613,61.6283674822645,335.540899143744,390.083645219511,197.459754393755,30.3790628773227,101164.08102038,256.191811918455,37.3951193512328,308.699318855897,390.075016858876,4.17376423052936,3.4503416278173,10.7441552117001,-51.7160010507899,26.832951927212,-24.8830491235779
2005,1,2005-01-01,286.140564041465,258.241206041659,0.00968328506434834,24.147457790549,0.536807048390578,60.7499967400887,335.780611274902,390.284503984743,197.751626101223,28.1566148173405,101166.954027603,255.242934719771,34.7966889682772,309.53816091714,390.265672003515,4.16830257591748,3.45858758299649,10.676720032805,-50.8512344676113,26.223618376534,-24.6276160910773
2005,2,2005-02-01,286.274293723136,258.149002449753,0.0098014108829384,24.3416476088222,0.531486704897174,60.5978730094177,336.860841568868,391.525046635372,195.778217754764,26.5741701476696,101172.065771839,252.526238554879,33.2880187397668,310.790563873593,391.505422204744,4.11145325582636,3.41439049559496,11.4297528100085,-50.0341722080178,26.050653264647,-23.9835189433708
2005,3,2005-03-01,286.97988006798,258.226928675227,0.00990952699143039,24.5819847638003,0.52244106424254,60.1490568305735,339.0868366156,394.842058878035,194.891169804098,26.1712349733919,101168.123173697,248.4613584927,33.2897483941999,313.184953842152,394.82505340256,4.02560290421697,3.37601339038194,11.9286939902284,-46.451675267794,25.884877297973,-20.566797969821
2005,4,2005-04-01,287.940332769632,258.669197227417,0.0100502989872055,25.033370674804,0.533055869992718,59.6914018792017,343.013268719493,399.299588263765,192.977382160357,26.6230770529286,101161.990428975,244.424454141905,33.9060810372663,316.987716735285,399.276346837868,3.92706365585805,3.31047084478858,11.2986464358983,-44.1640679972103,26.002310558311,-18.1617574388993
2005,5,2005-05-01,288.821445879712,258.929589963944,0.0101866221666186,25.4417492408472,0.528777749069455,59.8554280468719,347.000996439893,403.538194266467,190.311390728773,26.8136241057793,101157.086309178,240.540026037964,34.3012442446213,321.00480241701,403.54743240509,3.85685992411564,3.25619970443655,10.1708204532026,-42.741015170349,26.005432161506,-16.735583008843
2005,6,2005-06-01,289.538451882145,259.574574135345,0.0103940016235129,26.3220209799881,0.539957492731714,60.2458734204363,351.846173312103,407.250451772953,184.086842544783,24.1959529339737,101143.113091377,237.232323792321,31.8928891910863,325.40167211264,407.260187007966,3.81778600515617,3.17491003677582,9.01411057395802,-45.4485449904254,26.4542364344761,-18.9943085559493
2005,7,2005-07-01,289.784570672028,260.197197982722,0.0105891655283171,27.0994786467456,0.561299463602059,59.9387421636572,353.783874981686,408.562606884849,183.030035612038,22.1826580151623,101142.726260557,235.659211030603,29.1886064268105,328.10850592616,408.551526822169,3.80790548421799,3.1646579981832,8.75208266660023,-45.6232270069168,25.664288992846,-19.9589380140708
2005,8,2005-08-01,289.631490425766,259.937519661714,0.0105343599216273,26.8442430200375,0.553923814094293,59.6838927778436,353.108528187321,407.953107664691,183.227896643577,20.9321987465812,101144.766857131,237.479473752147,27.5881110683841,326.896386889354,407.942295838805,3.83635835420511,3.17619089543399,9.32306156434929,-47.5956647867671,26.201329472081,-21.3943353146861
2005,9,2005-09-01,289.041186971362,259.441787514781,0.0103291423177444,25.9870908666015,0.543183306500833,59.8266997530727,349.691261486454,404.554155858523,186.699777066523,22.3833077691586,101146.314489005,242.092581676909,28.9543770670408,323.073890908609,404.548545688252,3.89915910808919,3.23115529039052,10.3972037754053,-48.8217353125038,26.611760407574,-22.2099749049298
2005,10,2005-10-01,288.110708419731,258.830851294612,0.00993842783999458,24.9243966802096,0.53668791269017,59.8880336461311,344.481460456689,399.696715625294,191.408498429227,26.0949377575782,101150.791659953,248.070027899458,33.0289645497999,317.23190227613,399.689351367456,4.00629114665904,3.32288465335123,11.071540012388,-49.7275026780093,27.242193922721,-22.4853087552883
2005,11,2005-11-01,287.004530208682,258.205621919795,0.00967094944625983,24.0552474212823,0.532823748408251,60.8434122749655,338.981872935114,394.110526343598,194.865834353713,29.9591704482208,101148.346101614,253.502846982985,37.2155614179455,311.767108467293,394.08508131965,4.11702659898652,3.39771487112148,11.1074137324909,-51.3806216595473,27.189319443873,-24.1913022156743
2005,12,2005-12-01,286.306432649949,257.982459152861,0.00953787533962395,23.7552085504845,0.533563458640419,59.9843242568373,334.908503868269,390.839278117659,198.755617515714,30.1079671697167,101160.817866805,256.205577577018,36.9632244567525,308.908708615739,390.807535601153,4.17796887931607,3.46962649575776,10.6022817838157,-50.5947027742682,25.968052736024,-24.6266500382442
2006,1,2006-01-01,285.980854527436,258.062039451674,0.00968592568692364,24.2216494638525,0.548124630066353,60.8586741753626,335.279496750167,389.637279749674,196.959961892944,27.8197682147884,101165.059738361,255.208422778433,34.531756908218,309.234709982416,389.584148564588,4.18106306777588,3.45749555066581,10.5775128023393,-51.5364721920594,25.991655582665,-25.5448166093944
2006,2,2006-02-01,286.368730760734,258.095924335683,0.00985567042743196,24.5400668026251,0.529044855190318,60.7153327586936,337.193657506814,391.67253744448,195.513092798509,26.1135254442016,101170.102223612,252.429953565382,32.8574361318475,311.126427314439,391.626541982445,4.12316280377242,3.42243975241264,11.2868753789541,-50.1729500792271,26.02123473034,-24.1517153488871
2006,3,2006-03-01,286.904926926332,258.16327003758,0.00989818387430286,24.508785806654,0.541447124995665,59.4186678396021,338.614023935837,394.225142776423,195.23513035975,25.8137014602956,101166.023168603,248.469633825701,32.8276386322885,312.703755270199,394.18957043536,4.02211442444202,3.37734321309961,11.7744858079751,-46.2205662939581,25.874696324575,-20.3458699693831
2006,4,2006-04-01,287.808263766239,258.440507664554,0.00999910859848764,24.9104170084897,0.532575619155984,59.9279698483264,342.419168474708,398.553825105213,193.045114722591,26.6895956779042,101157.436657163,244.405169312292,34.0077597287656,316.429270974554,398.528952112716,3.92234154683671,3.30724965197168,11.2809917460461,-44.0418905388396,25.965024507657,-18.0768660311826
2006,5,2006-05-01,288.697057256353,258.665006893963,0.0100416900794396,25.0811280710508,0.531893448037783,59.4958851902547,346.028752640542,403.041728207352,190.065183897133,26.5608294752788,101147.391145991,240.635119934624,34.3406660493764,319.764827567299,403.066654028343,3.84756561541459,3.24254483610885,10.1732761232413,-42.7900994633934,26.288850894234,-16.5012485691593
2006,6,2006-06-01,289.542863237059,259.534318951326,0.0103252793671726,26.144469969241,0.555182019212445,59.4839663404689,350.856031702135,407.031776692845,185.590190110371,24.6337096594589,101133.023197916,237.294994040145,32.1004028214877,325.039214903333,407.07116825247,3.80250165304637,3.17685482993512,9.08157601414843,-44.2381107677452,25.856208358427,-18.3819024093183
2006,7,2006-07-01,289.707062135239,260.130989058411,0.0105609835140732,27.0624406524659,0.553639542392809,60.3356391569966,353.666302016944,408.046106170023,181.887405476388,22.1716399699291,101134.217285237,235.612030237803,29.2642397521318,327.711822423922,408.064885245866,3.79567346876133,3.13891826093209,8.77163588833267,-46.6320249792123,25.973258668865,-20.6587663103473
2006,8,2006-08-01,289.67223208942,259.973045396011,0.0105467668418373,26.8083491062294,0.552442189575606,60.13778394041,352.980691022272,407.868806667609,183.116970549975,21.0633958763251,101135.581499522,237.477703507153,27.6928898971203,327.058208240263,407.870304071562,3.82674672261829,3.16558138336172,9.35389364583058,-47.7312389363828,25.923980185962,-21.8072587504208
2006,9,2006-09-01,288.995843176634,259.4323476985,0.0102572450390693,25.8661486154546,0.539705241522504,59.6162239979731,348.815794586852,404.317167266213,187.760474979702,22.3803491462364,101145.479366008,242.153783153503,28.8923073716167,322.50898969727,404.318787824306,3.8952841330112,3.24030355342085,10.40665440809,-47.8813499484207,26.308425447675,-21.5729245007457
2006,10,2006-10-01,288.041964983214,258.875597716538,0.0100148934919269,25.1265775555736,0.544543014838785,61.4191976400583,345.119863826794,399.470573162896,189.636502726544,25.9529718441004,101139.36768783,247.916533878729,33.0256642986722,317.587466204088,399.457579965719,4.0165040991992,3.30682676376104,11.0918526967717,-51.2073386976132,27.519404425529,-23.6879342720842
2006,11,2006-11-01,286.961896963935,258.23949550712,0.00970693682500215,24.1464315069616,0.535017802183777,61.1993170426149,339.098414385668,394.140282088427,195.452259431696,29.8124713324714,101147.522398214,253.384638281754,37.0871423000951,311.809384812347,394.105320888925,4.1312465720736,3.4215710529567,11.0894344868641,-50.6577078824343,27.254068373819,-23.4036395086153
2006,12,2006-12-01,286.386366326377,258.141636283309,0.00966022248233789,24.0611734440469,0.549287439875872,61.500896179481,336.388544607873,391.247850978672,196.959117752863,30.1798212099297,101151.707288867,256.198073269419,37.1098288523926,309.522363858667,391.191989749119,4.18968628847657,3.45422751297307,10.4992208936489,-52.3089478740931,26.810319519653,-25.4986283544401
2007,1,2007-01-01,286.264466768807,258.474076053667,0.00971374474877202,24.1553779392981,0.539511498592223,61.5443692542527,336.410446897685,390.76207250831,194.970500710606,28.1282535218089,101159.489328584,255.390334474584,34.952519133327,309.734244387937,390.735152244201,4.18578497539268,3.4294649077751,10.7006904459152,-53.5955681524599,26.649282245639,-26.9462859068209
2007,2,2007-02-01,286.260551787219,258.120824562583,0.00977457510909108,24.1904789005701,0.518904189786422,59.9513358019475,335.935391257834,391.374834003163,196.565442207574,26.8947276673337,101163.580406289,252.681866526069,33.455852053986,310.43297632859,391.347936984423,4.12264548426965,3.4323786491713,11.4933143543463,-49.5552999318427,25.475517910504,-24.0797820213387
2007,3,2007-03-01,286.891416232751,258.324778439127,0.00991558041868502,24.5615573718196,0.530570407088405,60.0450673300124,339.24943517593,394.427705656733,193.99460625981,26.2707147855064,101168.268254742,248.459466394456,33.332771843999,312.998153371682,394.398478661814,4.02405083694538,3.36372941205551,11.8765128569296,-47.4028030761534,26.222054809329,-21.1807482668244
2007,4,2007-04-01,288.013688963154,258.417565197961,0.0100260627701612,25.040696282121,0.520544429149284,59.8227782411946,343.524898263611,399.589020499621,192.884654524874,26.7174316018631,101158.146721629,244.287752515598,34.1580736545897,317.192399177284,399.576113867235,3.92358555657456,3.31148694897361,11.3050009982104,-43.9624559379974,26.319592453941,-17.6428634840564
2007,5,2007-05-01,288.80146814202,258.938875996436,0.0101704867114631,25.4687592608337,0.530413552690911,60.2590443423618,347.124893071077,403.171255559623,187.970139660682,27.0909228617671,101138.434236715,240.525437491045,34.8003050332583,320.739132177846,403.174375499638,3.85677507358312,3.22304510924476,10.2566287837478,-44.8459156588718,26.388880833246,-18.4570348256258
2007,6,2007-06-01,289.467347243998,259.731326172217,0.0103484293285013,26.4043882924556,0.555118719669232,60.4009887446504,350.981876099129,406.551969892312,183.886033832762,24.1589094917125,101130.786593992,237.221089643094,31.8919969167059,324.961174308583,406.558507986074,3.81223076830076,3.16405603996771,8.99767909439994,-45.6019683853386,26.027239884308,-19.5747285010306
2007,7,2007-07-01,289.788181129077,260.218472871433,0.0105665023470637,26.9704028515653,0.553559805929761,59.9303007091941,353.143472737005,408.186377163162,182.287709736484,21.8956518642728,101135.340171105,235.668011253092,28.7882871013578,327.777148588028,408.192078481895,3.80690759832529,3.15078103909028,8.61943984487719,-46.487666279523,25.37202546771,-21.1156408118129
2007,8,2007-08-01,289.618379183891,260.179942670331,0.0105492105467835,26.9755786770976,0.562978395175319,60.8072820942736,353.498636894826,407.43932152061,181.780094701772,20.6374778474283,101132.117408922,237.246421833235,27.3101716353472,327.049463872735,407.445198399778,3.82911663196549,3.15338465235595,9.12552697215804,-48.7936333435441,26.455049901259,-22.3385834422851
2007,9,2007-09-01,288.867455876959,259.374363009154,0.0102149159590699,25.7876791836793,0.553019721588291,59.7118686373904,348.433283225916,403.75613027389,187.005395707848,22.4205388754165,101139.415368727,242.139247482493,28.9422379729158,321.84183855863,403.764136870652,3.89401220701149,3.23000026167276,10.2910059779492,-48.6121526771457,26.599451264048,-22.0127014130977
2007,10,2007-10-01,287.945950753805,258.665929021761,0.00983978246814061,24.5645438935768,0.538660486107095,59.9989758381955,342.847875947895,398.755996806721,191.937389452182,26.5153528546891,101138.069235511,248.22665922742,33.3639593545513,315.876659731228,398.75596226799,4.00065345925747,3.32033797706015,11.1397385016897,-49.4406632753758,26.971181677936,-22.4694815974398
2007,11,2007-11-01,286.806320775708,258.081528604392,0.00956836427748237,23.7829361323195,0.539070909611118,60.8196138614148,337.339636644336,392.967539652399,195.22066452983,30.4085546923293,101139.294797864,253.535888522645,37.5220362333327,310.293121065272,392.965776532063,4.11203794970612,3.3981517726941,11.2322819288458,-51.2017424518116,27.044752458728,-24.1569899930836
2007,12,2007-12-01,285.992396686051,257.980598192404,0.00948349708775137,23.6270323650897,0.538674255717064,61.9823653102129,335.20416138149,389.288426881268,194.888499929313,31.157369203802,101146.349198144,256.315138237426,38.612001297154,307.683509646929,389.279584383037,4.18216497724523,3.42117780843423,11.0753292750611,-53.972006214761,27.51180923633,-26.460196978431
2008,1,2008-01-01,285.592298438956,257.706181048324,0.00956012724600955,23.799598828744,0.532295840185312,61.5823270523042,333.44453030453,387.832994261452,196.193078828247,28.5663125812371,101162.16921447,255.58635026656,35.546364676444,306.934181399186,387.814153322353,4.176661232463,3.43747982981559,10.9190685108294,-52.4132193431061,26.491507966245,-25.9217113768611
2008,2,2008-02-01,285.880668630163,257.848854073115,0.00959194566460514,23.7554527663768,0.536394518490644,59.7846380998997,333.805959889602,389.372078813273,196.140547252327,26.8755241629011,101164.404815624,253.030652678485,33.6287971758012,307.836604146271,389.347180609478,4.11827807008582,3.41632502489178,11.5871421466586,-50.1368324132579,25.944457539536,-24.1923748737219
2008,3,2008-03-01,286.8879100397,257.778184841647,0.00973285156111004,24.1514052707804,0.519819758353814,59.9530119293989,337.762538011125,394.276990198441,195.58780096573,25.9985288052338,101149.72323287,248.653893746428,32.9676877292963,311.825897443968,394.260012069415,4.02919307393167,3.38796750107448,11.8840538783847,-46.0969338566355,25.919662438131,-20.1772714185045
2008,4,2008-04-01,287.731800474048,258.128952576283,0.00981779479150543,24.4602540063051,0.520125594230221,59.5846892509469,340.852909291629,398.17968039785,194.11950879821,26.9533218299881,101143.75375486,244.711946072813,34.0982687919065,314.881603052471,398.173691924847,3.92975095750941,3.32635939978514,11.4092681705163,-43.4474903126846,25.965317766155,-17.4821725465297
2008,5,2008-05-01,288.66882722415,258.498893292416,0.00996699457524586,24.9271649001703,0.51434392930156,59.7265785277177,345.37380944566,402.825330492391,190.50940374424,26.462234671567,101137.701556319,240.717099864682,34.0103927491157,319.194600979231,402.837288178937,3.85812252642637,3.25738094702419,10.1199436049685,-42.6595380428933,26.191166152975,-16.4683718899183
2008,6,2008-06-01,289.300091811954,259.309963632926,0.0102277250302683,25.9029731244989,0.537878504399937,60.0100820883579,349.483806562669,406.00600494306,185.664835577236,24.3783839671277,101138.983671347,237.489299171215,31.5793815851571,323.560021807853,406.013896914298,3.81158229134791,3.18358318818586,8.9453432549141,-44.6234659759496,25.931676726054,-18.6917892498956
2008,7,2008-07-01,289.708150033264,259.863216306923,0.0104536390494928,26.7002339077212,0.550150000649988,59.6645976495667,352.341308408192,408.211111525136,184.06130021086,22.2052173273297,101135.30506521,235.929751928852,29.0302309592053,326.778579778893,408.219160025516,3.80600917038211,3.17265177038836,8.70483007884551,-45.0434380861164,25.570777129679,-19.4726609564374
2008,8,2008-08-01,289.491544181223,259.715496261793,0.010504253780037,26.8542865729554,0.546271857377399,60.1593141741067,352.041746902373,407.179948651278,184.475835261396,20.9020149201724,101138.968764394,237.55134146939,27.4193716759596,326.110915771331,407.186641297806,3.83345040176104,3.19001621894921,9.24317955739044,-46.5581494522068,25.93752377757,-20.6206256746368
2008,9,2008-09-01,288.900287648836,259.340741787823,0.0102308980387751,25.8422168209168,0.540848897726748,61.2574734400644,349.12965551946,403.98630030161,186.185269027103,22.041491768495,101141.34738265,242.221338864111,28.7048591611855,321.905551396103,403.991193748718,3.89895481205819,3.22558458211293,10.2174067685292,-49.3727024443175,27.228997570465,-22.1437048738525
2008,10,2008-10-01,287.968224503663,258.556781866906,0.00994209553466496,24.9775368864729,0.537966583936163,60.7820721918554,343.809533380043,399.161419837253,191.039748329289,26.2049580432836,101145.068131968,248.20578042286,33.0926779167956,316.649136897905,399.163023585136,4.01402280595506,3.31985837973447,11.0598075631931,-50.278312220059,27.162000230021,-23.116311990038
2008,11,2008-11-01,286.873425655454,258.213929608656,0.00966749681926101,24.2495963223043,0.538568538236581,61.5574316341212,338.934444889989,393.529652853369,193.714309183508,30.007372298004,101143.479297286,253.486827920424,37.4403897803284,311.436709787331,393.525610946137,4.13474860375552,3.39884442998661,11.2296104633381,-52.3395012545916,27.493693195426,-24.8458080591656
2008,12,2008-12-01,286.053064632122,258.069231470701,0.00950730024710548,23.8172226557302,0.523317033525651,61.9570007920753,335.330578594928,389.969049076556,196.322272246577,30.4947241150524,101155.503491052,256.374042136062,37.7554249944812,308.185848518077,389.96303902471,4.19650948609347,3.45121769540167,10.8028535428766,-52.7910690100562,27.1387200250049,-25.6523489850512
2009,1,2009-01-01,286.085017913115,258.032634775278,0.00959198932338466,23.9670193823085,0.533840640043884,61.0995747720674,334.439117273898,389.98975577222,197.325101159477,28.2500548397701,101156.033462726,255.587670854567,34.9306644372631,308.43671858092,389.977274215901,4.18858211177394,3.46389001126841,10.4495817936053,-51.581960097597,25.989917136659,-25.5920429609381
2009,2,2009-02-01,286.187037797694,258.028036049062,0.00977316658447521,24.4848754897233,0.52727755370015,60.9519704863618,336.074314085174,390.822091997753,195.391024061564,25.7494826294188,101168.121330095,252.553371870258,32.3000600683639,310.120526854815,390.804806529202,4.13212553468635,3.4270939151026,10.8163136593726,-50.6117703697489,25.936501761808,-24.6752686079409
2009,3,2009-03-01,286.748214995169,258.103685159545,0.00982428894077982,24.5393188349307,0.516312135819056,60.8160954735165,338.497487014269,393.784151856751,194.068038500156,25.1476110582902,101171.108872423,248.405726555877,31.9507778962536,312.174330250403,393.770029191948,4.02074248755329,3.36487848868015,11.3358648643206,-47.5345212177576,26.309034099063,-21.2254871186946
2009,4,2009-04-01,287.725618501272,258.335961386569,0.010002133139036,24.8788257785239,0.528033435826846,60.2216067350218,342.131757506183,398.331516389409,192.125154855044,26.0104603119184,101161.754658833,244.393711736629,33.1116470484135,315.900820448193,398.328155015269,3.91927009599647,3.29378679211409,11.0277472016345,-45.1673701450899,26.22757568385,-18.9397944612398
2009,5,2009-05-01,288.692395641464,258.77018823641,0.0101425079107077,25.3288135207922,0.533135575521448,59.4587128684752,345.940112357293,402.81917288225,190.954867528771,26.9246653378094,101147.93820613,240.731132682635,34.3200609391493,320.063044244031,402.847460465769,3.85726114854477,3.26341965703258,10.1814872530935,-42.3808695525241,25.905355696781,-16.4755138557431
2009,6,2009-06-01,289.367309029614,259.350063171217,0.0103568768869092,26.2114473838566,0.534832473989426,60.1375601889356,350.481345145854,406.477485360927,185.538165652399,24.7554368281822,101143.518254558,237.462444156955,32.4158133459505,324.605356998111,406.48916478882,3.82063368100881,3.19375911102943,9.18875678450808,-44.2639019867877,25.887667575636,-18.3762344111517
2009,7,2009-07-01,289.753596452997,260.310799747659,0.0105904810598443,27.1661257580034,0.553442691110857,60.1943457031428,353.518399333814,408.233815634481,183.184807389591,22.6594220177503,101141.04560803,235.868543696192,29.763272529123,327.891142264409,408.240244140314,3.81330939128642,3.16979560322144,8.9418920151162,-45.5798857952283,25.633685575238,-19.9462002199903
2009,8,2009-08-01,289.556117843383,259.948216399453,0.0106236199677326,27.134282021437,0.542963963237308,59.2496754805463,352.525536084438,407.518096448736,185.090797766386,21.4742798711647,101150.481081652,237.518315038423,27.9059306760866,327.284016839967,407.523236081961,3.84027732560176,3.20470504197416,9.4646707161172,-45.9958664671151,25.2466588776959,-20.7492075894191
2009,9,2009-09-01,288.914993298901,259.614795203666,0.0104371365718814,26.5194241835116,0.550445745828918,60.7210096225972,350.272263977176,404.073034115486,185.97790220611,22.5460501207099,101152.465236134,241.912217115479,29.2911189169643,323.543979066626,404.081186167994,3.90519412699696,3.2308855882127,10.5408188416406,-49.1892461131146,26.7364369630581,-22.4528091500565
2009,10,2009-10-01,287.845569119506,258.667512083652,0.00996288385000496,24.9000929681345,0.533433407522148,60.8894198998633,343.744750696754,398.681821792418,191.729643396337,26.6507937286972,101142.448259619,248.237719473809,33.7680234387868,316.363978369012,398.687865156457,4.01408434802918,3.33321461733785,11.3254880830532,-49.3908463673824,27.386815691781,-22.0040306756014
2009,11,2009-11-01,286.874026785525,258.294328587989,0.0097520739111339,24.378631877396,0.53817433750361,61.6938763911755,339.060313533472,393.905407536562,195.570502060921,30.4789740553856,101143.442024579,253.40601717337,37.8969507252555,311.905732887486,393.901260923404,4.12702448210749,3.42017086297518,11.3370708950804,-50.4175384425791,27.150434032828,-23.2671044097511
2009,12,2009-12-01,286.142984308259,258.000194817843,0.00964579194170581,24.0074717808251,0.526841613139273,61.5850200483291,335.360891594441,390.708044051163,197.873789976101,30.9276455141697,101151.574777698,256.265151322508,38.0152951786554,309.138968009226,390.695244797087,4.19309052517681,3.47053226644677,10.7457640801799,-51.3037116819213,26.209124331139,-25.0945873507823
2010,1,2010-01-01,286.009741175394,258.465880031632,0.00969545322257441,24.3306293648229,0.565972514292568,62.1359658846231,334.396247803424,390.213558826417,200.508126429863,29.0329403951103,101145.664532653,255.384715114386,35.372097040428,309.39878655899,390.194222285577,4.18802176445999,3.51258686856497,10.6234079047949,-48.5374320392053,24.9781247035939,-23.5593073356114
2010,2,2010-02-01,286.308255446872,258.396582271582,0.00991783908348701,25.0253452669336,0.556064277760487,64.5202884281557,336.686619544351,392.00191862968,198.808370947583,26.386330621612,101148.05857921,252.273998593344,32.7359798300056,311.882889833919,391.978106513158,4.1305531198373,3.47772249786447,11.0607539583207,-47.1159784373674,24.77991759391,-22.3360608434574
2010,3,2010-03-01,287.011259008279,258.59405278515,0.0100299213909168,25.1986430753657,0.562590009638806,63.6051363190916,339.222420259218,395.249926534945,197.408003381017,25.7024613228846,101142.801632183,248.191520183694,32.1096281596815,314.239966391883,395.233154247074,4.02472748847859,3.41557263334322,11.4558549297532,-44.3763499658801,24.965681579464,-19.4106683864161
2010,4,2010-04-01,287.891734535514,258.619635288211,0.0102149391011405,25.9222171993853,0.551207872949029,64.4776355027617,343.920521707079,399.59987840072,194.306017083399,26.3263621777205,101146.812821609,243.826646325714,33.269388595337,318.477729182879,399.592752013911,3.92009754494067,3.33393206442248,11.1119355575003,-42.5776028246985,25.435666137391,-17.1419366873075
2010,5,2010-05-01,288.680041923796,259.33357835582,0.0103471207522467,26.3305846883787,0.563484531232909,64.1554273591129,347.863277514205,403.214466816248,189.386536749807,26.4984148402841,101134.828914345,240.019502644616,34.03173940138,322.004972358139,403.228227734799,3.84778397333343,3.24450575520887,10.1550400842687,-43.0996413337131,25.872066074617,-17.2275752590961
2010,6,2010-06-01,289.311388093373,259.900721616767,0.0104495328850543,26.9408251495513,0.561635913993277,64.1534403087944,351.547245543894,406.405869322989,185.431080243892,24.6047666649335,101129.824416248,236.969185306455,32.1773839421089,325.762361493228,406.419999007812,3.80889246688067,3.18995562684832,9.15949741509045,-43.9654877853876,25.799013735489,-18.1664740498986
2010,7,2010-07-01,289.528006429748,260.417882671675,0.0106496043333446,27.8756982749548,0.584858515665694,64.2496726793135,353.99005894939,407.803824358845,183.649972833756,22.6232898027842,101132.36293383,235.316733856663,29.5241119619693,328.533281114853,407.817144152192,3.80348580335881,3.17569475159668,8.93651747921264,-44.7659388637219,25.4700976278839,-19.2958412358379
2010,8,2010-08-01,289.418646356682,260.230703151546,0.0105786548310748,27.5001517760316,0.583100594985317,62.5799825235719,352.170686685943,407.084536387684,186.637813380879,21.5226384987474,101131.001927514,237.243175789011,27.8426066965252,327.283479955463,407.094746913967,3.83188793459807,3.22144613590591,9.48584561120944,-44.2853942103542,24.897417256763,-19.3879769535912
2010,9,2010-09-01,288.759534662502,259.653586388403,0.0102741244885149,26.304801544874,0.576634833926129,62.7390131754683,348.261758435104,403.371944399038,189.923801352496,22.7475998625331,101127.030548686,241.967489188363,29.1917257692145,322.455586126815,403.389473715334,3.89349116438826,3.27237932498982,10.5378851269,-45.5995619291856,25.8237016245851,-19.7758603046005
2010,10,2010-10-01,287.789339352585,258.697061621262,0.00992411324327387,25.1610011688471,0.565042231705868,63.2535771205119,342.956619459107,398.348987855193,194.041637065036,26.9931269744085,101125.685884705,247.996807666066,33.792221070488,316.567176840373,398.359053174654,4.00346417078838,3.35597619049324,11.4003469865896,-47.1560765049505,26.399507938195,-20.7565685667555
2010,11,2010-11-01,286.812813126857,258.230605027001,0.00961850769618114,24.2211407912698,0.561172957545683,63.641778261069,337.836553095774,393.429424546153,197.777924747748,31.1175092840114,101121.604261454,253.478847805812,38.2313247659371,311.157613715282,393.435539899776,4.12102104661313,3.44480336191919,11.4126022613038,-48.5871075761383,26.685054734115,-21.9020528420233
2010,12,2010-12-01,285.924554908666,258.081223311419,0.00942582576074207,23.7917419605443,0.549920006436669,63.8857672716002,333.185962147639,389.371112066993,200.539965842904,31.6679885904359,101131.353983191,256.363957080985,38.6365476980733,307.555654760688,389.365072239771,4.18769840462665,3.50192408651414,10.9467530718646,-48.8554321304436,25.6242675597289,-23.2311645707147
2011,1,2011-01-01,285.712548282246,257.813946518792,0.00957542556852595,24.1971895701626,0.551519638051742,61.3417069309101,333.92847314127,388.510770759135,197.797723756309,28.8605412053226,101177.817549235,255.766912333161,35.6244589456484,307.955384822558,388.482420220586,4.19116382129274,3.47238221041967,11.0060990010483,-51.2052708365266,25.9447377801622,-25.2605330563643
2011,2,2011-02-01,285.921142549977,257.887691468091,0.00971336551748044,24.2734667606474,0.554322335789177,60.4160223020183,335.139036129149,389.937048401466,196.775249443757,26.8070555822015,101168.510272197,253.031278294767,33.5430225219827,309.238469319872,389.908289178302,4.12525827471278,3.43639826849329,11.5908781481397,-49.5200619112292,25.8718075861121,-23.648254325117
2011,3,2011-03-01,286.689263268924,257.817500223662,0.00981395787238152,24.6456452732626,0.548267697734156,59.449278516606,337.851448489974,393.491259396119,196.67841088645,26.7829913760975,101177.393525734,249.078971374327,33.7823501195825,311.884893285655,393.463521747417,4.04026687191958,3.40865321178987,12.1214263107964,-45.4012017443924,25.9388175556163,-19.4623841887761
2011,4,2011-04-01,287.726233334638,258.153656155443,0.00997699647333232,25.1767556840218,0.546954908646686,61.3555911342573,342.816466088829,398.443095343683,192.673104756017,26.6622428429283,101161.040035852,244.837574784624,34.0983619740599,316.341274562586,398.431977645285,3.95019049299993,3.32539900908008,11.3015741209514,-44.7283508974758,26.4640738278442,-18.2642770696316
2011,5,2011-05-01,288.55519238279,258.795893711315,0.0100990355000978,25.6708361731961,0.544795356243343,61.6124829899325,346.056745858344,402.240679142848,189.213811118066,26.7609685462851,101155.177782422,240.957824495089,34.1747658126158,319.982421608559,402.24637208146,3.88134875555644,3.25506786807466,10.1004369933015,-44.3302161106927,26.0800171883962,-18.2501989222965
2011,6,2011-06-01,289.360195566856,259.780634724511,0.0103366374252901,26.3919167601985,0.565498228217866,61.5408942289981,351.262488860173,406.28007617072,182.52252240944,24.2013845117268,101150.751849653,237.745787221946,31.761208643811,324.735062789343,406.293225552625,3.83957928223577,3.16259590221112,8.93004565012815,-47.6634406804222,26.5405754527343,-21.1228652276879
2011,7,2011-07-01,289.723603123853,260.217150936888,0.0105084097967737,27.0771888971159,0.582953585610814,60.8054037236019,353.526752095864,408.042373537761,181.980096070144,22.2704741697365,101148.280711828,236.239079299168,29.2819277489964,327.629516550214,408.048227143202,3.83827566699501,3.16939634952696,8.72698995526918,-47.2475296497645,25.9030891510911,-21.3444404986733
2011,8,2011-08-01,289.546007228704,260.066108030905,0.0105204976788857,26.9862321174963,0.57947671289362,60.1347899489028,352.524992617516,407.170429875414,183.453018507965,21.0073193966648,101148.139834796,237.923109096867,27.5869836971871,326.694783487961,407.176849045916,3.85891208318303,3.19251507418537,9.27056237943938,-47.8904262883801,25.8366283000572,-22.0537979883228
2011,9,2011-09-01,288.813927297481,259.352116800883,0.010185115322076,25.7602906086725,0.563824485116542,59.1864437415098,347.571078381587,403.371182670134,188.558272699249,22.5185823533994,101149.901657795,242.767921901582,29.0059575714243,321.457687032258,403.381051796801,3.91841073486725,3.26350623855785,10.3759610131269,-47.7222739843085,26.1232604759952,-21.5990135083132
2011,10,2011-10-01,287.819698449414,258.443933495981,0.00985895457531557,24.641157977786,0.546380359917241,60.8473614726835,342.445506042889,398.281148369666,192.911694248959,26.3829421481363,101150.44339941,248.679315874983,33.4547383170408,315.537865664293,398.287001485805,4.02703424776338,3.35256997089469,11.2428604640144,-48.6958254571198,26.9134934947342,-21.7823319623857
2011,11,2011-11-01,286.602801248879,258.056517191675,0.00958739291906772,23.9410412553148,0.560912121271614,62.2650771532938,336.971532659857,392.281820966119,196.398456370461,30.7525894635225,101157.513066637,254.055502898877,38.1458411830245,309.977023524851,392.276817712284,4.14025571715381,3.4325007729381,11.511763786086,-50.2637948089144,26.9895058811712,-23.2742889277432
2011,12,2011-12-01,285.978031074641,257.97492015687,0.00947055304533785,23.7373258419282,0.549450578949035,62.9798752377589,334.687601747401,389.185573145438,195.673469361429,31.2422002476343,101158.109270105,256.851345655981,38.7796769668393,307.438159485394,389.178353073134,4.20742182365903,3.4447974827418,11.069637974336,-53.6403995753474,27.2422221897022,-26.3981773856452
2012,1,2012-01-01,285.672271472557,257.580526947398,0.00942378042753726,23.4858937767059,0.537962200544315,62.4136972797923,332.502672805441,388.309460838427,197.962931200515,29.1993316811133,101165.174694117,256.388268449415,36.0843847368919,306.38724154165,388.294551027759,4.21433241606759,3.48528730256849,10.9376826960856,-51.5402841931218,26.1005214531222,-25.4397627399996
2012,2,2012-02-01,285.932647203574,257.574571969874,0.00956149562002699,23.9892029043322,0.532242802266147,61.6205205579041,333.502502706095,389.743993599037,199.507709815894,27.2759283256233,101176.15001111,253.491681356652,33.9058682572823,308.197974812496,389.723153949794,4.1475729408622,3.48583480039618,11.6362082079136,-47.3540316090993,25.2836882443552,-22.0703433647441
2012,3,2012-03-01,286.636075351234,257.900851631085,0.00974914053614476,24.3623403665891,0.552991043838786,61.9744763954589,337.258312209658,393.075542446872,196.080837837366,26.6975237215452,101170.998705584,249.217060147005,33.7411482054738,311.209894398685,393.052785698934,4.04840556838247,3.40514575605557,12.0702991741699,-46.0925978257108,26.0256610630352,-20.0669367626756
2012,4,2012-04-01,287.79496472837,258.344169980237,0.00990754447644854,25.153455613794,0.544544227634199,62.4187477910188,342.812648862801,398.735361490258,192.660499349693,26.8532654857047,101158.158287745,244.713163422817,34.267228828375,316.522286399621,398.730572356698,3.94938996987482,3.3251482368741,11.3969035042284,-44.6387007304541,26.2855733296202,-18.3531274008339
2012,5,2012-05-01,288.807437624433,258.809621429139,0.0100923652964475,25.6033428354712,0.542972570005055,60.4364849548299,346.511949790247,403.563793846903,190.442353578082,26.8060306239745,101151.145576824,240.933566681315,34.3115416663205,320.663457146111,403.567929607836,3.87540838565444,3.26835220609857,10.1627361673407,-42.9857020608874,25.8526284050691,-17.1330736558182
2012,6,2012-06-01,289.451011483352,259.678795134669,0.0103136239539378,26.213744771779,0.564308045872227,59.5505945144991,350.646111940036,406.767625285604,185.026823301541,24.0850754643353,101149.007005103,237.742060143841,31.3700696351487,324.82816552546,406.780851225607,3.83300602120559,3.18831610199703,8.88655795962059,-45.430242671487,25.8311723545791,-19.5990703169079
2012,7,2012-07-01,289.679206449213,259.985731655719,0.0105669944191324,27.2500290537159,0.574214031264353,60.3138786297874,353.237687858389,408.006644040713,183.01372844534,21.9637675496788,101156.016354542,236.107240718865,28.8058953513733,327.772267363053,408.020965942901,3.82988550690188,3.17511780113838,8.65754349315283,-46.2513844718308,25.4797423975242,-20.7716420743066
2012,8,2012-08-01,289.59839207321,259.93462376549,0.0104924710940727,26.8034515833021,0.571534305424734,60.1468138072886,352.408424860571,407.480230061291,184.675902574256,20.8912729357776,101150.808386875,238.071483471898,27.3839044705437,326.580618852787,407.493688678338,3.85877441345024,3.20817095116401,9.20500973179619,-46.9029493628763,25.8412646248302,-21.0616847380461
2012,9,2012-09-01,288.925232519449,259.474389559175,0.0102302263914922,25.7952234420441,0.568541478202554,61.237230632848,348.858437705363,404.137989734858,187.454201238456,22.2862323609191,101150.413825264,242.782528765363,28.9072610581885,322.110567803164,404.154572431152,3.92135991538537,3.25356763464353,10.217698587926,-48.707298829638,26.7644525984932,-21.9428462311447
2012,10,2012-10-01,288.019054302446,258.698775895633,0.00990162133365353,24.8176234345493,0.53929694827059,61.9554048299394,343.634879763133,399.321265387651,193.105566244001,26.3847645251972,101147.415725631,248.679368923076,33.4367839696376,316.744269084019,399.334651278216,4.02754956972471,3.35567376236633,11.1746184492527,-48.521783234635,26.9039965696782,-21.6177866649567
2012,11,2012-11-01,286.884611545814,258.176575804177,0.00967863241103177,24.3151316588309,0.543858092840959,63.4334312950381,338.96318049285,393.852451877669,196.223492825939,30.3771579763854,101156.915048855,253.752780065395,37.7506239108626,311.878982238126,393.853539889599,4.12854921186598,3.42387750477163,11.4176680949967,-50.1558213049792,27.0852862666532,-23.0705350383259
2012,12,2012-12-01,285.940306387957,258.088950774452,0.00955794559804469,24.0597435169501,0.546927166210779,64.3613143522906,335.153388358209,389.61040907898,197.136248181912,30.9168940900136,101165.349738277,256.500188003756,38.2150054182857,308.443701345081,389.601720562381,4.20092682837602,3.46663537531148,11.057203043032,-52.0658284935722,26.7009984965292,-25.3648299970431
2013,1,2013-01-01,285.920791508694,258.41195028116,0.00955838058935138,24.0761673175688,0.55559036241051,64.7170294203979,335.452352739082,389.505432446868,194.67501644988,28.4706499117525,101163.026583801,255.840346890752,35.6164326677757,308.650819628961,389.488655488716,4.20725483302451,3.44222874293201,10.9802660116624,-54.0195476848492,26.7847561519682,-27.234791532881
2013,2,2013-02-01,286.081635722272,257.987142663059,0.00967544901170837,24.2528482810113,0.540361683573765,62.1591372011194,335.697016951568,390.653141956422,196.861484893134,26.9203037856478,101168.491645424,253.197003120268,33.7342327498987,309.637260418859,390.63269662775,4.14523977611942,3.45235449366912,11.6012564617244,-49.5215892628835,26.0393112040371,-23.4822780588463
2013,3,2013-03-01,286.768481846848,258.146550491784,0.00983954611906713,24.7938383328903,0.530593607973567,61.663382379237,338.04538668479,393.993075259331,196.167806573644,26.7560414995302,101165.387244109,249.058630881232,33.771582865823,312.495920789001,393.970893986615,4.05546968242389,3.41477363080242,12.1253961660714,-45.8752829412956,25.5272846230722,-20.3479983182234
2013,4,2013-04-01,287.667353247916,258.397543568173,0.00992797227859496,24.9127750924599,0.529454111489826,62.1074049176029,342.005235071588,398.211515502386,193.012015948336,27.4755004755322,101161.65193967,245.073317993923,35.1086946828544,315.694487088649,398.201461965987,3.9560297442017,3.33058104640901,11.6086052454034,-44.4281078382652,26.3006944465402,-18.127413391725
2013,5,2013-05-01,288.630486246806,258.808292465108,0.0101185778930111,25.5496205830404,0.541414268487567,62.1027828141198,346.450344280093,402.810559049503,188.880694671442,26.879326985772,101151.883494292,240.960241409767,34.4483949659751,320.1514906641,402.815385060723,3.87311409804972,3.24627691129232,10.1937648479095,-44.5104787581223,26.3036796272132,-18.2067991309091
2013,6,2013-06-01,289.426987179417,259.761728147253,0.0103514959437894,26.3771113411094,0.559029223324506,61.67633778821,351.147935089245,406.416553118954,183.883693739821,24.5310565846365,101147.364213486,237.752967367961,31.8452831160412,324.822184010444,406.424303599159,3.82757793678627,3.1693090342416,8.99670115991827,-46.5550470967356,26.3335015590052,-20.2215455377304
2013,7,2013-07-01,289.546520530494,260.092274955736,0.0105590844651963,27.2330895544026,0.575184587353297,61.1599770988764,353.475453968873,407.354467367198,181.527181790226,22.060498699251,101148.496861797,236.035426981878,29.148417538824,327.408747398699,407.362137850193,3.8198649611259,3.15005513331732,8.77300500010782,-47.4203263520794,26.0743770531692,-21.3459492989102
2013,8,2013-08-01,289.559615278574,259.937833794595,0.0105483099557962,26.843056027749,0.574416265609912,59.9863046381663,352.072484482094,407.343804494804,185.383700568263,21.3085260486743,101143.899717799,238.027568534807,27.7603411867024,326.618293296866,407.356484402642,3.85413213820783,3.21185793054548,9.42869876410307,-46.1920528285162,25.4668710930652,-20.7251817354511
2013,9,2013-09-01,289.020261498381,259.458005977732,0.0102916822658634,26.0080333518958,0.571534253133221,60.4016917042052,348.943681337018,404.425553602992,188.652456405212,22.5359119218547,101140.453726085,242.636054747222,29.2090014564547,322.701239567441,404.443514071822,3.92348613004054,3.27282043700754,10.4921499426432,-47.3105088074104,26.2604022384062,-21.0501065690042
2013,10,2013-10-01,287.848300538218,258.64025677897,0.0099147259831727,24.8066562062169,0.549219571080395,61.8275005796528,343.033895909068,398.426908874419,193.345534108675,26.8105556333818,101142.088118808,248.723620171221,33.7941047372828,316.173447586974,398.43665420821,4.03417740807153,3.36267266353246,11.3869115661923,-48.3945369586454,26.8701936558841,-21.5243433027612
2013,11,2013-11-01,286.870736590991,258.072022915039,0.00966773862530584,24.1466113461175,0.555091087374771,62.8206204884988,338.920498901132,393.826698574269,195.538061286215,30.6311610668244,101141.370048409,253.926573246649,38.1420668878739,311.357619669152,393.827213362515,4.13981678015687,3.4225345324952,11.4475468986027,-50.8776061393849,27.5633940202262,-23.3142121191587
2013,12,2013-12-01,286.116127219457,258.115783559163,0.0095456189270895,23.903555482856,0.546750194729819,63.2225624518703,335.568643547842,390.144172805926,197.114468021805,31.2206130616555,101155.923072795,256.668258686379,38.661601774908,308.653297246815,390.136387432352,4.20647587776499,3.46634287595509,11.0732503370399,-52.1128019513219,26.9075609274532,-25.2052410238687
2014,1,2014-01-01,285.93384859874,258.130908872989,0.00957076118625827,23.8906339517945,0.546857666644512,62.2137302725477,334.432529660037,389.652495366797,198.182582015698,28.9848823196112,101160.305362085,255.931291779663,35.7990693407767,308.45956879448,389.630942021686,4.20329027744338,3.48515496345765,10.9405508305784,-50.9345227427999,25.9514075204452,-24.9831152223547
2014,2,2014-02-01,285.976870771252,258.130714155599,0.00967165535058943,23.9750227742285,0.536374388300653,61.624915542941,334.721894429696,390.127346153142,197.437084548925,27.1239740634353,101174.110384843,253.303518996822,33.862419105738,308.943028871936,390.10348757115,4.13787470889692,3.45117341282626,11.6294305814021,-49.1279894055947,25.7550069757681,-23.3729824298265
2014,3,2014-03-01,286.870654046601,258.079596610975,0.00985500477235612,24.5977537984392,0.540684257052639,61.5879366080087,338.767555139263,394.456728802412,195.582867468073,26.248659076007,101169.332368601,248.923436052311,33.2317758969421,312.74773990914,394.436477223359,4.04325595990067,3.39749571503098,11.9097697400665,-46.3574517633033,25.9995636510692,-20.3578881122341
2014,4,2014-04-01,287.84817983287,258.406841919555,0.0100218815420919,25.2635067620083,0.538850983670005,61.913514153724,342.80078473301,399.223697600723,193.13117723946,26.7833686326712,101159.401434988,244.683536280102,34.1894653592344,316.942511734201,399.213650831912,3.94642781522616,3.3265945442738,11.4217651168037,-44.1462623140792,25.8482262299972,-18.298036084082
2014,5,2014-05-01,288.806593418341,259.180918344963,0.0102097493284988,25.8228699553068,0.54870470914392,62.2069129545685,347.739700368874,403.651287066866,188.07558206322,26.5339944759228,101154.337165218,240.698750434212,34.2671028330321,321.365400484514,403.653339428068,3.87236365650157,3.2372855733151,10.2016513680725,-44.8900600138831,26.3763522455622,-18.5137077683209
2014,6,2014-06-01,289.419693043904,259.924128409879,0.0104352549459239,26.6336304257631,0.563121348155781,61.2044019368449,351.752021126824,406.697710438982,183.382581489185,24.4323377142563,101151.107959176,237.584110580009,31.9522394969303,325.393054468246,406.707808096161,3.83203428259285,3.17062704541612,9.03315786176536,-46.6816273081504,26.3690643157562,-20.3125629923942
2014,7,2014-07-01,289.686048398216,260.27027148561,0.0105909350991704,27.1529239107165,0.572066313222581,61.3035959539824,353.86806590362,408.029623283235,181.765825785255,22.1549125680423,101153.201748942,236.070778498309,29.2065933664893,327.822388805879,408.036538688979,3.82530372124353,3.15761095838536,8.77853523048515,-47.2532719146073,26.0525925034852,-21.2006794111221
2014,8,2014-08-01,289.668421622782,259.90534754403,0.0105920002345162,27.0938322163429,0.568055773024733,58.8645488330335,352.784808453601,408.204218602908,185.881552461689,21.286220817366,101155.439085304,237.825146470511,27.7372856537513,327.400020561641,408.214579821565,3.85478821442898,3.22314948422439,9.42034973455835,-45.4925291724371,25.3951491106162,-20.0973800618208
2014,9,2014-09-01,289.042230376229,259.344725169939,0.0103482213781286,26.0449844775001,0.56577622479047,60.0811245700476,349.175580894843,404.745074775737,188.682569563889,22.5772602259444,101153.895623993,242.456124060569,29.23443204341,323.038979630441,404.759661462556,3.91749090134011,3.27005098390836,10.5118885873102,-47.1163826792148,26.1511879512202,-20.9651947279946
2014,10,2014-10-01,287.991856977053,258.760308757637,0.00996506135802189,24.9779762126574,0.549360146768285,61.4642213067692,344.094122288919,399.486880252374,192.945412151555,26.6004500659207,101152.808262107,248.457825340174,33.7156186948674,317.121353099398,399.495789150149,4.02655663130428,3.35628965004765,11.3818517595985,-48.3972445596727,26.9816780872952,-21.4155664723774
2014,11,2014-11-01,286.772163610095,258.3888821436,0.00969890332321323,24.2866901990651,0.546476117915044,63.4013930698273,338.7349046811,393.427393583522,195.278360280371,30.5239300374876,101158.992022971,253.691671567374,37.9558378252789,311.650442138191,393.43218118999,4.13318622666815,3.41629147342055,11.4514439130751,-50.981403499212,27.0892501493772,-23.8921533498349
2014,12,2014-12-01,286.208751049798,258.183395955983,0.00964028313885097,24.2852764793488,0.549452905139919,63.7340039882314,336.740830347412,390.758019855771,196.573056978875,31.2295130443277,101169.157148748,256.457383354334,38.5744323232093,309.659037610608,390.753505427552,4.19967715467037,3.45640726789107,11.0072110529735,-52.5394070965777,27.0772783085843,-25.4621287879935
2015,1,2015-01-01,285.995647352382,258.314053457171,0.00959875406384783,23.9453938960492,0.548953565491469,62.8928173275832,334.961403526166,389.871974173966,197.469558230634,28.9632779667149,101163.324942021,255.92944965667,35.8925135999147,308.643899662492,389.854131606009,4.20347618647054,3.47587000332156,10.9441675295821,-51.5306557928366,26.2996612957162,-25.2309944971204
2015,2,2015-02-01,286.294606002381,258.146471625683,0.00970061048967935,24.3189520401852,0.539681005246071,61.6156815745361,336.495499912218,391.864809443597,197.308466035632,26.6968874226303,101169.066976094,252.938157067388,33.3798850556801,310.49241635471,391.843441648562,4.12983909962455,3.450541421986,11.45574109016,-48.9466933987066,25.9817157624722,-22.9649776362343
2015,3,2015-03-01,286.984212943681,258.279154161288,0.0098756764280628,24.7000858724882,0.544764823170879,61.6444704416341,339.613266926396,395.146451849787,194.655250486289,25.8749705661483,101169.500959756,248.761238610637,32.9665108018863,313.360385025858,395.125941445721,4.03642526277076,3.3820060391003,11.8553004862657,-47.0144478886104,26.2323714964712,-20.7820763921392
2015,4,2015-04-01,287.808270427018,258.326672956471,0.0099837373212738,25.0285293695749,0.532292665242904,61.8443217791628,342.63722696568,399.172765177487,193.523069728714,26.7642756995921,101163.308952558,244.806542043688,34.1283134612143,316.499469391442,399.156416523625,3.94251982909741,3.33040595068183,11.3772486141275,-43.9194345533521,26.1214089203753,-17.7980256329769
2015,5,2015-05-01,288.828886706968,259.107161390884,0.0102437943109516,25.7832358502475,0.537600836364296,61.3129561851516,347.247878262452,403.907271438528,190.284993230242,26.7367172808894,101157.570813393,240.785969250352,34.1440001185626,321.51621431219,403.902843197511,3.86653096397427,3.26017187187944,10.1847806664279,-43.0936931824372,25.7272357092452,-17.366457473192
2015,6,2015-06-01,289.558427259022,259.882382446703,0.0105066851677915,26.6969394431591,0.554195150548324,61.0554107913529,352.216845261389,407.519134960519,184.576249688675,24.2613214849364,101157.166077501,237.462963850647,31.5832391044881,326.116826892563,407.520228111743,3.82545331550409,3.18217385583849,8.94588104119068,-45.5647965424207,26.1011115200493,-19.4636850223714
2015,7,2015-07-01,289.790331301709,260.119496690868,0.0106773933206182,27.3657232710311,0.555559990180371,59.6724208524707,354.500940422979,408.86561245729,182.179649942323,22.09023723728,101158.720202087,235.88371792305,29.0600171228649,328.586731620437,408.872825578509,3.82051675399268,3.16290466875462,8.74116583679954,-46.7342880951425,25.9214219237603,-20.8128661713822
2015,8,2015-08-01,289.768661739331,260.078023766093,0.0107061408183997,27.4469890229517,0.565587485806361,59.6901354313556,354.496450648206,408.830836104172,184.465711468892,20.9930223037527,101161.584970843,237.488543215847,27.5255705927665,328.559290426405,408.844160603009,3.8478273958691,3.2050614129552,9.28361030701435,-46.4902834579416,25.9504847206372,-20.5397987373043
2015,9,2015-09-01,289.14927848105,259.445521881713,0.0104452994117463,26.5230596825834,0.546598518858365,59.4904062837882,350.361942863955,405.703737761424,188.682943105344,22.1704782683966,101167.022142776,242.169235747477,28.7846855202148,324.303853578123,405.72720232504,3.91652584373539,3.27300977505503,10.2983399431714,-46.8720853903151,26.0815538494472,-20.7905315408679
2015,10,2015-10-01,288.288114934175,259.059999080463,0.0101543453782887,25.5926919990217,0.548685281606202,60.477217210764,345.735679836868,401.066377196716,193.428321308771,26.4114483385839,101163.303392941,248.194328838354,33.4198927091233,319.152076763248,401.082618859013,4.03949256809665,3.37651347687186,11.2975825201106,-47.7575631590439,26.5998447359162,-21.1577184231277
2015,11,2015-11-01,287.15355800821,258.498059559924,0.00995335630157627,25.181094699374,0.55247398454043,62.4654909185678,341.405562549162,395.406270024624,195.395330736085,30.209913244523,101167.681316259,253.308971032124,37.7477002565658,314.340151915068,395.403005862451,4.15273092717232,3.44087866968585,11.4374290537165,-50.3758532839966,27.0621464719202,-23.3137068120764
2015,12,2015-12-01,286.557773482185,258.499319270464,0.00985216808550271,24.8998079482038,0.548276784524017,62.7110541312366,338.84372614982,392.496020309803,196.806997188748,30.5656354610672,101174.590905887,256.064981477384,37.9511149264184,311.894752493671,392.483386659876,4.20762138583852,3.47402673582065,10.8562483299104,-51.8725048232851,26.9363400062212,-24.9361648170639
2016,1,2016-01-01,286.383204700565,258.635397866042,0.00983015400955762,24.7022079081771,0.537108123687106,62.6022348685906,337.647693400078,391.937299595081,195.849881187524,28.3249484666815,101175.965989302,255.431992264267,35.2783428475753,311.489781031138,391.908289100363,4.20227017674613,3.4586879525799,10.8269433556916,-52.6287166958496,26.1289018742212,-26.4998148216284
2016,2,2016-02-01,286.796056711416,258.975918121177,0.00997425776390876,25.0849084849591,0.554978219867612,61.9142698367869,339.298945432452,393.863767791909,195.539335974603,26.3701322861098,101179.817801467,252.680600365775,32.9671073277526,313.336048169297,393.833360183658,4.14303288956241,3.43847070428064,11.3034890913391,-50.5442893495296,25.9324896549042,-24.6117996946254
2016,3,2016-03-01,287.4183201781,258.937755510047,0.010164114860446,25.6928725724852,0.527967646903435,62.9503153572272,343.171798726408,397.398662258263,192.88082199361,25.4293769269537,101171.715337282,248.184339023001,32.6333206109077,316.69877631416,397.373474543191,4.05490491235562,3.38216901611666,11.6974023600137,-48.0995733454374,26.4478346971752,-21.6517386482622
2016,4,2016-04-01,288.258838558841,259.173909807978,0.0102508167870671,25.8603363088611,0.528688188961161,62.2911487381834,346.070685084385,401.318946439994,191.302365750276,26.2675058518818,101167.558454614,244.215517753563,33.7389371409129,319.874385451697,401.304120979393,3.95575958928857,3.31757852106826,11.2086426632038,-45.4417207142563,26.1814741720863,-19.26024654217
2016,5,2016-05-01,289.071637560365,259.480337078781,0.0103557326396391,26.3616400144397,0.527112377176736,62.1751108029238,349.728594652384,404.949883558395,187.883713780929,26.0460137217672,101160.086076523,240.330302623027,33.8268156129673,323.279749147344,404.947724121895,3.88090950572647,3.24788108871304,10.0122402228582,-44.6657869508983,26.4466860685392,-18.219100882359
2016,6,2016-06-01,289.635113842341,259.920193209726,0.0105459923668438,26.9755365178118,0.547232886346806,60.8143716090423,352.455550657353,407.89512207963,185.433209555,24.1427063013109,101160.016004654,237.207489668319,31.284563161553,327.009862510274,407.896760328878,3.83500096633943,3.20310230110187,8.8754231038195,-44.6324232530773,25.4473263963271,-19.1850968567501
2016,7,2016-07-01,290.013877773499,260.419762657169,0.0107980168983204,27.8111570185776,0.568403678982302,59.9019190721989,355.643794924221,409.685813727904,182.782060573742,22.0179571067705,101162.893007333,235.643886711,28.8518829118344,330.254322054011,409.690652254718,3.83295276836551,3.18016819834974,8.68603460379973,-46.0279003321945,25.3943113970242,-20.6335889351703
2016,8,2016-08-01,289.919654889244,260.365487234404,0.0107827321292632,27.5610837061248,0.582876505417436,58.9922947573137,354.128174147507,409.169146854086,185.219061983788,21.0401097800153,101161.480805202,237.586560109006,27.4139876416586,329.177857918712,409.174815699255,3.86175783459727,3.22054893040937,9.25597625711629,-45.9936202635751,24.9559850739632,-21.0376351896118
2016,9,2016-09-01,289.236679866417,259.794489897382,0.0105171295981187,26.6312519394305,0.556121546426824,60.5988049450521,351.429822429814,405.601672310985,187.261417661952,22.0379435586499,101157.700183717,242.121184823648,28.7103859159981,324.887074385902,405.60722157597,3.92343442138144,3.26080866041393,10.2125311840182,-48.1873248043482,26.5482973088962,-21.6390274954519
2016,10,2016-10-01,288.177974345078,259.053970402198,0.0100234810493013,25.0169282698665,0.543788801271942,61.9864852137149,344.975346274378,400.094866970854,192.302571187778,25.8973967223026,101157.747509823,248.456027163386,33.0490993796445,317.746901189599,400.100207173441,4.03182803291887,3.35264834705657,11.0865249328719,-49.0017533182665,27.2337852873662,-21.7679680309003
2016,11,2016-11-01,287.128055536907,258.534561891598,0.00972674495351693,24.2822266647231,0.529289717999184,62.8851175358629,339.514636267848,394.829634359108,196.16223987484,28.9950922367182,101160.367516069,253.579544070354,36.0100515279308,312.734268986601,394.82372994795,4.13231824234002,3.42555701466785,10.965623610254,-50.4023449043018,26.7744628700891,-23.6278820342126
2016,12,2016-12-01,286.404101237513,258.148093522775,0.00967800588295321,24.2009080822365,0.535836649174416,62.7240749805502,336.932423360715,391.645473699238,197.32117282645,29.4195933404302,101167.595714502,256.153228637926,36.2640989442121,310.229248777021,391.634949896416,4.19437902469146,3.46620322159686,10.5335190217692,-51.9875502076945,26.6926507808712,-25.2948994268232
2017,1,2017-01-01,286.239431221538,258.299650266072,0.00967767606187362,24.0974530506898,0.531459222737281,61.022663714975,335.464211748902,391.074725859199,199.033203620664,28.1305519701023,101175.238804547,255.603183352123,34.6231672073635,309.774985723908,391.053774913798,4.19447491100329,3.49205680742021,10.7358373990299,-50.0773644941982,25.6682750795932,-24.409089414605
2017,2,2017-02-01,286.604542964685,258.337262671617,0.00985167077336967,24.6461408378431,0.533133154999495,61.3768736600799,337.876095458528,392.859179196564,197.102992297853,26.2848573371099,101172.346824187,252.628857103765,32.9307821242966,312.21270797377,392.820717855853,4.13511707451503,3.45210114878261,11.347382730241,-48.8799400187256,25.6249261440462,-23.2550138746794
2017,3,2017-03-01,287.305477929585,258.238594028053,0.0100187368449745,25.00863913933,0.537623898903553,61.0446874552588,340.835858848747,396.493552615746,196.123063018539,25.5861376124121,101176.499291217,248.47268006803,32.5009158920138,314.955932570051,396.464315596781,4.04005309964812,3.40902301720988,11.5506909231976,-45.4348387698897,25.8506892597312,-19.5841495101585
2017,4,2017-04-01,288.078349697697,258.588585588614,0.0101478889814793,25.2175220951977,0.529823649957341,59.802988270184,343.421948036867,400.112218221642,194.35060110751,26.6306198988706,101164.005563386,244.592861306837,33.8984041679946,317.941795462714,400.096850434676,3.94611566100637,3.34509382020486,11.1859759303068,-42.9744759302034,25.4647847871872,-17.5096911430161
2017,5,2017-05-01,289.048065056941,259.384778775502,0.0103430381917008,26.0763659431686,0.545347545132399,60.489290951752,349.257389929933,404.617366062914,188.642947418284,26.7014449922326,101153.8870152,240.517211971761,34.4337583671458,322.865833383231,404.611232579217,3.87729349821591,3.2515919319122,10.1146180540227,-44.1419511785641,26.3854230630042,-17.7565281155599
2017,6,2017-06-01,289.617643755727,259.841859521961,0.0105445619464431,26.8284833472513,0.551255614793237,60.1161419184619,352.57034909486,407.73960076818,184.252318464067,24.2101357086119,101158.393175298,237.387012223694,31.7037731098229,326.603971343908,407.745821958946,3.8357192473442,3.18555311023455,8.91031011707091,-45.6410563584164,25.9725989417173,-19.6684574166991
2017,7,2017-07-01,289.945213594728,260.340962655735,0.0107357652568603,27.5817700335173,0.571396841736215,59.3292844424152,354.645600588384,409.270598086234,183.232876858769,22.046611743824,101156.744522019,235.803600039852,28.7942656594885,329.391353971941,409.273111104393,3.82649577078507,3.17900775903516,8.58799436517188,-45.8230692654189,25.2567596346012,-20.5663096308177
2017,8,2017-08-01,289.836487487992,260.351082848847,0.0107689939947771,27.5471642238064,0.568840569002051,59.9564459736552,355.081148137828,408.770187287982,183.346965983808,20.7259557095935,101159.826384934,237.434973234304,27.1952493792274,328.929883929138,408.775415840089,3.85461235494711,3.1951329195833,9.05102341543886,-47.6187135808625,26.1564927607972,-21.4622208200652
2017,9,2017-09-01,289.133948122126,259.88611796784,0.010397747811726,26.3750915692447,0.553645285006008,60.5223573033612,350.716612980219,405.032318731527,186.265031388177,21.7825388354116,101156.686551482,242.144629049431,28.4482467205689,323.867618453795,405.045698970194,3.91138363578727,3.2360028525596,10.0745197553184,-49.2138897760971,26.8623747650912,-22.3515150110058
2017,10,2017-10-01,288.192291921737,259.252216461322,0.0100683756174836,25.2887946323297,0.550305223619112,61.2376220450967,345.202120813122,399.796649689967,191.215103623817,25.6300516004449,101153.172580249,248.077942896757,32.6136807351813,318.147695546087,399.802730139619,4.01122585343785,3.3216360832347,10.9931301911023,-49.879210138204,27.0605057166862,-22.8187044215178
2017,11,2017-11-01,287.000754633294,258.454896778709,0.00972327713435032,24.285671929857,0.53368774666146,62.0852862946843,339.572983366536,394.207642782632,194.39544807947,29.1392425505048,101152.213736826,253.401867159842,36.4542226804238,312.246808724888,394.195806375813,4.11268045553275,3.38912389956455,11.0194476324224,-51.6914389504534,27.3143382348282,-24.3771007156252
2017,12,2017-12-01,286.40879794393,258.435503473821,0.0096025263292056,24.062751496053,0.533730711588134,63.1473761840283,336.774158834606,391.259195154364,195.582893113504,29.6288597369482,101159.069529121,256.234721657665,36.5910208459296,309.945656768441,391.248085405385,4.1839064191421,3.42914457178036,10.4970839279565,-53.68966743518,26.8173923171862,-26.8722751179937
2018,1,2018-01-01,286.093098435134,258.288709643832,0.00960660102283876,23.9589783920737,0.541263800003605,61.5366486271175,334.762911309763,389.966985301924,197.665194339402,28.0149923707354,101163.814669295,255.663302407269,34.4463012817523,309.00976914818,389.940638844143,4.18584128145966,3.46462089921035,10.5165912041647,-51.5667991568505,25.7267957038012,-25.8400034530492
2018,2,2018-02-01,286.417532772722,258.177797687339,0.00976801631785131,24.6143898778813,0.529002065569563,63.8529641923281,338.098583094501,391.859289428947,194.001654102877,25.7255252384474,101167.993052878,252.523909703948,32.5498231024103,311.376467601934,391.832882459216,4.13748014220825,3.41555650318289,11.0775316516896,-51.6979577371085,26.6957085228352,-25.0022492142733
2018,3,2018-03-01,287.071208807063,258.299176741964,0.009944227216862,24.640815599858,0.534942151349156,60.9875131619176,339.576472501422,395.142030417668,195.330007962722,25.7659066915556,101161.567037152,248.676467233097,32.688684613824,313.841826814237,395.121359649057,4.04055540164581,3.39553303228949,11.6793988683945,-46.423681348107,25.7139749185732,-20.7097064295337
2018,4,2018-04-01,288.066596543602,258.52488159116,0.0100704221524512,25.1386984327702,0.531407164317688,59.5187088396742,343.302960203919,399.79045513595,194.087095983314,26.6279518549441,101153.777968925,244.578980109701,33.7723919905906,317.870347963045,399.776269530856,3.93924202291305,3.33443369456251,11.1477862444816,-43.3474439907409,25.4184266357792,-17.9290173549617
2018,5,2018-05-01,288.88860922013,259.082910859099,0.0102413219388829,25.7644038802602,0.537645812324914,60.6591855105813,347.403997343554,403.781327016816,189.987393006904,26.885445726844,101146.172940196,240.659516961309,34.2499347636127,321.672949736233,403.777403955997,3.87096568182554,3.2612478228956,10.0850212175902,-43.3076349176366,25.7271245465021,-17.5805103711345
2018,6,2018-06-01,289.553999949384,259.842648652824,0.0104209095537731,26.4830751611517,0.547744842743333,60.125634406483,351.579591080055,406.993802815503,184.136035729454,24.2902289487003,101142.051375014,237.440091743695,31.7321216214452,325.800500388679,406.995454131743,3.83025288869453,3.17776690219084,8.93165362325076,-45.8621633414965,25.7807420076152,-20.0814213338813
2018,7,2018-07-01,289.855368548119,260.451140123875,0.0106771863772216,27.5371058070454,0.5703488828766,59.7524013356652,354.377290244335,408.480042122293,182.765047214261,22.277613418368,101142.546401905,235.75701527716,29.182218811683,329.046825810424,408.475744617701,3.82167360649843,3.16877935769039,8.75609573462076,-46.0873626695844,25.3261669293191,-20.7611957402653
2018,8,2018-08-01,289.655646491419,260.165420630942,0.0106766766311611,27.2667745668621,0.574424493161617,59.3209214805839,353.923681788433,407.566898764875,183.159437815982,20.9018654440428,101143.640637498,237.500343544488,27.52064472228,328.002292208479,407.571776718172,3.85019067494414,3.18656038959652,9.30408964112578,-47.7221264502692,25.9262675332502,-21.7958589170189
2018,9,2018-09-01,288.99355369074,259.420074236318,0.0104014121095633,26.2263520310709,0.547154110151056,59.5868211641941,349.450135384715,404.361336502613,188.443687639889,22.3832527350241,101146.284543949,242.264242072201,28.9326362173236,323.400817500967,404.368664410682,3.91223319004167,3.26442094009331,10.3881869794494,-47.2711709500129,26.0566457918163,-21.2145251581966
2018,10,2018-10-01,288.125070479213,258.76010574037,0.0100691378473789,25.2364194219569,0.537112736368537,61.5525257589978,345.045590010653,399.968632383996,192.096051303343,26.3517893313178,101149.237982084,248.188006600864,33.3740645791658,318.233402929614,399.968302406547,4.02545527153007,3.34492254202205,11.2079688288883,-49.0696800496734,26.8118571035892,-22.2578229460841
2018,11,2018-11-01,286.944479539328,258.35134347184,0.00982884546671202,24.5601071048105,0.528947847906067,62.8265574926642,339.717601064011,393.956939271996,195.412477204037,30.0075948749418,101155.80723768,253.410133662397,37.5261191836468,312.78958013855,393.94623115376,4.13792450881749,3.42630460976027,11.3392620150002,-50.4791321496554,26.9173128072242,-23.5618193424311
2018,12,2018-12-01,286.358479459268,258.14556218679,0.00970490076668902,24.3742566652448,0.539420578883251,61.8875617415706,336.500261918516,391.255676790019,197.895471621736,30.5173548938066,101162.305102255,256.180186618687,37.4467249828227,310.300676702069,391.2345975146,4.19900575614993,3.47516322330932,10.7869133169576,-51.3553449079353,26.1785059410272,-25.1768389669081
2019,1,2019-01-01,286.112535063271,258.272229438161,0.00970453652687137,24.3238366190314,0.524656879256511,62.6216989018161,335.900338175257,390.445679718133,196.627492807046,28.2165523305604,101165.78917403,255.60063061605,34.8906500121256,309.825349769168,390.417999291741,4.20407054476247,3.46863392679852,10.6861392403332,-52.2990401274391,26.0473079796972,-26.2517321477419
2019,2,2019-02-01,286.395476521895,258.338965243897,0.0098500378489983,24.5376625825088,0.523007907768756,61.4545854397727,336.771584922128,391.914309051091,197.407953824102,26.6304528753567,101172.561165478,252.884077258222,33.2363984596793,311.404939546249,391.877228680122,4.1441668966256,3.45961427647277,11.4218093603851,-48.8701778497978,25.3295650049092,-23.5406128448885
2019,3,2019-03-01,287.28082103709,258.341125841628,0.0100207214700807,24.940604060972,0.521639221861315,61.3004472557138,340.657577536442,396.174664093828,195.995914086411,25.7706761937361,101164.114075463,248.679161537933,32.7719483515394,315.01114781438,396.14404980766,4.04938056905703,3.4119532879458,11.7613749802576,-45.6819752937191,25.6158154358932,-20.0661598578259
2019,4,2019-04-01,288.140803682945,258.852144993477,0.0101866091253212,25.482139991009,0.52392011652734,61.3099510701449,345.009637754289,400.242089187333,192.623038598651,26.2457592652577,101154.261425357,244.442121732522,33.5168750718817,318.949177808632,400.219912531805,3.94834771388179,3.32702781356329,11.1214177202289,-44.5479673272474,26.0382832901292,-18.5096840371182
2019,5,2019-05-01,288.929206661662,259.218520783103,0.0103243380611174,26.0407757800374,0.516643638192144,61.0621041878377,348.630770052611,403.963049341497,188.27976984933,26.0958520304959,101153.784852022,240.520099424487,33.7912038572021,322.549546283315,403.954255291112,3.87079646907354,3.24104405228511,10.0191778852164,-44.5449777484512,26.0724297189102,-18.472548029541
2019,6,2019-06-01,289.669690748397,260.169284606642,0.0106039763470323,27.0867503389735,0.554095243350255,60.4663924687442,353.380714110625,407.621172074049,183.634889971846,23.9296373100288,101146.793862213,237.170352579693,31.3188570956766,327.507566587061,407.614614176487,3.82438418876242,3.17056613807534,8.82984600966334,-46.1462428221996,25.8665896260013,-20.2796531961983
2019,7,2019-07-01,289.930133043594,260.430227718544,0.0107446428007745,27.6747209702827,0.54622178222428,58.8347122191878,354.894273867798,408.793949140178,182.883471047315,22.1358750323679,101146.81233629,235.705907862513,28.9076382182936,329.791527451973,408.792493661389,3.82200797818663,3.17304189906224,8.65799797285256,-46.0506736292727,25.1012909370352,-20.9493826922375
2019,8,2019-08-01,289.814389596781,260.289937242485,0.0107744406869401,27.5458573189525,0.560209963505799,58.4822508713025,354.154628081177,408.32830551784,185.005532238949,21.0284452902007,101149.017804918,237.486109112611,27.3831567317208,328.949809933172,408.323946656822,3.85316615278684,3.2130806504141,9.2106233637638,-46.1258654321423,25.2004592869872,-20.9254061451551
2019,9,2019-09-01,289.153673279512,259.776900687798,0.0104547182173122,26.5233956522174,0.549938959093907,59.7805120560254,350.285808880407,404.996444624075,189.168456246413,22.4247618862411,101147.34916238,242.102145492098,28.7887047163902,324.675366009586,404.999537596122,3.92139296645373,3.28240621113526,10.3040074193239,-46.5697464155363,25.6135358428672,-20.9562105726691
2019,10,2019-10-01,288.208992852112,258.789593885769,0.0101103054576384,25.3756975893167,0.535611032504341,59.9919460809961,344.952895734923,400.097414051673,194.357317518973,26.3674351875477,101148.599589049,248.03024939777,33.2754284307439,318.704110054112,400.096126051126,4.01239453502795,3.36571992029138,11.2617156031707,-46.7649386356012,26.2474976802642,-20.517440955337
2019,11,2019-11-01,287.078206086408,258.476995983753,0.00983246918997227,24.575338268648,0.53110496831797,62.0325088523827,339.994866138597,394.558441403309,196.966723674341,30.2342736519535,101156.048402144,253.317600693616,37.4258602863979,313.382353077893,394.548035845078,4.12033760383216,3.43068664172907,11.3702424983304,-49.1592903848309,26.6021075024732,-22.5571828823577
2019,12,2019-12-01,286.531653922387,258.432599082705,0.00975333084112147,24.2772273773021,0.528397105394159,61.883625486074,337.654705995913,391.953589890048,197.545692885403,30.5207224219514,101162.56052271,256.076724415667,37.6346389448559,311.232767955606,391.929789195434,4.18616094692269,3.46306278222263,10.8258112494722,-51.4171150073599,26.3981373456932,-25.0189776616667
2020,1,2020-01-01,286.435550954715,258.472399480226,0.00987132252603751,24.8407256338493,0.530691851523532,62.5168194322947,338.469718835508,391.495277002929,195.613208537006,28.2090177087682,101167.087049788,255.129031547219,35.0999563416852,311.689616216795,391.468277664667,4.18192611012137,3.44364529399608,10.5502651982117,-52.6248843772964,26.7531032804502,-25.8717810968462
2020,2,2020-02-01,286.744317922117,258.762806385222,0.00997787020774888,25.0666254002474,0.533231609880873,60.8252598723628,339.490127237045,393.133028229006,194.788964430424,26.1598289832451,101171.505637116,252.38410694453,32.9135083919614,313.254447647161,393.104633928258,4.11826422737253,3.40967451374249,11.0355218101282,-50.8414631053901,26.2072852891362,-24.6341778162539
2020,3,2020-03-01,287.243467084375,258.554282889329,0.0100899834042609,25.2530956480302,0.51303294468962,60.6610603163076,341.954469554783,396.107910177661,193.511774962283,25.3989571489322,101170.236888264,248.290909203567,32.4650728730647,315.536188990775,396.086067965694,4.03193695156755,3.36954811144091,11.4573503579843,-47.7130185171519,26.3964383520402,-21.3165801651117
2020,4,2020-04-01,288.185712548252,258.786453439069,0.0101887221159668,25.6469325340524,0.521337450422232,60.1078164426536,345.191491322638,400.352830055031,192.812255700128,26.4154544898937,101158.980928079,244.368391727433,33.7983484959325,319.253054254013,400.340331352957,3.94754715857512,3.32916085881441,11.1556913366466,-44.1732420212666,25.9259383665502,-18.2473036547164
2020,5,2020-05-01,289.010626279911,259.527097315117,0.010396891008403,26.1714276591977,0.538958432786216,60.532519828779,349.186371931756,404.079280575968,188.325975274074,26.3814153103458,101148.849049728,240.574594033494,34.2835762743587,323.155972409415,404.074578170171,3.88495562133661,3.25358032732786,10.1246798410943,-44.3464577954074,26.0256971165432,-18.3207606788642
2020,6,2020-06-01,289.65947973807,260.077724088578,0.0105812489381223,27.1627851000626,0.551986825418136,60.3279058811793,353.637604242415,407.411744674983,183.315381244124,24.2802909335338,101145.59581041,237.179791695216,31.8827310786163,327.658559147187,407.408138118009,3.84288405475952,3.18324365728779,9.00688604631479,-46.2619703060098,25.9754385382541,-20.2865317677557
2020,7,2020-07-01,289.912318913527,260.602610901629,0.0107878763960049,27.9407136799184,0.563756516609668,59.6347943308773,355.672614668742,408.902491251459,181.815804327481,21.9003650332043,101144.839666782,235.669031339798,29.0129091428093,330.234187351455,408.899909770704,3.83502658438383,3.17009029333172,8.73869063112744,-46.7406829027123,25.4358458365312,-21.3048370661811
2020,8,2020-08-01,289.745195997058,260.427266625757,0.0107844148886803,27.6357010753764,0.551141734668863,58.5450527142178,354.342012168391,408.210045254449,184.195256474046,21.0205959682384,101149.165883468,237.603194897205,27.5387183422301,329.119524104224,408.208284164409,3.86328705445078,3.20795763550891,9.3219837209941,-46.8898160491676,25.2207269741262,-21.6690890750414
2020,9,2020-09-01,289.231490691383,259.807295987567,0.0104831608808689,26.7116988766483,0.541078063761825,58.9247164961389,351.382218620097,405.284163677845,187.631691852576,22.6310937268226,101144.579599967,242.263106914157,29.2982280074079,325.076963269182,405.287390373162,3.92769993240004,3.26659634512496,10.4755733991035,-47.9642807809961,26.3084820462322,-21.6557987347638
2020,10,2020-10-01,288.138677295988,259.092878305853,0.010046403363394,25.469281912027,0.529029573867084,60.5796270712744,345.487012173518,399.628479473436,191.305513567695,26.8899699575578,101150.081357915,248.405635649665,34.0360603441063,318.380085102626,399.634557446265,4.03564027568092,3.34090653155277,11.3416036643033,-49.9540316954219,27.1130050437212,-22.8410266517006
2020,11,2020-11-01,287.214594952,258.671267208316,0.00976667212398711,24.5814115165927,0.528119387245796,61.5884053269094,340.98232063065,395.020999892022,194.491579396013,30.8429900124826,101171.505214674,253.717329066478,38.3929964229417,313.417337174287,395.014677151554,4.15854954214935,3.42865108689925,11.4412002832289,-51.6757432600062,27.5586607158952,-24.1170825441111
2020,12,2020-12-01,286.339173716921,258.269013060127,0.00962074462447303,24.2444911217752,0.524363248549921,61.6068209122558,336.98271789193,390.94915515909,195.22374062636,30.9887329799097,101186.120656062,256.490070079122,38.4459601900441,309.885275817824,390.938017137654,4.21949335282232,3.45558542103415,10.8648658905227,-53.8091022426279,27.0863040526692,-26.7227981899587
2021,1,2021-01-01,286.158288018378,258.196695970207,0.00962901232890542,24.1777102474847,0.522088316470747,61.4083556985079,335.352591242314,390.266762162581,196.340694970164,28.592037361584,101190.968537697,255.935148114241,35.3532654692549,309.318848912118,390.254198060179,4.20989257341025,3.46412274959903,10.6051783975511,-52.8332250364065,26.0211782277942,-26.8120468086123
2021,2,2021-02-01,286.282560724511,258.304456901817,0.00971332350901606,24.2812920179847,0.519547900105949,60.553484489893,335.932277214868,391.136237949076,196.600999115993,26.5693081403817,101192.89199955,253.057394660337,33.1448601689516,310.364630373025,391.119095948824,4.13906292160058,3.44275203015996,11.1275144882197,-49.8808435157744,25.5505048415911,-24.3303386741833
2021,3,2021-03-01,286.992106270739,258.097688192518,0.00982519996717882,24.5526849393511,0.513825322961905,59.4325483702007,339.074661564743,394.955175082667,195.69580022269,25.7276524116986,101187.365396714,248.897032215906,32.6058453662622,313.113205705714,394.944707420658,4.03854396476517,3.39738772708779,11.5567048813201,-46.3230390386528,25.9509881970192,-20.3720508416335
2021,4,2021-04-01,287.892190757929,258.340779296978,0.00994851354641368,25.027243811039,0.513806703275247,59.3572319789702,342.664077833748,399.225450378101,193.645949785695,26.4904839820698,101186.099436745,244.786210599268,33.8241433396145,316.979369733193,399.215625911476,3.94170865564363,3.33077845930228,11.207052230699,-43.8066014560287,25.6748836339302,-18.1317178220985
2021,5,2021-05-01,288.841064208057,259.056963931055,0.0102213640648203,25.7364720294729,0.543116496824454,59.5250068301676,347.856801964609,403.677626567986,188.935420695607,26.6594211258434,101175.393200886,240.796476509898,34.4440797583665,321.826502273629,403.675142541406,3.87363344852503,3.24809751849801,10.18485955766,-44.0763971817682,26.0278156643992,-18.048581517369
2021,6,2021-06-01,289.556186943401,259.686253993584,0.0104528778750802,26.7063586397225,0.535963483732627,59.2359988993196,352.031727646884,407.326835996163,185.21123681359,24.6071342964555,101168.677442139,237.469209214848,32.1328635631688,326.553119854277,407.325425914104,3.83355262106662,3.19703326779663,9.08172475733273,-44.7322431345451,25.4771977105482,-19.2550454239969
2021,7,2021-07-01,289.988448773001,260.406393518986,0.0107558693710882,27.7952509877825,0.56664835054141,58.0115126817647,355.006545185056,409.291339603585,183.98033997409,22.4261144583221,101173.486499457,235.812226182364,29.2639510062688,330.235847956952,409.288598007522,3.82233051300186,3.18593686726516,8.8401775627518,-44.9940496603277,24.7679556320412,-20.2260940282865
2021,8,2021-08-01,289.833535816249,260.244892331537,0.0106694222271481,27.4233838436423,0.54640886130968,57.5359892371667,353.952403497345,408.630436249118,185.390775504915,21.3300244251438,101166.001552129,237.673906782835,27.7604900654986,328.838438328572,408.629409645869,3.85177684400705,3.21495657704347,9.43072395594486,-45.8526656375655,25.1129385655232,-20.7397270720424
2021,9,2021-09-01,289.243755729149,259.668768494792,0.0104216339414855,26.557457980832,0.546018249649282,58.4685679402935,351.159683952071,405.247820102468,187.805553666118,22.5318614112903,101163.775291333,242.278669487205,29.2114998170329,324.659233474052,405.241771087632,3.91215429580871,3.25736041436926,10.4826123880467,-47.7934774153448,26.4944014631822,-21.2990759521626
2021,10,2021-10-01,288.252304227157,259.025505713223,0.0100529393319927,25.2484687453381,0.532608084855988,58.8543437342747,345.214586169277,400.089766219111,192.338877922444,26.4783482373327,101165.206409394,248.486139461314,33.4748049065878,318.413440233142,400.084629364986,4.02620631843586,3.34555868288026,11.248318861733,-49.1508048696153,26.7960090820092,-22.3547957876061
2021,11,2021-11-01,287.151645871539,258.213445679911,0.00976087974699147,24.4007289498286,0.521798922764457,60.0456503766021,339.914077805334,394.818151596783,195.665289587946,30.1774665675927,101165.673309965,253.77726762875,37.5108765457527,312.954808140481,394.811141329436,4.14192567196959,3.42806034883004,11.2364645819892,-50.7785680626444,26.9522593975052,-23.8263086651391
2021,12,2021-12-01,286.517195948605,258.30192241116,0.00968313153276331,24.3630232735106,0.527710684380276,61.3863225814836,337.945371885861,391.852892949657,195.109906070403,30.1679826895392,101169.586041564,256.366682150217,37.4061678412752,310.848057893068,391.843899443591,4.20086748794841,3.44008912342585,10.5865050974967,-54.0185909280784,27.0883204867262,-26.9302704413521
2022,1,2022-01-01,286.271440391274,258.043372691786,0.00965963746137902,24.0007938338029,0.520223682919738,59.1894669054746,335.496998275351,390.91094539175,198.83443126661,28.3595881767472,101177.920397951,255.846972100243,34.8902159562352,309.810132898624,390.889607823667,4.19082456361867,3.48428494724632,10.4954460222072,-50.4819130541454,25.6655278086432,-24.8163852455021
2022,2,2022-02-01,286.530151617315,258.117183372567,0.00976113516609233,24.1538134992968,0.526636360416045,57.9309489917719,336.362619570119,392.087170607153,198.317899307424,26.4800200878812,101183.886036817,253.131096292509,32.8923216805679,310.900449990572,392.063407046681,4.12587058323843,3.45522212675886,11.0121522289369,-48.4008953923987,25.4384060190742,-22.9624893733245
2022,3,2022-03-01,287.323814485656,258.277128252502,0.0099634591071611,24.6897601128625,0.525887314910142,57.9542090978778,339.79750878766,395.887183421995,196.6124298865,25.7570692530699,101176.526478106,248.979213667571,32.4473390530425,314.572415597206,395.8745756001,4.04309218645326,3.40953844049677,11.440368942051,-45.6765139810988,25.2124853685583,-20.4640286125405
2022,4,2022-04-01,288.08283836,258.651462067047,0.0100848793325094,25.1784820568686,0.525342764665858,58.4465140098648,344.267201952312,399.720518044299,193.206169047155,26.7113435246076,101174.546585297,244.79801515006,33.936759641874,318.329677523361,399.715044859376,3.94864624864381,3.3302806795188,11.1792402067951,-44.366429985639,25.9320512440282,-18.4343787416108
2022,5,2022-05-01,288.895992117215,259.104914608252,0.0102130739013944,25.4517200891989,0.528335552002738,57.8539362673836,347.757029118151,403.61156916819,188.749123225031,26.7706691808684,101162.156468979,241.050314925568,34.6215113665137,321.520130849008,403.6125368494,3.87636820185383,3.24502054024091,10.2024667702129,-44.4503495148921,26.2378659503522,-18.2124835645399
2022,6,2022-06-01,289.699582700771,259.778954679156,0.0104168237138086,26.3162892221082,0.545020961880589,57.5465646486578,351.982044167707,407.685517154746,186.515055668291,24.797928617598,101156.517527018,237.750135294454,31.9718149954224,326.33825127811,407.687508342562,3.83154927243979,3.20926664839603,8.99126139193589,-44.061193248339,25.6457840774122,-18.4154091709267
2022,7,2022-07-01,290.043706387255,260.666568252533,0.0107730181504643,27.8458419281987,0.567912202295383,58.410632712497,356.256175667029,409.335513621988,182.02790003022,22.4114006533795,101164.267490335,235.781344224641,29.2800862131245,330.434223904911,409.332072579537,3.82156148848958,3.16043922687492,8.72847100305896,-46.8847586346764,25.8185107196662,-21.0662479150102
2022,8,2022-08-01,289.854934020682,260.382315216969,0.0107618873868416,27.5946191328265,0.553271627584018,58.1621568114945,355.34931338257,408.61665880725,183.717136810542,21.1233879588419,101166.903372121,237.576551883535,27.6905107545083,329.464133675034,408.610808711133,3.85060766569746,3.19411561112173,9.33022957694656,-47.292292277327,25.8793296114192,-21.4129626659078
2022,9,2022-09-01,289.254110937671,259.688252420298,0.0104152655078196,26.3497781598625,0.538937707458355,57.8245982410857,351.176139506394,405.352123093384,188.100732359398,22.3170954721373,101164.202154215,242.330477876532,28.9675195946762,324.631980428772,405.353011411112,3.91653635758656,3.26429986130277,10.384665777521,-47.5793213945955,26.5450473953501,-21.0342739992453
2022,10,2022-10-01,288.269271891864,258.966443649389,0.0100200630895677,25.0972638184598,0.534410261105072,58.6842963350715,345.393982866253,400.064931596003,192.316534591825,26.4098146327982,101163.982885584,248.552348591576,33.4370908404348,318.297300696192,400.064906856833,4.03178889347281,3.34914238057916,11.2289305511817,-49.2085377921148,27.0966574308902,-22.1118803612246
2022,11,2022-11-01,286.964432136115,258.331015877837,0.00968672961051122,24.1589332265616,0.520104190917514,59.5940322167236,339.190826839605,393.866118878839,195.609405840956,30.2889026647223,101163.396822403,253.863816481825,37.7735569369003,312.162583255441,393.858483621346,4.14385386999855,3.42784682044846,11.3326050993999,-50.7697563686914,27.0206083266702,-23.7491480420211
2022,12,2022-12-01,286.398190730205,258.004219803646,0.00961387679294877,24.054141880015,0.529844510305042,59.7380489646721,336.404711669393,391.047020389278,197.427526642331,30.2732374729842,101176.201185842,256.49329605634,37.3102287411047,310.00361150641,391.029197036279,4.19448694141663,3.46221224546352,10.6055463568074,-52.0287781458889,26.3832768099832,-25.6455013359056
2023,1,2023-01-01,286.194312109911,257.887581102979,0.00964087456310121,24.0147147591724,0.523111885313225,58.7934721900738,334.852825733998,390.207091791325,198.74901835484,28.3104609772771,101178.574157829,255.893621713104,34.6744537192513,309.495868809503,390.181247846728,4.1862157031263,3.47616184742983,10.4124529796934,-50.7806106162902,25.3311129798982,-25.449497636392
2023,2,2023-02-01,286.533547726215,258.042239973866,0.00979270575284387,24.3861338008298,0.526355448055487,59.540449236243,336.484262832983,392.049510167816,198.577627141686,26.5017371676861,101180.524737811,253.064307688041,32.8097743860275,311.350319185612,392.029442624491,4.13108312090874,3.4636372374462,10.984595023972,-48.1786433280139,25.1138761040451,-23.0647672239688
2023,3,2023-03-01,287.332992817288,258.150106810688,0.00997396881652154,24.695071446637,0.507200425592727,58.0659134146975,340.36477045249,396.21409517287,196.497473840504,25.6540926852596,101177.405180216,248.821714200702,32.3959122241771,314.934987813482,396.191908426344,4.03812632054061,3.40704485450204,11.4319815054439,-45.5824208212809,25.4075958924812,-20.1748249287997
2023,4,2023-04-01,288.073849682776,258.471992067582,0.0101097031541891,25.3724403545175,0.51637844361076,58.5312570994145,343.847031453027,399.734730825862,194.682155316484,26.6973408623379,101180.44093131,244.722348657792,33.8345102691607,318.331530051432,399.714706083521,3.9402576634707,3.34468660676972,11.1606412603647,-42.9030239344856,25.4954766592533,-17.4075472752323
2023,5,2023-05-01,289.03923489588,259.304433799442,0.0103873488521084,26.3912426760485,0.530240309237845,59.6140534811371,349.35843514441,404.260760755676,189.553991915499,26.647471174938,101174.878663717,240.5501268548,34.3408036326141,323.515035570347,404.259115110382,3.8615763735402,3.2507341140722,10.1240593893354,-43.3028024816253,25.8417539287682,-17.4610485528571
2023,6,2023-06-01,289.893931504368,259.977233261155,0.0106385880864724,27.056150463373,0.53564739661928,58.3736218968606,353.703623067525,408.645693939916,186.11506944125,24.7341951189399,101165.546343139,237.450056116732,32.0638672077145,328.347336618927,408.65054891406,3.8307814918361,3.20783410111755,9.0050964009542,-44.0053145867078,25.3611414227412,-18.6441731639666
2023,7,2023-07-01,290.369338288522,260.751827421612,0.0109397218585131,28.2716756867551,0.563523550872686,58.3825055967313,357.532909369082,411.072596463863,183.981476694709,22.5270313701565,101169.224917389,235.610285282209,29.2228549263472,332.520304419514,411.072405056525,3.82087581331748,3.18907435716224,8.67983928892271,-44.9329850313097,25.0124135422302,-19.9205714890795
2023,8,2023-08-01,290.186496166607,260.620150585224,0.0109428565056365,27.9749432671582,0.545862127686711,57.3879092086502,356.229461544875,410.424135511706,186.154842763894,21.2913447406262,101171.609958788,237.362296952212,27.4927695294862,331.553648707707,410.423925149598,3.84754916520698,3.22414533907452,9.22023827108405,-45.0060293994584,24.6756024750602,-20.3304269243981
2023,9,2023-09-01,289.729343369688,260.176809927082,0.0107026703982813,27.2367668460528,0.540026473712456,57.4596634592536,353.35003190824,407.569668879021,189.14068101786,22.3548226460775,101168.298366553,241.862570721944,28.6888969118389,327.917877823804,407.5736134689,3.90496610518054,3.27022773772128,10.2568117172647,-46.3878154383229,25.4360986743142,-20.9517167640087
2023,10,2023-10-01,288.589247051027,259.520406306201,0.0102763095028597,25.7766564249889,0.513495076577048,59.0517555641145,347.878227752337,401.889796807091,191.771506669706,26.1731053398487,101170.036802366,247.964792961212,33.1396260694808,321.11178767963,401.892033667175,4.01143657040047,3.33251862274224,11.152314751399,-49.2267655618743,26.7686769327902,-22.4580886290841
2023,11,2023-11-01,287.545650724156,259.050445063724,0.0100271465949054,25.3043328351456,0.518093297564037,60.6845232174139,343.180861857901,396.658527559545,194.334307896169,29.8439616847221,101175.832619541,253.067043201842,37.2627880211225,316.195951834407,396.648799465943,4.12074891648605,3.40241802923915,11.2074704550492,-51.3139089692729,26.9751819298913,-24.3387270393816
2023,12,2023-12-01,286.914476245529,258.816891981539,0.00992227217825377,25.0550041815708,0.518212164882599,61.7171893522678,340.145572009213,393.661034441149,195.533789882142,30.2685846612871,101179.194341648,255.981267903079,37.3673737997422,313.568401980193,393.649788858264,4.18550891314509,3.43708183001937,10.5661380297299,-53.3486888824823,26.5659244461352,-26.7827644363471
2024,1,2024-01-01,286.583811096341,258.883581573042,0.00994205272614059,24.942665181977,0.518357156071541,61.9476349425773,338.672273698621,392.527303850667,195.448784298328,28.2017366781713,101187.79177331,255.377431424948,34.9472107611375,312.646582475766,392.508504939334,4.18450693223625,3.43895897539969,10.4668060753535,-53.1831730436542,26.0068923115212,-27.176280732133
2024,2,2024-02-01,286.949545660954,258.991573959466,0.0100971592552835,25.3721255339327,0.518785026558314,61.0863919488227,340.225288206278,394.232901135404,195.726148292713,26.1346868263057,101191.809347707,252.43690511674,32.6047329678963,314.815207875948,394.208215957841,4.12549500666561,3.42721537979348,10.9373866496803,-50.2407106824368,25.3853951527663,-24.8553155296705
2024,3,2024-03-01,287.503830488269,258.996918275024,0.0102493742383075,25.842276674346,0.518075661145203,60.9952203024277,343.586078569145,397.246452544486,193.628504180236,25.303102045585,101191.493321765,248.124925086265,32.2081275975027,317.544539596138,397.218175941802,4.03232010879104,3.37263785051592,11.389817978612,-47.5913953541117,26.0132623703221,-21.5781329837895
2024,4,2024-04-01,288.369773668651,259.454577734198,0.0104177188693646,26.2334206530729,0.522529172901734,60.4787137292627,347.297477362301,401.247606346572,191.421324641528,26.1739882912104,101185.273716762,243.939868886641,33.5307104614489,321.296968520711,401.228680592151,3.92213959761165,3.29382729394344,11.1070179808695,-45.1618220748749,25.9815830871682,-19.1802389877067
2024,5,2024-05-01,289.224368630023,259.842840461461,0.0105160083157951,26.6920947918174,0.528787812853444,59.9663441243772,350.880473712207,405.254644147174,187.73869453344,26.70878492418,101174.148347727,240.252855794453,34.4855756423363,324.759567487602,405.254322175676,3.85174514927672,3.22172342684772,10.1680776474911,-44.737370542857,26.1205842531072,-18.6167862897498
2024,6,2024-06-01,289.970662343863,260.443783552976,0.0106938130585321,27.3154000154583,0.546418282028153,59.5518480682693,355.245659271129,409.282341821641,183.828144878275,24.4736165962187,101169.007932274,237.106078832651,32.0436896860377,329.210817029509,409.288340732706,3.81216310533293,3.16654470035919,9.01968022621654,-45.7078608645574,26.0408411526843,-19.6670197118731
2024,7,2024-07-01,290.250871465012,260.94135126351,0.0109160379094725,28.211841329966,0.561147377660924,59.0542235177136,357.053081851797,410.541461577165,182.703947226953,22.2988636769627,101163.92763272,235.60606388221,29.1249384395267,331.934140340219,410.542063267811,3.80982234680713,3.16003269941487,8.69812899321857,-46.0760418926934,25.1195432022232,-20.9564986904702
2024,8,2024-08-01,290.182025132633,260.785414229297,0.0109298869357441,28.1524678807853,0.556480728319434,57.5774201058112,356.235844610254,410.032511657477,185.234250107533,21.1723309691533,101166.002516803,237.319652801489,27.4318901286729,331.564088757507,410.031853872812,3.84044578026656,3.20526333012386,9.24923831026452,-45.8258435344367,24.6710980680822,-21.1547454663545
2024,9,2024-09-01,289.514629463254,260.24943983789,0.0106626259924806,27.2068187056141,0.539944258376158,57.9231115344605,353.174472224437,406.667945452654,188.028219094859,22.2770645952031,101171.293970206,241.917133589711,28.8325303467197,327.306176187177,406.675593868856,3.9013064622941,3.25295728316902,10.3330970619157,-47.3334487433358,25.8759444534612,-21.4575042898746
2024,10,2024-10-01,288.548839944144,259.461134223388,0.010234190011126,25.7860939225141,0.525969427234136,59.3362088320833,347.526120960019,401.572256570732,191.976786944974,26.3429078119725,101172.484287421,248.096579807282,33.2543276839842,320.798189668762,401.572673614567,4.00692571052045,3.32795052040696,11.1557823115306,-49.2083729902967,26.7283483350913,-22.4800246552054
2024,11,2024-11-01,287.384676139042,258.871659166302,0.00994086892419071,24.9355817595928,0.526827052093236,60.2356719111633,342.30202698803,395.765104096319,194.136245761178,30.2018301534597,101169.833228022,253.443547678455,37.5289772659597,314.947452029819,395.753882631072,4.11573059593145,3.3882799554529,11.2066911957479,-51.9801548047774,27.3433534929632,-24.6368013118141
2024,12,2024-12-01,286.819166841081,258.689885538969,0.00979574974612091,24.8020118889567,0.524270011925893,61.1532815318481,338.967714082758,392.812988694611,196.230489788701,30.5591945095525,101178.976135879,256.144264634276,37.7429547670723,312.346388591743,392.797229757811,4.17762267578722,3.43701793130246,10.6626883660259,-52.7300145880556,26.6055665542143,-26.1244480338413
2025,1,2025-01-01,286.646319044034,258.450242928349,0.00976876602357927,24.4458671433786,0.519098409007355,59.3611135435817,337.04897834244,392.383312732694,198.211562554718,28.4265782526954,101174.603069055,255.533758863534,34.9756047065661,311.570557768796,392.358918070805,4.1657708832436,3.4569869847091,10.5054722261018,-50.7731698549456,25.4540259117542,-25.3191439431915
2025,2,2025-02-01,286.786472054602,258.593911528097,0.00991519165541623,24.8083168513322,0.525465519711233,59.6311219770964,338.618075302315,393.298818841746,196.370884018231,26.395749475234,101182.912239109,252.628928723371,32.9719505452387,312.986367787282,393.272719434337,4.10664663883098,3.41801052775137,11.0579707580175,-49.6818436351357,25.6056081076232,-24.0762355275125
2025,3,2025-03-01,287.490705157069,258.631356355025,0.010111224759544,25.3490231463328,0.524303809792135,59.4199620723335,342.046421249064,397.005159061017,194.922162658165,25.3090186823993,101182.111830872,248.36425715076,32.0597618662975,316.483513988117,396.995749367011,4.0266624338051,3.37945992811932,11.2924258480508,-46.6913513086971,25.5534975669402,-21.1378537417569
2025,4,2025-04-01,288.346066659829,259.012935596096,0.0102473146074473,25.8373668704856,0.524701528847859,59.9331982764534,346.510395765364,401.052795222382,191.211460690819,25.9953655438591,101171.491965892,244.159124804481,33.2679572952458,320.169608985771,401.045070267904,3.92980223778053,3.2954716451048,10.9330907920677,-45.6750723622757,26.3330618251142,-19.3420105371614
2025,5,2025-05-01,289.157959581183,259.50346744934,0.0104033068109683,26.3927138091644,0.543165791067724,59.3302491823231,350.220320709922,404.850753825573,187.685132298035,26.2310145670714,101166.397313561,240.377395418656,34.0131202085583,323.840824356226,404.856084099869,3.85919754334933,3.22625704678787,10.0230504718518,-44.9101574791345,26.3848266279912,-18.5253308511432
2025,6,2025-06-01,289.818422866004,260.226194707072,0.0105549447845602,26.9004015982493,0.533864823055484,58.3928422794724,353.224005065388,408.198579803507,185.402368904722,24.3993719410337,101157.184012386,237.323548350071,31.5712845710689,327.522512065647,408.208050120921,3.80820234530039,3.18104628454414,8.92206153228125,-44.7492668153142,25.7109633171552,-19.038303498159
2025,7,2025-07-01,290.023386297921,260.462373133364,0.0107393145224859,27.6552439329515,0.528926702517392,57.6668238393188,355.018559175964,409.730595573836,184.930628643776,22.2581460218672,101165.389805443,235.869598140192,28.7774813046622,329.746860764463,409.733695157105,3.8110852929801,3.19335224527955,8.56409081218053,-44.4196342136214,25.2747979947692,-19.1448362188521
2025,8,2025-08-01,289.954472479401,260.403571739301,0.0106669666625424,27.3138072460647,0.513301800150292,57.2512416562338,354.029536369419,409.260375562181,187.12982104439,21.2891683865933,101161.808706557,237.720123803335,27.3298160050042,328.756112385818,409.25613421774,3.84316943303142,3.23417860842399,9.11045399604313,-44.5496551405344,25.2691826391592,-19.2804725013752
2025,9,2025-09-01,289.436349645096,259.840348590554,0.0104259955529169,26.2982220694869,0.508982677391443,57.3942358794038,350.504992792961,406.474452020187,190.681842110878,22.4147160692517,101162.379383209,242.352070841556,28.6134247331898,324.881071999529,406.47983959958,3.90837001066958,3.29277902313369,10.1893480062752,-45.4715200667403,25.6293083728252,-19.8422116939151
2025,10,2025-10-01,288.444553927832,259.22384101642,0.00998758296482789,25.0047148709861,0.509989711050802,58.3362983649555,345.167142994983,401.250621424154,194.535417620381,26.0602799622377,101165.886303526,248.356936055727,32.6695183845301,318.419393325776,401.259382846396,3.99816402987903,3.35777238694006,10.9611833614445,-47.212280013054,26.7565110914491,-20.4557689216049
2025,11,2025-11-01,287.370638947069,258.489547248342,0.00964666307888095,24.0639386572654,0.48602758983173,59.5748355855764,339.326902720857,395.859626900468,197.808210119553,29.8943789175691,101168.042579865,253.693767904143,36.7534204869098,312.811562071708,395.870795616861,4.09916514740415,3.42567746860261,11.0571094343228,-49.0265162152497,26.5265093655413,-22.5000068497084
2025,12,2025-12-01,286.578206038576,258.151549353241,0.00955359388075358,23.8159624491603,0.48443200753274,61.9713260216156,336.546553500712,392.56343161819,199.217352876673,30.3855586230504,101175.973943543,256.512559060456,37.1961629327617,309.803576914437,392.566965828249,4.16552356689513,3.46934834134929,10.5155775229988,-50.484601874072,26.7465107963333,-23.7380910777388
