"date","year","month","T2m","T500","SPFH2m","PWAT","APCP","TCDC","DLWRF","ULWRF","DSWRF","USWRF","PRMSL","CSDSF","CSUSF","CSDLF","CSULF","CDUVB","DUVB","ALBDO","CRE_SW","CRE_LW","CRE_net","co2_avg","co2_trend"
1979-01-01,1979,1,285.40766072157,257.25862729928,0.00940572458656194,22.9268017567038,0.51393983171863,58.4234186690161,329.882185314548,387.201488004852,201.423440664552,29.0003914702956,101148.282421845,255.593393734123,35.3581114087356,304.841751517261,387.179805258858,4.13709519393676,3.47455224517226,11.081320870401,-47.812233131131,25.018751051293,-22.793482079838,336.56,335.92
1979-02-01,1979,2,285.369593252048,257.422629795104,0.00953136920918115,22.9863721402392,0.510288973367065,58.633876569038,330.848406095843,387.551839405379,199.311226141958,27.616200188839,101159.296041534,252.991820520826,34.1081984197316,305.346901936422,387.52429975448,4.0900140649845,3.438671755656,11.8161358078914,-47.1885961479754,25.473964508522,-21.7146316394534,337.29,336.26
1979-03-01,1979,3,286.26742704779,257.472174202015,0.00960994425691859,23.3585825479865,0.50760493106513,58.9795605607438,334.593214990306,391.562214908393,197.007981227103,27.1481528122462,101155.300194358,249.145634947873,34.3465978553481,308.564655505977,391.545487218991,4.00097785053686,3.37921712004796,12.2892927119521,-44.9392086776681,26.011831794927,-18.927376882741,337.88,336.51
1979-04-01,1979,4,287.18050259722,257.749695331198,0.00970300876786788,23.3742288413615,0.503231159847559,58.4984338312281,337.195070858737,395.636608414755,195.944424416558,28.4921032154451,101144.742736417,245.28259542721,35.9596639522471,311.393683426284,395.630682499087,3.90126904111855,3.32142414693448,11.9003474631044,-41.87061027385,25.795461516785,-16.075148757065,338.32,336.72
1979-05-01,1979,5,288.263194306762,258.439126515101,0.00995163974488673,24.2748554742785,0.524946773808921,58.877047665635,342.79423007755,400.53354512999,191.449508064359,27.6105408566899,101134.242443046,241.114677660558,35.075637581433,316.69492702212,400.550292090055,3.82657198502061,3.23616662702314,10.3720117625842,-42.2000728714559,26.116050015495,-16.0840228559609,338.26,336.71
1979-06-01,1979,6,289.104627613966,259.262744249913,0.0101628272484533,25.3236001314631,0.536755792145446,58.9018922694661,347.437725971629,404.768383961595,186.802864712718,25.1059614111196,101134.503412934,237.835278824003,32.4635947604201,321.544862173346,404.783209077645,3.78878702716889,3.175855448282,9.13972432681083,-43.6747807619845,25.9076889143329,-17.7670918476516,337.39,336.62
1979-07-01,1979,7,289.325597375137,259.719281857097,0.0102875912222341,25.8811264052996,0.538685249139554,58.7816812375447,349.570860957801,406.120710371453,184.473499145627,22.7506521601787,101132.477462732,236.354399363572,29.7052260248936,323.768634706648,406.130321021019,3.78494178377238,3.15525787068381,8.81391526735896,-44.9263263532301,25.811836900719,-19.1144894525112,335.57,336.41
1979-08-01,1979,8,289.289187670278,259.393331843066,0.0102969696425731,25.5958370773344,0.526366542605782,58.6195651580679,349.348698979949,406.086916965027,185.181331145125,21.2601339076608,101138.27273167,238.105180748954,27.9895729824438,322.996657700398,406.092812960639,3.80924235054674,3.17285399766954,9.30737646020198,-46.194410529046,26.357937275163,-19.836473253883,334.37,336.66
1979-09-01,1979,9,288.68841411287,258.720120462562,0.00999723441899035,24.6721091110384,0.52004348390703,58.0450590957032,345.171093962426,402.84175554831,189.389082751963,22.1785284591514,101141.495611133,242.624898550456,28.7343693813381,318.980490250228,402.850673994352,3.85996039185787,3.22840255184513,10.3025100114586,-46.6799748763063,26.19952215824,-20.4804527180663,335.02,337.41
1979-10-01,1979,10,287.650576901011,258.106872677241,0.00967950252488274,23.6399459196683,0.499610211639071,58.9420619410425,339.909479600512,397.728980428673,194.252743711506,25.5141413659988,101136.379337573,248.538514439001,32.2986966554084,313.343846539917,397.738062911232,3.95846804290555,3.3142654756395,11.041673711475,-47.5012154380854,26.574715543154,-20.9264998949314,336.36,337.71
1979-11-01,1979,11,286.459512420227,257.445528657983,0.00943672385716249,23.0915286594083,0.51471238029502,58.50858789742,334.187777412946,391.924377469511,199.510376958777,29.7495410816286,101146.778388482,253.842517791931,36.5562122426638,307.95480091417,391.926412012742,4.06159149818399,3.41011339648986,11.2564592448318,-47.5254696721188,26.235011042007,-21.2904586301118,337.36,337.68
1979-12-01,1979,12,285.996362375459,257.286673328442,0.00938324885195995,22.9223423050828,0.494745802834926,58.8146728517478,332.172007737189,389.598811072885,202.026712406891,29.8337051567557,101139.681099595,256.426367013234,36.3448485784558,306.389030142545,389.579632403377,4.12302644302015,3.4656828546416,10.6035951017991,-47.8885111846429,25.763798925136,-22.1247122595069,337.89,337.66
1980-01-01,1980,1,285.60304188475,257.359574311914,0.0094077689114729,22.9598156336687,0.513560990874933,58.8332992081066,330.76414419615,388.068166316129,201.24958365504,28.679345170005,101149.573369456,255.863387816428,34.9559618522441,305.565627348307,388.029036200525,4.13447112982357,3.47050069285084,10.8764196418521,-48.3371874791489,25.1593867322391,-23.1778007469099,338.57,337.94
1980-02-01,1980,2,285.92365520073,257.723416605598,0.0095393002037931,23.25414416721,0.504743765938018,58.5489023522513,332.671925894155,389.646234404432,198.546079323963,27.1290826511186,101152.674927918,253.11644117385,33.7118468527183,307.27242858705,389.600305789817,4.09137386098494,3.42853879373933,11.6371580441353,-47.9875976482873,25.35356869249,-22.6340289557973,339.26,338.23
1980-03-01,1980,3,286.546490233983,257.595521244589,0.00966200406338876,23.5276433202715,0.509724577454329,58.3750406314456,335.4194754364,392.708345274044,197.277034440579,26.8506231130353,101154.835809528,248.913468986045,33.6960089645611,309.650723007879,392.648275144397,4.00909563461196,3.39138233397163,11.9315112359264,-44.7910486939402,25.708682298874,-19.0823663950662,339.6,338.23
1980-04-01,1980,4,287.549154228779,257.989386630329,0.00981402471490068,24.1773935666493,0.508681381518047,58.9663047801058,339.569891412695,397.393925800099,194.872199145822,27.7051885261786,101150.590639084,244.794750373061,35.0488881535631,313.832279668801,397.392543062954,3.91042595592844,3.31930365514608,11.469236832034,-42.5788515998545,25.736229006749,-16.8426225931055,340,338.4
1980-05-01,1980,5,288.646716455682,258.684936424158,0.0100166403313102,24.8213485661248,0.521705342312285,58.9771063083136,344.852318694811,402.481441889032,191.224432594119,27.4879083341763,101132.595669923,240.807906191166,34.9861410635203,318.738637299121,402.518046191456,3.83417286138327,3.24715262289745,10.2395613982668,-42.085240867703,26.150285698114,-15.934955169589,340.44,338.89
1980-06-01,1980,6,289.225761508931,259.431239185114,0.0101246673872814,25.3205997683656,0.536250989822282,58.8166330081528,348.106944103661,405.469835460609,186.770164575338,25.1099885943743,101135.494894805,237.802228593038,32.4733396852697,321.845427068658,405.497096857783,3.78957942240748,3.17730572182736,9.09199931669854,-43.6687129268046,26.288778432177,-17.3799344946276,339.99,339.23
1980-07-01,1980,7,289.583331703213,259.837062185386,0.0102838901545325,25.9547816475255,0.536512935733515,59.268372560068,350.990891791897,407.185248524783,182.967247274211,22.7536445545567,101119.751463699,236.317553148295,30.0586031304749,324.46870004728,407.20472829879,3.78596288591517,3.13829138659199,8.87815526823043,-46.0453472981658,26.541671518624,-19.5036757795418,338.44,339.28
1980-08-01,1980,8,289.400620376943,259.656261565561,0.0102800711884481,25.6929769891245,0.534425298362381,59.2429461452124,349.967192871244,406.218241902496,183.841860487664,21.4070961201704,101131.939066751,238.063294107054,28.1611121666589,323.416366923269,406.230113512089,3.80879424973725,3.15194358309333,9.38816812593396,-47.4674175729015,26.562697557568,-20.9047200153335,337.22,339.5
1980-09-01,1980,9,288.692335430819,258.986893458427,0.00995269285141808,24.474410139192,0.521091424472391,57.5321745000264,344.660471251068,402.610247318516,190.272965073458,22.54842783169,101133.641796087,242.840225233695,28.9802709862196,318.572915692277,402.631305857073,3.86715269172733,3.24169134363301,10.4291010656472,-46.1354170057074,26.108614097348,-20.0268029083593,337.05,339.44
1980-10-01,1980,10,287.567193538752,257.96561784545,0.00960861425379865,23.5970736748724,0.513537080797687,58.6536677189978,339.402680510607,397.053726737578,194.152648017886,26.0712907395585,101140.707218531,248.719954683173,32.8676892190842,312.569888288597,397.07418156624,3.96757432579299,3.31814667772065,11.1326620581253,-47.7709081857613,26.853247050672,-20.9176611350893,337.82,339.17
1980-11-01,1980,11,286.514578992273,257.485215612946,0.00938210618777738,22.8618067587508,0.508169486419068,58.6455570799932,333.720588041077,392.018958437925,200.212605374232,30.0389433292695,101139.038592875,253.925135973667,36.7451235089496,307.844240745434,392.011653449053,4.07319798230128,3.42607814984838,11.2095288121738,-47.0063504197549,25.869042306771,-21.1373081129839,338.93,339.26
1980-12-01,1980,12,285.831296207188,257.242557784712,0.00930987566934764,22.6894822888307,0.499128266174344,58.4701207768052,330.726096257499,388.836337947894,202.876376458332,30.3564299993144,101140.923760483,256.650152051118,36.6951850118215,305.299768101837,388.797035779195,4.13162691860619,3.47988833977339,10.660423576215,-47.4350205802789,25.3870259869631,-22.0479945933158,339.64,339.4
1981-01-01,1981,1,285.939330577999,257.488426745555,0.00938474478413959,22.8950867334261,0.521131266757168,58.5953506423893,331.499602400079,389.222424786054,201.172745702636,28.4748277859456,101144.830476055,255.838839193964,34.6934062077078,306.183256022189,389.17867969641,4.13265709340964,3.46477024453077,10.7359260569927,-48.4475150695658,25.272601288246,-23.1749137813198,340.18,339.55
1981-02-01,1981,2,286.043509639519,257.736743589525,0.009559027574787,23.4721591100973,0.525101404589513,59.4120875901428,333.590240898473,389.774208149295,197.158868570784,26.5390732958802,101152.298386741,252.780458634664,33.1536549904566,307.655881042407,389.741929141241,4.08846330195906,3.41228601897127,11.3907172608973,-49.0070083693036,25.902080848012,-23.1049275212916,340.75,339.71
1981-03-01,1981,3,286.77436765762,257.705524186478,0.00971525115128299,23.7300533717261,0.50742161129239,58.5939739311686,336.216098595118,393.445948799339,196.767039331951,26.2301894251018,101141.769260932,248.661668569189,33.1222468831814,310.778976260143,393.429455589702,3.99617194983433,3.37514374842393,11.8605678771947,-45.0025717791584,25.420629125338,-19.5819426538204,341.38,340.02
1981-04-01,1981,4,287.596319741371,257.857434186626,0.00980509253209766,23.9343071572924,0.504617090990277,58.2965102262243,339.233752401941,397.416754283008,195.255685985854,27.2880854101283,101153.845288807,244.710835747924,34.4446613226526,313.683197964125,397.438625278527,3.89784909183366,3.31414121276931,11.3731669321155,-42.2985738495457,25.572425433335,-16.7261484162107,341.68,340.08
1981-05-01,1981,5,288.519118217796,258.617895878782,0.00993123487241511,24.4948559876258,0.521573995920455,58.3556959980569,343.551694723628,401.778457526909,191.978077147741,27.2347302895901,101136.749211774,240.874748440998,34.5490536540862,317.711714976934,401.820881511787,3.82894381866284,3.24873199397568,10.1880650801601,-41.5823479287609,25.882403731572,-15.6999441971889,341.43,339.88
1981-06-01,1981,6,289.28984377641,259.183404646588,0.0101030886542938,25.0516304730027,0.530300809744289,58.3496163647647,347.485429119045,405.708816198655,187.921263355134,24.8147036519998,101120.635604041,237.814986140433,32.0504926551209,321.554804372615,405.74477031185,3.7895336476123,3.19194090136743,9.01306298599192,-42.6579337821779,25.966578859625,-16.6913549225529,340.63,339.86
1981-07-01,1981,7,289.476733882651,259.852705783881,0.0103057837626624,25.9541569551269,0.547023069868572,59.2363038427433,350.283472262841,406.584435450365,183.491625076781,22.7143390601118,101118.087136861,236.219578025056,29.9082692344202,324.242595437051,406.614215754455,3.7866588959501,3.14463158878989,8.87490211789605,-45.5340227739666,26.07065712988,-19.4633656440866,339.23,340.07
1981-08-01,1981,8,289.437707629866,259.666535880419,0.0102297572289763,25.2633367242873,0.537643184270761,57.8592325572523,348.361559684795,406.355619206083,186.644475480824,21.4833384255733,101116.851869968,238.298220476388,28.0337408932207,322.934685740164,406.380502279176,3.81140395217456,3.18720069350451,9.37027646471635,-45.1033425279166,25.451757017724,-19.6515855101926,338.08,340.37
1981-09-01,1981,9,288.720851495983,258.846259175468,0.00998186803726428,24.3816503182663,0.529842339972572,56.9544510440807,343.516230157238,402.610528478766,192.328635145709,22.6035760790267,101121.435172572,242.909177318551,28.8955280566758,318.436711737763,402.627115178162,3.86532039162903,3.26457508922697,10.3779571927039,-44.2885901951929,25.096105118871,-19.1924850763219,337.97,340.36
1981-10-01,1981,10,287.548653221361,257.978439584732,0.00958556892366382,23.2554869511761,0.522000317731252,57.7885903720505,337.743885712872,396.85926082138,196.365263413043,26.3139742120848,101135.04170444,248.943359326764,32.9110734509495,311.979484830783,396.871079966053,3.96068624152287,3.33369384591726,11.1598286729585,-45.9809966748563,25.776220026762,-20.2047766480944,339.07,340.42
1981-11-01,1981,11,286.344138306036,257.481173350164,0.00932239612495148,22.651793958093,0.517075580706531,59.2271601284843,333.09012998134,390.799692455678,197.738380632341,29.9665160816964,101142.26325447,254.149301970653,36.9996884692612,306.668573106273,390.796364165666,4.06831516280863,3.38275644170734,11.3009550279617,-49.3777489507472,26.418228585055,-22.9595203656922,340.17,340.5
1981-12-01,1981,12,285.852406179119,257.365172243551,0.0092662608790683,22.7240002499666,0.513114995480177,59.282871393116,330.807073735963,388.607816640896,200.01068383746,30.4865969502786,101136.072315586,256.711584599874,37.1262465415877,305.119928398335,388.600333143733,4.13526489666688,3.43982748025818,10.8586128596439,-50.0612511711049,25.679661840465,-24.3815893306399,340.74,340.51
1982-01-01,1982,1,285.255430072795,257.22788490164,0.00926648216896655,22.5224548898136,0.51794199611925,58.8834719030267,328.939264318256,386.612629468978,200.406765722717,28.7550258719529,101147.081924602,256.09262064541,35.2717656747128,303.653699176783,386.596200088377,4.14631661999157,3.46120538862953,11.0855396694612,-49.1691151199331,25.269135760872,-23.8999793590611,341.36,340.74
1982-02-01,1982,2,285.568129553876,257.407367346004,0.00943050648679388,23.0792078191654,0.517366963902978,60.0402221845863,331.48297418353,387.760121690963,197.775847884585,27.3539640847076,101154.891750258,253.110527936079,34.0789366235006,305.617614703087,387.741199594591,4.09050583110343,3.41565739365182,11.8478626481925,-48.609707512701,25.8464373840711,-22.7632701286299,341.95,340.91
1982-03-01,1982,3,286.051723714007,257.464866179577,0.00956139894824252,23.3505097272222,0.515979882086997,60.0855299076311,334.211164406831,390.364980298405,194.500137205761,27.0058934273779,101159.834519547,248.91579128336,34.2657281036713,307.798203453465,390.345887322272,3.99593747134544,3.34016305120843,12.2785314609133,-47.1558194013056,26.393867977233,-20.7619514240725,342.23,340.84
1982-04-01,1982,4,287.155023012427,257.802226888698,0.00964505037406161,23.6999144744107,0.507345086485873,59.6461693741868,338.155793728589,395.558460766967,192.556779746305,27.3173270129809,101143.777845324,243.697693618796,34.9232184331839,311.734992947544,395.554053409646,3.87223357737693,3.268009777285,11.622338221875,-43.535022452288,26.4163934237239,-17.118629028564,342.52,340.91
1982-05-01,1982,5,288.231003415393,258.427213565589,0.00986948364833134,24.3164520392667,0.513867406994508,58.9698739912887,342.399241260304,400.398976777724,189.618369236068,27.4173977374414,101124.665604631,238.518750347001,34.6033780542314,316.599635720812,400.403111301098,3.77054143808914,3.19281620859673,10.2907447622276,-41.714400794143,25.803740062866,-15.910660731277,342.37,340.82
1982-06-01,1982,6,288.970741079957,259.169932979794,0.0100435378077322,24.9429948467367,0.53821125723005,59.1368257874422,346.891097312674,403.997491871146,184.844273539216,24.7279094043227,101101.182036128,234.950043799882,31.9215836750321,320.479011945442,404.005424675151,3.71491741254888,3.12028342049678,9.00893640384798,-42.9120959899566,26.420018171237,-16.4920778187196,341.49,340.72
1982-07-01,1982,7,289.304868349714,259.439924445763,0.0102014629370918,25.6683317207153,0.543057080296591,58.3401612999121,348.513683387879,405.600224200504,182.760795225854,22.4249731108271,101096.727989546,232.637019899448,29.1167601635848,323.036356898301,405.607928264229,3.69341971058853,3.09392741980134,8.7249865426265,-43.1844376208363,25.485030553303,-17.6994070675333,339.75,340.61
1982-08-01,1982,8,289.080035094312,259.420198423242,0.0102272354634298,25.6976902125069,0.536226262304868,59.4047590225315,348.69746090048,404.538602967492,181.859005901948,20.8882081274876,101111.446037665,234.135405054547,27.3600631262622,322.356736229524,404.542283591318,3.71958126863331,3.09327645881316,9.19488483372863,-45.8045441538244,26.344405294782,-19.4601388590425,338.11,340.4
1982-09-01,1982,9,288.47267429809,258.536716255897,0.00990958266798814,24.3426287812609,0.513837132900564,58.4315876358906,344.109964365461,401.587709258166,186.894008085762,21.7624054052605,101114.355259238,238.852683478791,28.1433303393026,317.602519193664,401.595923769005,3.78073492134,3.16833001485095,10.1428379703415,-45.5777504589869,26.515659682636,-19.0620907763509,338.16,340.54
1982-10-01,1982,10,287.395275859515,257.574976777164,0.00952786151628083,23.0549193735049,0.516517624539277,58.5812745976297,337.459533476739,396.225717017907,193.670384310957,25.4299633954821,101124.433572848,244.868490744939,31.9417897420298,311.285131206538,396.238507097446,3.8848845297805,3.28088483004972,11.0278884148752,-44.6862800874343,26.18719234974,-18.4990877376943,339.61,340.97
1982-11-01,1982,11,286.264829266563,257.29092524153,0.00935441733860138,22.7961047127089,0.516660234951701,59.35489405078,332.812968590048,390.57058645754,196.620575162148,29.1609350237343,101130.17603681,249.980828233795,35.82768836143,306.777250346701,390.578205311802,3.99398408530975,3.35187510095128,11.0690216199315,-46.6934997339513,26.043337097609,-20.6501626363423,340.95,341.27
1982-12-01,1982,12,285.796705788627,257.207990537752,0.00927727287702945,22.6052250673782,0.517821318422651,59.0672847454834,330.750538766089,388.591363684843,199.956517435742,29.6210923020141,101129.477272321,252.984309015796,35.9116935025214,305.03002060711,388.591720745656,4.0636823282737,3.42221339755545,10.5560002727872,-46.7371903795467,25.720875219792,-21.0163151597546,341.77,341.53
1983-01-01,1983,1,285.603611047774,257.567870899083,0.00936202835211558,22.775171129964,0.524393047356223,59.2229640825699,330.448718119433,387.953548622383,198.247032305504,28.2873991776294,101135.686110982,252.540001186022,34.4763062852274,304.929466923928,387.940768257041,4.07684032733331,3.41079110041612,10.8156998624149,-48.10406177292,25.506470830163,-22.597590942757,342.37,341.71
1983-02-01,1983,2,285.865136503976,257.266766707767,0.0095430877176509,23.3242718075954,0.517751816611839,58.1813799577868,331.813434019913,389.463570779569,197.747196692369,26.9938915279578,101144.531947727,249.812489388706,33.2298557963982,307.193870485973,389.443070626891,4.03691849876008,3.40170031929555,11.6430193795716,-45.8293284278966,24.599063381262,-21.2302650466346,342.74,341.71
1983-03-01,1983,3,286.47280356326,257.833128456404,0.00964610591757808,23.5527409582152,0.4999041238033,58.6502832824375,335.263355358683,392.221943129398,194.542214645884,26.686500902023,101160.034393544,245.798526171247,33.472388421086,309.569008411889,392.200049383212,3.95633936353055,3.33875926620736,12.1067205116008,-44.4704240063,25.6724532006079,-18.797970805692,343.04,341.7
1983-04-01,1983,4,287.352810491627,258.002924642659,0.00971026769876416,23.7124519659198,0.512031688746589,59.1172078869305,338.653113652735,396.468672611618,192.339734840235,27.1365015847627,101144.509934805,241.945740356703,34.3733996573911,312.67979946666,396.454774082303,3.85976243591124,3.27032414900246,11.5031887940726,-42.3691074438396,25.95941565676,-16.4096917870796,343.51,341.94
1983-05-01,1983,5,288.504871418461,258.766628149553,0.00997491681221269,24.5462339984875,0.526517522204593,59.5318114183586,344.215980687374,401.567753820677,188.782502670648,27.0969613832755,101115.016198975,238.027430566947,34.2167058483046,317.912327646538,401.570063185732,3.78502940876995,3.20029057842832,10.1651231143835,-42.1251834312699,26.305962405891,-15.8192210253789,343.84,342.3
1983-06-01,1983,6,289.12861654792,259.148421498407,0.0101164890396881,25.1569135327858,0.533638627843313,59.038677662531,347.412531809037,404.975002991265,185.241399153373,24.6884360682802,101117.312224399,235.085066423956,31.7279385145591,321.368737949872,404.98490853127,3.74302530776307,3.14267705054385,8.95917105768418,-42.8041648243041,26.0536993991699,-16.7504654251341,343.5,342.71
1983-07-01,1983,7,289.325132356171,259.843156677145,0.0102996674746598,26.0369040413324,0.543240812441741,59.8919874081355,350.575255528768,406.093583381778,181.35277326332,22.2277045602525,101120.893988749,233.742409658893,29.1719347230219,324.174580112552,406.101983978196,3.7455118836384,3.10796474799654,8.70051013360402,-45.4454062328036,26.409076012634,-19.0363302201696,342.14,342.9
1983-08-01,1983,8,289.333110718039,259.7577513229,0.0102967460920293,25.9072692873994,0.534327737286661,59.0884059748667,349.944512505785,405.854799935844,183.438134925192,20.9329390505255,101115.286340546,235.837510313099,27.4832852994463,323.527512126632,405.85512935431,3.77831557478493,3.14624960980304,9.20081439269736,-45.8490291389862,26.4173297976189,-19.4316993413672,340.62,342.85
1983-09-01,1983,9,288.711859500327,258.837306059134,0.009991215479583,24.5515730627308,0.527794784248105,57.7437944854576,344.746256332947,402.620169668947,189.042510285003,22.0744423986542,101109.302922303,240.962188668033,28.4363377673589,318.70733247936,402.629635436168,3.84139377868794,3.22290104321844,10.2569181900836,-45.5577830143253,26.0483896208079,-19.5093933935173,340.53,342.94
1983-10-01,1983,10,287.423882043374,257.993144540708,0.00958052212176897,23.284265417084,0.510282555732296,58.1622882366661,337.818421680296,396.18045721029,194.114351608262,25.6632441886764,101127.416537245,247.324198142813,32.288472994564,311.496118168032,396.191630384612,3.94380919228208,3.30823692736402,11.0873059488449,-46.5846177286634,26.333476686586,-20.2511410420774,341.75,343.15
1983-11-01,1983,11,286.382009733908,257.373168276323,0.00927842897126637,22.5571479506614,0.514183768623023,58.6039574902074,333.012282735703,391.269363532275,198.419025479487,29.6710235971,101127.047790758,252.847835052915,36.4414378605664,306.840204512788,391.27508632253,4.05833219330955,3.39732657628818,11.2374283443627,-47.6583953099616,26.17780101317,-21.4805942967916,342.83,343.19
1983-12-01,1983,12,285.592843924365,256.998736750457,0.00919309953638308,22.3145266035554,0.512401916164982,58.231387000784,329.086906611566,387.609214453958,202.183985009885,30.5363249205213,101134.473828998,255.853369244268,36.9698096528548,303.856323213714,387.605729327563,4.13033681894339,3.4727005554436,10.9178784794378,-47.2358995020495,25.227098271457,-22.0088012305925,343.49,343.26
1984-01-01,1984,1,285.383422050755,257.015058360776,0.00924128316936534,22.353892171977,0.503956506963293,58.3838206311297,328.729253802336,386.691380064716,201.789736912559,28.9563457486457,101152.835820904,255.237693636894,35.1105085220826,303.447404810383,386.677998466339,4.13438241289871,3.47999618576587,11.0037341967835,-47.2937939508981,25.268467393576,-22.0253265573221,344.32,343.66
1984-02-01,1984,2,285.49136276697,257.280845678385,0.00936081453577656,22.7511466298553,0.513246227578953,58.7465260001923,330.197036600736,387.72602089814,199.036654677393,27.6723917929162,101156.451740046,252.532922971825,34.062106437455,304.762694885934,387.707931339491,4.08625004324138,3.4349555705488,11.8055543047423,-47.1065536498932,25.416252156153,-21.6903014937403,344.82,343.82
1984-03-01,1984,3,286.357456476582,257.460972083748,0.00953262543864715,23.1279412433931,0.510292382092624,59.5602270232305,334.564814705297,391.605748278628,196.014204108085,27.2881790331941,101142.565758535,248.244441345492,34.5058235584166,308.403642174853,391.580589601577,4.00661999155558,3.37788966493823,12.2918756604205,-45.0125927121845,26.136013853393,-18.8765788587915,344.96,343.6
1984-04-01,1984,4,287.223540464767,257.646747152601,0.00967324983561307,23.5788865186276,0.510420624744722,58.5484363893891,337.870235193417,395.695639953849,194.124459805245,27.8146345827105,101135.273799437,244.175659509116,35.1899464150919,311.766187960045,395.683550853242,3.89781810535729,3.30275816499447,11.5963659474378,-42.6758878714896,26.091958132765,-16.5839297387246,345.19,343.56
1984-05-01,1984,5,288.509921080013,258.474306533677,0.00987953265832963,24.3232517119271,0.524879008236427,58.5427319521164,343.313623837303,401.415162065069,190.950867068761,27.0056797621107,101116.229268682,240.136288861123,34.2691918425933,317.415476191031,401.416845557097,3.82083134297046,3.23608955672788,10.1319783104665,-41.9219097118794,25.8998311383,-16.0220785735794,345.33,343.78
1984-06-01,1984,6,288.922313482304,259.099717596903,0.0100057949809438,24.8544604175164,0.532179424859843,58.2110447509157,345.800408117548,403.6655681129,186.496013454296,24.7479808646471,101120.644428077,237.216094052754,31.9449561162117,320.051137053498,403.670041044783,3.78532649234703,3.17345263443011,8.99725866700356,-43.5231053468934,25.753743995933,-17.7693613509605,344.57,343.8
1984-07-01,1984,7,289.193159143346,259.438163858701,0.0101726615993123,25.3729947047406,0.529682437051661,59.2409037580155,348.713023872248,405.235348206213,184.238705289854,22.4135381261103,101111.316116862,235.887647142048,29.3612322204607,322.309953743309,405.234810660198,3.78380266433923,3.15955913486117,8.76997455912154,-44.7012477578436,26.402532582924,-18.2987151749196,343.2,344.02
1984-08-01,1984,8,289.163935165221,259.287452220237,0.0101481064763768,25.1441739416481,0.525447881739246,57.8702788930579,347.406250331299,404.984245352518,187.115385842194,21.4250557550255,101120.698817602,237.906488519522,27.8327483508659,321.646147408022,404.984177255365,3.81121511990022,3.20238447349457,9.32695305735868,-44.3834100814876,25.7600348261241,-18.6233752553635,342.21,344.51
1984-09-01,1984,9,288.508883564753,258.173776683129,0.00982349221658128,23.9358756485921,0.507536169795455,57.1707241163158,342.50726339365,401.795371765948,192.418779675429,22.3424782985439,101124.931911856,242.693922388934,28.7343567785912,316.794194172911,401.802197782645,3.86746706290366,3.27606412021874,10.3135609326845,-43.8832642334577,25.719895237436,-18.1633689960217,342.13,344.57
1984-10-01,1984,10,287.441923336313,257.825096075513,0.00953016583445036,23.1784514438066,0.51540005807363,58.8122585898862,337.943964417723,396.150535093715,194.9505332698,25.964776842038,101135.435315241,248.635129337693,32.6931519933013,311.422213072365,396.165895826313,3.97290927681614,3.33147500293865,11.1206849941279,-46.9562209166297,26.537112077956,-20.4191088386738,342.99,344.37
1984-11-01,1984,11,286.15839611434,257.149148294143,0.0092617594667231,22.4340489207593,0.510167182928999,58.2083040394856,331.310903585859,390.130225675187,201.174580235752,30.3479310486061,101137.416533922,254.011325742884,37.0108273941335,305.787954550832,390.133764772672,4.08604257865064,3.44790618978974,11.377046740045,-46.1738491616046,25.526488132512,-20.6473610290926,344.16,344.46
1984-12-01,1984,12,285.389380707217,257.044714675225,0.0091770235584548,22.2482835112299,0.503938078059818,60.1537045531799,329.519501345501,386.813613277825,200.670297941986,30.2919457980525,101151.575241301,256.677019167325,37.000273412288,303.054273723332,386.803455104719,4.15025095936197,3.46791387887393,10.8635566733849,-49.2983936111035,26.4550694490629,-22.8433241620405,345,344.72
1985-01-01,1985,1,285.473019679945,257.050091750077,0.00920680193475889,22.334829393106,0.494242389418407,58.9519683784801,328.870371708721,387.224667283516,201.960843915324,28.9146593017564,101139.262558235,255.745810253373,35.1735990624851,303.790126065558,387.21001378231,4.15262228621312,3.49372247046103,11.1117728267882,-47.5260265773203,25.065592141957,-22.4604344353633,345.35,344.66
1985-02-01,1985,2,285.264146935016,257.084845273742,0.00929787478587996,22.4074120801578,0.49446785211325,58.4742149234847,328.914316067207,386.564660708397,199.855885542928,27.7808166294969,101158.895587159,253.246102776148,34.1675596235534,303.439385840261,386.544342073384,4.09924343260729,3.45172408010698,11.8734821924557,-47.0034742391635,25.4546115919329,-21.5488626472306,345.8,344.78
1985-03-01,1985,3,286.196844969605,257.188297778215,0.00952480055947421,23.2320804276539,0.501707336363987,59.5558962020021,334.062530212019,390.856490014884,195.981667042566,27.5091515802361,101156.991319247,248.748990277664,34.6865222147403,307.743299792836,390.84039901834,4.02027769118014,3.3832894086625,12.3806781041833,-45.5899526005938,26.303139422639,-19.2868131779548,346.64,345.31
1985-04-01,1985,4,287.138087313675,257.632858003136,0.0096289114399949,23.6245697960819,0.501645124535124,59.3107847955655,337.779359292897,395.006832904353,193.674843888398,27.91271001373,101141.545213335,244.569034759908,35.2835205991922,311.401826223669,394.995291185503,3.91725278966798,3.31073011503337,11.6431592586421,-43.5233802860478,26.365991350378,-17.1573889356698,346.94,345.33
1985-05-01,1985,5,288.201228337108,258.161073302881,0.00979215346295617,24.0749709598756,0.516536628075006,59.1198810822369,342.072035679365,400.225842793323,191.738969720791,27.487155897815,101137.689297689,240.672853773934,34.903497594189,315.818045223538,400.226978040852,3.83875545586142,3.25863153356282,10.3351438224766,-41.517542356769,26.255125703356,-15.262416653413,346.78,345.2
1985-06-01,1985,6,288.94838646865,258.818007178184,0.00988503098567219,24.3815743660444,0.516361941477622,58.33424867051,345.002990557576,403.665696389009,187.813611367365,24.5045424032629,101110.199360223,237.851973388329,31.7211631875469,319.030982054106,403.668156288619,3.79286274856184,3.19164450440967,8.91544180826277,-42.82174123668,25.97446840308,-16.8472728335999,346.26,345.47
1985-07-01,1985,7,289.130035022568,259.189343053083,0.0100751579855315,25.1791957407964,0.526655666197125,59.3338314380022,348.421872018422,404.918867937895,184.830844669784,22.1887577627851,101114.163827398,236.214619714142,29.1067944009826,321.621489012832,404.921079491626,3.78648697970003,3.16644781632291,8.60933582710425,-44.4657384061605,26.802594559321,-17.6631438468395,344.92,345.75
1985-08-01,1985,8,289.157760065311,259.364317085068,0.0101785449257574,25.3419482301915,0.536328975926618,59.1234351299508,348.549663888744,404.658726253606,184.506886061081,21.1878537379729,101113.860015344,237.871816450255,27.698036880162,321.98058535894,404.65957057999,3.81614538517108,3.17099465399889,9.23180661099047,-46.8547472469849,26.569922856188,-20.2848243907969,343.41,345.74
1985-09-01,1985,9,288.40293320998,258.535460321716,0.00984391651681257,24.1482939558796,0.518660011987288,58.5391064256393,343.655341009239,400.98025585739,188.787159972498,22.1074550076287,101124.876758496,242.688373762736,28.7092546102325,316.710908332138,400.987177187837,3.87717206248898,3.23354777290101,10.2551939966728,-47.2994141876342,26.951354007548,-20.3480601800862,343.37,345.82
1985-10-01,1985,10,287.260934500115,257.52735925265,0.00948346747867821,23.0118904913014,0.506801369228529,58.632923737068,337.285291720396,395.402530052631,194.271297205876,25.8935884106673,101128.636341556,248.729584696469,32.7405080718241,310.445804308053,395.410720840456,3.98618348208469,3.33365740996638,11.1257003273035,-47.6113678294362,26.847678200168,-20.7636896292682,344.64,346.03
1985-11-01,1985,11,286.182230118816,257.052983912312,0.00923350666486997,22.3341029525694,0.509786938209404,59.0139903414757,332.101817898349,390.243341106701,199.990053207825,30.2227688505008,101132.661066901,254.161063087076,37.109657079802,305.644087140219,390.245251183584,4.10220781557218,3.44445231920177,11.4043488452603,-47.2841216499498,26.459640835013,-20.8244808149368,345.79,346.11
1985-12-01,1985,12,285.574111986847,256.983793949426,0.0091386298792056,22.1399029110293,0.503636167462193,59.0463431251913,328.559829878831,387.295378194303,202.158698390022,30.7654405930751,101130.660391819,256.809551773998,37.3014829460547,303.312111033399,387.293825549713,4.16423622517283,3.49101974523596,10.9055327476592,-48.1148110309964,25.246166200842,-22.8686448301544,346.55,346.25
1986-01-01,1986,1,285.492770211622,257.179786947643,0.00923672381922098,22.3863374996592,0.511808481457056,57.9340824118603,328.521562731059,386.995506304087,201.526068671291,28.6037120176246,101124.479018356,255.796067584399,34.6935939988597,303.653428858722,386.987269322105,4.16027617303657,3.49053968697513,10.7058361234669,-48.1801169318729,24.8598968903551,-23.3202200415178,347.11,346.42
1986-02-01,1986,2,285.806237315782,257.105261955448,0.00929477404442201,22.4075677944833,0.497703838936414,57.5615043081173,329.727689956095,388.854963191729,200.85864714307,27.0825629360873,101134.63170629,252.973739844859,33.3285187486574,305.047643526042,388.840752462239,4.09440290072753,3.4593934582836,11.4824003153383,-45.8691368892189,24.665835700563,-21.203301188656,347.34,346.34
1986-03-01,1986,3,286.370518760598,257.31121377715,0.00950124242935131,22.9815699174032,0.514355378818125,58.3749306158708,333.83273110239,391.666185429997,197.686519528158,26.8028648942379,101148.458285581,248.682615382359,33.7025652494626,307.964455397323,391.654939061403,4.00583651873055,3.39452794279718,12.004482906747,-44.0963954989763,25.8570293364731,-18.2393661625032,347.71,346.38
1986-04-01,1986,4,287.424823908243,257.713063154102,0.00969090539245255,23.6161299018135,0.505123042949488,58.7003510522389,338.27622262074,396.460427376798,194.698563692288,26.82497801263,101142.940811217,244.360801849612,34.0412181101759,312.423594772307,396.458892219192,3.90445302653459,3.31483167777442,11.2983589171621,-42.4459980597781,25.851092690827,-16.5949053689511,348.22,346.61
1986-05-01,1986,5,288.385476918683,258.332088431604,0.00979277634962298,23.9448961738101,0.511346296116816,58.357826191238,341.984052605084,401.073987276338,192.558527247019,27.1402062909718,101127.880066651,240.593110739398,34.2821273397497,316.302399383672,401.083856157845,3.83592686584994,3.26566605647791,10.1179074744392,-40.8926624436011,25.691522102919,-15.2011403406822,348.32,346.75
1986-06-01,1986,6,289.042585080534,259.148199817099,0.00997545380668696,24.8981285014577,0.535015180259247,59.2447623392447,346.751533017994,404.542145791425,186.757401094924,24.7573212631922,101123.61313229,237.505250657922,31.9503684890518,320.468227195393,404.548276860965,3.79697231955638,3.18430381002935,8.94285448450473,-43.5548023371384,26.289436892141,-17.2653654449974,347.76,346.99
1986-07-01,1986,7,289.32357933197,259.380205108183,0.0101152640514235,25.354176336535,0.527762840962234,58.5879583283526,348.742200762905,405.855617231975,184.131142623843,22.4571407847595,101118.749733203,236.103478364249,29.3381096033094,322.579414221161,405.855846690699,3.79029704496922,3.15824268813144,8.6794956808401,-45.0913669218561,26.163016000468,-18.9283509213881,346.29,347.15
1986-08-01,1986,8,289.194193881939,259.111504804833,0.0101377471385744,25.1725313924385,0.52734017041842,58.6639862066573,347.737892356867,405.092067005693,185.775470844433,21.2412999664568,101120.58231217,237.860271169744,27.7116560258827,321.704972710628,405.096174559573,3.81958369730957,3.19128223864479,9.23191569259551,-45.6144442658851,26.037027200119,-19.5774170657662,344.92,347.22
1986-09-01,1986,9,288.470693254094,258.393869172888,0.00986622923484254,24.1825261730613,0.517652541625896,57.5430070516475,343.018845294403,401.495556779054,190.3848396648,22.0903955429659,101126.691985383,242.42032318166,28.5466290589519,317.140352204225,401.508812223643,3.87068237042228,3.25025492253356,10.2779444658113,-45.579250000874,25.891748534767,-19.687501466107,344.86,347.26
1986-10-01,1986,10,287.437714414231,257.647996703602,0.00952092302867727,22.9358367302778,0.508463719244316,57.3264033143046,337.298259145348,396.33999628187,195.652260374197,25.5985544437168,101128.246909575,248.448579166199,32.229167706464,311.13521000229,396.352840232483,3.96699952356395,3.33744654156802,11.0245280966915,-46.1657055292548,26.175893093671,-19.9898124355838,346.03,347.4
1986-11-01,1986,11,286.312018026253,257.211668036048,0.00930066701390334,22.5791046299419,0.51362889365567,59.4897575969019,333.301861789341,390.82694622281,197.981102529693,29.1493672317144,101147.337030379,253.561060814998,35.9857459396963,306.534714356722,390.834820417331,4.07602866334669,3.40482610833725,11.004189016888,-48.7435795773231,26.7750216271399,-21.9685579501831,347.3,347.62
1986-12-01,1986,12,285.616467488656,257.194914888586,0.00923794923651577,22.5480043031609,0.517905530249166,59.5199708879338,329.906262842145,387.601362787888,200.571140115014,30.062735667364,101139.330864927,256.280478728332,36.5621081177831,304.188380979626,387.599365597814,4.14497236682499,3.46121250924327,10.6207893201376,-49.2099661628989,25.715884672445,-23.4940814904539,347.76,347.46
1987-01-01,1987,1,285.468943869641,257.567823513117,0.00930961199643955,22.6327968099124,0.521908427645378,57.9714766856168,329.58068628615,387.329894569438,201.004172975587,28.7231791105614,101142.051100569,255.760027395325,34.9034506489225,304.360721768461,387.310427378638,4.16316629031637,3.48690362014792,10.9167888091882,-48.5755828813769,25.200497326889,-23.3750855544879,348.01,347.24
1987-02-01,1987,2,285.792551448636,257.531994993011,0.00948074671553864,23.1197647976837,0.507071116117645,57.5477136964118,331.429764959857,389.098321168824,199.492383690792,26.8309741579246,101151.990056495,252.937298789307,33.2171238767404,306.54694313862,389.08011973161,4.11758356953238,3.46239442843437,11.5647048501471,-47.0587653796992,24.864620384023,-22.1941449956762,348.57,347.47
1987-03-01,1987,3,286.283504332426,257.294102133192,0.00956642573901035,23.3165078875187,0.487220131280802,57.8831013836637,333.743506586733,391.683463308975,198.416751571391,26.9793621583074,101152.762074391,248.809335023444,33.7582922950362,308.396458973553,391.664598201953,4.01838966102617,3.41466120795327,12.1457680851676,-43.6136533153242,25.328182506158,-18.2854708091662,349.29,347.88
1987-04-01,1987,4,287.350972167195,258.004830833606,0.00970336059265708,23.7470160128387,0.496562333441217,58.0692649419769,338.073120907844,396.401522243799,195.151677265318,27.297914037977,101143.991174055,244.64837363052,34.314547439022,312.494086392002,396.391474939728,3.90752598851715,3.31940358286066,11.462076664139,-42.480062964157,25.5689872117711,-16.911075752386,349.98,348.29
1987-05-01,1987,5,288.385230426834,258.397519946602,0.00994698477019014,24.772147026302,0.50667625785668,58.1301308035337,343.42758688186,401.321134541656,192.031876175043,27.0033872376748,101139.480146696,240.361420769234,34.0816714373108,317.78053404628,401.32403561403,3.83020904389074,3.25774079970913,10.1449817960903,-41.251260394555,25.6499539079539,-15.6013064866011,350.26,348.69
1987-06-01,1987,6,289.206058617215,259.398221853109,0.0101441051069465,25.3999526312322,0.528426141525952,58.0839281417395,347.438220993716,405.105795120906,187.180519502449,24.5349122769538,101120.421752056,237.33746461345,31.7381317488561,321.765999388892,405.108908707557,3.78723015504141,3.18414505378916,8.93544627334781,-42.9537256390987,25.675335191475,-17.2783904476237,349.46,348.8
1987-07-01,1987,7,289.548924463628,259.644753078331,0.010321055377487,26.0296904171519,0.532618440245584,58.5654237689502,350.912704896335,407.337432614976,183.931836291017,22.2902916501047,101130.065690422,235.7701433127,29.234213006235,324.839101362845,407.349743885589,3.78271095246521,3.15379303302762,8.69481080828238,-44.8943856655527,26.085914804103,-18.8084708614497,347.84,348.83
1987-08-01,1987,8,289.23697564051,259.387348953333,0.0103146196831375,25.8187582033624,0.526130395053722,58.5197316414278,350.014015789169,406.021098735203,184.669424409714,20.9581184883139,101130.784775444,237.507336817136,27.628228210722,323.334249148269,406.025962736012,3.80852819419342,3.17371934962003,9.22316415526322,-46.1678026850139,26.684630641709,-19.483172043305,346.61,349
1987-09-01,1987,9,288.704905924795,258.662470403483,0.0100560912009429,24.9303244940438,0.50609963674157,57.6247705683262,345.113842195999,403.01939229809,189.912903859531,22.1189948531945,101134.023936243,242.181429564234,28.6239657229191,319.216923040773,403.035543700324,3.87212807230025,3.24967544396821,10.3304712065348,-45.7635548349784,25.91307055746,-19.8504842775184,346.7,349.15
1987-10-01,1987,10,287.537845473805,258.073428730605,0.0096676887285336,23.8197531945959,0.501331758895783,58.3236340750078,339.532081244713,397.103103983103,194.202766777319,25.7271106582323,101137.587809695,248.234114172066,32.4772537222597,312.977133486874,397.109797706234,3.98180816263604,3.33597305806686,11.0503235506868,-47.2812043307196,26.5616414809701,-20.7195628497495,347.97,349.35
1987-11-01,1987,11,286.359920959094,257.576876543722,0.00948552610994643,23.3765324121687,0.497494897422749,58.8142486050237,334.48177748337,391.545283050927,197.542069033402,29.2330393429349,101152.998462979,253.424163698315,36.2017308703943,308.282953174932,391.550229709901,4.09896998865735,3.41945761665976,11.0412118134482,-48.9134031374536,26.203770967412,-22.7096321700417,349.25,349.57
1987-12-01,1987,12,285.90840994568,257.703735758808,0.00942342423147125,23.0527478194054,0.510157489960523,59.361163560967,332.485123925925,389.169286828256,199.445535650865,29.7455217378112,101150.801830044,256.270483957266,36.5493174527047,306.473600189365,389.167757462809,4.16046772571281,3.45941516555083,10.5888394952305,-50.0211525915075,26.009994371113,-24.0111582203945,350.21,349.88
1988-01-01,1988,1,285.762083577485,257.650631254937,0.00953259859713292,23.6091211106165,0.501826492207933,59.5037812077417,332.685557531016,388.727443691537,199.114886843947,28.192826521277,101150.876357291,255.365345699779,34.6567661897787,306.926112306984,388.713953355095,4.15684239013318,3.46526190115351,10.6893675183418,-49.7865191873303,25.74595488759,-24.0405642997403,350.92,350.14
1988-02-01,1988,2,285.792930502397,257.663196438355,0.00957658311538981,23.4968017728458,0.489654601747235,58.2733363682988,332.592862745023,389.474370730042,198.521350113319,26.8877398586493,101168.332857806,252.852977567152,33.3970294182666,307.217886832286,389.455991315616,4.10352813254093,3.43896580543605,11.5774965377104,-47.8223378942157,25.356596498311,-22.4657413959047,351.47,350.37
1988-03-01,1988,3,286.574482056053,257.875384471984,0.00972968284892877,23.863629594463,0.502115601612879,58.2760316210179,335.924262109081,392.827780553744,196.852395816726,26.7614603772448,101165.764503772,248.660326158169,33.8642811495494,310.22603940498,392.81585819268,4.0238043736856,3.39795803216739,12.1551094888625,-44.7051095691384,25.686300343037,-19.0188092261014,351.85,350.39
1988-04-01,1988,4,287.567812930177,258.056790333268,0.00984319281262663,24.3760951575736,0.504701291118253,58.346575954671,340.012020778414,397.530521345164,194.781467911616,27.0747072817174,101154.705308544,244.41744641074,34.3243946411383,314.214619291907,397.519717277175,3.91933641057619,3.32843253860906,11.4051226503617,-42.3862911397031,25.786597418518,-16.5996937211851,352.3,350.52
1988-05-01,1988,5,288.562910487101,258.632132081917,0.00999756744248219,24.787282727711,0.519577927456086,58.6797825006027,344.363306058673,401.915844296045,190.978000489473,26.9737504143629,101140.969710713,240.520308592669,34.3594664533433,318.265177438388,401.917757297073,3.84219928166014,3.2535044444292,10.1494713965213,-42.1565920642156,26.100041621313,-16.0565504429026,352.46,350.83
1988-06-01,1988,6,289.265421138395,259.400404503115,0.010133473708618,25.4312421069579,0.533633688311491,58.6067752807361,348.22627404412,405.592483668373,186.041633872931,24.292887982454,101134.46439241,237.371636063997,31.8364085879966,322.310613560825,405.596044420947,3.79785908852072,3.17860023524242,8.97893248632563,-43.7864815855234,25.919221235869,-17.8672603496544,351.76,351.07
1988-07-01,1988,7,289.456555778234,259.975543941939,0.0103916736072968,26.2763422260933,0.551789518062238,58.9883448822271,351.204691789149,406.723650639749,183.230720843991,22.0178060235385,101134.067901531,235.853616483524,29.0802069452216,325.031155782009,406.72567136548,3.79390496473308,3.14966058751941,8.68314739661916,-45.5604947178499,26.175556732871,-19.3849379849789,350.27,351.26
1988-08-01,1988,8,289.339750299227,259.755958041989,0.0103694845501102,26.0602280159844,0.539598166191232,59.0889940293574,350.579875771225,406.058355776411,183.266963258524,20.7181183412484,101136.925873577,237.684096765517,27.5867877567607,323.965012210136,406.058879815392,3.82685978220543,3.16385681046688,9.25577515435003,-47.5484640914808,26.6153876000699,-20.9330764914108,349.09,351.55
1988-09-01,1988,9,288.729260318051,259.109905032588,0.0100517736850518,24.8519462568494,0.527311314995544,58.3233173446702,346.011511151997,402.696163260587,188.553341821162,21.9595908805382,101139.293509531,242.466708790245,28.5196083893725,319.417037054409,402.707783190306,3.87978113013515,3.23410962326901,10.2462186690308,-47.3533494602487,26.606094027307,-20.7472554329417,349.27,351.79
1988-10-01,1988,10,287.616247127916,258.073857593705,0.00962657214920816,23.4767281466817,0.505708215030396,57.441833152586,338.625639927973,397.019569152053,195.562771646562,26.0111587874417,101142.871357272,248.660466176285,32.5379455346898,312.621128810587,397.032942412503,3.97577687467304,3.34023260263672,11.0674736913392,-46.5709077824749,26.017884377836,-20.5530234046389,350.44,351.86
1988-11-01,1988,11,286.252689515104,257.655945704935,0.00923244717638667,22.6268770225736,0.515149621180021,58.7660065513092,332.670529118357,390.477455644664,198.100931178271,29.8178637961791,101131.750567357,254.02033043645,36.6521312975345,306.298956086546,390.483355772974,4.0792304051617,3.39715922055708,11.1784427971185,-49.0851317568236,26.377473160121,-22.7076585967026,351.62,351.98
1988-12-01,1988,12,285.714498135098,257.402741797113,0.00917946310524873,22.5488766749645,0.511437274371107,59.6465811521864,330.693788262036,387.847614047065,198.87143958679,29.7853369782402,101130.374089145,256.542036297394,36.7213816382783,304.373182074199,387.844077729574,4.14192189570596,3.43156644237375,10.6762879261131,-50.7345520505659,26.317069870346,-24.41748218022,352.47,352.17
1989-01-01,1989,1,285.283742910274,257.30299199783,0.00923466736386557,22.424062535926,0.50633380712743,58.2859663955958,328.458088150487,386.347176635815,201.128489670285,28.4350370184553,101148.066186097,256.129323229865,34.673945417282,303.070738680876,386.329816649787,4.14098017819312,3.46573408974868,10.7683675785124,-48.7619251607533,25.369989483583,-23.3919356771703,353.01,352.19
1989-02-01,1989,2,285.756068561563,257.361189782538,0.00930005937826371,22.64653422488,0.510298862181234,59.139302486423,330.733519985043,388.511930604756,198.657275364882,26.6630407845832,101155.0862828,253.37683106933,33.1161711682629,304.911629028811,388.494398036359,4.09438367400022,3.42552367259571,11.4630786849456,-48.2664253207683,25.804358387835,-22.4620669329333,353.47,352.34
1989-03-01,1989,3,286.38408138872,257.248603908895,0.00947305462610052,22.9481884475235,0.494590575325008,57.7913022549984,333.325894020184,391.786796409871,197.810626300754,26.1621759187702,101153.960812867,249.160579612234,33.0732946581764,307.862179205871,391.767035827319,4.00564951933828,3.3878899023819,11.9425709629428,-44.4388345720738,25.443954231761,-18.9948803403128,354.01,352.58
1989-04-01,1989,4,287.415910675513,257.732450420952,0.00968390548416569,23.5597087245959,0.516960864997808,58.7076151877187,337.961899662161,396.399211576813,195.394633114553,27.1428851432536,101142.869316001,245.025480073174,34.3288199245904,312.156410471692,396.387945163607,3.90382507049724,3.3145977326832,11.381367624318,-42.4449121772842,25.794222777263,-16.6506894000213,354.38,352.6
1989-05-01,1989,5,288.263632267754,258.159702657617,0.00983123421570301,24.0996228207539,0.517937851620372,58.6735408044615,342.26822566493,400.614447337417,191.409209744409,27.1547596541861,101128.442456166,241.094588747955,34.7099839079516,316.100373314208,400.612411290094,3.83596535328576,3.24516734518122,10.2810491849314,-42.1301547497805,26.165816303399,-15.9643384463815,354.19,352.51
1989-06-01,1989,6,288.981995241114,258.881282409181,0.0100042082495692,24.7294475555573,0.530094169870112,59.1064557165195,346.510173135924,404.26842667318,187.219169250532,24.6684566020218,101131.645393866,237.934257051627,32.1579452133402,320.13234908048,404.274810538714,3.79437973787771,3.18461308250591,9.06560075961143,-43.2255991897766,26.384207920978,-16.8413912687986,353.27,352.58
1989-07-01,1989,7,289.407804446853,259.399476255124,0.0102138887735775,25.6211064233749,0.541181160749246,58.3612684789615,349.058803189402,406.406943413778,185.469838399629,22.4468897350908,101131.102132987,236.321779946132,29.3592002112747,323.428467930954,406.409803242688,3.78700342175586,3.16881852725743,8.75188962676627,-43.9396310703191,25.633195087358,-18.3064359829611,351.57,352.61
1989-08-01,1989,8,289.232733503147,259.303875026774,0.0102502589868168,25.4678307202009,0.53230509861762,58.7426752589415,348.554465162139,405.425378227652,185.420852195962,21.0477073697295,101131.783242262,238.058317978455,27.6232442632,322.707367401062,405.430677296691,3.81317627776708,3.17581656906052,9.25808203364496,-46.0619288890225,25.852396830116,-20.2095320589065,350.22,352.72
1989-09-01,1989,9,288.619409128393,258.796989382927,0.00988702803957852,24.3073136461352,0.518943954974862,57.6840306124158,343.822805175727,402.299494973997,190.812899573858,22.2345093439569,101126.561858878,242.904302629613,28.5536136360031,317.932729817465,402.315199041201,3.86833241080041,3.24895550136548,10.2261848217516,-45.7722987637088,25.9057794254661,-19.8665193382427,350.57,353.11
1989-10-01,1989,10,287.553948094254,258.002626632877,0.00956689192583737,23.3056008038116,0.514337663918817,58.0663264501546,338.337055842789,396.771755304322,195.069232199124,25.7629497879024,101125.842258327,248.90338019222,32.4553960685183,311.942189600911,396.781783526893,3.9757640465232,3.33234891961188,11.0258606977283,-47.1417017124801,26.404894464449,-20.7368072480311,351.86,353.29
1989-11-01,1989,11,286.324498076436,257.350797014734,0.00933938733633577,22.8354533830355,0.502139513841086,59.1080154656236,333.105600602812,391.058548153599,198.81859817032,29.4158969032731,101138.095140109,253.992747912644,36.3143240607122,306.948187081308,391.063109331752,4.08613815428605,3.41618658523875,11.0945235909992,-48.2757225848849,26.161974699657,-22.1137478852279,353.04,353.39
1989-12-01,1989,12,285.822422744233,257.433259941606,0.00920709122843993,22.4559627441989,0.502672549431435,59.2256758679529,330.925498286457,388.539279721525,199.879585536927,29.9014190829437,101132.653857654,256.723617478913,36.6164299582985,304.996529821873,388.530922024687,4.14952282394056,3.44971055582798,10.6520154721272,-50.1290210666312,25.920610767746,-24.2084102988852,353.91,353.59
1990-01-01,1990,1,285.57879289567,257.472712596334,0.00936772412043559,23.0538295876273,0.521491864819369,59.3376841343305,331.3532964191,387.732021599472,198.351124858471,27.9021041534334,101147.627524301,255.726108249357,34.5585666184039,305.41920430107,387.718672527107,4.15731002845774,3.45093154570872,10.7124560634549,-50.7185209259155,25.920743045665,-24.7977778802505,354.48,353.7
1990-02-01,1990,2,285.825238543521,257.374512882652,0.00951323140007062,23.2870866725349,0.493733787885077,58.3867700709477,332.343386756086,389.312990394784,198.522683447163,26.5738434014304,101154.616192375,253.027153999139,33.1363905943497,306.723880483007,389.294326170331,4.10406859221491,3.43865924744481,11.5076240352889,-47.9419233590567,25.600842048626,-22.3410813104307,354.88,353.82
1990-03-01,1990,3,286.835863004374,257.732587720496,0.0096706951341942,23.7249368071469,0.511895510621813,58.5124381220044,336.514268868414,393.761251080771,196.083484261133,25.7406658695271,101148.198180776,248.728340787809,32.7361362483911,310.431862832506,393.746195190379,4.00641753305983,3.37325806425988,11.7936076284737,-45.649386147812,26.067350145516,-19.582036002296,355.2,353.77
1990-04-01,1990,4,287.68797365211,257.974685414857,0.00981609197350801,24.1268584340858,0.507488341748864,58.5770278324259,340.00779013145,397.913663317668,194.286512933496,26.3725815197466,101147.336932478,244.766798117491,33.7585816862958,314.035188612208,397.908620308364,3.9164837871233,3.31533699498248,11.2384082796702,-43.0942850174458,25.967558509938,-17.1267265075078,355.51,353.74
1990-05-01,1990,5,288.630355521523,258.669058792105,0.0100067533235975,24.7126044154798,0.523546086747016,57.8262786219095,344.19589705001,402.305694592191,191.283649136914,26.2197360964042,101139.394246605,240.831897670556,33.7852558154807,318.33107415707,402.316472419792,3.84474760667101,3.25418192488138,10.0113035643131,-41.9827288145655,25.8756007205409,-16.1071280940246,355.41,353.75
1990-06-01,1990,6,289.205876224875,259.26514751187,0.010101620683146,25.1486445461573,0.533641514401918,57.9122972687971,347.56047461252,405.304193952164,186.334241614817,24.2602712913273,101140.787984812,237.703633269326,31.5226812805711,321.5974700204,405.30457393964,3.80043697938635,3.17939929558122,8.89805655262007,-44.1069816652652,25.963384579596,-18.1435970856692,354.33,353.67
1990-07-01,1990,7,289.526348633232,259.583123730065,0.0102876058260598,25.7923996995793,0.536078989064287,58.0575548025772,349.79839159954,406.884429008332,184.806032241551,22.0163770388114,101135.947295582,236.190819839366,28.9184225973185,324.291365284312,406.889623161624,3.79199802300694,3.16489180178868,8.61982329033343,-44.4827420393079,25.51222046852,-18.9705215707879,352.71,353.81
1990-08-01,1990,8,289.330103076517,259.402993690204,0.0102599175278429,25.509210216393,0.525231937218784,58.0903410210819,349.054319565376,406.181355487189,186.250890658039,21.0789958506216,101135.962832446,238.037801335158,27.5070464414131,322.898204993992,406.185084466307,3.81996151854117,3.19595558195658,9.18444449447068,-45.3588600863275,26.1598435505019,-19.1990165358256,351.58,354.1
1990-09-01,1990,9,288.64508433127,258.716009468942,0.00993434451762517,24.4767583094443,0.512424030328964,57.4685210010061,344.640218059952,402.571159640037,189.919119294994,22.0283121047433,101125.958918616,242.761768250988,28.4874620132358,318.292006085128,402.58141096088,3.88077038581065,3.24978273489807,10.1800381096967,-46.3834990475015,26.358463295667,-20.0250357518345,351.79,354.31
1990-10-01,1990,10,287.706239544869,258.137691763708,0.00964725271357725,23.5816932319979,0.510142907348199,57.5098610883161,339.22705369886,397.704546024851,194.858058485234,25.661961978848,101130.551559065,248.647309695629,32.2699327422519,313.162863010883,397.712226768421,3.98454859967205,3.33719242173005,10.9744881972369,-47.1812804469911,26.071871431547,-21.1094090154441,353.19,354.59
1990-11-01,1990,11,286.584577542611,257.856143718287,0.00939950643342146,22.8909300446352,0.510285663532303,58.7979541167422,334.636961914775,392.393592881495,197.843855827304,29.2187571509276,101132.177471613,253.926443455526,36.1028818476989,308.187730403504,392.402460999612,4.09875291674526,3.41592704692589,11.0315805389561,-49.1984629314507,26.458099629388,-22.7403633020627,354.45,354.7
1990-12-01,1990,12,285.828422607732,257.617687700603,0.009275510896765,22.7215420360944,0.499218527155607,59.0017334775405,331.772470746904,389.030488720742,200.133475726658,29.7291254328268,101139.475407273,256.65965908129,36.4268905064463,305.51386692373,389.029302708549,4.16481856119783,3.46974196616764,10.5799709929652,-49.8284182810125,26.2574178109809,-23.5710004700316,355.19,354.76
1991-01-01,1991,1,285.580480018206,257.433508903985,0.00938626098770371,22.9980880432216,0.507499657295147,59.0341116045113,330.908268396157,387.818507218824,199.204762138691,28.2539716183256,101149.154914595,255.869955316504,34.7917655004995,305.378238288117,387.799450948919,4.16994186199508,3.46588223804476,10.7947854335433,-50.1273992956391,25.510973838135,-24.6164254575041,355.76,354.96
1991-02-01,1991,2,285.968480091338,257.625088433921,0.00951443598698536,23.1934518743401,0.511827479355365,57.657555843648,331.887658306347,389.911153793639,200.436057466573,26.6082449306603,101147.360829299,253.249275530058,32.976447265138,306.97033258572,389.891444169289,4.11452857818771,3.46996793103605,11.4353907327296,-46.4450157290073,24.897616096277,-21.5473996327302,356.19,355.1
1991-03-01,1991,3,286.464838384655,258.002773439784,0.00960587441493023,23.3301924997054,0.497950190848346,58.1432241995579,335.139927851329,392.361625075074,195.615030423622,26.1680635384,101152.071946969,248.976512988508,33.1076203948002,309.332208113728,392.347760490913,4.01617702170948,3.36942404372853,11.96319541338,-46.4219257084858,25.79385515344,-20.6280705550458,356.69,355.25
1991-04-01,1991,4,287.600436614016,257.739662094473,0.00973866707485513,23.8457980496113,0.499376278508788,57.4103617907516,338.727168160357,397.658433688071,195.86463345163,26.8526028066043,101146.41347683,244.856007736581,34.0392834923164,313.474896866022,397.654725250112,3.91316414867452,3.331448196318,11.396539091374,-41.8046935992389,25.248562856376,-16.5561307428629,357.19,355.45
1991-05-01,1991,5,288.495933197602,258.521106119691,0.00992374475012809,24.4231256572954,0.513439043169429,58.0010318084616,343.313800068969,402.072428274122,191.522692497792,26.5237711639034,101137.862420426,240.860774455852,34.0516127643622,317.567872161136,402.08152917646,3.83134800261309,3.24384627329802,10.151436009694,-41.8102403576012,25.755028810171,-16.0552115474302,357.11,355.49
1991-06-01,1991,6,289.411492157141,259.444786814722,0.0101969054420411,25.3486643733821,0.527715631702214,58.6877907268067,348.925921458517,406.306062099298,185.764429507144,24.1625127673167,101123.341452514,236.766289579051,31.5698872724045,322.87720062166,406.314000148911,3.77094018150749,3.15819309906675,8.89254969270383,-43.5944855668192,26.05665888647,-17.5378266803492,356.18,355.56
1991-07-01,1991,7,289.601308602539,259.687779248426,0.0102778250911944,25.8819398462168,0.529690276843136,57.7125313997704,350.143528434111,407.608984033724,184.053562710738,22.1249839712414,101130.401223619,234.263910526792,28.7618022454886,324.607357098061,407.618490706359,3.73870808887558,3.13090371953545,8.53955939273188,-43.5735295418068,25.5456780086849,-18.0278515331218,354.53,355.66
1991-08-01,1991,8,289.420829743187,259.776750167555,0.0102803153340574,25.84069028754,0.524464852730168,58.1438636104559,349.621366130165,406.408882349757,182.687011398657,20.6596678013943,101130.635086462,234.169818124289,27.0348163683065,323.705305989348,406.418461477885,3.72872435446567,3.11005431903281,9.04715929925411,-45.1076581587198,25.925639268945,-19.1820188897748,353.06,355.56
1991-09-01,1991,9,288.716846885349,258.722181395725,0.00989851567417544,24.1955415667762,0.504485585012949,56.6354294249062,343.808311940862,403.013574690246,188.443337960204,21.8504703401891,101145.061218124,237.861629515076,27.7882427418218,318.135644650006,403.032347589589,3.75923044457468,3.18001414404676,9.96752151234389,-43.4805191532393,25.691440190199,-17.7890789630403,352.93,355.45
1991-10-01,1991,10,287.608370370917,257.889329572819,0.00949784985430289,23.1222241448679,0.506986349948016,57.5573069252389,338.298480381274,397.277822446168,191.626853891923,25.0838250665959,101136.284440382,242.744059038088,31.3035775112479,312.104327545811,397.294641009091,3.83611075582904,3.2340820345398,10.7411579762081,-44.897452701513,26.210971398386,-18.686481303127,354.01,355.4
1991-11-01,1991,11,286.458777596586,257.321709261905,0.00927734117396255,22.5723298140948,0.503256212985321,58.6315619278387,332.877791414126,391.556460013988,195.164314204326,28.589485272325,101138.966777498,247.203959500261,34.978242804783,307.011117049681,391.566965879223,3.9256184319512,3.3034288294518,10.7922690184443,-45.650887763477,25.8771802296801,-19.7737075337969,355.16,355.37
1991-12-01,1991,12,285.766206388857,257.211464348975,0.00921641856966441,22.4795959050408,0.492804920407923,59.577358039143,330.751532369344,388.718746776749,196.698245628148,29.0746907760445,101147.821542866,250.434864310938,35.3482451294981,304.81572455428,388.721216912867,4.01183310361006,3.36316979189393,10.4070788056383,-47.4630643293364,25.938277951182,-21.5247863781544,355.95,355.49
1992-01-01,1992,1,285.639604836687,257.198304785644,0.00917880323861018,22.3040176978787,0.497852609019906,58.6776861920405,329.766118943751,388.089230377457,196.671199490484,27.4395972150321,101140.159912602,249.739321259085,33.395381967837,304.216544510058,388.074557591575,4.01659811895022,3.37093635932342,10.4623023251059,-47.1123370157961,25.534901647811,-21.5774353679851,356.54,355.72
1992-02-01,1992,2,285.832879818393,257.28652778218,0.00935507687221682,22.5802761392313,0.514801149392634,57.9125542835283,330.324540892408,389.247292911918,196.695636449088,25.9762990888172,101152.675321762,247.09508785949,31.8917805850377,305.60842677567,389.226431334277,3.96207062357065,3.35306700087963,11.2215808905069,-44.4839699141815,24.6952525390969,-19.7887173750846,356.89,355.79
1992-03-01,1992,3,286.530807269211,257.561424207818,0.00956920879311679,23.2916338357881,0.490271946719432,58.4041806156946,334.355645700018,392.528879179808,193.18422753374,25.6311639799039,101151.613325926,242.901441128397,32.0771222077234,309.131578156628,392.511717017734,3.88376214390421,3.28716441183164,11.7153794352368,-43.2712553668375,25.206905381316,-18.0643499855215,357.27,355.8
1992-04-01,1992,4,287.324698650667,257.582079942486,0.00967505475800529,23.6816065400603,0.505935513800638,58.9758582812696,337.841165467223,396.500730988893,191.701783282676,26.7901563551175,101145.376016319,239.103793089669,33.4910371225314,312.249677536499,396.496215095639,3.79756928274217,3.23885570320623,11.2567688387358,-40.7011290395791,25.58697203747,-15.1141570021091,357.76,355.97
1992-05-01,1992,5,288.317104011609,258.230544616936,0.00988142904690469,24.4459850807378,0.504831642849276,58.3789411598044,342.165799890479,401.055951877399,189.046164671544,26.7401243363434,101147.585067235,235.20184627364,33.7254015780504,316.974459454578,401.065645582067,3.72875149785343,3.18275723217868,10.0782002845133,-39.170404360389,25.201034140569,-13.96937021982,357.83,356.19
1992-06-01,1992,6,289.023938203145,258.920526702437,0.00998336742792582,24.6954686461527,0.529240298107129,58.8251645571113,346.077843794253,404.338039163117,184.195611254794,24.6277000713592,101133.773005359,233.168700966131,31.6325426645654,320.202249157173,404.349692778542,3.7079217562086,3.11974492229543,8.94191925506828,-41.9682471181308,25.887248252505,-16.0809988656258,356.87,356.28
1992-07-01,1992,7,289.14202717537,259.152476295604,0.0100377889305423,24.9698916091826,0.520488551133573,58.048787690208,347.222296965499,405.099399164024,182.264164984732,22.0080289804839,101132.210179109,231.955686708823,28.5188033320153,321.384523805083,405.110231327043,3.70193182353781,3.10007194574089,8.54274382853807,-43.1807473725596,25.848605323435,-17.3321420491246,355.19,356.34
1992-08-01,1992,8,288.983926417337,258.919321617867,0.0100908444138066,25.0754138788579,0.523981285038084,58.0736602543406,346.470915464391,404.37516654829,183.851014361954,20.768874821521,101137.202940457,233.961664165329,26.9434738837079,320.764401754908,404.379849811739,3.737827795227,3.13329713402879,9.1123183054357,-43.9360507411881,25.711196972932,-18.2248537682561,353.66,356.22
1992-09-01,1992,9,288.252804296142,258.251218277471,0.00980734627864705,23.9850347913056,0.514465346544843,58.1833935673728,342.390843256222,400.684014826725,187.113108364868,21.7473997127691,101143.667737371,238.907387704722,27.9572318830033,315.96176211893,400.690429044968,3.80668434509545,3.18966617570735,10.1252498623256,-45.5844471696198,26.4354953555351,-19.1489518140847,353.58,356.13
1992-10-01,1992,10,287.289660907308,257.661363360578,0.00940255126965337,22.6967385455638,0.500715831514503,57.8989714675162,336.159079493227,395.542730501316,193.204718619901,25.4536871308164,101139.804061685,245.320155109881,31.7643911301262,310.115684264707,395.556776940523,3.92165713203509,3.29666576534511,10.9634363054714,-45.8047324906702,26.057441667727,-19.7472908229432,354.81,356.21
1992-11-01,1992,11,286.153054559269,257.196427149912,0.00917706262391006,22.1545411733218,0.501784079595955,59.5365058558469,331.829804876844,390.146998665389,195.757276883745,28.7343783851523,101138.39587499,250.716196268758,35.4886262844014,305.12102423721,390.151155426883,4.03703085901978,3.37099370015622,10.9386949907808,-48.2046714857639,26.712937401128,-21.4917340846359,355.99,356.2
1992-12-01,1992,12,285.588576580447,257.031504544235,0.00915257184234768,22.0214211569752,0.501405338098143,59.891078561323,329.916203644037,387.597576274943,198.441965173634,29.2198533248467,101144.503479619,254.028155342069,35.7309095325946,303.497722594974,387.582472008983,4.10627634087517,3.4246220308016,10.4924538169498,-49.0751339606871,26.4033767831031,-22.671757177584,356.74,356.27
1993-01-01,1993,1,285.54143430532,257.11378922771,0.0092637044470462,22.1699975485435,0.501137370583518,58.2608666091985,328.589168933408,387.563849538607,200.782014280951,27.7378443966823,101147.995150654,253.503106665615,33.8831074299422,303.559857249556,387.545028315945,4.10892724231894,3.46085051606745,10.6647509197202,-46.5758293514041,25.01049046119,-21.5653388902141,357.2,356.36
1993-02-01,1993,2,285.822943245491,257.230111868907,0.00931795552504735,22.4918590039743,0.496756260718104,58.3912165877489,330.5976645868,388.956955439386,198.317745675408,26.196987747095,101146.92351821,250.986128872939,32.5213110629914,305.282207019119,388.932542863163,4.06532738453407,3.42067669049045,11.3694090727367,-46.3440598816346,25.291044991458,-21.0530148901766,357.54,356.39
1993-03-01,1993,3,286.403565318295,256.977294068899,0.00944484447452701,22.6956417398369,0.498216228228776,57.5444793819397,332.870496081809,392.104295992975,198.103602213724,26.2390610141477,101154.939344032,247.236996534828,32.8695002290024,307.507375158525,392.087719472617,3.99187762311736,3.40237987612433,11.8846369962037,-42.5029551062493,25.346544402926,-17.1564107033233,357.94,356.5
1993-04-01,1993,4,287.412564571823,257.432888263433,0.00966638600183017,23.5757170982785,0.505749029350619,58.7214989822603,337.64951392702,396.527109994782,194.433816258634,26.8873563111179,101146.280007305,243.143273073198,33.7760581730358,312.249451889953,396.517113794733,3.90291863940404,3.31948175992083,11.2821460132557,-41.8207549526461,25.390065837018,-16.4306891156281,358.41,356.64
1993-05-01,1993,5,288.362786212978,258.257400473506,0.00987855640175127,24.3999942988567,0.522069450998116,59.0125957482658,343.025055130624,401.149033157038,190.211177189639,26.3907423774112,101141.163464359,239.136503357545,33.8579407276502,317.034271488048,401.153711337815,3.83328093881699,3.24739154868747,10.0805297461692,-41.458127817667,25.9954618233531,-15.4626659943139,358.38,356.73
1993-06-01,1993,6,289.017990892471,259.057300909103,0.0100152061542297,24.6491211774321,0.529675470383621,59.1884082584949,346.56097877793,404.335779207507,185.520877780537,24.0155009127511,101125.977145232,236.502107162272,31.3789847698175,320.09786873207,404.3414161838,3.79397467938305,3.17612566394007,8.84200830039559,-43.6177455246686,26.468747022153,-17.1489985025156,357.34,356.68
1993-07-01,1993,7,289.268931545105,259.509948478975,0.0102115000290063,25.5561856863395,0.540747299604264,59.9362271299596,349.583723708558,405.683347354839,181.713542560112,21.6660488318381,101137.173326627,234.92084304913,28.545433942891,322.971871944504,405.687881676552,3.78875316030995,3.13590160113471,8.48431554799087,-46.3279153779651,26.616386085767,-19.7115292921981,355.7,356.72
1993-08-01,1993,8,289.145159980861,259.190524916948,0.0101388755376478,25.0736905424801,0.521061121955219,58.9813872854144,347.648832492189,405.061300944784,184.720935798405,20.8389898614145,101134.132179662,236.901035419508,27.2655794903744,321.579776885671,405.070893878553,3.81234685254134,3.1780074351367,9.10009067574092,-45.7535099921431,26.078648540287,-19.6748614518561,354.41,356.88
1993-09-01,1993,9,288.435568471283,258.322604517236,0.009795324417284,23.8957229286632,0.513724734950024,57.723629388714,342.649725859633,401.485276477002,190.729143608167,22.1036831550045,101136.176593822,241.766704317455,28.3972777868746,316.441859843762,401.498811473474,3.87378793736326,3.26743736780813,10.1750500198232,-44.7439660774179,26.221401012343,-18.5225650650749,354.47,357.05
1993-10-01,1993,10,287.520067518469,257.819140333455,0.00951604183585617,23.2323734124628,0.513794324811859,58.1692924490026,337.817751755869,396.759924969772,194.799925648698,25.6715648009394,101142.995823738,247.580933689047,32.2731567664003,311.648808924777,396.771845000375,3.98410942114241,3.35024191029333,11.0169694487899,-46.1794160748881,26.180862861695,-19.9985532131931,355.72,357.2
1993-11-01,1993,11,286.246269954445,257.355939616227,0.00934503681953895,22.7210394774457,0.510396052870373,59.7292990335399,332.990714341849,390.784922204215,198.011599590724,29.3667972294024,101154.834488306,252.815503104803,36.2457171833275,306.634304614768,390.792367817793,4.09717505430686,3.42964120353069,11.1347776615023,-47.9249835601539,26.363855340659,-21.5611282194949,356.96,357.3
1993-12-01,1993,12,285.709959216192,257.445874302514,0.00932243547177003,22.650612411761,0.508245723662598,59.8188841791077,330.906030096053,388.115506814511,199.364221105287,29.7666572635808,101152.34393837,255.731284645162,36.3641040721791,304.864875693498,388.113778121157,4.16414964083577,3.46690949605616,10.6173678207618,-49.7696167312767,26.039425709201,-23.7301910220757,357.87,357.5
1994-01-01,1994,1,285.494037451465,257.326441327962,0.00931892989671986,22.4799232088002,0.50233068385066,59.0252420458623,329.555315545567,387.553741638954,200.117528092241,28.383686332634,101155.084863656,255.255008473862,34.6304489961221,304.281665682678,387.546016808428,4.16882464458596,3.48435152681606,10.782319903993,-48.8907177181329,25.265925032363,-23.6247926857699,358.48,357.62
1994-02-01,1994,2,285.469983742837,257.429528386642,0.00938337470494726,22.7653521219101,0.497255693361457,58.4197625348899,329.76983615653,387.47132181663,198.666771478137,27.0472104897148,101164.31301401,252.533866230925,33.3448448005868,304.693504582778,387.454630874733,4.10394850444858,3.44254298723258,11.6000179061803,-47.569460441916,25.059640631855,-22.509819810061,359,357.85
1994-03-01,1994,3,286.396889911651,257.352217222682,0.009509969275316,22.9372977663694,0.500323642708562,57.972461636938,333.330307658672,392.10642858825,198.364329398521,26.652475333429,101160.074151819,248.566365523167,33.3516003015684,308.052927042799,392.090001148579,4.01392937088371,3.40895977173825,12.0413688091912,-43.5029111565066,25.260953176202,-18.2419579803047,359.36,357.91
1994-04-01,1994,4,287.522273956099,257.703855682847,0.00967782016669244,23.5089572762842,0.506388928437358,57.2836092263037,337.574839460367,396.997423288972,197.134810534415,27.3568836490542,101144.314486808,244.411869510221,34.239307001038,312.636214576602,396.99665606315,3.91951466334741,3.35780474383844,11.4530704005204,-40.3946356238222,24.937857657943,-15.4567779658792,359.71,357.93
1994-05-01,1994,5,288.419618926737,258.365842847196,0.00985934126919311,24.2335177348561,0.516379065838654,57.8664118731737,342.415583210913,401.519207150862,192.316828034808,27.1099473996937,101138.848348553,240.448527410401,34.3286084957642,316.922002490922,401.529346058124,3.8445080207849,3.27038683787771,10.194843044785,-40.9130382795225,25.503719627253,-15.4093186522695,359.74,358.06
1994-06-01,1994,6,289.168410964917,259.226008436336,0.0100304093396592,24.8210264917138,0.52840498272858,58.3176914727984,346.722874428934,404.940814407942,187.008703653888,24.6331844143985,101130.214467607,237.494248479379,31.9772538663984,320.872023508956,404.953581891448,3.80497884190835,3.19446673482828,8.9916389579089,-43.1414753734911,25.863618403484,-17.2778569700071,358.8,358.1
1994-07-01,1994,7,289.405396500972,259.69034356515,0.010206667620548,25.6197175800537,0.533226549985441,58.0206739044883,348.677443334532,406.294822519696,185.1647301959,22.2739158739438,101133.821243983,235.89126165356,29.0381766618754,323.369206225925,406.306529234392,3.79607941171567,3.17534123002708,8.67887755081628,-43.9622706697284,25.3199438233029,-18.6423268464254,357.27,358.26
1994-08-01,1994,8,289.206869475291,259.357291116545,0.0101946014149806,25.4653386414674,0.516485864107833,58.5200830262449,348.351990914288,405.576959379257,185.843260642397,21.1449462762582,101132.113216565,237.630168943412,27.5701965390825,322.370741357024,405.590917512975,3.8233777895148,3.19637545197446,9.2140851537981,-45.3616580381907,25.9952076909821,-19.3664503472086,356.06,358.56
1994-09-01,1994,9,288.707249852501,258.76311835036,0.00989690851878897,24.181661158076,0.511423061949625,57.7073611744692,343.803058094595,402.732058743177,190.793523721818,22.1391948295158,101130.496185957,242.482906110068,28.5588890434715,317.957240397171,402.751326778235,3.88635495540759,3.26846114166465,10.2520465775007,-45.2696881742943,25.865085732482,-19.4046024418123,356.02,358.67
1994-10-01,1994,10,287.666311281021,257.62618578163,0.00962219861244385,23.3682121767996,0.496853918263377,58.0066399549308,338.810728492537,397.552428021653,196.066573079042,25.704596647418,101142.117553441,248.270950610086,32.3015694905386,312.739843511177,397.567766322997,3.98887659308912,3.36553412866718,11.0076895185217,-45.6074046879234,26.086223282704,-19.5211814052194,357.27,358.8
1994-11-01,1994,11,286.545660651326,257.468712694356,0.00939010768545774,22.6795914321748,0.506463444079899,58.2530102217781,333.392429319645,392.122481621768,201.28143587513,29.4994790241526,101149.470768598,253.569113473577,36.1408890381354,307.693159002315,392.128171158192,4.09613991742733,3.46333553272365,11.0625499217899,-45.6462675844642,25.704959853754,-19.9413077307102,358.69,359.03
1994-12-01,1994,12,285.815659683646,257.450252150543,0.00930836799818624,22.5062383465659,0.50999667498207,58.6335089802869,330.323760878345,388.673189752137,201.904523170605,30.1450070634316,101149.326752165,256.401701432836,36.6552625496103,304.919913869946,388.663753618302,4.15761198712255,3.48908288216094,10.6147088927239,-47.9869227760523,25.394410874564,-22.5925119014883,359.54,359.14
1995-01-01,1995,1,285.679327184574,257.458337909073,0.0093850191417286,22.8787597774986,0.50517825023965,58.0650165331696,330.934647490256,388.117831102652,199.596339053198,28.4735391355974,101152.020537321,255.647185292296,34.8453192597245,305.263125829161,388.100508519847,4.17052159931169,3.47763061904914,10.7644594302128,-49.6790661149709,25.6541990782899,-24.024867036681,360.12,359.27
1995-02-01,1995,2,286.144387638866,257.358568702081,0.00953230668114929,23.146934649751,0.488999108972679,57.5360969421598,332.821358693528,390.540089031087,200.282819623824,26.5623959949042,101162.106802561,252.800521854261,32.9410343237287,307.489603854577,390.518066790311,4.11611037712212,3.47685530779531,11.4260821946335,-46.1390639016125,25.309732598175,-20.8293313034375,360.61,359.52
1995-03-01,1995,3,286.515328358689,257.500508031097,0.00964378309445521,23.5002821890028,0.501239849302872,57.725976227445,335.222034947563,392.749146401576,197.52156575468,26.3129063142541,101169.029114778,248.723222809135,33.2844076971092,309.427249607383,392.725642600747,4.03524711495758,3.41871340211117,11.9847095370088,-44.2301556715999,25.771281539351,-18.4588741322489,361.08,359.71
1995-04-01,1995,4,287.641327041774,258.053419080305,0.00978622315719865,23.9425364353948,0.50684021506038,58.3638810113893,340.23826576413,397.738829141904,193.749707497733,26.6326103804156,101158.863967436,244.576141940551,33.990214908244,313.830642096153,397.731146011833,3.94489417385745,3.33595374940045,11.3132494246617,-43.4688299149896,26.399940537906,-17.0688893770835,361.55,359.85
1995-05-01,1995,5,288.426698903773,258.506975174487,0.00993568073330372,24.3327034307758,0.513208116807816,58.3027196405195,343.384352122681,401.504790817067,190.680621004236,26.183798188956,101144.224665734,240.760565284292,33.6362486825671,317.126936295779,401.506491142179,3.86679153753038,3.26491559610651,9.98214109168467,-42.6274937864449,26.259116152014,-16.3683776344309,361.46,359.84
1995-06-01,1995,6,289.289045115862,259.258796019335,0.0101720754421859,25.1564980827478,0.532701578295903,58.4807003112417,347.988208914279,405.887135799045,186.376965230058,24.1234002645061,101132.908901333,237.576659135303,31.6654064849653,321.967582649495,405.893978932277,3.82620309250413,3.20379985366236,8.93447872121042,-43.6576876847858,26.027469398016,-17.6302182867698,360.61,359.92
1995-07-01,1995,7,289.565316519007,259.652884784814,0.0103729320276351,26.1029985562533,0.538760544480653,58.2556209867902,350.367293918072,407.191810890543,184.459133911284,21.9567403596612,101134.582824078,235.929705376209,29.0307081479758,324.847527103999,407.197241079566,3.81832157959319,3.1890513901729,8.65339079338803,-44.3966036766104,25.525197003096,-18.8714066735145,359.02,360.02
1995-08-01,1995,8,289.45974422503,259.890336354761,0.0103660863047218,25.9603569157288,0.541156820595378,58.7002945035741,350.542058238654,406.955484371519,184.480187784577,20.9739494613187,101139.06037892,237.643922523618,27.5189726951003,324.427520098806,406.964217535462,3.83902425847213,3.19044895892651,9.16503500472525,-46.6187115052594,26.1232713037911,-20.4954402014683,357.77,360.24
1995-09-01,1995,9,288.709630705376,259.210196890742,0.0100140849226798,24.7665936645998,0.520764694190086,59.0858945122869,346.497014291185,402.978853306533,187.162181968777,21.9368451696178,101148.999285,242.362268293442,28.7461810800833,319.294840254642,402.996291743664,3.89427952958527,3.23153007062525,10.2637348279674,-48.3907504141995,27.219612473674,-21.1711379405255,358.07,360.66
1995-10-01,1995,10,287.722801692333,258.271706187549,0.00965019111491107,23.3866350918241,0.512430887469758,58.0043617545109,339.806219665182,397.827302087146,194.474606449113,25.6572835586414,101153.891743297,248.668056882577,32.5340079153275,312.813628791171,397.840918528976,4.00615889508075,3.35597258568795,11.0262966187843,-47.3167260767779,27.006207315841,-20.3105187609369,359.42,360.89
1995-11-01,1995,11,286.55286176886,257.938255475903,0.00934055530020927,22.7393205348918,0.512323344052157,58.454521740519,333.949377391587,392.024769576233,198.508628976796,29.9076750248336,101150.908444289,254.074808328999,36.8161161374994,307.445544696586,392.028688312066,4.12190809238362,3.44289262905464,11.3194283540287,-48.6577382395372,26.507751430834,-22.1499868087032,360.76,361.03
1995-12-01,1995,12,285.678585864117,257.426479073149,0.00925169232723475,22.6081995621194,0.501441349013739,59.3868620327357,331.279928970693,388.257094451262,199.089147992972,30.4080772693258,101154.685252779,256.676839359713,37.4646678081741,304.709152745032,388.246717209135,4.18390375215129,3.47416562353183,11.0437156610159,-50.5311008278927,26.560398983534,-23.9707018443586,361.65,361.2
1996-01-01,1996,1,285.431771080312,257.448865833177,0.00929850781891501,22.5714396468236,0.503758761842543,59.1324831595001,330.303673008015,387.268787242679,199.417540666509,28.7755354194857,101172.618110884,256.150672086871,35.3409071732582,304.224616518082,387.247653052655,4.18307668305598,3.481405884683,10.9792313283046,-50.1677596665895,26.057922299909,-24.1098373666805,362.14,361.23
1996-02-01,1996,2,285.874811402944,257.616591048815,0.00945538477115647,22.9390558363418,0.506854646005119,58.0920290694855,331.811672293702,389.497290577609,199.816943419433,27.1349416976795,101174.312698532,253.269219938633,33.6410162501907,306.274951856802,389.476499602976,4.11894596400022,3.46696464427673,11.6740516438026,-46.9462019666888,25.515929462267,-21.4302725044218,362.5,361.33
1996-03-01,1996,3,286.497064090823,257.832036452664,0.00964475182972247,23.4954975968876,0.507269217813065,58.9667302712522,335.656982760932,392.285502787902,196.45955169374,26.8481797437805,101175.473095972,249.002404359856,34.0543101154072,309.310396360394,392.263644790244,4.0344488511649,3.39938227226119,12.1748086323381,-45.3367222944893,26.32472840288,-19.0119938916093,362.82,361.4
1996-04-01,1996,4,287.423611022741,257.907541782617,0.00973963814466386,23.767558992151,0.515109557110533,58.1978049646013,338.041591862651,396.3709922408,196.131966194933,27.925301699561,101159.663753763,245.094622383287,35.2974393519091,312.510108027208,396.357921037108,3.94178227820734,3.35559986330801,11.6667750464279,-41.5905185360059,25.518412631751,-16.0721059042549,363.14,361.42
1996-05-01,1996,5,288.290129931451,258.332073369314,0.0099392234498172,24.23922128247,0.514527075571304,59.1158756623083,343.095905270903,400.918931308427,190.544086583848,27.3009952943381,101154.992644782,241.032768102012,35.2670470458648,316.733179634016,400.919310265607,3.86746392095935,3.26159800588556,10.4199180752392,-42.5226297666373,26.3631045940671,-16.1595251725702,363.29,361.68
1996-06-01,1996,6,289.012818236416,259.089608728784,0.0101126496833751,25.1055254674916,0.533669093914536,58.8802471246782,347.325693807002,404.434909618178,185.684713973928,24.6935558043566,101144.682038685,237.766555073991,32.5791775133721,320.942405990406,404.437223689271,3.81618738564661,3.18507504723626,9.17898555701433,-44.1962193910475,26.385601887689,-17.8106175033585,362.88,362.23
1996-07-01,1996,7,289.387754043793,259.512232041189,0.010222680516749,25.4347066326101,0.537500723357887,59.1078788594365,349.277932114985,406.279062805713,184.572806544404,22.4700705712108,101147.385975475,236.528520649339,29.7477780667162,323.126863122963,406.281059371651,3.8193123030328,3.18405290721539,8.84713288541744,-44.6780066094296,26.15306555796,-18.5249410514697,361.57,362.6
1996-08-01,1996,8,289.385965699999,259.390467720159,0.0102219128390382,25.3402600204378,0.524564000231338,58.1771565257892,348.9313458503,406.000121361296,186.228363896919,21.2839992780294,101145.647611869,238.318882642366,27.9879223107694,322.807970988956,406.003195316403,3.84525779668284,3.2144502147238,9.39361330894058,-45.386595712707,26.1264488164509,-19.2601468962561,360.07,362.57
1996-09-01,1996,9,288.566039811311,258.910799327293,0.00990126759102466,24.1177992933231,0.523310820992485,58.2185160654267,344.027622368623,402.064512209748,190.421260616466,22.4315131204885,101145.013446421,243.151685451153,29.0565018751767,317.632374776522,402.077793175513,3.90275315488209,3.27279337426723,10.500470180954,-46.1054360799988,26.408528557866,-19.6969075221328,359.7,362.31
1996-10-01,1996,10,287.387359877052,258.171536633765,0.00957641079173682,23.2023707774601,0.512051065738096,58.4801267322574,338.476255411093,396.122164110356,194.135169011126,26.0560000981082,101157.399423878,249.080169897148,33.0247471697143,311.47307055557,396.131795853237,4.00423299249164,3.34512307502259,11.329773240014,-47.9762538144159,27.012816598404,-20.9634372160119,360.67,362.15
1996-11-01,1996,11,286.493883323946,257.683016980045,0.00929997104787692,22.4219807409491,0.507745581938556,58.57076968961,332.976400165538,391.5364362531,200.087582892329,29.7583203752458,101162.404728931,254.511076579727,36.7213103992974,306.670522489843,391.533226728022,4.11849799608407,3.4580825095961,11.2733947171753,-47.4605036633464,26.302668150617,-21.1578355127294,361.78,362.08
1996-12-01,1996,12,285.80160962531,257.424715052254,0.00923373847203858,22.3715496429025,0.513817223353253,58.8027553176143,330.425471373016,388.645288059143,201.988585105135,30.1875624483023,101160.209885013,257.10793503079,36.7221137240731,304.683397184123,388.637230458726,4.17778838139077,3.50196264153412,10.7360827993579,-48.5847986498842,25.734016588476,-22.8507820614082,362.63,362.19
1997-01-01,1997,1,285.482513155408,257.424047347988,0.00930136524349139,22.6327095877939,0.505987594457256,59.0412996499698,329.859972058918,387.45888385446,200.995246675803,28.7699260514416,101163.772154419,256.279119180604,35.3022771230903,304.430786931445,387.434041310566,4.17982162749086,3.49582645325696,11.0561138353943,-48.7515214331523,25.404342583579,-23.3471788495733,363.27,362.34
1997-02-01,1997,2,285.768077658219,257.61027073368,0.00946323867502807,23.0002103547388,0.517019357045178,57.8887910214065,330.52925120444,388.693119630728,200.524079744922,27.1095458383569,101167.181405224,253.524683425184,33.5365918336946,305.852184669377,388.668932898601,4.11764790270805,3.46773869603214,11.6420777725246,-46.5735576849243,24.652879802936,-21.9206778819883,363.62,362.45
1997-03-01,1997,3,286.615873724415,257.539744541842,0.00961311474717941,23.2530637568472,0.497348071600342,58.015122601384,334.40716502867,392.832547663687,198.125792014649,26.5381364135219,101157.519222942,249.345488434082,33.5554318021951,309.193362467418,392.81233293591,4.0307154881001,3.40977056719488,12.0950139691393,-44.2024010307598,25.193587833475,-19.0088131972848,364.02,362.61
1997-04-01,1997,4,287.389132088066,257.576330635594,0.00966582896063606,23.5964290127439,0.512807799122112,58.5569394075789,338.008095930144,396.557351547629,194.904820544553,26.834775834491,101156.783619717,245.170872333032,34.5832693570443,312.259052385469,396.542149295615,3.9381227838144,3.33599528798476,11.5041749960427,-42.5175582659257,25.733841292661,-16.7837169732647,364.5,362.81
1997-05-01,1997,5,288.390934604129,258.28113853546,0.00994678762620295,24.2525274562146,0.524528719264238,59.2116612594013,343.212952943181,401.374032803041,192.100113084862,27.0660267932271,101148.090158615,241.211277694561,34.7030331723904,317.107220234678,401.372010563386,3.86648543077728,3.27975943452095,10.2777965938165,-41.4741582305357,26.103710468848,-15.3704477616877,364.5,362.93
1997-06-01,1997,6,289.284548798037,258.88991290504,0.010129550660609,24.9292469593593,0.52966272265443,58.3679949051506,347.195957074452,405.801455721853,188.957904041717,24.7824239604076,101130.721640274,238.107868957187,32.1629365934658,321.815429147148,405.804131050458,3.82098583258485,3.2290888019921,9.08831058879508,-41.7694522824118,25.383203255909,-16.3862490265028,363.59,362.96
1997-07-01,1997,7,289.40134342424,259.574209007436,0.0103414306960928,25.9203561040834,0.535339288353165,58.3995994240267,349.37354208173,406.756986427994,186.117195879355,22.5134769219895,101148.103727841,236.452482861175,29.3129156600735,324.082654413622,406.754660195859,3.80853914848442,3.19673102832568,8.76258093638425,-43.535848243736,25.2885614359731,-18.2472868077629,361.94,362.96
1997-08-01,1997,8,289.311636460815,259.398688841759,0.010306333043633,25.6553077739129,0.521800235916236,58.5090228997305,348.952344037644,406.380516381327,186.778818107164,21.3375328185314,101151.723166811,238.232867647596,27.7575134458001,323.348097985958,406.385605114657,3.83632232181263,3.21373132669734,9.34670174384457,-45.0340689131633,25.609334785016,-19.4247341281473,360.42,362.9
1997-09-01,1997,9,288.781660658173,258.633740037593,0.0100313371271141,24.6906337751005,0.513362345606457,57.7020473697534,344.745380593304,403.704180443191,191.834679180337,22.5283408884611,101154.331111571,243.010123745404,28.8918050127155,319.437409576629,403.718278239326,3.90522284537542,3.29296232804113,10.4227129105913,-44.8119804408126,25.32206881281,-19.4899116280026,360.41,363.01
1997-10-01,1997,10,287.794716330205,258.06695809138,0.00972390821047983,23.8321004513803,0.505406864911081,58.663278920773,340.190299059509,398.563720993254,195.422428765729,26.3024549716003,101167.666747449,248.877538595659,33.0116911286352,314.108861058035,398.572038306153,4.01265633075896,3.36789031211188,11.1946281500041,-46.7458736728951,26.089755314373,-20.6561183585221,361.94,363.41
1997-11-01,1997,11,286.731975671535,257.6309752193,0.00953476007140629,23.3281276623803,0.503339222638895,58.3641470556755,334.798622090178,393.243242498886,200.799609958683,30.0380595372332,101172.748045236,254.069403198124,36.9023876889056,309.396197654297,393.241386062612,4.12441958945313,3.47512762435063,11.2143490066641,-46.4054650877686,25.400567999607,-21.0048970881616,363.62,363.9
1997-12-01,1997,12,285.966184947333,257.612310101817,0.00953225124412955,23.3204288318636,0.515147734870555,59.8769231493489,332.771722285319,389.79942819506,200.691092615449,30.370091559411,101167.216071488,256.733535450184,37.2914478912835,307.083615876643,389.785924367932,4.18864783621346,3.49579056651161,10.77742899432,-49.1210865028625,25.674602581548,-23.4464839213145,364.69,364.22
1998-01-01,1998,1,285.642984387224,257.987131804964,0.00958403456822872,23.4876534263376,0.515246069519296,60.1840244138954,332.314884388681,388.514870078657,199.099821946957,28.5631151538127,101187.578113982,256.078234960089,35.2138128789006,306.723963238738,388.486780237507,4.19277610430386,3.4842962040857,10.8901055213771,-50.3277152880441,25.562831308793,-24.7648839792511,365.19,364.26
1998-02-01,1998,2,286.121908055111,258.276838533079,0.00972073221212462,23.6983337483594,0.510965816967528,59.348307492751,334.488979348126,391.014919368785,197.258498465278,26.646050668041,101178.607903356,253.182564753097,33.4971805896747,309.02700950657,390.986964067383,4.12587416021262,3.43568916186742,11.6072174542976,-49.0729363661853,25.434014540154,-23.6389218260313,365.47,364.31
1998-03-01,1998,3,286.620542239733,258.142927230231,0.00977251670081619,23.9202440438773,0.511745628821838,59.7194698946694,336.636992937073,393.268893583952,195.385974097617,26.7058084027695,101193.763335878,249.094793779252,33.8924619467983,310.679305211382,393.243690860401,4.0319428020021,3.37764909326813,12.1658733101392,-46.5221661376062,25.93248500214,-20.5896811354662,365.93,364.54
1998-04-01,1998,4,287.786969174186,258.725742764225,0.0100109491291513,24.6339216252016,0.511777814667916,58.9599139732974,341.637813931051,398.648633273972,193.841325505636,27.455957530215,101176.765830109,244.717413614491,34.7919816971412,316.051125528098,398.635375758954,3.92762510706433,3.31548155251963,11.5752468738366,-43.5400639419288,25.573430887935,-17.9666330539937,366.58,364.91
1998-05-01,1998,5,288.775891419047,259.198638730533,0.0101628618444099,25.1105377934021,0.521164151243898,59.244738948209,345.588282259424,403.276976990573,191.089559900239,27.2178312667263,101160.206063862,240.881170329464,34.7437318203597,319.817971549147,403.280983709231,3.84811245455093,3.25264331987261,10.2964180101023,-42.2657098755916,25.774317428935,-16.4913924466566,366.86,365.33
1998-06-01,1998,6,289.496900291284,259.737460228801,0.0102966349743042,25.5987859567939,0.532215633140334,58.9829575635292,349.614587953311,406.841829266325,186.326091673791,24.3380641858081,101160.976559116,237.66294700195,31.7352964643469,323.750088881021,406.846763199364,3.8045647679809,3.18386714616762,8.97387151278882,-43.9396230496202,25.869433005329,-18.0701900442912,366.26,365.67
1998-07-01,1998,7,289.732812952251,260.082280667958,0.0104873186592478,26.4632675425805,0.531079190063124,59.0519837595082,352.106855984433,408.290673416588,184.734033057896,22.3869637464254,101169.523656109,236.071790568206,29.1970899855767,326.543009910232,408.293241906759,3.79904795581977,3.17278076943687,8.73821316332463,-44.5276312711587,25.5664145643721,-18.9612167067867,364.83,365.87
1998-08-01,1998,8,289.635080388578,259.955649933559,0.0105120541771984,26.1981991736786,0.53273950395724,58.5540281313384,351.321642336078,407.664085594469,186.097586556535,21.0877871261827,101167.180152352,237.915166063232,27.6227499351858,325.734063586572,407.664636851275,3.82313884687639,3.19582453396093,9.30562994497519,-45.2826166976939,25.588130006312,-19.6944866913819,363.79,366.27
1998-09-01,1998,9,288.753889901896,259.320436901567,0.0101301819613956,24.8664291488231,0.520025861970098,59.3618860224078,346.788273573197,403.173127514491,188.22766406068,22.2842344549999,101175.312700078,242.770542201472,29.0016738071255,320.009515276038,403.178110314296,3.88922667937204,3.23723857911567,10.4031101402521,-47.8254387886664,26.783741096964,-21.0416976917024,364.03,366.61
1998-10-01,1998,10,287.64513858635,258.592467258631,0.00980353219474214,23.8675670606612,0.520864000752336,58.2348109715254,339.845652099707,397.280398853952,195.475354414741,26.7421419823088,101170.079255543,248.857525257762,33.4389310711469,313.936288803191,397.288970953862,4.00383053044666,3.36125586364722,11.4215897900933,-46.6853817541829,25.917935396426,-20.7674463577569,365.34,366.78
1998-11-01,1998,11,286.589279781582,258.006698167151,0.0095871487861587,23.7587998684918,0.536356557568184,59.0398267832919,335.340310355574,391.979095119429,197.999115697473,30.3637009858099,101155.956100854,253.878389857806,37.3566491289102,309.680729989966,391.976837125881,4.12266275627445,3.43768443632258,11.4007664893484,-48.8863260172327,25.65732237206,-23.2290036451728,366.6,366.85
1998-12-01,1998,12,286.037243962444,258.016366281821,0.00950074647108453,23.6133611071064,0.545678096154057,59.8074246457295,333.660172826508,389.249408797269,198.422849505051,30.4135838508427,101157.718919627,256.532525915148,37.3423862541163,307.657272392709,389.243292566857,4.18612597848757,3.46489010298979,10.8281457032853,-51.1808740068234,25.9967842033871,-25.1840898034364,367.47,366.97
1999-01-01,1999,1,285.680303822009,257.822815602247,0.00951995168900735,23.6225072222315,0.532676585119603,59.2961410263357,332.0348505192,388.034874653764,199.2557238271,28.7069140695079,101176.950972027,256.000641985899,35.2172903194074,306.797014726751,388.012671866835,4.18234441399481,3.4760739624656,10.8998252408452,-50.2345419088995,25.21563300552,-25.0189089033795,368.11,367.18
1999-02-01,1999,2,286.158292726602,257.913010308321,0.00965613734599258,24.0954751440798,0.540072617080964,58.9198978738574,334.308282131637,390.425464588928,198.539384188469,26.7401293817443,101174.379411618,253.033210193253,33.3122802545296,309.33888208427,390.397296925285,4.12144012317088,3.4504929139788,11.584438338628,-47.9216751319987,24.941232383724,-22.9804427482747,368.51,367.37
1999-03-01,1999,3,286.478947793778,257.612834400956,0.00976433771483044,24.3389969725438,0.52663720849207,58.4984176007471,335.587626094567,392.246758407239,198.204400261681,27.1165228699444,101185.299381535,249.046719457974,33.890734137151,310.849062845049,392.215609515213,4.0351795362101,3.41981709245927,12.1947616881016,-44.0681079290864,24.707414357492,-19.3606935715944,368.9,367.52
1999-04-01,1999,4,287.440312954272,257.888935732397,0.00984316324339524,24.483740361677,0.519381399966324,58.0047800149805,339.46326263457,396.561312049377,195.211864330304,27.5423293965213,101173.752881303,244.946009481856,34.8236206940662,313.873989065747,396.560368705626,3.93313882944497,3.33775367542753,11.5848896769509,-42.4528538540071,25.588330225072,-16.8645236289352,369.29,367.65
1999-05-01,1999,5,288.358154104481,258.366080341364,0.00991295338155947,24.6077058540576,0.531993555072366,58.3055171432313,343.461685150982,401.026084759298,191.792910302932,27.3794491367827,101157.228109385,241.224577329149,34.8130969940707,317.432062704894,401.053373292207,3.85459395675001,3.26510289776091,10.3551942601682,-41.998019168929,26.0569109789971,-15.941108189932,369.21,367.7
1999-06-01,1999,6,289.19958654364,258.904647601233,0.0100646885572672,25.1992725607072,0.528235951850102,57.781365210478,346.880413922803,405.098121740202,188.824434162079,25.2869801621074,101147.491279096,238.128543047335,32.5242028504259,321.574734215175,405.127826788097,3.81442999213418,3.22125101945494,9.20626843718878,-42.0668861969375,25.335384755523,-16.7315014414145,368.36,367.79
1999-07-01,1999,7,289.504149690227,259.67379408916,0.0103251275049275,26.3639639466953,0.547326003242157,59.0109397290245,351.301458504799,406.782607044431,183.719087273909,22.4610320776541,101145.51856975,236.222326905219,29.4027739316561,325.249254727258,406.791593055035,3.80306865048773,3.16322409987063,8.78865848000508,-45.561497777308,26.0611897881449,-19.5003079891631,366.69,367.74
1999-08-01,1999,8,289.348045216785,259.45097695486,0.010274173682469,25.9765717636521,0.534706289371065,58.3741898289534,349.891491317216,405.897759209435,185.441130946727,21.2605172252673,101135.708616095,238.099963887883,27.8172659788276,323.883771298585,405.900182534239,3.83169455291545,3.19384985360352,9.32177566364966,-46.1020841875957,26.010143343435,-20.0919408441607,365.33,367.78
1999-09-01,1999,9,288.712594238907,258.87608984947,0.0100149100982557,25.02641630585,0.531258697006238,58.2663948221076,346.142018118119,402.778842443522,189.169165917547,22.3429079905339,101145.693551115,242.71913295506,28.7944741975996,319.685961710568,402.787263363537,3.89164271202336,3.2510742317055,10.310041318185,-47.0984008304473,26.464477327566,-20.6339235028813,365.44,367.99
1999-10-01,1999,10,287.642782826564,258.210573805615,0.00968279087259894,24.0180735446902,0.524953734121463,58.3959569790675,340.406366053671,397.164160775852,193.513690381589,26.1275128055518,101149.360054766,248.656889973836,32.9970170465486,313.647732161778,397.158491731463,4.00078780820623,3.3377821488141,11.1598344409408,-48.2736953512502,26.752964847504,-21.5207305037462,366.75,368.18
1999-11-01,1999,11,286.527064437411,257.685204230149,0.00940401956418618,23.2448522588382,0.513925618438794,58.871524905156,334.60499100665,391.697602742944,198.22531181715,29.9907067778511,101153.36296909,254.092087465408,36.9656868135102,308.13643839434,391.673057050657,4.11779885857269,3.43875071918591,11.0980623305002,-48.8917956125989,26.444006920023,-22.447788692576,368.04,368.27
1999-12-01,1999,12,285.933860289184,257.583663948621,0.00933991631956527,23.0876144061526,0.518422275708037,59.3177388293265,332.58813055353,388.879974747489,198.599610375768,30.2860322148044,101158.699522585,256.893762718711,37.2332537164661,306.011580554543,388.824801811991,4.1814347293373,3.46265864800046,10.5520129571071,-51.3469308412813,26.521377063489,-24.8255537777923,368.88,368.35
2000-01-01,2000,1,285.56817263676,257.322372717768,0.00936793806916803,23.0142934505279,0.517007064799296,59.1776961860201,331.263680842878,387.781872579912,199.340720861624,28.4937475691707,101163.687098352,256.183480237753,34.8897151619093,305.226940877652,387.761655722932,4.17391026114699,3.47170077066828,10.6770295986234,-50.4467917833904,26.016523108246,-24.4302686751444,369.39,368.47
2000-02-01,2000,2,286.069142036048,257.691283637117,0.0096103664547067,23.669629372009,0.526818165221232,58.717085142444,333.566487047809,389.700664894316,198.149467459704,26.4940784006855,101164.235444411,253.156413196296,33.0446986496569,308.123606020103,389.672223108488,4.10931019787948,3.43419439055433,11.3619348977297,-48.4563254876206,25.414439241878,-23.0418862457426,369.65,368.51
2000-03-01,2000,3,286.685657681512,257.761233418614,0.00971812280785973,23.8556421779191,0.520881954663875,57.8550079246272,335.910319704988,392.899593272113,197.723874429107,26.2142253073345,101170.698537368,249.083373477583,33.0027896040936,310.475448910911,392.880796309055,4.02016892747491,3.40027477641468,11.867567662405,-44.5709347517169,25.416073831019,-19.1548609206979,369.97,368.57
2000-04-01,2000,4,287.735568533269,257.974149776092,0.00990025370713872,24.5456337209071,0.529787382983319,58.797192541919,341.111700913958,398.01778544883,194.642275652692,26.9894214805963,101165.06337431,244.710053979434,34.3294499888661,315.28781883788,398.022988165181,3.9243524731449,3.32697470428827,11.4631256172336,-42.7277498184722,25.8290847924289,-16.8986650260433,370.35,368.67
2000-05-01,2000,5,288.483315026924,258.565341103601,0.00999025597061328,24.812424982901,0.528471851891586,59.4686543028755,345.308181968392,401.596246915693,189.918445383632,27.2989162039266,101150.311690693,241.051153170269,35.0612479144753,318.527279096987,401.625000248246,3.85722934208907,3.24513764425122,10.418849133099,-43.3703760760883,26.809656203958,-16.5607198721303,370.24,368.72
2000-06-01,2000,6,289.198537220698,259.317062682433,0.0100968414147601,25.2708716352282,0.533976648787347,58.2085962396445,347.853788574195,405.016430767424,187.570499508238,25.3165730125721,101145.718578327,238.108992300148,32.6777835408035,322.066655148632,405.055410849916,3.81550711703602,3.20470818117789,9.26526399880195,-43.1772822636786,25.826113508055,-17.3511687556236,369.31,368.78
2000-07-01,2000,7,289.49053605405,259.45644346717,0.0102162056266671,25.9065274628327,0.530352170157739,58.7053769922639,350.178169020753,406.822028097911,185.395537805529,22.7367227678464,101151.379277885,236.559803253558,29.5092225288267,324.497984233161,406.825208364145,3.80698232018254,3.18568204713523,8.86854697275191,-44.3917656870487,25.683365053826,-18.7084006332227,367.91,369.05
2000-08-01,2000,8,289.395849306376,259.331819907037,0.0102778579418408,25.9174447826201,0.534332813934524,57.9635412862824,349.473995506998,406.393549978746,187.010606563665,21.6243884773603,101153.01150486,238.247947432553,27.9191234294928,324.128126198024,406.393557471764,3.83340945668986,3.21488735681756,9.4818674016069,-44.9426059167555,25.3458768019919,-19.5967291147635,366.76,369.26
2000-09-01,2000,9,288.753533004439,258.830314488481,0.00998256729687885,24.8343500664651,0.523942297900201,58.09028303082,345.576072053046,403.03141011924,190.468595977676,22.8390275010673,101151.325906131,243.019969819496,29.2330933177494,319.550493366581,403.027972431003,3.90133742756853,3.27313191697233,10.533573770361,-46.1573080251379,26.022140998228,-20.1351670269099,366.71,369.25
2000-10-01,2000,10,287.580193517351,258.221992944592,0.00970319999852246,24.0986724688684,0.530710199583731,59.5864856874677,340.821291422502,397.122713016325,193.160522006856,26.4806154810815,101168.146544003,248.832276844914,33.3594963054086,313.876694063813,397.114863909932,4.00673013485922,3.33641535877237,11.2846850389849,-48.7928740137309,26.936748252296,-21.8561257614348,367.91,369.31
2000-11-01,2000,11,286.554452815521,257.705956583265,0.00948399529453661,23.3829352038673,0.522249408383995,59.6783363787844,335.327789678276,392.001181077815,198.178411299778,30.3335046594448,101168.266601085,254.096335065473,37.3919663172725,308.980969991248,391.976191222719,4.11842917271814,3.43744940678056,11.3047455882161,-48.8594621078673,26.3218298319321,-22.5376322759352,369.28,369.44
2000-12-01,2000,12,285.891175511453,257.605680402426,0.00944591577707867,23.1265956824731,0.522303960465142,59.0531846409184,331.648243831321,388.860036458125,201.876487346871,31.0757991312414,101170.242637039,256.932542051648,37.544397171485,306.417585066791,388.839476341844,4.18658892976754,3.50702639780907,10.7843550455665,-48.5874566645334,25.210098648249,-23.3773580162845,370.1,369.54
2001-01-01,2001,1,285.867308777663,257.735669843451,0.0094936113740564,23.3369773192938,0.518050476672933,58.5431393928173,331.843866967234,389.034187103876,202.317086926229,28.9750813109658,101167.759459671,256.135305234742,35.2668037245553,306.847194505482,389.00633864957,4.178672795018,3.51655133945782,10.8293501717126,-47.5264958949235,24.9688240074461,-22.5576718874775,370.69,369.79
2001-02-01,2001,2,285.993044106149,257.947537165254,0.00968005799735308,24.010191625788,0.52916279437451,59.6386818453232,333.676318965439,389.800058447825,197.665187849605,26.6898733128955,101182.777649702,253.018708310741,33.2458876324602,308.557698612385,389.765933860737,4.12547784656339,3.44309662504281,11.4643334442555,-48.7975061415713,25.084495765966,-23.7130103756053,371.18,370.03
2001-03-01,2001,3,286.796648515692,257.943338963399,0.00984186467257402,24.416883558488,0.528653985700341,59.3164168419016,337.414856711303,393.749722626065,196.323780054175,26.4004646925559,101178.834388151,248.791903997994,33.4665023449972,312.079599470414,393.730503236097,4.02565334873845,3.39031177606277,12.0649421639221,-45.4020862913777,25.316037850921,-20.0860484404568,371.58,370.17
2001-04-01,2001,4,287.720929087261,258.340542538385,0.00993492470852386,24.6947752253148,0.536379634817214,60.0511542937975,341.954369676387,398.08945925686,192.921669541717,27.1900467150916,101170.777694066,244.725186305057,34.6547329876264,315.638711728967,398.097621371583,3.91965064225656,3.30007366437335,11.5268139808464,-44.3388304908052,26.323820062143,-18.0150104286622,371.9,370.21
2001-05-01,2001,5,288.746102817753,258.830748186347,0.0100413320587195,25.0554974342054,0.531165719844004,59.591063075909,345.81664391813,403.024524605559,190.499005949787,27.3758946186949,101152.673893345,240.968759752143,34.9648474939707,319.775468103577,403.052008929123,3.85224515389144,3.24953683003459,10.3663117710651,-42.8808009270802,26.068660138117,-16.8121407889632,371.76,370.24
2001-06-01,2001,6,289.382597591456,259.294156338345,0.0101790190476573,25.6033623294802,0.539008120878087,58.4165884643206,348.393065609624,406.094275067121,188.583008290457,25.3471357324909,101142.603345024,238.003321678122,32.4553018531328,323.103107422722,406.131396039596,3.81100866223,3.2160007567107,9.16751903940895,-42.3121472670231,25.327079159377,-16.9850681076461,370.83,370.3
2001-07-01,2001,7,289.750147592138,259.816390195952,0.0104149114859416,26.6704071355041,0.549420413792131,59.6231926761513,352.434204680986,408.138860635392,183.774814533221,22.4793326535648,101144.733950645,236.125458750862,29.3040050726927,326.778561037913,408.140898170041,3.80149623005305,3.16296509180737,8.76547888961856,-45.5259717985131,25.657681177722,-19.8682906207911,369.45,370.57
2001-08-01,2001,8,289.602590061212,260.006654154314,0.0104487221939003,26.6275697175289,0.550154892758892,59.3050815222073,352.294493396246,407.534463358166,184.458523033072,21.312073599356,101151.269591909,237.782542350901,27.8061086582937,326.416732847587,407.543913416411,3.82654325884487,3.17960857929187,9.39511589389183,-46.8299842588913,25.887210606904,-20.9427736519873,368.31,370.79
2001-09-01,2001,9,288.866888847614,259.035733989591,0.0101293374107433,25.467853576725,0.536686683710434,59.3057978428266,347.682745937185,403.642845774159,188.310732874922,22.4010734729902,101150.532089075,242.51673277755,28.9665339546709,321.260306749582,403.650043290858,3.88958969627398,3.24095288243542,10.4853295221439,-47.6405394209473,26.429636704302,-21.2109027166453,368.36,370.89
2001-10-01,2001,10,287.843097369183,258.661191184197,0.0098356650821674,24.4106593970638,0.531605361497692,60.8467526325559,343.010841362283,398.239426364458,190.626701631673,25.7945144907162,101145.214862117,248.451321403273,32.9030398165396,315.462931644011,398.241721383602,3.99642361207717,3.29858227528878,11.1759841782482,-50.7160944457766,27.550204737416,-23.1658897083606,369.71,371.11
2001-11-01,2001,11,286.959962991985,258.145901880852,0.00962182769134701,23.9762053306328,0.533704600552824,60.0821447740964,337.803594811065,393.659291716304,196.597362795285,29.7190960526179,101152.052310707,253.688420173191,36.9184636535687,311.20469059336,393.660941702385,4.10918895220108,3.41279351803589,11.1704955317129,-49.8916897769552,26.600554203786,-23.2911355731692,371.06,371.26
2001-12-01,2001,12,286.186078815671,257.979210789002,0.00959083733817913,23.9629448584239,0.538265658345778,61.5454789403587,335.844532258628,390.175150251631,195.833403303912,29.9225306283728,101158.626922069,256.282145414895,37.2433137111128,308.909457733973,390.165396318478,4.17705209484647,3.42946032052395,10.7311767147297,-53.127959028243,26.925320591502,-26.202638436741,371.98,371.46
2002-01-01,2002,1,286.054386635052,257.963200991753,0.00959801895639245,23.8639782602048,0.528656232036423,60.5261173174597,334.924359556681,389.590101041215,197.198656712749,28.1463242742097,101160.323846979,255.569236219064,34.8859252104074,308.600405171673,389.571913370423,4.17156217649945,3.44995139222774,10.7697616882381,-51.6309785701173,26.305766714216,-25.3252118559013,372.51,371.56
2002-02-01,2002,2,286.221141093808,258.117324475007,0.0097446169745788,24.1472254762548,0.530469718795444,60.3394042503163,335.747392634126,390.799251468516,195.667885039398,26.2362282636174,101168.728812828,252.851035000595,33.0259392769703,309.803047020465,390.778749978509,4.11045189380486,3.40576250760053,11.4011984337938,-50.3934389478441,25.923844123654,-24.4695948241901,372.91,371.65
2002-03-01,2002,3,287.095072418851,258.114135571962,0.00992645415810642,24.6017525868489,0.53013649902157,59.9295342826228,339.185858066996,394.930512992308,195.627949830003,26.1107375896148,101168.936406547,248.623628316209,33.0185928020351,313.422451648844,394.9146882936,4.02301262157485,3.38162106206315,11.8848033105485,-46.0878232737857,25.747581719444,-20.3402415543417,373.38,371.86
2002-04-01,2002,4,287.751529091124,258.451354603378,0.00995424141244502,24.8594956502517,0.521659303466847,60.3525300241264,343.039538817328,398.363873961852,192.167743634841,27.1539928117249,101164.89877218,244.61423123996,34.7294155952112,316.072965864837,398.359146902628,3.92836315662882,3.30185378083858,11.4971307958617,-44.8710648216327,26.961845893267,-17.9092189283656,373.73,371.96
2002-05-01,2002,5,288.866674483953,258.993320056995,0.0100839653952451,25.1265425881448,0.529007550110786,58.9968960768788,346.07504445245,403.308915626172,191.204702143475,27.4366652086393,101144.863515555,241.060330548152,35.0078087747454,320.2019886884,403.320500175123,3.85917609156422,3.26220143455896,10.3177121697865,-42.2844848385709,25.8846403130011,-16.3998445255698,373.71,372.14
2002-06-01,2002,6,289.578139287725,259.708961643895,0.0102793941059352,25.8380325825016,0.552419966945846,59.600670383389,350.375434864457,407.065091969522,186.782159308734,24.7091715782274,101138.842654144,237.809118922929,31.9504935226757,324.493114295574,407.077502688273,3.8106250003364,3.19527244084798,8.97053265849849,-43.7856376697467,25.894731287634,-17.8909063821126,372.84,372.3
2002-07-01,2002,7,289.831225973457,260.035662989346,0.0104450093532987,26.6403910958404,0.541451793063895,59.7707649967839,352.696852091035,408.662694823752,183.767836609312,22.6104518323125,101144.717843237,236.17051080982,29.4212120303622,327.225010116866,408.680872337343,3.80651460703462,3.16692998458649,8.77086217380993,-45.5919140024583,25.49001948776,-20.1018945146983,371.41,372.54
2002-08-01,2002,8,289.626143373538,259.895943208781,0.0104158504017483,26.5706273452829,0.549612637960331,59.6715290679966,352.406855416201,407.607188811129,183.853081372946,21.1189147064341,101148.858475499,237.759753687449,27.6859343809996,326.361447482481,407.619248459901,3.83047281518282,3.1750855329554,9.29453646381978,-47.3396526399375,26.0574675824919,-21.2821850574456,370.35,372.89
2002-09-01,2002,9,289.05383188431,259.26908194433,0.010146549391481,25.4727845617769,0.537277806318618,58.9904263990826,347.947114989243,404.470351627306,189.297117420892,22.3597252305995,101149.751066427,242.46473306279,28.8532004018001,322.012111737232,404.485341118413,3.89173661127424,3.25329331385558,10.3916550572931,-46.6741404706974,25.949992743118,-20.7241477275794,370.67,373.29
2002-10-01,2002,10,287.942085867491,258.415155331964,0.00988125507592586,24.6045534372459,0.528023936044205,58.8837941583717,341.88277533072,398.732770824849,195.312680458375,26.5165972167,101154.498001308,248.346329614187,33.2389724297328,315.975575792358,398.743513874646,3.98982070341675,3.35373209856423,11.3736303375172,-46.3112739427792,25.917942588159,-20.3933313546202,371.95,373.44
2002-11-01,2002,11,286.863490168217,258.078860434597,0.00967290771104171,24.0787663396519,0.543092828260098,60.3325714883776,337.933226768438,393.374278355723,197.071027974393,30.3024285979593,101152.548571611,253.513615375391,37.3085056260105,311.416426336329,393.374075434741,4.09329718885731,3.40628791960317,11.3593054920876,-49.4365103729468,26.516597511127,-22.9199128618198,373.28,373.58
2002-12-01,2002,12,286.116399607237,257.925635983867,0.00962795472322539,23.9034175502697,0.525903765406815,61.4299282328583,335.415064794085,390.128433549702,197.354142218105,30.6756503843057,101157.918708605,256.223753738053,37.871172145287,308.860180923306,390.120399386432,4.16977233799851,3.44609051829862,10.955795529976,-51.6740897589667,26.546849707509,-25.1272400514577,374.26,373.8
2003-01-01,2003,1,286.111136503934,258.105716029806,0.00964534209016298,23.860938849118,0.534441645852851,60.8291488549576,334.875509363122,390.140518956329,198.119979318746,28.6825425591819,101159.884413437,255.573278782114,35.4784160750267,308.884777841535,390.124460323405,4.17477537759709,3.46532806977956,10.9190588064847,-50.6574259475232,25.974672888663,-24.6827530588602,374.94,373.94
2003-02-01,2003,2,286.204395610599,258.04874384643,0.00983762527207211,24.3109002977648,0.523808653250651,59.9810926568139,336.167409103167,390.962586580037,196.988617029554,27.0054025994963,101163.797062691,252.662189379952,33.7831049704363,310.550391833577,390.947651573952,4.11317880471678,3.43000791906509,11.6818868240222,-48.895869979458,25.602082263505,-23.293787715953,375.47,374.14
2003-03-01,2003,3,286.771917227868,258.090468737847,0.00988849460188538,24.2813276390657,0.522214353585805,59.1732599017738,337.648971654284,393.778626311783,196.556122758313,26.8163529437661,101167.850840034,248.815560883806,33.8027490605364,312.018339995472,393.761162676044,4.02114516085294,3.39053431861935,12.1633985541514,-45.2730420087227,25.6131680230731,-19.6598739856497,375.91,374.34
2003-04-01,2003,4,287.761461522747,258.413431015142,0.0099925298148511,24.7806537646493,0.529993668306767,60.1810662207976,342.392459407798,398.384489712227,192.867920828004,26.9056870182816,101161.917069941,244.56129905587,34.3303450015134,316.109350551106,398.379168366962,3.91908511320302,3.30220517511816,11.476835689732,-44.2687202446342,26.2777875114271,-17.9909327332072,376.39,374.59
2003-05-01,2003,5,288.776059061358,258.9553680757,0.0101151400886685,25.0951637826326,0.533651291542728,59.5297780499599,346.154904297004,403.172048418358,190.368339239455,27.0167745619858,101155.46958574,240.841169342065,34.5323096516015,319.987222389715,403.177105745426,3.84523363971852,3.24237004334006,10.2621174708571,-42.9572950129943,26.172739234357,-16.7845557786373,376.54,374.95
2003-06-01,2003,6,289.374149703114,259.375048796343,0.0102573375836976,25.7527381206926,0.533089323062612,58.8791502884786,349.428131582641,406.297905136796,186.963043078008,24.7426708647832,101152.754767059,237.643159552048,32.1015409798899,323.873677590378,406.312103119326,3.80298773458995,3.19272660344658,9.1316482690356,-43.3212463589333,25.5686519747931,-17.7525943841402,375.71,375.17
2003-07-01,2003,7,289.75411012383,260.037994961054,0.0105040998873829,26.9012186603461,0.553526220037908,58.980008083384,352.626865063108,408.291169785143,184.816120767427,22.5307271885282,101149.656648132,235.87690331596,29.2870590962142,327.379890866885,408.301960044848,3.79522748644027,3.1734614828257,8.81320502287084,-44.304450640847,25.2577644559281,-19.0466861849189,374.17,375.32
2003-08-01,2003,8,289.725002397874,259.889699015198,0.0105315097507559,26.736637932333,0.540717445516112,59.2032796227301,352.942438843478,408.229807504592,184.94008473485,21.1046989623141,101147.811321736,237.551676644916,27.6492664961719,326.996124940365,408.238785046523,3.82306034587198,3.18624983254063,9.32807424337295,-46.0670243762082,25.955291445044,-20.1117329311642,372.94,375.53
2003-09-01,2003,9,289.077868397112,259.320824040111,0.0102637029089319,25.6260386887019,0.543442542305598,59.2115075436651,348.79440096009,404.770116604394,188.896600547725,22.2447168494614,101147.951966524,242.291363330092,28.799047843082,322.332788936238,404.779610678629,3.88855504176116,3.25080185917498,10.3431062848553,-46.8404317887464,26.471106098087,-20.3693256906594,373.09,375.77
2003-10-01,2003,10,288.070617059593,258.74967757667,0.00988770901266795,24.4584327894634,0.534388047243136,59.8745582245079,343.231522463271,399.703924546575,192.571197272274,26.1807328334321,101151.740640872,248.402620108475,33.0355399405907,316.400515855599,399.709635335547,4.00123351622846,3.32851898030145,11.1570827075427,-48.9766157290424,26.836717396644,-22.1398983323984,374.36,375.89
2003-11-01,2003,11,286.83203370647,258.207594757957,0.00969487127876696,24.1619796552991,0.532669638084243,60.7285603476128,338.507779694195,393.459817276497,196.264196260041,30.068227819542,101163.218594416,253.442999008901,37.2489272617005,311.548925323715,393.462841909072,4.10878051765942,3.41290359969062,11.2981275402131,-49.9981033067015,26.9618790030549,-23.0362243036465,375.65,375.99
2003-12-01,2003,12,286.359252738893,258.263209789526,0.00959508850529204,23.8647688086543,0.540139673070651,60.7017984095048,335.881946129863,390.989185386767,198.002852562259,30.5737403855304,101163.212264197,256.237923638007,37.549666683715,309.319358640052,390.98177372386,4.17134378287976,3.45403996623508,10.8116669902361,-51.2591447775634,26.555175826904,-24.7039689506593,376.52,376.08
2004-01-01,2004,1,285.965434727628,257.999328784474,0.0096517836613829,23.9805439750902,0.517441396804782,60.9315904055881,335.041914766426,389.708682113127,197.026743142093,28.4469933683606,101167.367279822,255.42548039798,35.246376309644,308.963186927692,389.693685298322,4.18114824849841,3.45758759414345,10.8484353414624,-51.5993543146036,26.063731023929,-25.5356232906746,377.21,376.23
2004-02-01,2004,2,286.257921986125,258.126325756432,0.00973391325755883,24.1022617874185,0.536049733950863,58.8287510389948,334.949806818117,391.227239537833,198.513821466224,26.7882282629403,101165.001018689,252.883840926486,33.4066393283901,309.932650273848,391.20391644921,4.11706678471492,3.44977263305208,11.5567139234176,-47.7516083948122,24.993833455646,-22.7577749391662,377.72,376.4
2004-03-01,2004,3,286.895774768686,258.376078153309,0.00990986050040758,24.4980652573447,0.532196233860043,59.9737478563223,338.599304650768,394.344355784267,195.112328330154,26.1066244455795,101169.372629128,248.617174339578,33.0862857783341,312.742002994274,394.333185637357,4.0213585497539,3.37271202744936,11.9351429513308,-46.5251846766694,25.846131509584,-20.6790531670854,378.15,376.55
2004-04-01,2004,4,287.863234257081,258.433412553578,0.0100680701110643,25.1574298180243,0.531752736899462,60.0892374964069,342.663333790605,398.771365516736,193.975663668202,27.0086452765289,101164.365783421,244.3018990265,34.1806950784062,317.024052271516,398.763474874184,3.92418666977996,3.32209728265735,11.4095036233774,-43.1541855564207,25.631390876537,-17.5227946798837,378.48,376.69
2004-05-01,2004,5,288.543496840918,258.957154888804,0.0101109490115234,25.4064225663565,0.545147456020325,60.4521313284678,346.02220805513,402.071441243106,189.014187746225,27.2034513523071,101153.614114871,240.562700821184,34.8295686697292,319.761214103146,402.07799371016,3.85246268021859,3.23381379786831,10.289545266796,-43.9223957575369,26.267546419038,-17.6548493384989,378.41,376.83
2004-06-01,2004,6,289.352389274558,259.42804871395,0.0102669944391272,25.8180895459933,0.557854002556903,60.0091702569903,350.013218920066,405.810748513851,185.036403248118,24.6874777041116,101137.373001946,237.58949467848,32.1776353929317,323.686303765293,405.818553957704,3.80639236497805,3.17040085480565,9.08826733602502,-45.0629337415419,26.3347205986259,-18.7282131429159,377.51,376.96
2004-07-01,2004,7,289.457402885053,259.560620046164,0.0104337309977787,26.6265271026076,0.545176153034717,59.6827312248259,351.97023456918,407.051511344398,184.847579367388,22.5517916129065,101147.528023294,235.959363488966,29.4235931910638,326.160623999292,407.061073674747,3.80027990708312,3.18088884901336,8.86595134786548,-44.2399825434207,25.8191729002369,-18.4208096431838,375.94,377.14
2004-08-01,2004,8,289.45603765876,259.724578564471,0.0104629240183468,26.4743727961256,0.55547413559452,60.1040968681308,351.941182114646,406.900251786589,184.09432048907,21.1435889089072,101142.376553686,237.736189255454,27.7843920099734,325.662540192894,406.911660785307,3.83083070646942,3.18085210292459,9.38588894775333,-47.0010656653178,26.2900509204699,-20.7110147448479,374.47,377.12
2004-09-01,2004,9,288.907987017616,259.187107737808,0.0101884875020008,25.5654971683291,0.541803803684069,59.8028147654883,348.384752347327,403.861574949362,188.29933040993,22.456016234346,101150.54760265,242.416195484803,29.0319667500472,321.676125173179,403.872094955425,3.89348738522151,3.24643455393305,10.4651552991371,-47.5409145591718,26.7191471802109,-20.8217673789609,374.38,377.05
2004-10-01,2004,10,287.895281769986,258.639999536341,0.00987641131339606,24.5651119623277,0.537750580169514,60.5747067431018,343.37591981305,398.663428300759,191.596976003425,26.3200239401382,101147.257500358,248.352105516486,33.2911409375395,316.135267316553,398.669093109075,4.00333404291927,3.31563819342179,11.2747001818001,-49.7840125156597,27.246317304813,-22.5376952108467,375.72,377.22
2004-11-01,2004,11,286.901265395704,258.038279154381,0.00966157859004724,24.0803584128569,0.534731437581909,61.5395915518002,339.017243747348,393.822542070851,194.828100195081,29.8454604005587,101155.646311478,253.472774201072,37.1953152149418,311.565573505544,393.823103598966,4.11273333038223,3.39566318076364,11.2307864355984,-51.2948191916079,27.452231769919,-23.842587421689,377.2,377.49
2004-12-01,2004,12,286.06983356059,257.920782588983,0.00959071191695278,23.8551602883706,0.536848626193613,61.6283674822645,335.540899143744,390.083645219511,197.459754393755,30.3790628773227,101164.08102038,256.191811918455,37.3951193512328,308.699318855897,390.075016858876,4.17376423052936,3.4503416278173,10.7441552117001,-51.7160010507899,26.832951927212,-24.8830491235779,378.17,377.68
2005-01-01,2005,1,286.140564041465,258.241206041659,0.00968328506434834,24.147457790549,0.536807048390578,60.7499967400887,335.780611274902,390.284503984743,197.751626101223,28.1566148173405,101166.954027603,255.242934719771,34.7966889682772,309.53816091714,390.265672003515,4.16830257591748,3.45858758299649,10.676720032805,-50.8512344676113,26.223618376534,-24.6276160910773,378.73,377.75
2005-02-01,2005,2,286.274293723136,258.149002449753,0.0098014108829384,24.3416476088222,0.531486704897174,60.5978730094177,336.860841568868,391.525046635372,195.778217754764,26.5741701476696,101172.065771839,252.526238554879,33.2880187397668,310.790563873593,391.505422204744,4.11145325582636,3.41439049559496,11.4297528100085,-50.0341722080178,26.050653264647,-23.9835189433708,379.26,377.94
2005-03-01,2005,3,286.97988006798,258.226928675227,0.00990952699143039,24.5819847638003,0.52244106424254,60.1490568305735,339.0868366156,394.842058878035,194.891169804098,26.1712349733919,101168.123173697,248.4613584927,33.2897483941999,313.184953842152,394.82505340256,4.02560290421697,3.37601339038194,11.9286939902284,-46.451675267794,25.884877297973,-20.566797969821,379.86,378.26
2005-04-01,2005,4,287.940332769632,258.669197227417,0.0100502989872055,25.033370674804,0.533055869992718,59.6914018792017,343.013268719493,399.299588263765,192.977382160357,26.6230770529286,101161.990428975,244.424454141905,33.9060810372663,316.987716735285,399.276346837868,3.92706365585805,3.31047084478858,11.2986464358983,-44.1640679972103,26.002310558311,-18.1617574388993,380.32,378.51
2005-05-01,2005,5,288.821445879712,258.929589963944,0.0101866221666186,25.4417492408472,0.528777749069455,59.8554280468719,347.000996439893,403.538194266467,190.311390728773,26.8136241057793,101157.086309178,240.540026037964,34.3012442446213,321.00480241701,403.54743240509,3.85685992411564,3.25619970443655,10.1708204532026,-42.741015170349,26.005432161506,-16.735583008843,380.42,378.8
2005-06-01,2005,6,289.538451882145,259.574574135345,0.0103940016235129,26.3220209799881,0.539957492731714,60.2458734204363,351.846173312103,407.250451772953,184.086842544783,24.1959529339737,101143.113091377,237.232323792321,31.8928891910863,325.40167211264,407.260187007966,3.81778600515617,3.17491003677582,9.01411057395802,-45.4485449904254,26.4542364344761,-18.9943085559493,379.6,379.01
2005-07-01,2005,7,289.784570672028,260.197197982722,0.0105891655283171,27.0994786467456,0.561299463602059,59.9387421636572,353.783874981686,408.562606884849,183.030035612038,22.1826580151623,101142.726260557,235.659211030603,29.1886064268105,328.10850592616,408.551526822169,3.80790548421799,3.1646579981832,8.75208266660023,-45.6232270069168,25.664288992846,-19.9589380140708,377.94,379.12
2005-08-01,2005,8,289.631490425766,259.937519661714,0.0105343599216273,26.8442430200375,0.553923814094293,59.6838927778436,353.108528187321,407.953107664691,183.227896643577,20.9321987465812,101144.766857131,237.479473752147,27.5881110683841,326.896386889354,407.942295838805,3.83635835420511,3.17619089543399,9.32306156434929,-47.5956647867671,26.201329472081,-21.3943353146861,376.73,379.37
2005-09-01,2005,9,289.041186971362,259.441787514781,0.0103291423177444,25.9870908666015,0.543183306500833,59.8266997530727,349.691261486454,404.554155858523,186.699777066523,22.3833077691586,101146.314489005,242.092581676909,28.9543770670408,323.073890908609,404.548545688252,3.89915910808919,3.23115529039052,10.3972037754053,-48.8217353125038,26.611760407574,-22.2099749049298,376.76,379.46
2005-10-01,2005,10,288.110708419731,258.830851294612,0.00993842783999458,24.9243966802096,0.53668791269017,59.8880336461311,344.481460456689,399.696715625294,191.408498429227,26.0949377575782,101150.791659953,248.070027899458,33.0289645497999,317.23190227613,399.689351367456,4.00629114665904,3.32288465335123,11.071540012388,-49.7275026780093,27.242193922721,-22.4853087552883,378.07,379.63
2005-11-01,2005,11,287.004530208682,258.205621919795,0.00967094944625983,24.0552474212823,0.532823748408251,60.8434122749655,338.981872935114,394.110526343598,194.865834353713,29.9591704482208,101148.346101614,253.502846982985,37.2155614179455,311.767108467293,394.08508131965,4.11702659898652,3.39771487112148,11.1074137324909,-51.3806216595473,27.189319443873,-24.1913022156743,379.53,379.85
2005-12-01,2005,12,286.306432649949,257.982459152861,0.00953787533962395,23.7552085504845,0.533563458640419,59.9843242568373,334.908503868269,390.839278117659,198.755617515714,30.1079671697167,101160.817866805,256.205577577018,36.9632244567525,308.908708615739,390.807535601153,4.17796887931607,3.46962649575776,10.6022817838157,-50.5947027742682,25.968052736024,-24.6266500382442,380.52,380.05
2006-01-01,2006,1,285.980854527436,258.062039451674,0.00968592568692364,24.2216494638525,0.548124630066353,60.8586741753626,335.279496750167,389.637279749674,196.959961892944,27.8197682147884,101165.059738361,255.208422778433,34.531756908218,309.234709982416,389.584148564588,4.18106306777588,3.45749555066581,10.5775128023393,-51.5364721920594,25.991655582665,-25.5448166093944,381.35,380.34
2006-02-01,2006,2,286.368730760734,258.095924335683,0.00985567042743196,24.5400668026251,0.529044855190318,60.7153327586936,337.193657506814,391.67253744448,195.513092798509,26.1135254442016,101170.102223612,252.429953565382,32.8574361318475,311.126427314439,391.626541982445,4.12316280377242,3.42243975241264,11.2868753789541,-50.1729500792271,26.02123473034,-24.1517153488871,381.97,380.59
2006-03-01,2006,3,286.904926926332,258.16327003758,0.00989818387430286,24.508785806654,0.541447124995665,59.4186678396021,338.614023935837,394.225142776423,195.23513035975,25.8137014602956,101166.023168603,248.469633825701,32.8276386322885,312.703755270199,394.18957043536,4.02211442444202,3.37734321309961,11.7744858079751,-46.2205662939581,25.874696324575,-20.3458699693831,382.36,380.72
2006-04-01,2006,4,287.808263766239,258.440507664554,0.00999910859848764,24.9104170084897,0.532575619155984,59.9279698483264,342.419168474708,398.553825105213,193.045114722591,26.6895956779042,101157.436657163,244.405169312292,34.0077597287656,316.429270974554,398.528952112716,3.92234154683671,3.30724965197168,11.2809917460461,-44.0418905388396,25.965024507657,-18.0768660311826,382.69,380.85
2006-05-01,2006,5,288.697057256353,258.665006893963,0.0100416900794396,25.0811280710508,0.531893448037783,59.4958851902547,346.028752640542,403.041728207352,190.065183897133,26.5608294752788,101147.391145991,240.635119934624,34.3406660493764,319.764827567299,403.066654028343,3.84756561541459,3.24254483610885,10.1732761232413,-42.7900994633934,26.288850894234,-16.5012485691593,382.64,380.98
2006-06-01,2006,6,289.542863237059,259.534318951326,0.0103252793671726,26.144469969241,0.555182019212445,59.4839663404689,350.856031702135,407.031776692845,185.590190110371,24.6337096594589,101133.023197916,237.294994040145,32.1004028214877,325.039214903333,407.07116825247,3.80250165304637,3.17685482993512,9.08157601414843,-44.2381107677452,25.856208358427,-18.3819024093183,381.77,381.15
2006-07-01,2006,7,289.707062135239,260.130989058411,0.0105609835140732,27.0624406524659,0.553639542392809,60.3356391569966,353.666302016944,408.046106170023,181.887405476388,22.1716399699291,101134.217285237,235.612030237803,29.2642397521318,327.711822423922,408.064885245866,3.79567346876133,3.13891826093209,8.77163588833267,-46.6320249792123,25.973258668865,-20.6587663103473,380.05,381.26
2006-08-01,2006,8,289.67223208942,259.973045396011,0.0105467668418373,26.8083491062294,0.552442189575606,60.13778394041,352.980691022272,407.868806667609,183.116970549975,21.0633958763251,101135.581499522,237.477703507153,27.6928898971203,327.058208240263,407.870304071562,3.82674672261829,3.16558138336172,9.35389364583058,-47.7312389363828,25.923980185962,-21.8072587504208,378.46,381.18
2006-09-01,2006,9,288.995843176634,259.4323476985,0.0102572450390693,25.8661486154546,0.539705241522504,59.6162239979731,348.815794586852,404.317167266213,187.760474979702,22.3803491462364,101145.479366008,242.153783153503,28.8923073716167,322.50898969727,404.318787824306,3.8952841330112,3.24030355342085,10.40665440809,-47.8813499484207,26.308425447675,-21.5729245007457,378.65,381.42
2006-10-01,2006,10,288.041964983214,258.875597716538,0.0100148934919269,25.1265775555736,0.544543014838785,61.4191976400583,345.119863826794,399.470573162896,189.636502726544,25.9529718441004,101139.36768783,247.916533878729,33.0256642986722,317.587466204088,399.457579965719,4.0165040991992,3.30682676376104,11.0918526967717,-51.2073386976132,27.519404425529,-23.6879342720842,380.12,381.7
2006-11-01,2006,11,286.961896963935,258.23949550712,0.00970693682500215,24.1464315069616,0.535017802183777,61.1993170426149,339.098414385668,394.140282088427,195.452259431696,29.8124713324714,101147.522398214,253.384638281754,37.0871423000951,311.809384812347,394.105320888925,4.1312465720736,3.4215710529567,11.0894344868641,-50.6577078824343,27.254068373819,-23.4036395086153,381.46,381.79
2006-12-01,2006,12,286.386366326377,258.141636283309,0.00966022248233789,24.0611734440469,0.549287439875872,61.500896179481,336.388544607873,391.247850978672,196.959117752863,30.1798212099297,101151.707288867,256.198073269419,37.1098288523926,309.522363858667,391.191989749119,4.18968628847657,3.45422751297307,10.4992208936489,-52.3089478740931,26.810319519653,-25.4986283544401,382.41,381.93
2007-01-01,2007,1,286.264466768807,258.474076053667,0.00971374474877202,24.1553779392981,0.539511498592223,61.5443692542527,336.410446897685,390.76207250831,194.970500710606,28.1282535218089,101159.489328584,255.390334474584,34.952519133327,309.734244387937,390.735152244201,4.18578497539268,3.4294649077751,10.7006904459152,-53.5955681524599,26.649282245639,-26.9462859068209,383.03,382
2007-02-01,2007,2,286.260551787219,258.120824562583,0.00977457510909108,24.1904789005701,0.518904189786422,59.9513358019475,335.935391257834,391.374834003163,196.565442207574,26.8947276673337,101163.580406289,252.681866526069,33.455852053986,310.43297632859,391.347936984423,4.12264548426965,3.4323786491713,11.4933143543463,-49.5552999318427,25.475517910504,-24.0797820213387,383.54,382.13
2007-03-01,2007,3,286.891416232751,258.324778439127,0.00991558041868502,24.5615573718196,0.530570407088405,60.0450673300124,339.24943517593,394.427705656733,193.99460625981,26.2707147855064,101168.268254742,248.459466394456,33.332771843999,312.998153371682,394.398478661814,4.02405083694538,3.36372941205551,11.8765128569296,-47.4028030761534,26.222054809329,-21.1807482668244,384,382.34
2007-04-01,2007,4,288.013688963154,258.417565197961,0.0100260627701612,25.040696282121,0.520544429149284,59.8227782411946,343.524898263611,399.589020499621,192.884654524874,26.7174316018631,101158.146721629,244.287752515598,34.1580736545897,317.192399177284,399.576113867235,3.92358555657456,3.31148694897361,11.3050009982104,-43.9624559379974,26.319592453941,-17.6428634840564,384.27,382.44
2007-05-01,2007,5,288.80146814202,258.938875996436,0.0101704867114631,25.4687592608337,0.530413552690911,60.2590443423618,347.124893071077,403.171255559623,187.970139660682,27.0909228617671,101138.434236715,240.525437491045,34.8003050332583,320.739132177846,403.174375499638,3.85677507358312,3.22304510924476,10.2566287837478,-44.8459156588718,26.388880833246,-18.4570348256258,384.12,382.49
2007-06-01,2007,6,289.467347243998,259.731326172217,0.0103484293285013,26.4043882924556,0.555118719669232,60.4009887446504,350.981876099129,406.551969892312,183.886033832762,24.1589094917125,101130.786593992,237.221089643094,31.8919969167059,324.961174308583,406.558507986074,3.81223076830076,3.16405603996771,8.99767909439994,-45.6019683853386,26.027239884308,-19.5747285010306,383.26,382.69
2007-07-01,2007,7,289.788181129077,260.218472871433,0.0105665023470637,26.9704028515653,0.553559805929761,59.9303007091941,353.143472737005,408.186377163162,182.287709736484,21.8956518642728,101135.340171105,235.668011253092,28.7882871013578,327.777148588028,408.192078481895,3.80690759832529,3.15078103909028,8.61943984487719,-46.487666279523,25.37202546771,-21.1156408118129,381.55,382.82
2007-08-01,2007,8,289.618379183891,260.179942670331,0.0105492105467835,26.9755786770976,0.562978395175319,60.8072820942736,353.498636894826,407.43932152061,181.780094701772,20.6374778474283,101132.117408922,237.246421833235,27.3101716353472,327.049463872735,407.445198399778,3.82911663196549,3.15338465235595,9.12552697215804,-48.7936333435441,26.455049901259,-22.3385834422851,380.3,383.07
2007-09-01,2007,9,288.867455876959,259.374363009154,0.0102149159590699,25.7876791836793,0.553019721588291,59.7118686373904,348.433283225916,403.75613027389,187.005395707848,22.4205388754165,101139.415368727,242.139247482493,28.9422379729158,321.84183855863,403.764136870652,3.89401220701149,3.23000026167276,10.2910059779492,-48.6121526771457,26.599451264048,-22.0127014130977,380.69,383.47
2007-10-01,2007,10,287.945950753805,258.665929021761,0.00983978246814061,24.5645438935768,0.538660486107095,59.9989758381955,342.847875947895,398.755996806721,191.937389452182,26.5153528546891,101138.069235511,248.22665922742,33.3639593545513,315.876659731228,398.75596226799,4.00065345925747,3.32033797706015,11.1397385016897,-49.4406632753758,26.971181677936,-22.4694815974398,382.11,383.65
2007-11-01,2007,11,286.806320775708,258.081528604392,0.00956836427748237,23.7829361323195,0.539070909611118,60.8196138614148,337.339636644336,392.967539652399,195.22066452983,30.4085546923293,101139.294797864,253.535888522645,37.5220362333327,310.293121065272,392.965776532063,4.11203794970612,3.3981517726941,11.2322819288458,-51.2017424518116,27.044752458728,-24.1569899930836,383.45,383.73
2007-12-01,2007,12,285.992396686051,257.980598192404,0.00948349708775137,23.6270323650897,0.538674255717064,61.9823653102129,335.20416138149,389.288426881268,194.888499929313,31.157369203802,101146.349198144,256.315138237426,38.612001297154,307.683509646929,389.279584383037,4.18216497724523,3.42117780843423,11.0753292750611,-53.972006214761,27.51180923633,-26.460196978431,384.46,383.96
2008-01-01,2008,1,285.592298438956,257.706181048324,0.00956012724600955,23.799598828744,0.532295840185312,61.5823270523042,333.44453030453,387.832994261452,196.193078828247,28.5663125812371,101162.16921447,255.58635026656,35.546364676444,306.934181399186,387.814153322353,4.176661232463,3.43747982981559,10.9190685108294,-52.4132193431061,26.491507966245,-25.9217113768611,385.23,384.21
2008-02-01,2008,2,285.880668630163,257.848854073115,0.00959194566460514,23.7554527663768,0.536394518490644,59.7846380998997,333.805959889602,389.372078813273,196.140547252327,26.8755241629011,101164.404815624,253.030652678485,33.6287971758012,307.836604146271,389.347180609478,4.11827807008582,3.41632502489178,11.5871421466586,-50.1368324132579,25.944457539536,-24.1923748737219,385.74,384.36
2008-03-01,2008,3,286.8879100397,257.778184841647,0.00973285156111004,24.1514052707804,0.519819758353814,59.9530119293989,337.762538011125,394.276990198441,195.58780096573,25.9985288052338,101149.72323287,248.653893746428,32.9676877292963,311.825897443968,394.260012069415,4.02919307393167,3.38796750107448,11.8840538783847,-46.0969338566355,25.919662438131,-20.1772714185045,386.15,384.51
2008-04-01,2008,4,287.731800474048,258.128952576283,0.00981779479150543,24.4602540063051,0.520125594230221,59.5846892509469,340.852909291629,398.17968039785,194.11950879821,26.9533218299881,101143.75375486,244.711946072813,34.0982687919065,314.881603052471,398.173691924847,3.92975095750941,3.32635939978514,11.4092681705163,-43.4474903126846,25.965317766155,-17.4821725465297,386.53,384.73
2008-05-01,2008,5,288.66882722415,258.498893292416,0.00996699457524586,24.9271649001703,0.51434392930156,59.7265785277177,345.37380944566,402.825330492391,190.50940374424,26.462234671567,101137.701556319,240.717099864682,34.0103927491157,319.194600979231,402.837288178937,3.85812252642637,3.25738094702419,10.1199436049685,-42.6595380428933,26.191166152975,-16.4683718899183,386.49,384.86
2008-06-01,2008,6,289.300091811954,259.309963632926,0.0102277250302683,25.9029731244989,0.537878504399937,60.0100820883579,349.483806562669,406.00600494306,185.664835577236,24.3783839671277,101138.983671347,237.489299171215,31.5793815851571,323.560021807853,406.013896914298,3.81158229134791,3.18358318818586,8.9453432549141,-44.6234659759496,25.931676726054,-18.6917892498956,385.58,385.02
2008-07-01,2008,7,289.708150033264,259.863216306923,0.0104536390494928,26.7002339077212,0.550150000649988,59.6645976495667,352.341308408192,408.211111525136,184.06130021086,22.2052173273297,101135.30506521,235.929751928852,29.0302309592053,326.778579778893,408.219160025516,3.80600917038211,3.17265177038836,8.70483007884551,-45.0434380861164,25.570777129679,-19.4726609564374,384.1,385.42
2008-08-01,2008,8,289.491544181223,259.715496261793,0.010504253780037,26.8542865729554,0.546271857377399,60.1593141741067,352.041746902373,407.179948651278,184.475835261396,20.9020149201724,101138.968764394,237.55134146939,27.4193716759596,326.110915771331,407.186641297806,3.83345040176104,3.19001621894921,9.24317955739044,-46.5581494522068,25.93752377757,-20.6206256746368,382.77,385.57
2008-09-01,2008,9,288.900287648836,259.340741787823,0.0102308980387751,25.8422168209168,0.540848897726748,61.2574734400644,349.12965551946,403.98630030161,186.185269027103,22.041491768495,101141.34738265,242.221338864111,28.7048591611855,321.905551396103,403.991193748718,3.89895481205819,3.22558458211293,10.2174067685292,-49.3727024443175,27.228997570465,-22.1437048738525,382.54,385.28
2008-10-01,2008,10,287.968224503663,258.556781866906,0.00994209553466496,24.9775368864729,0.537966583936163,60.7820721918554,343.809533380043,399.161419837253,191.039748329289,26.2049580432836,101145.068131968,248.20578042286,33.0926779167956,316.649136897905,399.163023585136,4.01402280595506,3.31985837973447,11.0598075631931,-50.278312220059,27.162000230021,-23.116311990038,383.67,385.14
2008-11-01,2008,11,286.873425655454,258.213929608656,0.00966749681926101,24.2495963223043,0.538568538236581,61.5574316341212,338.934444889989,393.529652853369,193.714309183508,30.007372298004,101143.479297286,253.486827920424,37.4403897803284,311.436709787331,393.525610946137,4.13474860375552,3.39884442998661,11.2296104633381,-52.3395012545916,27.493693195426,-24.8458080591656,385.18,385.4
2008-12-01,2008,12,286.053064632122,258.069231470701,0.00950730024710548,23.8172226557302,0.523317033525651,61.9570007920753,335.330578594928,389.969049076556,196.322272246577,30.4947241150524,101155.503491052,256.374042136062,37.7554249944812,308.185848518077,389.96303902471,4.19650948609347,3.45121769540167,10.8028535428766,-52.7910690100562,27.1387200250049,-25.6523489850512,386.27,385.74
2009-01-01,2009,1,286.085017913115,258.032634775278,0.00959198932338466,23.9670193823085,0.533840640043884,61.0995747720674,334.439117273898,389.98975577222,197.325101159477,28.2500548397701,101156.033462726,255.587670854567,34.9306644372631,308.43671858092,389.977274215901,4.18858211177394,3.46389001126841,10.4495817936053,-51.581960097597,25.989917136659,-25.5920429609381,387.03,385.98
2009-02-01,2009,2,286.187037797694,258.028036049062,0.00977316658447521,24.4848754897233,0.52727755370015,60.9519704863618,336.074314085174,390.822091997753,195.391024061564,25.7494826294188,101168.121330095,252.553371870258,32.3000600683639,310.120526854815,390.804806529202,4.13212553468635,3.4270939151026,10.8163136593726,-50.6117703697489,25.936501761808,-24.6752686079409,387.48,386.07
2009-03-01,2009,3,286.748214995169,258.103685159545,0.00982428894077982,24.5393188349307,0.516312135819056,60.8160954735165,338.497487014269,393.784151856751,194.068038500156,25.1476110582902,101171.108872423,248.405726555877,31.9507778962536,312.174330250403,393.770029191948,4.02074248755329,3.36487848868015,11.3358648643206,-47.5345212177576,26.309034099063,-21.2254871186946,387.71,386.05
2009-04-01,2009,4,287.725618501272,258.335961386569,0.010002133139036,24.8788257785239,0.528033435826846,60.2216067350218,342.131757506183,398.331516389409,192.125154855044,26.0104603119184,101161.754658833,244.393711736629,33.1116470484135,315.900820448193,398.328155015269,3.91927009599647,3.29378679211409,11.0277472016345,-45.1673701450899,26.22757568385,-18.9397944612398,387.99,386.18
2009-05-01,2009,5,288.692395641464,258.77018823641,0.0101425079107077,25.3288135207922,0.533135575521448,59.4587128684752,345.940112357293,402.81917288225,190.954867528771,26.9246653378094,101147.93820613,240.731132682635,34.3200609391493,320.063044244031,402.847460465769,3.85726114854477,3.26341965703258,10.1814872530935,-42.3808695525241,25.905355696781,-16.4755138557431,387.95,386.35
2009-06-01,2009,6,289.367309029614,259.350063171217,0.0103568768869092,26.2114473838566,0.534832473989426,60.1375601889356,350.481345145854,406.477485360927,185.538165652399,24.7554368281822,101143.518254558,237.462444156955,32.4158133459505,324.605356998111,406.48916478882,3.82063368100881,3.19375911102943,9.18875678450808,-44.2639019867877,25.887667575636,-18.3762344111517,386.96,386.45
2009-07-01,2009,7,289.753596452997,260.310799747659,0.0105904810598443,27.1661257580034,0.553442691110857,60.1943457031428,353.518399333814,408.233815634481,183.184807389591,22.6594220177503,101141.04560803,235.868543696192,29.763272529123,327.891142264409,408.240244140314,3.81330939128642,3.16979560322144,8.9418920151162,-45.5798857952283,25.633685575238,-19.9462002199903,385.01,386.43
2009-08-01,2009,8,289.556117843383,259.948216399453,0.0106236199677326,27.134282021437,0.542963963237308,59.2496754805463,352.525536084438,407.518096448736,185.090797766386,21.4742798711647,101150.481081652,237.518315038423,27.9059306760866,327.284016839967,407.523236081961,3.84027732560176,3.20470504197416,9.4646707161172,-45.9958664671151,25.2466588776959,-20.7492075894191,383.63,386.5
2009-09-01,2009,9,288.914993298901,259.614795203666,0.0104371365718814,26.5194241835116,0.550445745828918,60.7210096225972,350.272263977176,404.073034115486,185.97790220611,22.5460501207099,101152.465236134,241.912217115479,29.2911189169643,323.543979066626,404.081186167994,3.90519412699696,3.2308855882127,10.5408188416406,-49.1892461131146,26.7364369630581,-22.4528091500565,383.93,386.65
2009-10-01,2009,10,287.845569119506,258.667512083652,0.00996288385000496,24.9000929681345,0.533433407522148,60.8894198998633,343.744750696754,398.681821792418,191.729643396337,26.6507937286972,101142.448259619,248.237719473809,33.7680234387868,316.363978369012,398.687865156457,4.01408434802918,3.33321461733785,11.3254880830532,-49.3908463673824,27.386815691781,-22.0040306756014,385.49,386.91
2009-11-01,2009,11,286.874026785525,258.294328587989,0.0097520739111339,24.378631877396,0.53817433750361,61.6938763911755,339.060313533472,393.905407536562,195.570502060921,30.4789740553856,101143.442024579,253.40601717337,37.8969507252555,311.905732887486,393.901260923404,4.12702448210749,3.42017086297518,11.3370708950804,-50.4175384425791,27.150434032828,-23.2671044097511,386.94,387.12
2009-12-01,2009,12,286.142984308259,258.000194817843,0.00964579194170581,24.0074717808251,0.526841613139273,61.5850200483291,335.360891594441,390.708044051163,197.873789976101,30.9276455141697,101151.574777698,256.265151322508,38.0152951786554,309.138968009226,390.695244797087,4.19309052517681,3.47053226644677,10.7457640801799,-51.3037116819213,26.209124331139,-25.0945873507823,387.84,387.28
2010-01-01,2010,1,286.009741175394,258.465880031632,0.00969545322257441,24.3306293648229,0.565972514292568,62.1359658846231,334.396247803424,390.213558826417,200.508126429863,29.0329403951103,101145.664532653,255.384715114386,35.372097040428,309.39878655899,390.194222285577,4.18802176445999,3.51258686856497,10.6234079047949,-48.5374320392053,24.9781247035939,-23.5593073356114,388.62,387.61
2010-02-01,2010,2,286.308255446872,258.396582271582,0.00991783908348701,25.0253452669336,0.556064277760487,64.5202884281557,336.686619544351,392.00191862968,198.808370947583,26.386330621612,101148.05857921,252.273998593344,32.7359798300056,311.882889833919,391.978106513158,4.1305531198373,3.47772249786447,11.0607539583207,-47.1159784373674,24.77991759391,-22.3360608434574,389.33,387.95
2010-03-01,2010,3,287.011259008279,258.59405278515,0.0100299213909168,25.1986430753657,0.562590009638806,63.6051363190916,339.222420259218,395.249926534945,197.408003381017,25.7024613228846,101142.801632183,248.191520183694,32.1096281596815,314.239966391883,395.233154247074,4.02472748847859,3.41557263334322,11.4558549297532,-44.3763499658801,24.965681579464,-19.4106683864161,389.68,388.03
2010-04-01,2010,4,287.891734535514,258.619635288211,0.0102149391011405,25.9222171993853,0.551207872949029,64.4776355027617,343.920521707079,399.59987840072,194.306017083399,26.3263621777205,101146.812821609,243.826646325714,33.269388595337,318.477729182879,399.592752013911,3.92009754494067,3.33393206442248,11.1119355575003,-42.5776028246985,25.435666137391,-17.1419366873075,389.98,388.17
2010-05-01,2010,5,288.680041923796,259.33357835582,0.0103471207522467,26.3305846883787,0.563484531232909,64.1554273591129,347.863277514205,403.214466816248,189.386536749807,26.4984148402841,101134.828914345,240.019502644616,34.03173940138,322.004972358139,403.228227734799,3.84778397333343,3.24450575520887,10.1550400842687,-43.0996413337131,25.872066074617,-17.2275752590961,389.95,388.35
2010-06-01,2010,6,289.311388093373,259.900721616767,0.0104495328850543,26.9408251495513,0.561635913993277,64.1534403087944,351.547245543894,406.405869322989,185.431080243892,24.6047666649335,101129.824416248,236.969185306455,32.1773839421089,325.762361493228,406.419999007812,3.80889246688067,3.18995562684832,9.15949741509045,-43.9654877853876,25.799013735489,-18.1664740498986,389.01,388.51
2010-07-01,2010,7,289.528006429748,260.417882671675,0.0106496043333446,27.8756982749548,0.584858515665694,64.2496726793135,353.99005894939,407.803824358845,183.649972833756,22.6232898027842,101132.36293383,235.316733856663,29.5241119619693,328.533281114853,407.817144152192,3.80348580335881,3.17569475159668,8.93651747921264,-44.7659388637219,25.4700976278839,-19.2958412358379,387.35,388.74
2010-08-01,2010,8,289.418646356682,260.230703151546,0.0105786548310748,27.5001517760316,0.583100594985317,62.5799825235719,352.170686685943,407.084536387684,186.637813380879,21.5226384987474,101131.001927514,237.243175789011,27.8426066965252,327.283479955463,407.094746913967,3.83188793459807,3.22144613590591,9.48584561120944,-44.2853942103542,24.897417256763,-19.3879769535912,386.23,389.04
2010-09-01,2010,9,288.759534662502,259.653586388403,0.0102741244885149,26.304801544874,0.576634833926129,62.7390131754683,348.261758435104,403.371944399038,189.923801352496,22.7475998625331,101127.030548686,241.967489188363,29.1917257692145,322.455586126815,403.389473715334,3.89349116438826,3.27237932498982,10.5378851269,-45.5995619291856,25.8237016245851,-19.7758603046005,386.7,389.4
2010-10-01,2010,10,287.789339352585,258.697061621262,0.00992411324327387,25.1610011688471,0.565042231705868,63.2535771205119,342.956619459107,398.348987855193,194.041637065036,26.9931269744085,101125.685884705,247.996807666066,33.792221070488,316.567176840373,398.359053174654,4.00346417078838,3.35597619049324,11.4003469865896,-47.1560765049505,26.399507938195,-20.7565685667555,388.25,389.67
2010-11-01,2010,11,286.812813126857,258.230605027001,0.00961850769618114,24.2211407912698,0.561172957545683,63.641778261069,337.836553095774,393.429424546153,197.777924747748,31.1175092840114,101121.604261454,253.478847805812,38.2313247659371,311.157613715282,393.435539899776,4.12102104661313,3.44480336191919,11.4126022613038,-48.5871075761383,26.685054734115,-21.9020528420233,389.62,389.8
2010-12-01,2010,12,285.924554908666,258.081223311419,0.00942582576074207,23.7917419605443,0.549920006436669,63.8857672716002,333.185962147639,389.371112066993,200.539965842904,31.6679885904359,101131.353983191,256.363957080985,38.6365476980733,307.555654760688,389.365072239771,4.18769840462665,3.50192408651414,10.9467530718646,-48.8554321304436,25.6242675597289,-23.2311645707147,390.34,389.8
2011-01-01,2011,1,285.593807705644,257.778187388451,0.00953303078472172,24.1404669031784,0.55312619138615,63.9702607336614,331.440621338924,388.078844475486,203.048283764945,29.3554651544585,101151.555707202,255.33792746833,35.575784854433,307.504829897757,388.052547470099,4.17654983789586,3.53155696687486,11.0935847303781,-46.0693240034105,23.90949443578,-22.1598295676305,390.85,389.82
2011-02-01,2011,2,285.802401973375,257.85193233775,0.0096709707336762,24.2167440936632,0.555928889123585,63.0445761047696,332.651184326803,389.505122117817,202.025809452393,27.3019795313374,101142.248430164,252.602293429936,33.4943484307673,308.787914395071,389.478416427815,4.1106442913159,3.49557302494848,11.6783638774695,-44.3841150781131,23.8365642417299,-20.5475508363832,391.29,389.87
2011-03-01,2011,3,286.570522692322,257.781741093321,0.00977156308857729,24.5889226062784,0.549874251068564,62.0778323193573,335.363596687628,393.05933311247,201.928970895086,27.2779153252334,101151.131683701,248.649986509496,33.7336760283671,311.434338360854,393.03364899693,4.0256528885227,3.46782796824506,12.2089120401262,-40.2652549112763,23.9035742112341,-16.3616807000423,391.66,390.03
2011-04-01,2011,4,287.607492758037,258.117897025102,0.00993460168952809,25.1200330170376,0.548561461981094,63.9841449370086,340.328614286483,398.011169060034,197.923664764653,27.1571667920642,101134.778193819,244.408589919793,34.0496878828445,315.890719637785,398.002104894798,3.93557650960305,3.38457376553527,11.3890598502812,-39.5924040643597,24.428830483462,-15.1635735808977,392.05,390.24
2011-05-01,2011,5,288.436451806188,258.760134580974,0.0100566407162936,25.6141135062119,0.546401909577751,64.2410367926838,343.568894055998,401.808752859199,194.464371126702,27.255892495421,101128.915940389,240.528839630258,34.1260917214004,319.531866683758,401.816499330973,3.86673477215956,3.31424262452985,10.1879227226313,-39.1942692775766,24.044773844014,-15.1494954335626,392.08,390.45
2011-06-01,2011,6,289.241454990254,259.74487559417,0.0102942426414859,26.3351940932143,0.567104781552274,64.1694480317494,348.774637057827,405.848149887071,187.773082418076,24.6963084608627,101124.49000762,237.316802357115,31.7125345525956,324.284507864542,405.863352802138,3.82496529883889,3.22177065866631,9.01753137945791,-42.5274938473061,24.5053321083521,-18.022161738954,391.14,390.63
2011-07-01,2011,7,289.604862547251,260.181391806547,0.0104660150129695,27.0204662301317,0.584560138945222,63.4339575263532,351.038900293518,407.610447254111,187.23065607878,22.7653981188724,101122.018869795,235.810094434337,29.233253657781,327.178961625413,407.618354392715,3.82366168359813,3.22857110598215,8.81447568459894,-42.1115828166484,23.8678458067089,-18.2437370099395,389.2,390.56
2011-08-01,2011,8,289.427266652102,260.030348900564,0.0104781028950815,26.9295094505121,0.581083266228028,62.7633437516541,350.03714081517,406.738503591764,188.703578516601,21.5022433458007,101121.877992763,237.494124232036,27.5383096059717,326.24422856316,406.746976295429,3.84429809978615,3.25168983064056,9.35804810876914,-42.754479455264,23.801384955675,-18.953094499589,387.87,390.65
2011-09-01,2011,9,288.695186720879,259.316357670542,0.0101427205382718,25.7035679416883,0.56543103845095,61.8149975442611,345.083226579241,402.939256386485,193.808832707885,23.0135063025353,101123.639815762,242.338937036751,28.9572834802089,321.007132107457,402.951179046314,3.90379675147037,3.32268099501304,10.4634467424567,-42.5863271511924,24.088017131613,-18.4983100195794,388.27,390.98
2011-10-01,2011,10,287.700957872813,258.40817436564,0.00981655979151134,24.5844353108018,0.547986913251649,63.4759152754348,339.957654240543,397.849222086017,198.162254257595,26.8778660972722,101124.181557377,248.250331010152,33.4060642258254,315.087310739492,397.857128735318,4.0124202643665,3.41174472734988,11.3303461933442,-43.5598786240038,24.878250150352,-18.6816284736518,389.83,391.29
2011-11-01,2011,11,286.484060672277,258.020758061334,0.00954499813526349,23.8843185883306,0.562518674606022,64.8936309560451,334.483680857511,391.849894682469,201.649016379097,31.2475134126584,101131.251224604,253.626518034046,38.0971670918091,309.52646860005,391.846944961797,4.12564173375693,3.49167552939329,11.5992495154158,-45.1278479757983,24.954262536789,-20.1735854390093,391.19,391.42
2011-12-01,2011,12,285.859290498039,257.939161026529,0.00942815826153362,23.680603174944,0.551057132283443,65.6084290405102,332.199749945055,388.753646861789,200.924029370065,31.7371241967702,101131.847428072,256.42236079115,38.7310028756239,306.987604560593,388.748480322647,4.19280784026215,3.50397223919699,11.1571237036658,-48.5044527422313,25.20697884532,-23.2974738969113,392.02,391.51
2012-01-01,2012,1,285.553530895956,257.544767817057,0.00938138564373302,23.4291711097217,0.539568753878723,65.0422510825436,330.014821003095,387.877534554778,203.213491209151,29.6942556302492,101138.912852084,255.959283584584,36.0357106456765,305.936686616849,387.864678277272,4.19971843267071,3.54446205902368,11.0251684254154,-46.4043373600057,24.06527810874,-22.3390592512657,392.61,391.56
2012-02-01,2012,2,285.813906626972,257.538812839533,0.00951910083622276,23.932480237348,0.533849355600555,64.2490743606554,331.014650903749,389.312067315388,204.75826982453,27.7708522747592,101149.888169077,253.062696491821,33.8571941660669,307.747419887695,389.293281199307,4.13295895746532,3.54500955685137,11.7236939372434,-42.2180847759833,23.248444899973,-18.9696398760103,393.2,391.79
2012-03-01,2012,3,286.517334774632,257.865092500744,0.00970674575234052,24.3056176996049,0.554597597173194,64.6030301982101,334.770460407312,392.643616163222,201.331397846002,27.1924476706811,101144.736863551,248.788075282174,33.6924741142584,310.759339473884,392.622912948447,4.03379158498559,3.46432051251076,12.1577849034997,-40.9566509925947,23.990417718653,-16.9662332739417,393.72,392.08
2012-04-01,2012,4,287.676224151768,258.308410849896,0.00986514969264431,25.0967329468098,0.546150780968607,65.0473015937701,340.324797060455,398.303435206608,197.911059358329,27.3481894348406,101131.896445712,244.284178557986,34.2185547371596,316.07173147482,398.300699606211,3.93477598647794,3.38432299332929,11.4843892335582,-39.502753897338,24.250329985238,-15.2524239121,393.99,392.19
2012-05-01,2012,5,288.688697047831,258.773862298798,0.0100499705126433,25.546620168487,0.544579123339463,63.0650387575812,344.024097987901,403.131867563253,195.692913586718,27.3009545731104,101124.883734791,240.504581816484,34.2628675751051,320.21290222131,403.138056857349,3.86079440225756,3.32752696255376,10.2502218966705,-37.8497552277713,23.8173850606869,-14.0323701670844,393.88,392.27
2012-06-01,2012,6,289.33227090675,259.643036004328,0.0102712291701336,26.1570221047948,0.565914599206635,62.1791483172504,348.15826013769,406.335699001954,190.277383310177,24.5799994134712,101122.74516307,237.31307527901,31.3213955439333,324.377610600659,406.35097847512,3.81839203780871,3.24749085845222,8.97404368895035,-40.2942958383709,23.7959290101969,-16.498366828174,392.84,392.35
2012-07-01,2012,7,289.560465872611,259.949972525378,0.0105245996353282,27.1933063867317,0.575820584598761,62.9424324325387,350.749836056043,407.574717757063,188.264288453976,22.4586914988147,101129.754512509,235.678255854034,28.7572212601579,327.321712438252,407.591093192414,3.815271523505,3.23429255759357,8.74502922248259,-41.1154376387148,23.444499053142,-17.6709385855728,391,392.42
2012-08-01,2012,8,289.479651496608,259.898864635149,0.0104500763102685,26.7467289163179,0.573140858759142,62.7753676100399,349.920573058225,407.048303777642,189.926462582892,21.3861968849135,101124.546544842,237.642498607067,27.3352303793283,326.130063927986,407.063815927851,3.84416043005336,3.2673457076192,9.29249546112595,-41.7670025297602,23.806021280448,-17.9609812493122,389.89,392.73
2012-09-01,2012,9,288.806491942847,259.438630428834,0.010187831607688,25.7385007750599,0.570148031536962,63.8657844355993,346.370585903017,403.706063451208,192.704761247092,22.781156310055,101124.151983231,242.353543900532,28.8585869669731,321.660012878363,403.724699680665,3.90674593198849,3.31274239109872,10.3051843172558,-43.5713519965219,24.729209254111,-18.8421427424109,390.55,393.26
2012-10-01,2012,10,287.900313725844,258.663016765292,0.0098592265498493,24.7609007675651,0.540903501604998,64.5839586326907,341.147027960787,398.889339104002,198.356126252637,26.8796884743331,101121.153883598,248.250384058245,33.3881098784222,316.293714159218,398.904778527729,4.01293558632783,3.41484851882152,11.2621041785825,-43.3858364015189,24.868753225296,-18.5170831762229,392.16,393.58
2012-11-01,2012,11,286.765870969212,258.140816673836,0.00963623762722754,24.2584089918467,0.545464646175367,66.0619850977894,336.475328690504,393.42052559402,201.474052834575,30.8720819255213,101130.653206822,253.323795200564,37.7019498196472,311.428427313325,393.423667139112,4.1139352284691,3.48305226122682,11.5051538243265,-45.0198744718631,25.050042922271,-19.9698315495921,393.56,393.73
2012-12-01,2012,12,285.821565811356,258.053191644111,0.00951555081424046,24.0030208499659,0.548533719545187,66.9898681550419,332.665536555863,389.17848279533,202.386808190548,31.4118180391495,101139.087896244,256.071203138925,38.1663313270703,307.99314642028,389.171847811894,4.18631284497914,3.52581013176667,11.1446887723618,-46.9298816604562,24.665755152147,-22.2641265083092,394.39,393.82
2013-01-01,2013,1,285.802050932093,258.376191150819,0.00951598580554715,24.0194446505846,0.557196915744918,67.3455832231491,332.964500936736,389.073506163219,199.925576458516,28.9655738608884,101136.764741768,255.411362025921,35.5677585765603,308.20026470416,389.058782738229,4.19264084962763,3.5014034993872,11.0677517409922,-48.8836008517331,24.749512807586,-24.1340880441471,395.07,394.09
2013-02-01,2013,2,285.962895145671,257.951383532718,0.00963305422790414,24.1961256140271,0.541968236908173,64.7876910038707,333.209165149222,390.221215672772,202.11204490177,27.4152277347837,101142.229803391,252.768018255437,33.6855586586833,309.186705494058,390.202823877263,4.13062579272254,3.51152925012431,11.6887421910542,-44.3856424297674,24.0040678596549,-20.3815745701125,395.69,394.34
2013-03-01,2013,3,286.649741270246,258.110791361443,0.0097971513352629,24.7371156659061,0.532200161307975,64.2919361819883,335.557534882444,393.561148975682,201.41836658228,27.2509654486661,101139.125402076,248.629646016401,33.7229087746076,312.0453658642,393.541021236128,4.04085569902701,3.47394838725761,12.2128818954012,-40.7393361081795,23.49204127869,-17.2472948294895,396.28,394.66
2013-04-01,2013,4,287.548612671314,258.361784437832,0.00988557749479073,24.8560524254757,0.531060664824234,64.7359587203542,339.517383269242,397.779589218736,198.262575956972,27.9704244246681,101135.390097637,244.644333129092,35.060020591639,315.243932163848,397.7715892155,3.94141576080482,3.3897558028642,11.6960909747332,-39.2921610051491,24.265451102158,-15.0267099029911,396.74,394.93
2013-05-01,2013,5,288.511745670204,258.772533334767,0.0100761831092069,25.4928979160562,0.543020821821975,64.7313366168711,343.962492477747,402.378632765853,194.131254680078,27.3742509349079,101125.621652259,240.531256544936,34.3997208747597,319.700935739299,402.385512310236,3.85850011465284,3.30545166774751,10.2812505772393,-39.3745319250062,24.268436282831,-15.1060956421752,396.75,395.13
2013-06-01,2013,6,289.308246602815,259.725969016912,0.0103091011599852,26.3203886741252,0.560635776658914,64.3048915909613,348.660083286899,405.984626835305,189.134253748457,25.0259805337724,101121.102371453,237.32398250313,31.7966090248258,324.371629085643,405.994430848672,3.81296395338939,3.22848379069679,9.08418688924803,-41.4191002636196,24.298258214623,-17.1208420489966,395.96,395.45
2013-07-01,2013,7,289.427779953892,260.056515825395,0.0105166896813921,27.1763668874184,0.576791140687705,63.7885309016277,350.987602166527,406.922541083548,186.777741798862,22.5554226483869,101122.235019764,235.606442117047,29.0997434476086,326.958192473898,406.932265099706,3.80525097772902,3.20922988977251,8.86049072943758,-42.2843795189633,24.0391337087869,-18.2452458101764,394.48,395.83
2013-08-01,2013,8,289.440874701972,259.902074664254,0.010505915171992,26.7863333607648,0.57602281894432,62.6148584409176,349.584632679748,406.911878211155,190.634260576899,21.8034499978102,101117.637875766,237.598583669976,27.711667095487,326.167738372065,406.926611652155,3.83951815481095,3.27103268700067,9.51618449343283,-41.0561059954002,23.431627748683,-17.6244782467172,393.24,396
2013-09-01,2013,9,288.901520921779,259.422246847391,0.0102492874820592,25.9513106849116,0.573140806467629,63.0302455069565,346.455829534672,403.993627319343,193.903016413848,23.0308358709906,101114.191884052,242.207069882391,29.1603273652393,322.25068464264,404.013641321335,3.90887214664366,3.33199519346273,10.579635671973,-42.1745619742943,24.225158894024,-17.9494030802703,393.21,395.88
2013-10-01,2013,10,287.729559961616,258.604497648629,0.00987233119936847,24.7499335392327,0.550826124414803,64.4560543824041,340.546044106722,397.99498259077,198.596094117311,27.3054795825177,101115.826276775,248.29463530639,33.7454306460674,315.722892662173,398.006781457723,4.01956342467465,3.42184741998765,11.4743972955221,-43.2585901255293,24.8349503115019,-18.4236398140274,394.5,395.93
2013-11-01,2013,11,286.75199601439,258.036263784698,0.0096253438415016,24.0898886791333,0.556697640709179,65.4491742912501,336.432647098786,393.394772290619,200.788621294851,31.1260850159603,101115.108206376,253.497588381818,38.0933927966585,310.907064744351,393.397340612028,4.12520279675999,3.48170928895039,11.5350326279325,-45.7416593062688,25.528150675844,-20.2135086304248,395.96,396.15
2013-12-01,2013,12,285.997386642856,258.080024428822,0.00950322414328527,23.8468328158718,0.548356748064227,65.8511162546216,333.080791745496,389.712246522276,202.365028030441,31.7155370107914,101129.661230762,256.239273821548,38.6129276836926,308.202742322014,389.706514681865,4.19186189436811,3.52551763241028,11.1607360663697,-46.9768551182058,24.872317583071,-22.1045375351348,396.87,396.35
2014-01-01,2014,1,285.815108022139,258.095149742648,0.00952836640245404,23.8339112848103,0.54846421997892,64.842284075299,331.944677857691,389.220569083148,203.433142024334,29.4798062687471,101134.043520052,255.502306914832,35.7503952495613,308.009013869679,389.201069271199,4.1886762940465,3.54432971991284,11.0280365599082,-45.7985759096838,23.916164176063,-21.8824117336208,397.51,396.46
2014-02-01,2014,2,285.85813019465,258.094955025258,0.00962926056678519,23.9183001072443,0.537980941635061,64.2534693456923,332.23404262735,389.695419869492,202.687644557561,27.6188980125712,101147.84854281,252.874534131991,33.8137450145226,308.492473947135,389.673614820663,4.12326072550004,3.51034816928145,11.7169163107319,-43.9920425724786,23.7197636313859,-20.2722789410927,397.97,396.54
2014-03-01,2014,3,286.751913469999,258.043837480634,0.00981260998855189,24.541031131455,0.542290810387047,64.21649041076,336.279703336917,394.024802518763,200.833427476709,26.7435830251429,101143.070526568,248.49445118748,33.1831018057267,312.297184984339,394.006604472872,4.02864197650379,3.45667047148617,11.9972554693963,-41.2215049301872,23.964320306687,-17.2571846235002,398.27,396.6
2014-04-01,2014,4,287.729439256268,258.371082789214,0.00997948675828767,25.2067840950241,0.540457537004413,64.5420679564753,340.312932930664,398.791771317074,198.381737248096,27.2782925818071,101133.139592955,244.254551415271,34.140791268019,316.4919568094,398.783778081425,3.93181383182928,3.38576930072899,11.5092508461335,-39.0103154809631,23.812982885615,-15.1973325953481,398.63,396.77
2014-05-01,2014,5,288.68785284174,259.145159214622,0.0101673545446946,25.7661472883226,0.550311262478328,64.8354667573198,345.251848566528,403.219360783216,193.326142071856,27.0289184250587,101128.075323185,240.269765569381,34.2184287418167,320.914845559713,403.223466677581,3.85774967310469,3.29646032977029,10.2891370974023,-39.754113180767,24.34110890118,-15.4130042795871,398.69,397.03
2014-06-01,2014,6,289.300952467302,259.888369279538,0.0103928601621197,26.5769077587789,0.564727901490189,63.8329557395962,349.264169324478,406.265784155333,188.633141497821,24.9272616633922,101124.846117143,237.155125715178,31.9035654057149,324.942499543445,406.277935345674,3.81742029919597,3.22980180187131,9.12064359109512,-41.5456804750343,24.333820971374,-17.2118595036603,397.72,397.16
2014-07-01,2014,7,289.567307821615,260.234512355269,0.0105485403153662,27.0962012437323,0.573672866556989,63.9321497567337,351.380214101274,407.597696999585,187.016385793891,22.6498365171782,101126.939906909,235.641793633478,29.1579192752739,327.371833881078,407.606665938492,3.81068973784665,3.21678571484055,8.86602095981491,-42.1173250814913,24.017349159103,-18.0999759223883,396.13,397.44
2014-08-01,2014,8,289.54968104618,259.869588413689,0.010549605450712,27.0371095493587,0.569662326359141,61.4931026357848,350.296956651255,407.772292319259,191.132112470325,21.7811447665019,101129.177243271,237.39616160568,27.6886115625359,326.94946563684,407.784707071078,3.8401742310321,3.28232424067958,9.50783546388811,-40.356582339321,23.359905766234,-16.996676573087,395.02,397.83
2014-09-01,2014,9,288.923489799627,259.308966039598,0.0103058265943244,25.9882618105159,0.567382778124878,62.7096783727989,346.687729092497,404.313148492088,193.933129572525,23.0721841750803,101127.63378196,242.027139195738,29.1857579521946,322.58842470564,404.329788712069,3.90287691794323,3.32922574036355,10.59937431664,-41.9804358460987,24.115944606838,-17.8644912392607,395.12,397.89
2014-10-01,2014,10,287.873116400452,258.724549627296,0.00992266657421766,24.9212535456732,0.550966700102693,64.0927751095205,341.606270486573,399.054953968725,198.195972160191,27.0953740150566,101126.546420074,248.028840475343,33.666944603652,316.670798174597,399.065916399662,4.0119426479074,3.41546440650284,11.4693374889283,-43.2612977265566,24.946434742913,-18.3148629836436,396.38,397.9
2014-11-01,2014,11,286.653423033493,258.353123013259,0.009656508539409,24.2299675320809,0.548082671249452,66.0299468725785,336.247052878754,392.995467299872,200.528920289007,31.0188539866235,101132.730180938,253.262686702543,37.9071637340635,311.19988721339,393.002308439503,4.11857224327127,3.47546622987574,11.5389296424049,-45.845456666096,25.054006804995,-20.791449861101,397.86,398.15
2014-12-01,2014,12,286.090010473196,258.147636825642,0.00959788835504674,24.2285538123646,0.551059458474327,66.3625577909827,334.252978545066,390.326093572122,201.823616987511,31.7244369934636,101142.895306715,256.028398489503,38.5257582319939,309.208482685807,390.323632677065,4.18506317127349,3.51558202434626,11.0946967823033,-47.4034602634617,25.0420349642021,-22.3614252992596,398.83,398.34
2015-01-01,2015,1,285.876906775781,258.27829432683,0.0095563592800436,23.888671229065,0.550560118825877,65.5213711303345,332.47355172382,389.440047890317,202.72011823927,29.4582019158508,101137.063099988,255.500464791839,35.8438395086993,308.193344737691,389.424258855522,4.18886220307366,3.53504475977675,11.0316532589119,-46.3947089597205,24.264417951334,-22.1302910083865,399.56,398.52
2015-02-01,2015,2,286.17586542578,258.110712495342,0.00965821570587512,24.262229373201,0.541287558580479,64.2442353772874,334.007648109872,391.432883159948,202.559026044268,27.1918113717662,101142.805134061,252.509172202557,33.3312109644647,310.041861429909,391.413568898075,4.11522511622767,3.50971617844119,11.5432268194898,-43.8107465655905,23.94647241809,-19.8642741475005,400.12,398.69
2015-03-01,2015,3,286.86547236708,258.243395030947,0.00983328164425856,24.643363205504,0.546371376505287,64.2730242443854,337.12541512405,394.714525566138,199.905810494925,26.3698945152842,101143.239117723,248.332253745806,32.9178367106709,312.909830101057,394.696068695234,4.02181127937388,3.44118079555549,11.9427862155955,-41.8785010554943,24.197128152089,-17.6813729034054,400.57,398.86
2015-04-01,2015,4,287.689529850416,258.29091382613,0.00994134253746957,24.9718067025907,0.533899218577312,64.4728755819141,340.149375163334,398.740838893838,198.77362973735,27.259199648728,101137.047110525,244.377557178857,34.0796393699989,316.048914466641,398.726543773138,3.92790584570053,3.38958070713702,11.4647343434573,-38.7834877202361,24.086165575993,-14.697322144243,400.96,399.09
2015-05-01,2015,5,288.710146130367,259.071402260543,0.0102013995271474,25.7265131832633,0.539207389698704,63.9415099879029,344.760026460106,403.475345154878,195.535553238878,27.2316412300253,101131.30897136,240.356984385521,34.0953260273472,321.065659387389,403.472970447024,3.85191698057739,3.31934662833463,10.2722663957577,-37.9577463493211,23.691992364863,-14.2657539844581,400.91,399.27
2015-06-01,2015,6,289.43968668242,259.846623316362,0.0104642903839873,26.6402167761749,0.555801703882732,63.6839645941042,349.728993459043,407.08720867687,189.826809697311,24.7562454340723,101130.904235468,237.033978985816,31.5345650132727,325.666271967762,407.090355361256,3.81083933210721,3.24134861229368,9.03336677052044,-40.4288497093046,24.065868175667,-16.3629815336375,400.06,399.5
2015-07-01,2015,7,289.671590725107,260.083737560527,0.010634998536814,27.3090006040469,0.557166543514779,62.300974655222,352.013088620633,408.433686173641,187.430209950959,22.5851611864159,101132.458360054,235.454733058219,29.0113430316495,328.136176695636,408.442952828022,3.8059027705958,3.22207942520981,8.8286515661293,-41.5983412620264,23.8861785793781,-17.7121626826483,398.38,399.65
2015-08-01,2015,8,289.64992116273,260.042264635752,0.0106637460345955,27.3902663559675,0.567194039140769,62.3186892341069,352.00859884586,408.398909820523,189.716271477528,21.4879462528886,101135.32312881,237.059558351016,27.4768965015511,328.108735501604,408.414287852522,3.83321341247222,3.26423616941039,9.37109603634411,-41.3543366248255,23.915241376255,-17.4390952485705,397.07,399.85
2015-09-01,2015,9,289.030537904449,259.409762751372,0.0104029046279421,26.4663370155992,0.548205072192773,62.1189600865395,347.874091061609,405.271811477775,193.93350311398,22.6654022175325,101140.760300743,241.740250882646,28.7360114289994,323.853298653322,405.297329574553,3.90191186033851,3.33218453151022,10.3858256725012,-41.7361385571991,24.046310505065,-17.689828052134,397.34,400.14
2015-10-01,2015,10,288.169374357574,259.024239950122,0.0101119505944845,25.5359693320375,0.55029183494061,63.1057710135153,343.247828034522,400.634450913067,198.678881317407,26.9063722877198,101137.041550908,247.765343973523,33.3712186179079,318.701521838447,400.652746108526,4.02487858469977,3.43568823332705,11.3850682494404,-42.6216163259279,24.564601391534,-18.0570149343938,398.8,400.37
2015-11-01,2015,11,287.034817431608,258.462300429583,0.00991096151777204,25.1243720323898,0.554080537874838,65.0940447213191,338.917710746816,394.974343740975,200.645890744721,30.7048371936589,101141.419474226,252.879986167293,37.6990261653504,313.889596990267,394.973133111964,4.13811694377544,3.50005342614104,11.5249147830463,-45.2399064508805,25.026903127538,-20.2130033233425,400.36,400.68
2015-12-01,2015,12,286.439032905584,258.463560140123,0.00980977330169847,24.8430852812196,0.549883337858425,65.3396079339878,336.355874347474,392.064094026154,202.057557197384,31.0605594102031,101148.329063854,255.635996612553,37.902440835203,311.44419756887,392.053513909389,4.19300740244164,3.53320149227584,10.9437340592402,-46.7365579901691,24.901096661839,-21.8354613283301,401.66,401.17
2016-01-01,2016,1,286.264464123964,258.599638735701,0.00978775922575339,24.6454852411929,0.538714677021514,65.2307886713419,335.159841597732,391.505373311432,201.10044119616,28.8198724158174,101149.704147269,255.003007399436,35.2296687563599,311.039226106337,391.478416349876,4.18765619334925,3.51786270903509,10.9144290850214,-47.4927698627335,24.093658529839,-23.3991113328945,402.61,401.59
2016-02-01,2016,2,286.677316134814,258.940158990836,0.00993186298010453,25.0281858179749,0.55658477320202,64.5428236395382,336.811093630106,393.431841508259,200.789895983239,26.8650562352457,101153.555959434,252.251615500944,32.9184332365372,312.885493244496,393.403487433171,4.12841890616553,3.49764546073583,11.3909748206689,-45.4083425164135,23.897246310522,-21.5110962058916,403.24,401.85
2016-03-01,2016,3,287.299579601499,258.901996379706,0.0101217200766418,25.636149905501,0.529574200237843,65.5788691599785,340.683946924062,396.966735974614,198.131382002246,25.9243008760896,101145.453495249,247.75535415817,32.5846465196923,316.248221389359,396.943601792704,4.04029092895874,3.44134377257185,11.7848880893435,-42.9636265123213,24.412591352793,-18.5510351595283,403.82,402.16
2016-04-01,2016,4,288.140097982239,259.138150677637,0.0102084220032629,25.8036136418769,0.530294742295569,64.9197025409347,343.582833282039,400.887020156345,196.552925758912,26.7624298010177,101141.296612581,243.786532888732,33.6902630496975,319.423830526896,400.874248228906,3.94114560589169,3.37675327752345,11.2961283925336,-40.3057738811402,24.1462308277041,-16.1595430534361,404.34,402.48
2016-05-01,2016,5,288.952896983763,259.44457794844,0.0103133378558349,26.3049173474555,0.528718930511144,64.8036646056751,347.240742850038,404.517957274746,193.134273789565,26.5409376709031,101133.82423449,239.901317758196,33.7781415217519,322.829194222543,404.517851371408,3.86629552232959,3.30705584516823,10.099725952188,-39.5298401177822,24.411442724157,-15.1183973936252,404.41,402.76
2016-06-01,2016,6,289.516373265739,259.884434079385,0.0105035975830396,26.9188138508276,0.548839439681214,63.4429254117936,349.967698855007,407.46319579598,190.683769563636,24.6376302504468,101133.754162621,236.778504803488,31.2358890703376,326.559307585473,407.466887578391,3.82038698294255,3.26227705755706,8.96290883314926,-39.4964764199612,23.4120830519449,-16.0843933680163,403.63,403.04
2016-07-01,2016,7,289.895137196897,260.384003526828,0.0107556221145162,27.7544343515934,0.57001023231671,62.5304728749502,353.155943121875,409.253887444254,188.032620582378,22.5128810559064,101136.6311653,235.214901846169,28.803208820619,329.80376712921,409.260779504231,3.81833878496863,3.23934295480493,8.77352033312949,-40.8919534990784,23.359068052642,-17.5328854464364,402.11,403.32
2016-08-01,2016,8,289.800914312643,260.329728104063,0.010740337345459,27.5043610391406,0.584483058751844,61.620848560065,351.640322345161,408.737220570437,190.469621992424,21.5350337291512,101135.218963169,237.157575244175,27.3653135504432,328.727302993911,408.744942948768,3.84714385120039,3.27972368686456,9.34346198644605,-40.857673430459,22.920741729581,-17.9369317008779,400.8,403.53
2016-09-01,2016,9,289.117939289816,259.758730767041,0.0104747348143145,26.5745292724463,0.557728099761232,63.2273587478034,348.941970627468,405.169746027336,192.511977670588,22.5328675077858,101131.438341684,241.692199958817,28.6617118247827,324.436519461101,405.177348825483,3.90882043798456,3.31998341686912,10.300016913348,-43.0513779712321,24.513053964514,-18.5383240067181,400.97,403.77
2016-10-01,2016,10,288.059233768476,259.018211271857,0.00998108626549704,24.9602056028823,0.54539535460635,64.6150390164662,342.487494472032,399.662940687204,197.553131196414,26.3923206714385,101131.48566779,248.027042298555,33.0004252884291,317.296346264798,399.670334422954,4.01721404952199,3.41182310351176,11.1740106622017,-43.8658064851504,25.198541942984,-18.6672645421664,402.41,404
2016-11-01,2016,11,287.009314960305,258.498802761257,0.0096843501697127,24.2255039977389,0.530896271333592,65.5136713386142,337.026784465502,394.397708075458,201.412799883476,29.4900161858541,101134.105674036,253.150559205523,35.9613774367154,312.2837140618,394.393857197463,4.11770425894314,3.48473177112304,11.0531093395838,-45.2663980711857,24.7392195257069,-20.5271785454788,403.78,404.1
2016-12-01,2016,12,286.285360660911,258.112334392434,0.00963561109914898,24.1441854152523,0.537443202508824,65.3526287833015,334.444571558369,391.213547415589,202.571732835086,29.9145172895661,101141.333872469,255.724243773095,36.2154248529967,309.77869385222,391.205077145929,4.17976504129458,3.52537797805205,10.621004751099,-46.8516033745784,24.657407436489,-22.1941959380894,404.68,404.2
2017-01-01,2017,1,286.120690644937,258.263891135731,0.00963528127806939,24.0407303837056,0.533065776071689,63.6512175177263,332.976359946556,390.642799575549,204.2837636293,28.6254759192382,101148.976962514,255.174198487292,34.5744931161481,309.324430799107,390.623902163311,4.17986092760641,3.5512315638754,10.8233231283597,-44.9414176610821,23.633031735211,-21.3083859258711,405.32,404.24
2017-02-01,2017,2,286.485802388083,258.301503541276,0.00980927598956544,24.5894181708589,0.534739708333903,64.0054274628312,335.388243656182,392.427252912915,202.353552306489,26.7797812862458,101146.084982154,252.199872238934,32.8821080330812,311.762153048969,392.390845105366,4.12050309111815,3.5112759052378,11.4348684595708,-43.7439931856096,23.589682799664,-20.1543103859456,405.91,404.47
2017-03-01,2017,3,287.186737352984,258.202834897712,0.00997634206117031,24.9519164723458,0.539230452237961,63.6732412580101,338.348007046401,396.061626332096,201.373623027175,26.081061561548,101150.237449184,248.043695203199,32.4522418007984,314.50537764525,396.034442846294,4.02543911625124,3.46819777366507,11.6381766525274,-40.2988919367736,23.815445915349,-16.4834460214247,406.31,404.63
2017-04-01,2017,4,287.959609121095,258.552826458273,0.0101054941976751,25.1607994282135,0.531430203291749,62.4315420729353,340.934096234521,399.680291937992,199.601161116146,27.1255438480065,101137.743721353,244.163876442006,33.8497300767792,317.491240537913,399.666977684189,3.93150167760949,3.40426857666005,11.2734616596366,-37.8385290970873,23.429541442805,-14.4089876542823,406.6,404.73
2017-05-01,2017,5,288.92932448034,259.349019645161,0.0103006434078966,26.0196432761844,0.546954098466807,63.1178447545033,346.769538127587,404.185439779265,193.89350742692,27.1963689413685,101127.625173167,240.08822710693,34.3850842759304,322.41527845843,404.18135982873,3.86267951481903,3.31076668836739,10.2021037833525,-39.0060043454481,24.350179718622,-14.655824626826,406.64,404.99
2017-06-01,2017,6,289.498903179126,259.80610039162,0.0105021671626389,26.7717606802671,0.552862168127645,62.7446957212132,350.082497292514,407.307674484531,189.502878472703,24.7050596577478,101132.131333265,236.958027358863,31.6550990186075,326.153416419107,407.315949208459,3.82110526394732,3.24472786668974,8.99779584640067,-40.5051095253003,23.9373555973351,-16.5677539279652,405.84,405.27
2017-07-01,2017,7,289.826473018126,260.305203525394,0.0106933704730561,27.5250473665331,0.573003395070623,61.9578382451665,352.157748786038,408.838671802585,188.483436867405,22.5415356929599,101130.482679986,235.374615175021,28.7455915682731,328.94079904714,408.843238353906,3.81188178738819,3.23818251549035,8.67548009450164,-40.6871224323028,23.221516290219,-17.4656061420839,404.1,405.37
2017-08-01,2017,8,289.71774691139,260.315323718506,0.0107265992109729,27.4904415568222,0.570447122336459,62.5849997764065,352.593296335482,408.338261004332,188.597525992444,21.2208796587294,101133.564542901,237.005988369473,27.146575288012,328.479329004337,408.345543089602,3.83999837155023,3.25430767603849,9.13850914476862,-42.4827667477464,24.121249416415,-18.3615173313314,402.55,405.37
2017-09-01,2017,9,289.015207545524,259.850358837499,0.0103553530279218,26.3183689022605,0.555251838340416,63.1509111061125,348.228761177873,404.600392447877,191.515591396813,22.2774627845475,101130.424709449,241.7156441846,28.3995726293535,323.417063528994,404.615826219707,3.89676965239039,3.29517760901479,10.1620054846482,-44.077942942981,24.827131420709,-19.250811522272,402.63,405.47
2017-10-01,2017,10,288.073551345135,259.216457330981,0.0100259808336794,25.2320719653455,0.55191177695352,63.866175847848,342.714269010776,399.364723406318,196.465663632453,26.1249755495808,101126.910738216,247.648958031926,32.5650066439659,317.697140621286,399.372857389132,3.99661187004097,3.38081083968989,11.0806159204321,-44.7432633050879,25.025262372304,-19.7180009327839,404.15,405.73
2017-11-01,2017,11,286.882014056693,258.419137648368,0.00968088235054609,24.2289492628728,0.535294299995868,64.7138400974356,337.08513156419,393.775716498983,199.646008088106,29.6341664996407,101125.951894793,252.972882295011,36.4055485892084,311.796253800087,393.765933625326,4.09806647213587,3.44829865601974,11.1069333617522,-46.5554921173373,25.279094890446,-21.2763972268913,405.7,406
2017-12-01,2017,12,286.290057367328,258.39974434348,0.00956013154540136,24.0060288290688,0.535337264922542,65.7759299867796,334.28630703226,390.827268870714,200.83345312214,30.1237836860841,101132.807687088,255.805736792834,36.5423467547142,309.49510184364,390.818212654898,4.16929243574522,3.48831932823555,10.5845696572863,-48.5537206020639,24.782148972804,-23.7715716292599,406.76,406.24
2018-01-01,2018,1,285.974357858533,258.252950513491,0.00956420623903453,23.9022557250895,0.542870353338013,64.1652024298688,332.275059507417,389.535059018275,202.915754348038,28.5099163198713,101137.552827262,255.234317542438,34.3976271905369,308.559214223379,389.510766093656,4.17122729806278,3.52379565566554,10.6040769334945,-46.4308523237344,23.691552359419,-22.7392999643154,407.53,406.48
2018-02-01,2018,2,286.29879219612,258.142038556998,0.00972562153404707,24.5576672108971,0.530608618903971,66.4815179950794,335.610731292155,391.427363145298,199.252214111513,26.2204491875833,101141.731210845,252.094924839117,32.5011490111949,310.925912677133,391.403009708729,4.12286615881137,3.47473125963808,11.1650173810194,-46.5620109039924,24.660465178453,-21.9015457255394,408.24,406.85
2018-03-01,2018,3,286.952468230461,258.263417611623,0.00990183243305776,24.5840929328738,0.536548704683564,63.6160669646689,337.088620699076,394.710104134019,200.580567971358,26.2608306406915,101135.305195119,248.247482368266,32.6400105226086,313.391271889436,394.69148689857,4.02594141824893,3.45470778874468,11.7668845977243,-41.2877345149909,23.678731574191,-17.6090029407999,408.78,407.12
2018-04-01,2018,4,287.947855967,258.489122460819,0.010028027368647,25.081975765786,0.533013717652096,62.1472626424255,340.815108401573,399.358528852301,199.33765599195,27.12287580408,101127.516126892,244.14999524487,33.7237178993752,317.419793038244,399.346396780369,3.92462803951617,3.3936084510177,11.2352719738114,-38.2114971576248,23.383183291397,-14.8283138662278,409.08,407.25
2018-05-01,2018,5,288.769868643528,259.047151728758,0.0101989271550787,25.707681213276,0.539252365659322,63.2877393133326,344.916145541208,403.349400733166,195.23795301554,27.3803696759799,101119.911098163,240.230532096478,34.2012606723973,321.222394811432,403.34753120551,3.85635169842866,3.32042257935079,10.17250694692,-38.1716880845206,23.6918812021199,-14.4798068824007,408.93,407.3
2018-06-01,2018,6,289.435259372783,259.806889522483,0.0103785147699689,26.4263524941675,0.549351396077741,62.7541882092343,349.091739277709,406.561876531854,189.38659573809,24.7851528978362,101115.789532981,237.011106878864,31.6834475302298,325.349945463878,406.565581381256,3.81563890529765,3.23694165864603,9.01913935258052,-40.7262165083804,23.745498663233,-16.9807178451474,408.06,407.46
2018-07-01,2018,7,289.736627971518,260.415380993534,0.0106347915934174,27.4803831400612,0.571955436211008,62.3809551384165,351.889438441989,408.048115838643,188.015607222897,22.7725373675039,101116.284559872,235.328030412329,29.1335447204676,328.596270885623,408.045871867214,3.80705962310155,3.22795411414558,8.84358146395052,-40.9514158364683,23.2909235849369,-17.6604922515314,406.49,407.77
2018-08-01,2018,8,289.536905914817,260.129661500601,0.0106342818473569,27.2100518998779,0.576031046496025,61.9494752833352,351.435829986087,407.134972481226,188.409997824618,21.3967893931787,101117.378795465,237.071358679657,27.4719706310646,327.551737283678,407.141903967685,3.83557669154726,3.24573514605171,9.39157537045554,-42.5861796171531,23.891024188868,-18.6951554282851,405.13,407.97
2018-09-01,2018,9,288.874813114139,259.384315105977,0.0103590173257591,26.1696293640867,0.548760663485464,62.2153749669454,346.962283582369,403.929410218964,193.694247648525,22.87817668416,101120.022701916,241.83525720737,28.8839621261082,322.950262576166,403.938791660195,3.89761920664479,3.3235956965485,10.4756727087792,-42.1352241168968,24.0214024474341,-18.1138216694627,405.2,408.04
2018-10-01,2018,10,288.006329902612,258.724346610029,0.0100267430635747,25.1796967549727,0.538719289702945,64.1810795617491,342.557738208307,399.536706100347,197.346611311979,26.8467132804537,101122.976140051,247.759021736033,33.3253904879504,317.782848004813,399.53842965606,4.01084128813319,3.40409729847724,11.2954545582181,-43.9337332165573,24.776613759207,-19.1571194573503,406.66,408.21
2018-11-01,2018,11,286.825738962726,258.315584341499,0.00978645068290779,24.5033844378263,0.530554401240475,65.4551112954154,337.229749261665,393.525012988347,200.663037212673,30.5025188240777,101129.545395647,252.981148797566,37.4774450924314,312.339025213749,393.516358403273,4.12331052542061,3.48547936621546,11.42674774433,-45.3431853165393,24.882069462842,-20.4611158536973,408.12,408.34
2018-12-01,2018,12,286.239738882667,258.109803056449,0.00966250598288478,24.3175339982606,0.541027132217659,64.5161155443218,334.01241011617,390.82375050637,203.146031630372,31.0122788429425,101136.043260222,255.751201753856,37.3980508916073,309.850121777268,390.804724764113,4.18439177275305,3.53433797976451,10.8743990462874,-46.2193980748192,24.143262596645,-22.0761354781742,409.19,408.6
2019-01-01,2019,1,285.993794486669,258.23647030782,0.00966214174306714,24.2671139520472,0.526263432590919,65.2502527045674,333.412486372911,390.013753434483,201.878052815682,28.7114762796963,101139.527331997,255.171645751219,34.8419759209102,309.374794844367,389.988126541254,4.18945656136559,3.52780868325371,10.773624969663,-47.1630932943231,24.012064635315,-23.151028659008,409.93,408.91
2019-02-01,2019,2,286.276735945294,258.303206113556,0.00980764306519407,24.4809399155246,0.524614461103164,64.083139242524,334.283733119782,391.482382767442,202.658513832738,27.1253768244926,101146.299323445,252.455092393391,33.1877243684639,310.954384621448,391.447355929635,4.12955291322872,3.51878903292796,11.5092950897149,-43.7342310166817,23.294321660527,-20.4399093561547,410.35,409
2019-03-01,2019,3,287.162080460488,258.305366711287,0.00997832668627647,24.8838813939878,0.523245775195723,63.9290010584651,338.169725734096,395.742737810179,201.246474095047,26.265600142872,101137.85223343,248.250176673102,32.723274260324,314.560592889579,395.714177057173,4.03476658566015,3.47112804440099,11.8488607095874,-40.546028460603,23.580572091511,-16.965456369092,410.9,409.25
2019-04-01,2019,4,288.022063106344,258.816385863136,0.010144214341517,25.4254173240248,0.525526669861748,63.9385048728962,342.521785951943,399.810162903683,197.873598607287,26.7406832143936,101127.999583324,244.013136867691,33.4682009806663,318.498622883831,399.790039781318,3.93373373048491,3.38620257001848,11.2089034495587,-39.4120204941313,24.003039945747,-15.4089805483843,411.35,409.52
2019-05-01,2019,5,288.81046608506,259.182761652762,0.0102819432773132,25.9840531130532,0.518250191526552,63.690657990589,346.142918250265,403.531123057848,193.530329857966,26.5907759796318,101127.523009989,240.091114559656,33.7425297659867,322.098991358514,403.524382540625,3.85618248567666,3.3002188087403,10.1066636145462,-39.4090309153351,24.037186374528,-15.3718445408071,411.36,409.72
2019-06-01,2019,6,289.550950171795,260.133525476301,0.0105615815632281,27.0300276719893,0.555701796684663,63.0949462714955,350.892862308279,407.1892457904,188.885449980482,24.4245612591647,101120.53202018,236.741367714862,31.2701830044612,327.05701166226,407.184741426,3.80977020536554,3.22974089453053,8.9173317389931,-41.0102959890835,23.8313462816191,-17.1789497074645,410.54,409.96
2019-07-01,2019,7,289.811392466992,260.394468588203,0.0107022480169703,27.6179983032985,0.547828335558688,61.4632660219391,352.406422065452,408.362022856529,188.134031055951,22.6307989815038,101120.550494257,235.276922997682,28.8589641270782,329.340972527172,408.362620910902,3.80739399478975,3.23221665551743,8.74548370218232,-40.9147267961566,23.066047592653,-17.8486792035036,408.88,410.17
2019-08-01,2019,8,289.695649020179,260.254178112144,0.0107320459031359,27.4891346519683,0.561816516840207,61.1108046740538,351.666776278831,407.89637923419,190.256092247585,21.5233692393366,101122.755962885,237.05712424778,27.3344826405054,328.499255008371,407.894073906335,3.83855216938996,3.27225540686929,9.29810909309356,-40.9899185990262,23.165215942605,-17.8247026564212,407.64,410.48
2019-09-01,2019,9,289.03493270291,259.741141557457,0.010412323433508,26.4666729852332,0.551545512428315,62.4090658587767,347.797957078061,404.564518340426,194.419016255049,22.919685835377,101121.087320347,241.673160627267,28.7400306251748,324.224811084785,404.569664845635,3.90677898305685,3.34158096759045,10.3914931486537,-41.4337995824202,23.578292498485,-17.8555070839352,407.93,410.77
2019-10-01,2019,10,288.090252275511,258.753834755428,0.0100679106738342,25.3189749223325,0.537217585838749,62.6204998837474,342.465043932577,399.665487768023,199.607877527609,26.8623591366836,101122.337747016,247.601264532939,33.2267543395285,318.253555129311,399.666253300639,3.99778055163107,3.42489467674657,11.3492013325005,-41.6289918024851,24.212254335882,-17.4167374666031,409.44,410.97
2019-11-01,2019,11,286.959465509807,258.441236853412,0.00979007440616804,24.5186156016638,0.532711521652378,64.661062655134,337.507014336251,394.126515119659,202.217283682977,30.7291976010894,101129.786560111,252.888615828785,37.3771861951825,312.931798153092,394.118163094591,4.10572362043528,3.48986139818426,11.4577282276602,-44.0233435517149,24.566864158091,-19.4564793936239,410.87,411.04
2019-12-01,2019,12,286.412913345785,258.396839952364,0.00971093605731723,24.2205047103179,0.530003658728567,64.5121792888253,335.166854193567,391.521663606398,202.796252894039,31.0156463710873,101136.298680677,255.647739550836,37.5859648536405,310.782213030805,391.499916444947,4.17154696352581,3.52223753867782,10.913296978802,-46.2811681742438,24.362894001311,-21.9182741729328,411.76,411.15
2020-01-01,2020,1,286.316810378114,258.436640349885,0.00982892774223327,24.7840029668651,0.53229840485794,65.145373235046,335.981867033162,391.06335071928,200.863768545642,28.7039416579041,101140.825207755,254.700046682388,35.0512822504698,311.239061291994,391.03840491418,4.16731212672449,3.50282005045127,10.6377509275415,-47.4889375441803,24.717859936068,-22.7710776081123,412.43,411.34
2020-02-01,2020,2,286.625577345516,258.727047254881,0.00993547542394465,25.0099027332632,0.534838163215281,63.4538136751141,337.002275434699,392.701101945356,200.03952443906,26.654752932381,101145.243795083,251.955122079699,32.864834300746,312.80389272236,392.674761177771,4.10365024397565,3.46884927019768,11.123007539458,-45.705516272274,24.172041944754,-21.53347432752,412.95,411.58
2020-03-01,2020,3,287.124726507773,258.518523758988,0.0100475886204567,25.196372981046,0.514639498024028,63.2896141190589,339.466617752437,395.675983894012,198.762334970919,25.8938810980681,101143.975046231,247.861924338736,32.4163987818493,315.085634065974,395.656195215207,4.01732296817067,3.4287228678961,11.5448360873141,-42.5770716840358,24.361195007658,-18.2158766763778,413.44,411.81
2020-04-01,2020,4,288.06697197165,258.750694308728,0.0101463273321626,25.5902098670682,0.52294400375664,62.7363702454049,342.703639520292,399.920903771382,198.062815708764,26.9103784390296,101132.719086046,243.939406862602,33.7496744047171,318.802499329212,399.91045860247,3.93293317517824,3.3883356152696,11.2431770659764,-39.0372951881505,23.890695022168,-15.1466001659826,413.86,412.05
2020-05-01,2020,5,288.89188570331,259.491338184776,0.0103544962245988,26.1147049922135,0.540564986120624,63.1610736315303,346.69852012941,403.647354292319,193.57653528271,26.8763392594817,101122.587207695,240.145609168663,34.2349021831433,322.705417484614,403.644705419684,3.87034163793973,3.31275508378305,10.2121655704241,-39.2105109622914,23.990453772161,-15.2200571901304,413.81,412.19
2020-06-01,2020,6,289.540739161468,260.041964958237,0.0105388541543181,27.1060624330784,0.553593378752544,62.9564596839306,351.149752440069,406.979818391333,188.56594125276,24.7752148826697,101119.333968377,236.750806830385,31.8340569874009,327.208004222386,406.978265367522,3.82827007136264,3.24241841374298,9.09437177564455,-41.1260234728938,23.9401951938719,-17.1858282790218,412.88,412.35
2020-07-01,2020,7,289.793578336926,260.566851771288,0.0107454816122007,27.8839910129342,0.565363069944076,62.2633481336286,353.184762866396,408.47056496781,187.066364336117,22.3952889823402,101118.577824749,235.240046474967,28.9642350515939,329.783632426654,408.470037020217,3.82041260098695,3.22926504978691,8.8261763604572,-41.6047360695963,23.400602492149,-18.2041335774473,411.17,412.52
2020-08-01,2020,8,289.626455420456,260.391507495416,0.0107420201048761,27.5789784083922,0.552748288003271,61.1736065169691,351.854160366045,407.7781189708,189.445816482682,21.5155199173743,101122.904041435,237.174210032374,27.4900442510147,328.668969179423,407.778411413922,3.8486730710539,3.2671323919641,9.40946945032386,-41.7538692160516,23.185483629744,-18.5683855863076,409.73,412.62
2020-09-01,2020,9,289.112750114781,259.771536857226,0.0104407660970647,26.6549762096641,0.542684617096233,61.5532702988902,348.894366817751,404.852237394195,192.882251861212,23.1260176759585,101118.317757934,241.834122049326,29.2495539161925,324.626408344381,404.857517622675,3.91308594900316,3.32577110158015,10.5630591284333,-42.82833394788,24.27323870185,-18.55509524603,410,412.85
2020-10-01,2020,10,288.019936719387,259.057119175512,0.0100040085795898,25.4125592450428,0.530636127201492,63.2081808740257,342.999160371172,399.196553189786,196.556073576331,27.3848939066937,101123.819515882,247.976650784834,33.9873862528909,317.929530177825,399.204684695778,4.02102629228404,3.40008128800796,11.4290893936331,-44.8180848623058,25.077761699339,-19.7403231629668,411.66,413.18
2020-11-01,2020,11,287.095854375398,258.635508077975,0.00972427734018288,24.5246888496085,0.529725940580204,64.2169591296607,338.494468828304,394.589073608372,199.742139404649,31.3379139616185,101145.243372641,253.288344201647,38.3443223317263,312.966782249486,394.584804401067,4.14393555875247,3.48782584335444,11.5286860125587,-46.5397964268902,25.5234173715129,-21.0163790553772,413.25,413.37
2020-12-01,2020,12,286.220433140319,258.233253929786,0.0095783498406688,24.187768454791,0.525969801884329,64.2353747150071,334.494866089584,390.517228875441,200.474300634996,31.4836569290456,101159.858814029,256.061085214291,38.3972860988287,309.434720893023,390.508144387167,4.20487936942544,3.51476017748934,10.9523516198525,-48.6731554095118,25.051060708287,-23.6220947012248,414.14,413.46
2021-01-01,2021,1,286.039547441776,258.160936839866,0.00958661754510119,24.1209875805005,0.523694869805155,64.0369095012592,332.864739439968,389.834835878931,201.5912549788,29.0869613107199,101164.706695664,255.50616324941,35.3045913780395,308.868293987317,389.824325309692,4.19527859001337,3.52329750605422,10.6926641268809,-47.6972782032904,23.985934883412,-23.7113433198784,414.73,413.7
2021-02-01,2021,2,286.163820147909,258.268697771476,0.00967092872521183,24.2245693510005,0.521154453440357,63.1820382926443,333.444425412522,390.704311665426,201.851559124629,27.0642320895176,101166.630157517,252.628409795506,33.0961860777362,309.914075448224,390.689223198337,4.1244489382037,3.50192678661515,11.2150002175495,-44.7448966826584,23.5152614972089,-21.2296351854494,415.2,413.9
2021-03-01,2021,3,286.873365694137,258.061929062177,0.00978280518337459,24.4959622723669,0.515431876296313,62.061102172952,336.586809762397,394.523248799018,200.946360231326,26.2225763608345,101161.103554681,248.468047351075,32.5571712750468,312.662650780913,394.514834670171,4.02392998136829,3.45656248354298,11.6441906106499,-41.1870922055367,23.915744852637,-17.2713473528997,415.49,413.9
2021-04-01,2021,4,287.773450181328,258.305020166637,0.00990611876260945,24.9705211440548,0.515413256609655,61.9857857817215,340.176226031402,398.793524094451,198.896509794331,26.9854079312057,101159.837594712,244.357225734437,33.7754692483991,316.528814808392,398.785753160989,3.92709467224675,3.38995321575747,11.2945379600288,-38.6706546229126,23.639640289548,-15.0310143333647,415.81,414.02
2021-05-01,2021,5,288.722323631455,259.021204800714,0.0101789692810161,25.6797493624887,0.544723050158862,62.1535606329189,345.368950162263,403.245700284337,194.185980704243,27.1543450749793,101149.131358853,240.367491645067,34.3954056671511,321.375947348828,403.245269790919,3.85901946512815,3.3072722749532,10.2723452869898,-38.9404503486522,23.992572320017,-14.9478780286352,416.01,414.41
2021-06-01,2021,6,289.437446366799,259.650494863243,0.010410483091276,26.6496359727383,0.537570037067035,61.8645527020709,349.543875844538,406.894909712513,190.461796822226,25.1020582455914,101142.415600106,237.040224350017,32.0841894719534,326.102564929476,406.895553163617,3.81893863766974,3.25620802425182,9.16921048666249,-39.596296301429,23.441954366166,-16.154341935263,415.2,414.69
2021-07-01,2021,7,289.869708196399,260.370634388645,0.010713474587284,27.7385283207983,0.568254903875818,60.640066484516,352.51869338271,408.859413319935,189.230899982726,22.921038407458,101147.224657424,235.383241317533,29.2152769150534,329.785293032151,408.858725257035,3.80771652960498,3.24511162372035,8.92766329208156,-39.8581028272116,22.732712287659,-17.1253905395526,413.45,414.82
2021-08-01,2021,8,289.714795239647,260.209133201196,0.0106270274433439,27.3666611766581,0.548015414644088,60.164543039918,351.464551694999,408.198509965469,190.641335513551,21.8249483742797,101139.739710096,237.244921918004,27.7118159742832,328.387883403771,408.199536895382,3.83716286061017,3.27413133349866,9.51820968527462,-40.7167188044495,23.077695221141,-17.6390235833085,412.15,415.02
2021-09-01,2021,9,289.125015152547,259.633009364451,0.0103792391576813,26.5007353138478,0.54762480298369,61.0971217430448,348.671832149725,404.815893818819,193.056113674754,23.0267853604262,101137.5134493,241.849684622374,29.1628257258175,324.208678549251,404.811898337145,3.89754031241183,3.31653517082445,10.5700981173765,-42.6575305822287,24.4591581188,-18.1983724634287,412.38,415.2
2021-10-01,2021,10,288.133563650555,258.989746582882,0.0100105445481885,25.1917460783539,0.534214638190396,61.482897537026,342.726734366931,399.657839935462,197.58943793108,26.9732721864686,101138.944567361,248.057154596483,33.4261308153724,317.962885308341,399.654756614499,4.01159233503898,3.40473343933545,11.3358045910628,-44.0148580364992,24.760765737627,-19.2540922988722,413.83,415.3
2021-11-01,2021,11,287.032905294937,258.17768654957,0.00971848496318723,24.3440062828444,0.523405476098865,62.6742041793534,337.426226002988,394.386225313134,200.915849596582,30.6723905167286,101139.411467932,253.348282763919,37.4622024545373,312.50425321568,394.381268578949,4.12731168857271,3.48723510528523,11.323950311319,-45.6426212295283,24.917016053123,-20.7256051764053,415.58,415.62
2021-12-01,2021,12,286.398455372003,258.266163280819,0.00964073674895908,24.3063006065264,0.529317237714684,64.0148763842349,335.457520083515,391.420966666008,200.360466079039,30.6629066386751,101143.324199531,255.937697285386,37.3574937500598,310.397502968267,391.414026693104,4.18625350455153,3.49926387988104,10.6739908268265,-48.8826440949623,25.053077142344,-23.8295669526183,416.6,415.87
2022-01-01,2022,1,286.152699814673,258.007613561445,0.00961724267757479,23.9440711668187,0.521830236254146,61.8180207082259,333.009146473005,390.479019108101,204.084991275246,28.8545121258831,101151.658555918,255.417987235412,34.8415418650198,309.359577973823,390.45973507318,4.17621058022179,3.54345970370151,10.582931751537,-45.3459662210293,23.630284464261,-21.7156817567683,417.18,416.07
2022-02-01,2022,2,286.411411040714,258.081424242226,0.0097187403822881,24.0970908323126,0.528242913750453,60.5595027945232,333.874767767773,391.655244323504,203.56845931606,26.9749440370171,101157.624194784,252.702111427678,32.8436475893525,310.449895065771,391.633534296194,4.11125659984155,3.51439688321405,11.0996379582667,-43.2649485592826,23.403162674692,-19.8617858845906,417.64,416.23
2022-03-01,2022,3,287.205073909054,258.241369122161,0.00992106432335687,24.6330374458783,0.52749386824455,60.5827629006291,337.309656985314,395.455257138346,201.862989895136,26.2519932022058,101150.264636073,248.55022880274,32.3986649618271,314.121860672405,395.444702849613,4.02847820305638,3.46871319695196,11.5278546713808,-40.5405671479827,23.1772420241761,-17.3633251238066,418.16,416.54
2022-04-01,2022,4,287.964097783399,258.615702936706,0.0100424845487052,25.1217593898844,0.526949318000266,61.0750678126161,341.779350149966,399.288591760649,198.456729055791,27.2062674737435,101148.284743264,244.369030285229,33.8880855506586,317.87912259856,399.285172108889,3.93403226524693,3.38945543597399,11.2667259361249,-39.2304831525229,23.896807899646,-15.333675252877,418.58,416.76
2022-05-01,2022,5,288.777251540613,259.069155477911,0.0101706791175902,25.3949974222147,0.529942105337146,60.4824900701349,345.269177315805,403.179642884541,193.999683233667,27.2655931300043,101135.894626946,240.621330060737,34.5728372752983,321.069575924207,403.182664098913,3.86175421845695,3.3041952966961,10.2899524995427,-39.314402681776,24.20262260597,-15.111780075806,418.45,416.83
2022-06-01,2022,6,289.580842124169,259.743195548815,0.0103744289300044,26.259566555124,0.546627515214997,60.1751184514091,349.494192365361,407.253590871097,191.765615676927,25.2928525667339,101130.255684985,237.321150429623,31.923140904207,325.887696353309,407.257635592075,3.81693528904291,3.26844140485122,9.07874712126565,-38.9252464152229,23.61054073303,-15.3147056821929,417.42,416.93
2022-07-01,2022,7,289.924965810654,260.630809122192,0.0107306233666601,27.7891192612145,0.569518755629791,61.0391865152483,353.768323864683,408.903587338339,187.278460038856,22.9063246025154,101138.005648302,235.35235935981,29.2314121219091,329.98366898011,408.90219982905,3.8069475050927,3.21961398333011,8.81595673238872,-41.7488118015603,23.783267375284,-17.9655444262763,415.66,417.04
2022-08-01,2022,8,289.73619344408,260.346556086628,0.0107194926030374,27.5378964658423,0.554878180918426,60.7907106142458,352.861461580224,408.1847325236,188.967696819178,21.6183119079778,101140.641530088,237.147567018704,27.6418366632929,329.013578750233,408.180935960646,3.83599368230058,3.25329036757692,9.41771530627632,-42.1563454442109,23.844086267037,-18.3122591771739,414.39,417.28
2022-09-01,2022,9,289.13537036107,259.652493289957,0.0103728707240154,26.2930554928783,0.540544260792763,60.453152043837,348.688287704048,404.920196809734,193.351292368034,22.8120194212732,101137.940312182,241.901493011701,28.9188455034608,324.181425503971,404.923138660625,3.90192237418968,3.32347461775796,10.4721515068508,-42.4433745614794,24.5098040509679,-17.9335705105115,414.62,417.48
2022-10-01,2022,10,288.150531315263,258.930684519048,0.00997766830576345,25.0405411514756,0.53601681443948,61.3128501378228,342.906131063907,399.633005312354,197.567094600461,26.9047385819341,101137.721043551,248.123363726745,33.3884167492194,317.846745771391,399.635034106346,4.01717491007593,3.40831713703435,11.3164162805115,-44.0725909589987,25.061414086508,-19.0111768724907,416.14,417.62
2022-11-01,2022,11,286.845691559513,258.295256747496,0.00964433482670699,24.1022105595774,0.521710744251922,62.2225860194749,336.702975037259,393.43419259519,200.859965849592,30.7838266138582,101137.13498037,253.434831616994,37.7248828456849,311.71202833064,393.428610870859,4.12923988660167,3.48702157690365,11.4200908287297,-45.6338095355753,24.985364982288,-20.6484445532872,417.84,417.95
2022-12-01,2022,12,286.279450153603,257.968460673305,0.00957148200914454,23.9974192130308,0.53145106363945,62.3666027674234,333.916859867047,390.615094105629,202.678086650967,30.7681614221201,101149.939343809,256.064311191509,37.2615546498893,309.553056581609,390.599324285792,4.17987295801975,3.52138700191871,10.6930320861372,-46.8928313127728,24.348033465601,-22.5447978471718,418.91,418.26
2023-01-01,2023,1,286.07557153331,257.851821972638,0.00959847977929697,23.9579920921882,0.524718438647633,61.4220259928251,332.364973931652,389.775165507675,203.999578363476,28.805384926413,101152.312315796,255.464636848273,34.6257796280359,309.045313884702,389.751375096241,4.17160171972942,3.53533660388502,10.4999387090232,-45.6446637831741,23.295869635516,-22.3487941476581,419.37,418.27
2023-02-01,2023,2,286.414807149613,258.006480843525,0.00975031096903964,24.3294111338456,0.527962001389895,62.1690030389943,333.996411030637,391.617583884167,203.828187150322,26.996661116822,101154.262895778,252.63532282321,32.7611002948121,310.899764260811,391.599569874004,4.11646913751186,3.52281199390139,11.0720807533018,-43.0426964948979,23.0786327596629,-19.964063735235,419.65,418.24
2023-03-01,2023,3,287.214252240686,258.114347680347,0.00993157403271731,24.6383487796528,0.508806978927135,60.6944672174488,337.876918650144,395.782168889221,201.74803384914,26.1490166343955,101151.143338183,248.392729335871,32.3472381329617,314.484432888681,395.762035675857,4.02351233714373,3.46621961095723,11.5194672347737,-40.4464739881648,23.372352548099,-17.0741214400658,419.98,418.36
2023-04-01,2023,4,287.955109106175,258.436232937241,0.0100673083703849,25.3157176875333,0.517984996945168,61.1598109021658,341.359179650681,399.302804542213,199.93271532512,27.1922648114738,101154.179089277,244.293363792961,33.7858361779453,317.880975126631,399.284833333034,3.92564368007382,3.40386136322491,11.2481269896945,-37.7670771013695,23.4602333148711,-14.3068437864984,420.49,418.67
2023-05-01,2023,5,288.920494319278,259.268674669101,0.0103449540683042,26.3345200090643,0.531846862572253,62.2426072838884,346.870583342064,403.828834472027,194.804551924135,27.1423951240739,101148.616821684,240.121141989969,34.2921295413987,323.064480645546,403.829242359895,3.84696239014332,3.30990887052739,10.2115451186652,-38.1668556485092,23.806510584386,-14.3603450641232,420.57,418.96
2023-06-01,2023,6,289.775190927766,259.941474130814,0.0105961933026682,26.9994277963888,0.537253949953688,61.0021756996119,351.215771265179,408.213767656267,191.365629449886,25.2291190680758,101139.284501106,237.021071251901,32.0151931164991,327.896781694126,408.220676163573,3.81616750843922,3.26700885757274,9.09258213028396,-38.8693677535917,23.325898078359,-15.5434696752327,419.58,419.09
2023-07-01,2023,7,290.250597711921,260.716068291271,0.0108973270747089,28.2149530197709,0.565130104207094,61.0110593994826,355.045057566736,410.640670180213,189.232036703345,23.0219553192924,101142.963075356,235.181300417378,29.1741808351318,332.069749494713,410.642532306038,3.8062618299206,3.24824911361743,8.76732501825247,-39.7970381981936,22.977170197848,-16.8198680003457,417.92,419.3
2023-08-01,2023,8,290.067755590005,260.584391454883,0.0109004617218323,27.918220600174,0.547468681021119,60.0164630114015,353.741609742529,409.992209228056,191.40540277253,21.7862686897621,101145.348116755,236.933312087381,27.4440954382708,331.103093782906,409.994052399111,3.8329351818101,3.28332009552971,9.30772400041381,-39.8700825663423,22.640359130678,-17.2297234356643,416.78,419.66
2023-09-01,2023,9,289.610602793086,260.141050796741,0.0106602756144771,27.1800441790686,0.541633027046864,60.0882172620049,350.862180105894,407.137742595372,194.391241026496,22.8497465952134,101142.03652452,241.433585857113,28.6402228206235,327.467322899003,407.143740718413,3.89035212178366,3.32940249417647,10.3442974465945,-41.2518686052069,23.400855329932,-17.8510132752749,417.18,420.04
2023-10-01,2023,10,288.470506474425,259.48464717586,0.0102339147190555,25.7199337580047,0.515101629911456,61.6803093668658,345.390375949991,401.457870523442,197.022066678342,26.6680292889846,101143.774960333,247.535808096381,33.0909519782654,320.661232754829,401.462160916688,3.99682258700359,3.39169337919743,11.2398004807288,-44.0908187287582,24.733433588408,-19.3573851403502,418.84,420.33
2023-11-01,2023,11,287.426910147554,259.014685933383,0.00998475181110118,25.2476101681614,0.519699850898445,63.3130770201652,340.693010055555,396.226601275896,199.584867904805,30.338885633858,101149.570777508,252.638058337011,37.2141139299071,315.745396909606,396.218926715456,4.10613493308917,3.46159278569434,11.294956184379,-46.1779621361569,24.9399385855091,-21.2380235506478,420.4,420.51
2023-12-01,2023,12,286.795735668927,258.781132851198,0.00987987739444954,24.9982815145866,0.519818718217007,64.3457431550191,337.657720206867,393.229108157499,200.784349890778,30.763508610423,101152.932499615,255.552283038248,37.3186997085268,313.117847055392,393.219916107777,4.17089492974821,3.49625658647456,10.6536237590597,-48.2127420493662,24.530681101753,-23.6820609476132,421.5,420.84
2024-01-01,2024,1,286.465070519739,258.847822442701,0.00989965794233636,24.8859425149928,0.519963709405949,64.5761887453286,336.184421896275,392.095377567018,200.699344306964,28.6966606273072,101161.529931277,254.948446560117,34.8985366699221,312.196027550965,392.078632188847,4.16989294883937,3.49813373185488,10.5542918046833,-48.0472262105381,23.971648967139,-24.0755772433991,422.21,421.1
2024-02-01,2024,2,286.830805084352,258.955814829125,0.0100547644714793,25.3154028669485,0.520391579892722,63.714945751574,337.737436403932,393.800974851755,200.976708301349,26.6296107754416,101165.547505674,252.007920251909,32.5560588766809,314.364652951147,393.778343207354,4.11088102326873,3.48639013624867,11.0248723790101,-45.1047638493207,23.3501518083841,-21.7546120409366,422.8,421.39
2024-03-01,2024,3,287.385089911667,258.961159144683,0.0102069794545033,25.7855540073618,0.519682214479611,63.623774105179,341.098226766799,396.814526260837,198.879064188872,25.7980259947209,101165.231479732,247.695940221434,32.1594535062873,317.093984671337,396.788303191315,4.01770612539416,3.43181260697111,11.4773037079418,-42.4554485209956,23.9780190259399,-18.4774294950556,423.41,421.79
2024-04-01,2024,4,288.251033092049,259.418818603857,0.0103753240855604,26.1766979860887,0.524135726236142,63.107267532014,344.809625559955,400.815680062923,196.671884650164,26.6689122403463,101159.011874729,243.51088402181,33.4820363702335,320.84641359591,400.798807841664,3.90752561421477,3.35300205039863,11.1945037101993,-40.0258752417588,23.946339742786,-16.0795354989728,423.88,422.06
2024-05-01,2024,5,289.105628053422,259.80708133112,0.0104736135319909,26.6353721248332,0.530394366187852,62.5948979271285,348.392621909861,404.822717863524,192.989254542076,27.2037088733159,101147.886505694,239.823870929622,34.4369015511209,324.309012562801,404.824449425189,3.83713116587984,3.28089818330291,10.2555633768209,-39.601423709741,24.085340908725,-15.516082801016,423.94,422.32
2024-06-01,2024,6,289.851921767261,260.408024422635,0.0106514182747279,27.2586773484741,0.548024835362561,62.1804018710206,352.757807468783,408.850415537992,189.078704886911,24.9685405453546,101142.746090241,236.67709396782,31.9950155948223,328.760262104708,408.858467982219,3.79754912193605,3.22571945681438,9.1071659555463,-40.5719140314413,24.0055978083021,-16.5663162231392,423.22,422.74
2024-07-01,2024,7,290.132130888411,260.905592133169,0.0108736431256683,28.1551186629818,0.562753930995332,61.6827773204649,354.565230049451,410.109535293516,187.954507235589,22.7937876260986,101137.665790687,235.177079017379,29.0762643483113,331.483585415418,410.112190517324,3.79520836341025,3.21920745587006,8.78561472254833,-40.9400950595773,23.084299857841,-17.8557952017363,421.6,422.98
2024-08-01,2024,8,290.063284556031,260.749655098956,0.0108874921519399,28.0957452138011,0.558087281653842,60.2059739085625,353.747992807908,409.600585373827,190.484810116169,21.6672549182892,101139.74067477,236.890667936658,27.3832160374575,331.113533832706,409.601981122325,3.82583179686968,3.26443808657905,9.33672403959428,-40.6898967013207,22.6358547237,-18.0540419776207,420.27,423.16
2024-09-01,2024,9,289.395888886652,260.213680707549,0.0106202312086764,27.1500960386299,0.541550811710566,60.5516653372118,350.686620422091,406.236019169005,193.278779103495,22.771988544339,101145.032128173,241.48814872488,28.7838562555043,326.855621262376,406.245721118369,3.88669247889722,3.31213203962421,10.4205827912455,-42.1975019102197,23.840701109079,-18.3568008011407,420.59,423.45
2024-10-01,2024,10,288.430099367542,259.425375093047,0.0101917952273218,25.7293712555299,0.527575980568544,61.9647626348346,345.038269157673,401.140330287083,197.22734695361,26.8378317611084,101146.222445388,247.667594942451,33.2056535927688,320.347634743961,401.14280086408,3.99231172712357,3.38712527686215,11.2432680408604,-44.0724261571806,24.6931049907091,-19.3793211664715,422.34,423.83
2024-11-01,2024,11,287.26593556244,258.835900035961,0.00989847414038648,24.8788590926086,0.528433605427644,62.8642257139146,339.814175185684,395.33317781267,199.386805769814,30.6967541025956,101143.571385989,253.014562813624,37.4803031747443,314.496897105018,395.324009880585,4.10111661253457,3.44745471190809,11.2941769250777,-46.8442079716613,25.308110148581,-21.5360978230803,424.06,424.16
2024-12-01,2024,12,286.700426264479,258.654126408628,0.00975335496231668,24.7452892219725,0.525876565260301,63.7818353345994,336.479862280412,392.381062410962,201.481049797337,31.0541184586884,101152.714293846,255.715279769445,37.6942806758569,311.895833666942,392.367357007324,4.16300869239034,3.49619268775765,10.7501740953557,-47.5940677549395,24.5703232098321,-23.0237445451075,425.21,424.56
2025-01-01,2025,1,286.527578467432,258.414483798008,0.00972637123977503,24.3891444763944,0.520704962341763,61.989667346333,334.561126540094,391.951386449045,203.462122563354,28.9215022018313,101148.341227022,255.104773998703,34.9269306153507,311.120002843995,391.929045320318,4.15115689984672,3.51616174116429,10.5929579554316,-45.6372230218296,23.418782567372,-22.2184404544576,426.04,424.94
2025-02-01,2025,2,286.667731478,258.558152397756,0.009872796871612,24.751594184348,0.527072073045641,62.2596757798477,336.130223499969,392.866892558097,201.621444026867,26.8906734243699,101156.650397076,252.19994385854,32.9232764540233,312.535812862481,392.84284668385,4.0920326554341,3.47718528420656,11.1454564873473,-44.5458968020196,23.570364763241,-20.9755320387786,426.45,425.04
2025-03-01,2025,3,287.371964580467,258.595597224684,0.0100688299757398,25.2923004793486,0.525910363126543,62.0485158750848,339.558569446718,396.573232777368,200.172722666801,25.8039426315352,101155.849988839,247.935272285929,32.0110877750821,316.032959063316,396.565876616524,4.01204845040822,3.43863468457451,11.3799115773806,-41.5554044755811,23.518254222558,-18.037150253023,426.58,424.97
2025-04-01,2025,4,288.227326083227,258.977176465755,0.0102049198236431,25.7806442035014,0.526308082182267,62.5617520792047,344.022543963018,400.620868938733,196.462020699455,26.490289492995,101145.230123859,243.73013993965,33.2192832040304,319.71905406097,400.615197517417,3.91518825438365,3.35464640155999,11.0205765213975,-40.5391255291596,24.297818480732,-16.2413070484276,426.93,425.12
2025-05-01,2025,5,289.039219004582,259.467708318999,0.0103609120271641,26.3359911421802,0.544772344402132,61.9588029850744,347.732468907576,404.418827541924,192.935692306671,26.7259385162073,101140.135471528,239.948410553825,33.9644461173429,323.390269431425,404.426211349382,3.84458355995245,3.28543180324306,10.1105362011816,-39.7742106460184,24.349583283609,-15.4246273624094,426.9,425.29
2025-06-01,2025,6,289.699682289403,260.190435576731,0.010512550000756,26.8436789312651,0.535471376389892,61.0213960822237,350.736153263042,407.766653519857,190.652928913358,24.8942958901696,101130.922170353,236.89456348524,31.5226104798535,327.071957140846,407.778177370434,3.79358836190351,3.24022104099933,9.00954726161101,-39.6133199821981,23.675719972773,-15.9376000094251,425.86,425.37
2025-07-01,2025,7,289.90464572132,260.426614003023,0.0106969197386817,27.5985212659673,0.5305332558518,60.2953776420701,352.530707373618,409.298669290187,190.181188652412,22.7530699710031,101139.12796341,235.440613275361,28.7288072134468,329.296305839662,409.303822406618,3.79647130958322,3.25252700173474,8.65157654151029,-39.2836873805053,23.239554650387,-16.0441327301183,424.22,425.6
2025-08-01,2025,8,289.8357319028,260.36781260896,0.0106245718787382,27.2570845790805,0.5149083534847,59.8797954589851,351.541684567073,408.828449278532,192.380381053026,21.7840923357292,101135.546864524,237.291138938504,27.2811419137888,328.305557461017,408.826261467253,3.82855544963454,3.29335336487918,9.19793972537289,-39.4137083074183,23.233939294777,-16.1797690126413,423.04,425.92
2025-09-01,2025,9,289.317609068494,259.804589460213,0.0103836007691127,26.2414994025027,0.510589230725851,60.0227896821551,348.017140990615,406.042525736537,195.932402119514,22.9096400183876,101136.117541176,241.923085976725,28.5647506419744,324.430517074728,406.049966849093,3.8937560272727,3.35195377958888,10.276833735605,-40.3355732336242,23.594065028443,-16.7415082051812,423.15,426.01
2025-10-01,2025,10,288.325813351231,259.188081886079,0.00994518818102366,24.9479922040019,0.51159626438521,60.9648521677068,342.679291192637,400.818695140504,199.785977629017,26.5552039113736,101139.624461493,247.927951190896,32.6208442933147,317.968838400975,400.829510095909,3.98355004648215,3.41694714339525,11.0486690907743,-42.0763331799379,24.7212677470669,-17.355065432871,424.72,426.2
2025-11-01,2025,11,287.251898370468,258.453788118001,0.00960426829507672,24.0072159902812,0.487634143166138,62.2033893883277,336.839050918511,395.427700616819,203.058770128189,30.389302866705,101141.780737832,253.264783039312,36.7047463956944,312.361007146907,395.440922866374,4.08455116400727,3.4848522250578,11.1445951636526,-43.8905693821336,24.491266021159,-19.3993033609746,426.47,426.58
2025-12-01,2025,12,286.459465461974,258.1157902229,0.00951119909694935,23.7592397821761,0.486038560867148,64.5998798243669,334.058701698366,392.131505334541,204.467912885309,30.8804825721863,101149.71210151,256.083574195625,37.1474888415463,309.353021989636,392.137093077762,4.15090958349825,3.52852309780448,10.6030632523286,-45.348655040956,24.7112674519511,-20.6373875890049,427.35,426.7
