"date","year","month","T2m","T500","SPFH2m","PWAT","APCP","TCDC","DLWRF","ULWRF","DSWRF","USWRF","PRMSL","CSDSF","CSUSF","CSDLF","CSULF","CDUVB","DUVB","ALBDO","CRE_SW","CRE_LW","CRE_net","co2_avg","co2_trend"
1979-01-01,1979,1,-0.393098373929035,-0.541540555475592,-9.00577455198344e-05,-0.540158909519487,-0.0100898008830543,-2.57722287816258,-2.23116803994719,-1.65147098848934,1.05224207151954,0.374505878658976,-3.71449570945697,0.254337532720626,0.368546804343104,-2.18988127503377,-1.65279242834481,-0.027593709666804,-0.0111816230539517,0.278982054226395,0.791945464483042,-0.0426082047688965,0.749337259714153,-39.4129787234043,-39.1391489361702
1979-02-01,1979,2,-0.676183468361501,-0.443499273832799,-9.70399000410523e-05,-0.793022645425019,-0.0115979677693479,-1.92291993182306,-2.5759562990832,-2.68298624217215,-0.0991262483384219,0.755492412377077,1.82621178924455,0.450360060126371,0.877158656955416,-3.23147375705662,-2.68686252624229,-0.0169886556018772,-0.0186011907413612,0.351436358526888,-0.427820063886472,0.651641173903265,0.223821110016797,-39.17,-38.9617021276596
1979-03-01,1979,3,-0.465305319073423,-0.451053235912184,-0.000160591843769821,-0.760274217407343,-0.011266891939507,-1.41242047503197,-1.94623942369827,-2.05040339800615,-0.684675363054453,0.730786224291414,-1.71510732316528,0.761971814809385,1.1613120755779,-2.84749159434995,-2.04705397053976,-0.0155488915380602,-0.0271307488523131,0.369637821362415,-1.01612132657736,0.90460159811806,-0.1115197284592,-39.011914893617,-38.8646808510638
1979-04-01,1979,4,-0.493695952575649,-0.461974426353947,-0.000197330559867979,-1.19016181175338,-0.0170118294101674,-1.95480036475989,-3.28006543495405,-2.37889627629471,0.514860595505809,1.39755091337479,-4.56217364185432,1.0345025542334,1.74732521922719,-3.82314817058875,-2.3767399127172,-0.0163826024769897,-0.0155598555406091,0.505497746706098,-0.169867652875197,0.545239099212168,0.37537144633697,-38.9693617021277,-38.8163829787234
1979-05-01,1979,5,-0.346849233769888,-0.346646101621445,-0.000115564195806311,-0.830378857464623,-0.00355714919717842,-1.56504867175109,-1.98831161421975,-1.89313588123366,-0.35790347021441,0.574461642762476,-4.39180298756401,0.784998964737611,0.687231277036247,-2.69480962464809,-1.88454561032927,-0.0177459510040245,-0.02950678242913,0.155214785190772,-1.03013280067827,0.715088281332722,-0.315044519345543,-39.0385106382979,-38.9855319148936
1979-06-01,1979,6,-0.217077548475061,-0.220562767350941,-8.70606111969645e-05,-0.477373290833778,-0.0044455853566383,-1.31531693251772,-1.34301646433079,-1.21158653846567,-0.627104002066005,0.399426016142964,2.82712280286069,0.649275899863852,0.556309436922596,-1.95495338517736,-1.20746570098805,-0.0130039490610807,-0.025435222239623,0.103867233066534,-1.11949648115021,0.616057758324093,-0.503438722826132,-39.0702127659575,-39.231914893617
1979-07-01,1979,7,-0.273155064453249,-0.227656757128159,-0.000159167329171232,-0.727535752744817,-0.0110527527812482,-1.36588897037743,-1.76066324885733,-1.36585385540667,-0.70766835564811,0.293758353152914,-0.756687516914099,0.785115444231735,0.522050252987668,-2.50514306214802,-1.36276589921016,-0.0101374039284292,-0.0259038598359456,0.057023609896266,-1.26449190004508,0.747567769487222,-0.516924130557953,-39.2882978723404,-39.5914893617021
1979-08-01,1979,8,-0.192306605870044,-0.41714142295632,-0.000146225291908858,-0.830539241409941,-0.0189588109620831,-1.18205354360853,-1.28381747531347,-0.829340249568531,-1.2858259110468,-0.00910544632255039,3.90157764866308,0.786062432950217,0.398953254751156,-2.46691812575813,-0.829164873273783,-0.0127675079086496,-0.0340374315203276,-0.00042841127451787,-1.6638296429233,1.18327602673941,-0.480553616183879,-39.1944680851064,-39.51
1979-09-01,1979,9,-0.146487089156551,-0.44315008444039,-0.000151413142795848,-0.68220393565182,-0.0144941638872248,-1.60444744536084,-1.31907745865124,-0.691645866090596,-1.137544149181,-0.266175328116891,5.32984423424932,0.613252652889884,-0.0384130007250398,-1.92760706155184,-0.693199829606669,-0.0231975047263111,-0.040168223625177,-0.0523484250738822,-1.52303447467902,0.606975639384487,-0.916058835294542,-38.6755319148936,-38.9248936170213
1979-10-01,1979,10,-0.149078772399207,-0.327406091686157,-0.000115274453281669,-0.614205255342856,-0.0260570810664852,-1.34007773242156,-1.0297962740658,-0.478800635447953,-0.802867718180863,-0.756742161002716,-2.3356498653884,0.524431744449771,-0.630550059560022,-1.57784615549946,-0.477229648487537,-0.0308311264994248,-0.039781416140765,-0.138927009689677,-1.20110736118794,0.549620868394125,-0.651486492793818,-38.68,-38.7887234042553
1979-11-01,1979,11,-0.224920395336824,-0.485523772947033,-0.000103548141609046,-0.511412690138517,-0.0096116815676649,-2.62913855703134,-1.60816974083963,-0.811947015902717,0.831618414500042,-0.332124876468509,4.27893434200087,0.579642348420549,-0.436776816088582,-1.84804053436386,-0.808153163579959,-0.0381561843988241,-0.025560350068182,0.00188142078646258,0.147324126459438,0.24366464584698,0.390988772306422,-39.0463829787234,-38.9797872340425
1979-12-01,1979,12,-0.0236179871376976,-0.508128695369464,-7.20019863155816e-05,-0.496536493016041,-0.0284324172718904,-2.75641054508129,-0.87624724175447,-0.0576304805514383,1.83519606533764,-0.665828163900962,-7.25930806771794,0.395308834135335,-0.887728050665089,-0.984278634487453,-0.0655730232055589,-0.0415141538880279,-0.0117756378411538,-0.163901408100722,1.21798734443823,0.100088850078869,1.3180761945171,-39.4031914893617,-39.1678723404255
1980-01-01,1980,1,-0.197717210749033,-0.440593542841611,-8.80134206088755e-05,-0.507145032554586,-0.0104686417267513,-2.16734233907208,-1.34920915834516,-0.784792677212351,0.878385062007538,0.0534595783683756,-2.42354809844983,0.524331615025631,-0.033602752148397,-1.4660054439878,-0.803561486677779,-0.0302177737799942,-0.0152331753753714,0.0740808256774965,0.266991116465142,0.0980274761772044,0.365018592642254,-37.4029787234043,-37.1191489361702
1980-02-01,1980,2,-0.122121519679467,-0.142712463338796,-8.91089054291024e-05,-0.525250618454219,-0.0171431751983949,-2.00789414860976,-0.752436500771239,-0.58859124311914,-0.864273066333425,0.268374874656679,-4.79490182676818,0.574980713150381,0.480807089942118,-1.30594710642862,-0.610856490905292,-0.0156288596014367,-0.0287341526580311,0.172458594770788,-1.22682156419837,0.531245357871267,-0.695576206327104,-37.2,-36.9917021276596
1980-03-01,1980,3,-0.186242132880466,-0.327706193338202,-0.000108532037299651,-0.591213445122342,-0.0091472455503081,-2.01694040433017,-1.11997897760432,-0.90427303235515,-0.415622149578439,0.433256525080516,-2.17949215316912,0.529805852981383,0.510723184790905,-1.76142409244795,-0.944266045133759,-0.00743110746296072,-0.0149655349286433,0.0118563453367155,-0.867961342849462,0.601452102065057,-0.266509240784398,-37.291914893617,-37.1446808510638
1980-04-01,1980,4,-0.125044321016674,-0.222283127222909,-8.6314612835179e-05,-0.386997086465581,-0.0115616077396794,-1.48692941588219,-0.905244880996065,-0.62157889095073,-0.55736467523019,0.610636224108294,1.28572902514134,0.546657500084393,0.836549420543186,-1.38455192807174,-0.614879348850195,-0.00722568766709974,-0.017680347329009,0.0743871156356981,-0.878108978879702,0.486006589176167,-0.392102389703528,-37.2893617021277,-37.1363829787234
1980-05-01,1980,5,0.0366729151501204,-0.100836192564429,-5.05636093828411e-05,-0.283885765618322,-0.00679858069381434,-1.46499002907248,0.0697770030412244,0.0547608778083486,-0.58297894045441,0.451829120248874,-6.03857611055719,0.478227495345635,0.597734759123547,-0.651099347647062,0.0832084910717299,-0.0101450746413643,-0.01852078655482,0.0227644208733704,-0.915300796925365,0.749323963951724,-0.165976832973643,-36.8585106382979,-36.8055319148936
1980-06-01,1980,6,-0.0959436535100622,-0.0520678321499304,-0.000125220472368865,-0.480373653931277,-0.00495038767980227,-1.40057619383103,-0.673798332298759,-0.510135039451711,-0.65980413944601,0.403453199397664,3.81860467385559,0.616225668898835,0.566054361772196,-1.65438848986537,-0.493577920850043,-0.0122115538224907,-0.0239849486942627,0.0561422229542448,-1.11342864597032,0.997147276168192,-0.116281369802135,-36.4702127659575,-36.621914893617
1980-07-01,1980,7,-0.0154207363772798,-0.109876428839129,-0.000162868396872832,-0.653880510518917,-0.0132250661872871,-0.879197647854134,-0.34063241476133,-0.301315702076693,-2.21392022706411,0.296750747530915,-13.4826865499199,0.748269228954712,0.875427358568967,-1.80507772151606,-0.288358621439158,-0.00911630178563927,-0.0428703439277656,0.121263610767736,-2.38351284498078,1.47740238739222,-0.906110457588554,-36.4182978723404,-36.7214893617021
1980-08-01,1980,8,-0.0808738992050735,-0.154211700461303,-0.000163123746033859,-0.733399329619843,-0.0109000552054841,-0.558672556464025,-0.665323584018495,-0.698015312099528,-2.62529656850779,0.137856766187049,-2.43208727033925,0.744175791050196,0.570492438966255,-2.04720890288712,-0.691864321823743,-0.0132156087181396,-0.0549478460965376,0.0803632544574633,-2.9368366867788,1.38803630914441,-1.54880037763438,-36.3444680851064,-36.67
1980-09-01,1980,9,-0.142565771207558,-0.176377088575407,-0.000195954710368118,-0.87990290749822,-0.0134462233218638,-2.11733204103764,-1.82970017000929,-0.923154095884627,-0.253661827685988,0.103724044421707,-2.52397081174422,0.828579336128882,0.20748860415646,-2.33518161950286,-0.912567966885661,-0.0160052048568513,-0.0268794318372971,0.0742426291147193,-0.978476604080122,0.516067578492486,-0.462409025587544,-36.6455319148936,-36.8948936170213
1980-10-01,1980,10,-0.232462134658192,-0.468660923477103,-0.000186162724365758,-0.657077500138755,-0.0121302119078692,-1.62847195446626,-1.53659536397078,-1.15405432654296,-0.902963411800869,-0.199592787443017,1.99223109260492,0.705871988621766,-0.0615574958842231,-2.3518044068195,-1.14111099347957,-0.021724843611985,-0.0359002140596152,-0.0479386630393766,-1.47080010886384,0.828152375912126,-0.642647732951719,-37.22,-37.3287234042553
1980-11-01,1980,11,-0.169853823290794,-0.445836817984059,-0.000158165810994156,-0.741134590796019,-0.0161545754436169,-2.49216937445814,-2.07535911270861,-0.717366047488724,1.53384682995505,-0.0427226288276081,-3.46086126498994,0.662260530156573,-0.247865549802782,-1.95860070309988,-0.722911727268979,-0.0265497002815342,-0.00959559670966215,-0.0450490118715372,0.666443378823338,-0.122304089389019,0.544139289434323,-37.4763829787234,-37.3997872340425
1980-12-01,1980,12,-0.18868415540868,-0.55224423909948,-0.000145375168927892,-0.729396509268142,-0.0240499539324723,-3.10096262002389,-2.32215872144445,-0.820103605542442,2.68486011677865,-0.143103321342259,-6.01664717972744,0.619093872019334,-0.537391617299392,-2.07354067519543,-0.848169647387522,-0.0329136783019877,0.00242984729063656,-0.107072933684821,1.67147794880223,-0.276684088094033,1.3947938607082,-37.6531914893617,-37.4278723404256
1981-01-01,1981,1,0.13857148249997,-0.311741109200625,-0.000111037547942184,-0.571873932797185,-0.0028983658445163,-2.40529090478938,-0.613750954416162,0.369465792712617,0.801547109603547,-0.151057805691025,-7.16644149945932,0.49978299256162,-0.296158396684696,-0.848376770105745,0.34608200920718,-0.0320318101939243,-0.0209636236954416,-0.0664127591819046,0.156663526048241,0.211242032184106,0.367905558232355,-35.7929787234042,-35.5091489361702
1981-02-01,1981,2,-0.00226708089047634,-0.129385479411781,-6.93815344352013e-05,-0.307235675566918,0.00321446345310017,-1.14470891071826,0.165878503546764,-0.460617498256113,-2.25148381951243,-0.321634480581722,-5.17144300376822,0.238998173964376,-0.0773847723195829,-0.922494651071645,-0.469233139481332,-0.0185394186273165,-0.0449869274260912,-0.0739821884672107,-2.24623228521467,1.07975751339327,-1.1664747718214,-35.71,-35.5117021276596
1981-03-01,1981,3,0.0416352907565738,-0.217703251449223,-5.52849494054198e-05,-0.388803393667743,-0.011450211712247,-1.79800710460717,-0.323355818886284,-0.166669507060135,-0.925617258206444,-0.187177162852986,-15.2460407491744,0.278005436125397,-0.0630388965888002,-0.633170840183936,-0.163085599828776,-0.0203547922405902,-0.0312041204763434,-0.0590870133949846,-1.07948442806767,0.313398928529057,-0.766085499538598,-35.511914893617,-35.3546808510638
1981-04-01,1981,4,-0.0778788084246571,-0.354235570925937,-9.52467956381979e-05,-0.630083495822479,-0.0156258982674494,-2.15672396976369,-1.24138389175005,-0.598750408041724,-0.173877835198198,0.193533108057995,4.54037874814821,0.462742874947395,0.232322589632687,-1.53363363274775,-0.568797133277201,-0.0198025517618796,-0.0228427897057792,-0.0216827842828007,-0.597831228570897,0.322203015762167,-0.27562821280873,-35.6093617021277,-35.4563829787234
1981-05-01,1981,5,-0.0909253227358704,-0.167876737940446,-0.000135969068277932,-0.610378344117322,-0.00692992708564444,-2.08640033932918,-1.2308469681418,-0.648223484314656,0.170665613167586,0.198651075662674,-1.88503425955423,0.545069745177614,0.160647349689448,-1.6780216698341,-0.613956188597285,-0.0153741173617945,-0.0169414154765901,-0.0287318972333281,-0.412407857983268,0.481441997409725,0.0690341394264564,-35.8685106382979,-35.8155319148936
1981-06-01,1981,6,-0.0318613860310393,-0.299902370675966,-0.000146799205356466,-0.749342949294178,-0.0109005677577954,-1.86759283721913,-1.29531331691476,-0.271154301405716,0.491294640349992,0.108168257023163,-11.0406860901421,0.628983216293847,0.143207331623394,-1.94501118590836,-0.245904466783031,-0.0122573286176708,-0.00934976915419305,-0.0227941077523752,-0.102649501343613,0.674947703616191,0.572298202272567,-35.8302127659575,-35.991914893617
1981-07-01,1981,7,-0.122018556939281,-0.09423283034414,-0.000140974788742932,-0.654505202917516,-0.00271493205223017,-0.91126636517884,-1.04805194381737,-0.902128776494692,-1.68954242449411,0.257445253086015,-15.1470133879193,0.650294105715716,0.725093462514266,-2.03118233174501,-0.878871165774115,-0.00842029175070946,-0.0365301417298656,0.118010460433357,-1.87218832078158,1.00638799864822,-0.865800322133353,-35.6282978723404,-35.9314893617021
1981-08-01,1981,8,-0.043786646282058,-0.143937385603294,-0.000213437705505658,-1.16303959445704,-0.00768216929710408,-1.94238614442413,-2.27095677046748,-0.560638008512512,0.177318424652213,0.214099071589949,-17.5192840533418,0.979102160384201,0.443121165528055,-2.52889008599209,-0.541475554736735,-0.0106059062808295,-0.0196907356853573,0.0624715932398523,-0.572761641793896,0.277095769300413,-0.29566587249348,-35.4844680851064,-35.8
1981-09-01,1981,9,-0.114049706043545,-0.31701137153442,-0.000166779524521918,-0.97266272842392,-0.00469530782168281,-2.69505549698334,-2.97394126383927,-0.922872935634587,1.802008244565,0.158872291758406,-14.730594326742,0.897531420984876,0.122745674612659,-2.47138557401684,-0.916758645796676,-0.0178375049551511,-0.00399568624333702,0.023098756171418,0.868350206434378,-0.496441399984512,0.371908806449856,-35.7255319148936,-35.9748936170213
1981-10-01,1981,10,-0.251002452049192,-0.455839184195156,-0.000209208054500589,-0.998664223835057,-0.00366697497430424,-2.49354930141356,-3.1953901617058,-1.34852024274096,1.30965198335613,0.0430906850832855,-3.67328299839573,0.929276632212776,-0.0181732640189196,-2.94220786463347,-1.34421259366655,-0.0286129278821048,-0.020353045863005,-0.020772048206176,0.319111402041159,-0.248874647997873,0.070236754043183,-35.97,-36.0787234042553
1981-11-01,1981,11,-0.340294509527837,-0.449879080766038,-0.000217875873820056,-0.951147391453819,-0.00724848115615384,-1.91056632596704,-2.70581717244562,-1.93663202973573,-0.94037791193594,-0.115149876400707,-0.236199669991038,0.886426527142561,0.00669941050882272,-3.13426834226084,-1.93820101065597,-0.0314325197741843,-0.0529173048507019,0.0463772039163626,-1.70495515216896,0.426882188894982,-1.27807296327398,-36.2363829787234,-36.1597872340425
1981-12-01,1981,12,-0.167574183477711,-0.429629780260484,-0.000188989959207233,-0.694878548132241,-0.0100632246266393,-2.2882120037131,-2.24118124298047,-1.04862491254045,-0.18083250409336,-0.0129363703780605,-10.868092076722,0.680526420775323,-0.106330087533195,-2.25338037869744,-1.04487228284955,-0.029275700241298,-0.0376310122245735,0.0911163497440786,-0.95475264202377,0.0159517654078662,-0.938800876615904,-36.5531914893617,-36.3178723404255
1982-01-01,1982,1,-0.545329022704038,-0.572282953115632,-0.000229300163115224,-0.944505776409688,-0.00608763648243438,-2.11716964415198,-3.1740890362392,-2.24032952436335,0.0355671296845514,0.129140280316275,-4.9149929524574,0.753564444007651,0.282201070320305,-3.37793361551178,-2.23639759882582,-0.0183722836119946,-0.0245284795966816,0.283200853286596,-0.564936524319059,0.207776504810106,-0.357160019508946,-34.6129787234042,-34.3191489361702
1982-02-01,1982,2,-0.477647166533473,-0.45876172293282,-0.000197902622428322,-0.700186966498819,-0.00451997723343489,-0.516574316274763,-1.9413882113962,-2.47470395658814,-1.63450450571142,0.493256308245677,-2.57807948676054,0.56906747537937,0.847896860724418,-2.96076099039163,-2.46996268613128,-0.0164968894829469,-0.0416155527455411,0.383163198827988,-1.84893142861207,1.02411404945236,-0.824817379159704,-34.51,-34.3117021276595
1982-03-01,1982,3,-0.681008652856463,-0.458361258350237,-0.000209137152445891,-0.768347038171644,-0.00289194091764011,-0.306451128144673,-2.32829000717328,-3.24763800799417,-3.19251938439643,0.588526839423114,2.81921786583553,0.532128150296387,1.0804423239011,-3.61394364686191,-3.24665386725877,-0.0205892707294804,-0.0661848176918434,0.358876570323615,-3.23273205021486,1.28663778042406,-1.9460942697907,-34.661914893617,-34.5346808510639
1982-04-01,1982,4,-0.519175537368653,-0.409442868853944,-0.000255288953674248,-0.86447617870418,-0.0128979027718534,-0.807064821801191,-2.31934256510203,-2.45704392408271,-2.87278407474719,0.222774710910596,-5.52706473485159,-0.550399254180604,0.710879700163986,-3.48183864932872,-2.45336900215824,-0.0454180662186099,-0.0689742251900891,0.227488505476698,-1.8342798313132,1.16617100615107,-0.66810882516203,-34.7693617021277,-34.6263829787234
1982-05-01,1982,5,-0.379040125138886,-0.358559051133454,-0.000197720292361701,-0.788782292476423,-0.0146365160115914,-1.47222234609738,-2.38330043146578,-2.02770423349966,-2.18904229850543,0.381318523513976,-13.9686414025637,-1.81092834881937,0.214971749834646,-2.7901009259561,-2.03172639928624,-0.0737764979354942,-0.0728572008555397,0.0739477848341714,-0.544460723365368,0.402778328703725,-0.141682394661643,-34.9285106382979,-34.8755319148936
1982-06-01,1982,6,-0.35096408248404,-0.313374037469941,-0.000206350051918065,-0.857978575560178,-0.00299012027203427,-1.08038341454163,-1.88964512328579,-1.98247862891469,-2.58569517556799,0.0213740093460615,-30.4942540031479,-2.23595912425716,0.0142983515345954,-3.0208036130814,-1.98525010348203,-0.0868735636810904,-0.0810072500248427,-0.0269206898963166,-0.356811709122312,1.12838701522819,0.771575306105866,-34.9702127659575,-35.131914893617
1982-07-01,1982,7,-0.293884089876258,-0.507014168462149,-0.000245295614313532,-0.940330437329116,-0.00668092162421108,-1.80740890801004,-2.81784081877936,-1.8863400263557,-2.4203722754211,-0.0319206961986858,-36.5061607029202,-2.93226401989227,-0.0664156083211331,-3.23742087049504,-1.88515865600016,-0.10165947711228,-0.0872343107184159,-0.031905114836194,0.477396832348724,0.420761422071223,0.898158254419947,-35.1082978723404,-35.3914893617021
1982-08-01,1982,8,-0.40145918183606,-0.390274842780286,-0.000215959471052159,-0.728686106237443,-0.00909909126299702,-0.396859679144924,-1.93505555478248,-2.37765424710352,-4.6081511542238,-0.38103122649575,-22.9251163563458,-3.1837132614568,-0.230556601430443,-3.10683959663208,-2.37969424259478,-0.102428589822079,-0.113614970376708,-0.112920037747868,-1.2739632677017,1.16974404635841,-0.104219221343381,-35.4544680851064,-35.77
1982-09-01,1982,9,-0.362226903936573,-0.626554291105435,-0.000239064893798057,-1.01168426542932,-0.0207005148936908,-1.21791890517344,-2.38020705561627,-1.9456921562346,-3.63261881538199,-0.682298382007794,-21.8105076607462,-3.15896241877513,-0.629452042760541,-3.30557811811582,-1.94795005495365,-0.102422975244181,-0.100240760619357,-0.212020466190982,-0.420810057359617,0.923113163780485,0.502303106420857,-35.5355319148936,-35.7948936170213
1982-10-01,1982,10,-0.404379813895218,-0.859301991763118,-0.00026691546188358,-1.19923180150625,-0.00914966816627927,-1.70086507583436,-3.47974239783878,-1.98206404621396,-1.38522711872989,-0.840920131519415,-14.2814145903976,-3.14559194961222,-0.98745697293862,-3.6365614888785,-1.97678546227354,-0.104414639624475,-0.0731620617305451,-0.152712306289477,1.61382798946316,0.162097674980124,1.77592566444328,-35.43,-35.5287234042553
1982-11-01,1982,11,-0.419603549000783,-0.640127189400062,-0.000185854660170156,-0.806836636837918,-0.00766382691098388,-1.78283240367134,-2.98297856373762,-2.16573802787372,-2.05818338212896,-0.920730934362808,-12.3234173300007,-3.28204720971544,-1.16530069732238,-3.02559110183284,-2.15635986451997,-0.105763597273064,-0.0837986456067621,-0.185556204113839,0.979294064626941,0.0519907014489824,1.03128476607592,-35.4563829787234,-35.3897872340426
1982-12-01,1982,12,-0.223274573969718,-0.586811486059503,-0.000177977961246082,-0.813653730720642,-0.00535690168416536,-2.5037986513457,-2.29771621285448,-1.06507786859345,-0.234998905811352,-0.878441018642558,-17.4631353417208,-3.04674916330271,-1.32088312659949,-2.34328816992246,-1.05348468092654,-0.100858268634478,-0.0552450949273036,-0.211496237112621,2.36930814953443,0.0571651447348671,2.4264732942694,-35.5231914893617,-35.2978723404256
1983-01-01,1983,1,-0.197148047725022,-0.232296955672609,-0.000133753979966195,-0.691789536259286,0.000363414754538716,-1.77767746460878,-1.66463523506218,-0.899410370958378,-2.12416628752845,-0.338486414007225,-16.3108065724518,-2.79905501538036,-0.513258319165097,-2.1021658683668,-0.891829430161806,-0.0878485762702548,-0.0749427678100916,0.0133610462402967,0.500116822694046,0.445111574101105,0.945228396795152,-33.6029787234042,-33.3491489361703
1983-02-01,1983,2,-0.180640216433517,-0.599362361169824,-8.53213915713025e-05,-0.455122978068818,-0.00413512452457387,-2.37541654307426,-1.6109283750132,-0.771254867982123,-1.66315569792744,0.133183751495878,-12.9378820177662,-2.72897107199361,-0.00118396637798668,-1.38450520750564,-0.768091653831334,-0.0700842218262965,-0.0555726271018111,0.178319930207088,0.931447656192333,-0.223259953356735,0.708187702835598,-33.72,-33.5117021276596
1983-03-01,1983,3,-0.25992880360343,-0.0900989815232265,-0.000124430183110331,-0.566115807178644,-0.0189676992013371,-1.74169775333827,-1.27609905532131,-1.39067517700113,-3.15044194427344,0.269134314068214,3.01909186283592,-2.5851369618166,0.287102641315805,-1.84313868843793,-1.39249180631879,-0.0601873785443705,-0.0675886026929131,0.187065621011115,-0.547336655209264,0.565223003798959,0.0178863485898013,-33.851914893617,-33.6746808510638
1983-04-01,1983,4,-0.321388058168679,-0.208745114892906,-0.000190071628971699,-0.85193868719508,-0.00821130051113739,-1.33602630905749,-1.82202264095605,-1.54683207943174,-3.0898289808172,0.0419492826923964,-4.79497525385523,-2.3023525162736,0.161060924371185,-2.53703213021276,-1.55264832950121,-0.0578892076842998,-0.066659853472629,0.108339077674298,-0.668364822864802,0.709193239187169,0.0408284163223733,-33.7793617021277,-33.5963829787234
1983-05-01,1983,5,-0.105172122070883,-0.0191444671694398,-9.22871284803513e-05,-0.559000333255621,-0.00198640080150636,-0.910284919027482,-0.566561004395794,-0.858927190546638,-3.02490886392542,0.0608821693480728,-23.6180470585532,-2.30224812887337,-0.171700456092154,-1.47740900023007,-0.864774514652254,-0.0592885272546844,-0.0653828310239497,-0.0516738630099294,-0.955243360492268,0.905000671728725,-0.050242688763543,-33.4585106382979,-33.3955319148936
1983-06-01,1983,6,-0.193088614521059,-0.334885518856936,-0.000133398819962166,-0.644059889511077,-0.00756274965877135,-1.17853153945283,-1.3682106269228,-1.00496750879569,-2.18856956141099,-0.0180993266964364,-14.3640657321521,-2.10093650018317,-0.179346808938405,-2.13107760865137,-1.00576624736306,-0.0587656684669007,-0.0586136199777729,-0.0766860360601154,-0.248880543469816,0.762068243161092,0.513187699691368,-32.9602127659575,-33.1419148936171
1983-07-01,1983,7,-0.273620083419246,-0.103781937080157,-0.000147091076745532,-0.571758116712019,-0.00649718947906108,-0.255582799786637,-0.756268677890318,-1.39298084508169,-3.82839423795511,-0.229189246773284,-12.3401614999166,-1.82687426044728,-0.0112410488840347,-2.09919765624403,-1.39110294203311,-0.0495673040624096,-0.0731969825232155,-0.0563815238586738,-1.78357177961858,1.34480688140222,-0.438764898216352,-32.7182978723404,-33.1014893617021
1983-08-01,1983,8,-0.14838355810906,-0.0527219431223216,-0.000146448842452658,-0.519107031344941,-0.010997616281204,-0.713212726809722,-0.688003949477491,-1.0614572787515,-3.0290221309798,-0.33630030345785,-19.0848134753469,-1.48160800290481,-0.107334428246343,-1.93606369952408,-1.06684847960275,-0.0436942836704595,-0.0606418193868272,-0.106990478779137,-1.31844825286349,1.24266854919532,-0.0757797036680792,-32.9444680851064,-33.32
1983-09-01,1983,9,-0.123041701699549,-0.325964487868418,-0.000157432082203198,-0.80273998395942,-0.00674286354614984,-1.90571205560644,-1.74391508813028,-0.913231745453572,-1.48411661614099,-0.370261388614093,-26.8628445957438,-1.04945722953312,-0.336444614704241,-2.20076483241985,-0.914238387790704,-0.0417641178962413,-0.0456697322518669,-0.0979402464488821,-0.400842612698021,0.455843101952386,0.0550004892544571,-33.1655319148936,-33.3948936170213
1983-10-01,1983,10,-0.375773630036178,-0.441134228219141,-0.000214254856395439,-0.969885757927155,-0.0153847369732603,-2.11985143679796,-3.12085419428178,-2.02732385383098,-0.941259821424865,-0.607639338325114,-11.298450193397,-0.689884551738231,-0.640773720404418,-3.42557452738447,-2.02366217510757,-0.0454899771228949,-0.0458099644162449,-0.0932947723197763,-0.284509651765944,0.308382011826126,0.0238723600601816,-33.29,-33.3487234042553
1983-11-01,1983,11,-0.302423081655832,-0.557884154607052,-0.000261843027505166,-1.04579339888542,-0.0101402932396619,-2.53376896424394,-2.78366441808259,-1.46696095313871,-0.259733064789941,-0.410642360997109,-15.4516633819876,-0.415040390595436,-0.551551198185976,-2.96263693574588,-1.45947885379195,-0.0414154892732643,-0.0383471702698621,-0.0171494796826384,0.0143984886166422,0.186454617009982,0.200853105626621,-33.5763829787234,-33.4697872340425
1983-12-01,1983,12,-0.427136438231685,-0.796065273354486,-0.000262151301892452,-1.10435219454344,-0.0107763039418344,-3.3396963960451,-3.96134836737747,-2.04722709947845,1.99246866833164,0.0367915998646389,-12.4665786647238,-0.177688934830684,-0.262766976266093,-3.51698556331843,-2.03947609901957,-0.0342037779647875,-0.0047579370391535,0.150381969537978,1.87059902703163,-0.436611803600133,1.4339872234315,-33.8031914893617,-33.5678723404255
1984-01-01,1984,1,-0.417337044744045,-0.785109493979633,-0.000254499162716434,-1.11306849424628,-0.0200731256383914,-2.61682091604898,-3.38409955215917,-2.16157892862537,1.41853831952653,0.330460157009075,0.838903349547763,-0.101362564508378,0.120943917690099,-3.58422798191179,-2.15459922086382,-0.030306490704854,-0.00573768246034145,0.201395380608895,1.31038464471595,0.207108137514105,1.51749278223005,-31.6529787234043,-31.3991489361702
1984-02-01,1984,2,-0.554413953439507,-0.585283390551808,-0.000267594573445641,-1.02824815580892,-0.00864071355745988,-1.81027050066876,-3.22732579419022,-2.50880474941113,-0.373697712903436,0.811684016454279,-1.01808969875856,-0.00853748887462302,0.831066674678816,-3.8156808075446,-2.50323094123132,-0.0207526773449969,-0.0223173758485609,0.340854855377788,-0.345777565804269,0.593928821534266,0.248151255729898,-31.64,-31.4017021276596
1984-03-01,1984,3,-0.375275890281443,-0.462255354179206,-0.000237910662041261,-0.990915522000744,-0.00857944091201313,-0.831754012545268,-1.97463970870729,-2.00687002777113,-1.67845248207243,0.870812445239316,-14.4495431461692,-0.139221787571614,1.3205377786464,-3.00850492547391,-2.01195158795377,-0.00990675051934087,-0.0284582039620433,0.372220769830815,-1.08950536109376,1.02878365658406,-0.0607217045096995,-31.931914893617,-31.7746808510638
1984-04-01,1984,4,-0.450658085028692,-0.564922604950937,-0.000227089492122788,-0.985504134487282,-0.00982236451300433,-1.90479780659889,-2.60490110027405,-2.3198647372007,-1.30510401580719,0.720082280640195,-14.0311106218578,-0.072433363860597,0.977607682071991,-3.45064363682775,-2.32387155856219,-0.0198335382382497,-0.0342258374806192,0.201516231039498,-0.975145250514799,0.841735715192168,-0.133409535322627,-32.0993617021277,-31.9763829787234
1984-05-01,1984,5,-0.10012246051889,-0.311466083045445,-0.000187671282363411,-0.781982619816024,-0.00362491476967242,-1.89936438526968,-1.46891785446678,-1.01151894615464,-0.856544465812419,-0.0303994518167272,-22.404977351558,-0.193389834697371,-0.119214461803452,-1.97426045573707,-1.01799214328724,-0.0234865930541743,-0.0295838527243899,-0.0848186669269282,-0.751969641101766,0.498869404137725,-0.253100236964043,-31.9685106382979,-31.9155319148936
1984-06-01,1984,6,-0.399391680137057,-0.38358942036092,-0.000244092878706465,-0.946513004780478,-0.00902195264224126,-2.00616445106813,-2.98033431841179,-2.31440238716067,-0.933955260488005,0.0414454696704638,-11.0318620541511,0.0300911286148278,0.037670792714195,-3.44867850502538,-2.32063373385006,-0.0164644838829409,-0.0278380360915129,-0.0385984267407355,-0.967821066059116,0.462112839924192,-0.505708226135035,-31.8902127659575,-32.051914893617
1984-07-01,1984,7,-0.405593296244263,-0.508774755524144,-0.000274096952093031,-1.23566745330382,-0.0200555648691412,-0.906666449906638,-2.61850033441033,-2.25121602064667,-0.942462211421088,-0.0433556809154858,-21.9180333869153,0.318363222707717,0.178056448554766,-3.96382402548704,-2.25827626003115,-0.0112765233615795,-0.0216025956585857,0.0130829016588461,-1.03941330465858,1.33826345169222,0.298850147033647,-31.6582978723404,-31.9814893617021
1984-08-01,1984,8,-0.31755911092705,-0.523021045785299,-0.000295088458105159,-1.28220237709624,-0.0198774718286191,-1.93133980861852,-3.22626612396346,-1.93201186207756,0.648228786022202,0.155816401042149,-13.6723364193458,0.587370203518191,0.242128623173254,-3.81742841813411,-1.93780057854775,-0.0107947385551692,-0.00450695569529724,0.019148185882182,0.14717080463511,0.585373577700516,0.732544382335622,-31.3544680851064,-31.66
1984-09-01,1984,9,-0.326017637273594,-0.989493863873406,-0.000325155345204917,-1.41843739809812,-0.0270014779987998,-2.47878242474824,-3.98290802742724,-1.7380296484526,1.89215277428499,-0.102225488724393,-11.2338550427521,0.682276491367872,-0.0384256034719428,-4.11390313886886,-1.74167604131367,-0.0156908336805213,0.00749334474843311,-0.0412975038479821,1.27367616816958,0.127348718580485,1.40102488675006,-31.5655319148936,-31.7648936170213
1984-10-01,1984,10,-0.357732337097218,-0.609182693414141,-0.000264611143714049,-1.07569973120455,-0.0102672346319262,-1.46988108357786,-2.99531145685478,-2.05724597040597,-0.105078159886887,-0.306106684963517,-3.27967219738639,0.621046643141767,-0.236094721667122,-3.49947962305146,-2.04939673340658,-0.0163898925888351,-0.0225718888416151,-0.0599157270367758,-0.656112839732238,0.512017403196126,-0.144095436536219,-32.05,-32.1287234042553
1984-11-01,1984,11,-0.526036701223802,-0.781904136787034,-0.000278512532048435,-1.16889242878752,-0.0141568789336859,-2.92942241496574,-4.4850435679266,-2.60609881022674,2.49582169147504,0.266265090508991,-5.08292021798843,0.748450299373559,0.0178383353811213,-4.01488689770184,-2.60080040364994,-0.0137051039321738,0.012232443231698,0.122468915999661,1.49894463697364,-0.464858263648019,1.03408637332562,-32.2463829787234,-32.1997872340426
1984-12-01,1984,12,-0.630599655379683,-0.750087348586476,-0.000278227279820733,-1.17059528686894,-0.0192401420469983,-1.4173788436492,-3.52875363344248,-2.8428282756114,0.478781600432654,-0.207587522604161,4.63483363827982,0.645960988226307,-0.232303216832889,-4.31903505370042,-2.84175032186357,-0.0142896375462076,-0.00954461360882375,0.0960601634850793,-0.19189508202237,0.791359374005769,0.599464291983498,-32.2931914893617,-32.1078723404255
1985-01-01,1985,1,-0.327739415553992,-0.750076104678612,-0.000288980397322884,-1.13213127311729,-0.0297872431832774,-2.04867316869858,-3.24298164577419,-1.62829170982536,1.58964532229155,0.288773710119777,-12.7343593194528,0.406754051970637,0.184034458092604,-3.24150672673676,-1.62258390489279,-0.0120666173904445,0.00798860223481856,0.309434010613597,1.07815201829374,0.00423288589510662,1.08238490418885,-30.6229787234042,-30.3991489361702
1985-02-01,1985,2,-0.781629785393477,-0.781283795194781,-0.000330534323342242,-1.37198270550642,-0.0274190890231629,-2.08258157737636,-4.51004632771924,-3.67016493915412,0.445533152631583,0.920108853034979,1.42575741423934,0.704642315448382,0.936519860777217,-5.13898985321759,-3.66682020733833,-0.00775928797908687,-0.00554886629038087,0.408782743091189,-0.242698155074571,0.632288257314165,0.389590102239598,-30.66,-30.4417021276596
1985-03-01,1985,3,-0.535887397258421,-0.734929659712236,-0.000245735541214201,-0.886776337739942,-0.0171644866406501,-0.836084833773668,-2.4769242019853,-2.75612829151515,-1.71098954759145,1.09178499228132,-0.0239824341697386,0.3653271446004,1.5012364349701,-3.66884730749092,-2.75214217119077,0.00375094910521945,-0.0230584602377735,0.461023213593615,-1.66686524950306,1.19590922583006,-0.470956023673001,-30.251914893617,-30.0646808510638
1985-04-01,1985,4,-0.536111236120689,-0.578811754415938,-0.000271427887740958,-0.939820857032981,-0.0185978647226024,-1.14244940042249,-2.69577700079401,-3.00867178669671,-1.75471993265421,0.818157711659694,-7.75969672384963,0.320941886931394,1.07118186617229,-3.81500537320375,-3.01213122630122,-0.000398853927559895,-0.0262538874417193,0.248309542243799,-1.822637665073,1.11576893280517,-0.706868732267829,-30.3493617021277,-30.2063829787234
1985-05-01,1985,5,-0.408815203423899,-0.624699313841461,-0.000275050477736872,-1.03026337186752,-0.0119672949310934,-1.32221525514918,-2.71050601240478,-2.20083821790064,-0.0684418137824139,0.451076683887575,-0.944948344564182,0.343175078113632,0.515091289792245,-3.57169142323011,-2.20785965953229,-0.00556248016321437,-0.00704187588944993,0.11834684508317,-0.347602285991364,0.854163969193724,0.506561683202357,-30.5185106382979,-30.4955319148936
1985-06-01,1985,6,-0.37331869379102,-0.665299839079921,-0.000364856873978076,-1.41939905625248,-0.0248394360244623,-1.88296053147383,-3.77775187838375,-2.3142741110517,0.383642652581017,-0.201992991713738,-21.4769299081381,0.665970464189826,-0.186122135950605,-4.46883350441738,-2.32251849001403,-0.00892822766813062,-0.00964616611195268,-0.120415285481526,-0.266456955845712,0.682837247071191,0.416380291225568,-30.2002127659575,-30.381914893617
1985-07-01,1985,7,-0.468717417022276,-0.757595561142125,-0.000371600565873832,-1.42946641724802,-0.0230823357236771,-0.813738769919937,-2.90965218823635,-2.56769628896467,-0.350322831491098,-0.268136044240684,-19.0703228509083,0.645335794801724,-0.0763813709233325,-4.65228875596404,-2.57200742860311,-0.00859220800077942,-0.0147139141968458,-0.147555830358444,-0.803903952975475,1.73832542808922,0.934421475113748,-29.9382978723404,-30.2514893617021
1985-08-01,1985,8,-0.323734210837074,-0.44615618095429,-0.000264650008724557,-1.08442808855284,-0.00899637764124706,-0.678183571725626,-2.08285256651845,-2.25753096098953,-1.96027099509081,-0.0813856160104507,-20.5111386773351,0.552698134251216,0.107417152469356,-3.4829904672161,-2.26240725392279,-0.00586447328430939,-0.0358967751909773,-0.0759982604860276,-2.32416636086219,1.39526160776441,-0.928904753097779,-30.1544680851064,-30.43
1985-09-01,1985,9,-0.431967992046566,-0.627810225286396,-0.000304731044973628,-1.20601909081062,-0.0158776358069669,-1.11040011542475,-2.83483041183825,-2.55314555701062,-1.73946692864601,-0.337248779639591,-11.2890084027458,0.67672786516988,-0.0635277718306426,-4.19718897964185,-2.55669663612167,-0.00598583409520126,-0.035023002569297,-0.0996644398596818,-2.14247378600692,1.35880748869249,-0.783666297314443,-30.3255319148936,-30.5148936170213
1985-10-01,1985,10,-0.538721173295187,-0.906919516277128,-0.000311309499486198,-1.24226068370976,-0.0188659234770272,-1.64921593639606,-3.65398415418179,-2.80525101148999,-0.784314223810867,-0.377295116334217,-10.0786458823859,0.71550200191777,-0.188738643144319,-4.47588838736345,-2.80457171926355,-0.00311568732028489,-0.020389481813885,-0.0549003938611765,-1.31125975253874,0.822583525408128,-0.488676227130618,-30.4,-30.4687234042553
1985-11-01,1985,11,-0.502202696747815,-0.878068518618022,-0.000306765333901565,-1.26883839697742,-0.0145371236532809,-2.12373611297564,-3.69412925543662,-2.49298337871272,1.31129466354807,0.141102892403691,-9.8383872389968,0.898187643565564,0.11666802104962,-4.15875430831483,-2.48931399273795,0.00246013298936631,0.00877857264372794,0.149771021214962,0.388672148628437,0.468294438852983,0.856966587481423,-30.6163829787234,-30.5497872340425
1985-12-01,1985,12,-0.445868375749683,-0.811008074385484,-0.000316620959069933,-1.27897588706954,-0.0195420526446234,-2.5247402716378,-4.48842510011247,-2.36106335913342,1.96718204846866,0.265907272418438,-16.2800158437312,0.778493594899317,0.0689063169338056,-4.06119774363344,-2.35137987686954,-0.000304371735347253,0.0135612527532065,0.138036237759378,0.99168749808473,-0.417543874215131,0.574143623869599,-30.7431914893617,-30.5778723404255
1986-01-01,1986,1,-0.307988883877044,-0.620380907112633,-0.000259058512860795,-1.08062316656409,-0.0122211511446283,-3.06655913531838,-3.59179062343617,-1.85745268925439,1.15487007825854,-0.0221735740120259,-27.5178991984576,0.457011382996626,-0.295970605532801,-3.37820393357276,-1.84532836509777,-0.00441273056699476,0.00480581874891861,-0.0965026927077037,0.424061663741142,-0.201462365706796,0.222599298034353,-28.8629787234042,-28.6391489361702
1986-02-01,1986,2,-0.239539404627465,-0.760867113488814,-0.000333635064800192,-1.37182699118092,-0.0241831021999989,-2.99529219274376,-3.69667243883123,-1.37986245582215,1.44829475277356,0.221855159625377,-22.838123454756,0.432279384159386,0.0974789858812173,-3.53073216743661,-1.37040981848332,-0.0125998198588464,0.00212051188623885,0.0177008659737883,0.891639194870031,-0.156487634055733,0.735151560814199,-29.12,-28.8817021276596
1986-03-01,1986,3,-0.36221360626547,-0.612013660777222,-0.000269293671337101,-1.13728684799064,-0.00451644418651209,-2.01705041990497,-2.70672331161427,-1.94643287640218,-0.00613706199945341,0.385498306283115,-8.55701610016695,0.298952249295382,0.517279469692404,-3.44769170300395,-1.93760212812776,-0.0106902233443709,-0.0118199261030933,0.0848280161573154,-0.173308147885564,0.749799139664159,0.576490991778602,-29.181914893617,-28.9946808510638
1986-04-01,1986,4,-0.249374641552663,-0.498606603449957,-0.000209433935283309,-0.94826075130138,-0.0151199463082384,-1.75288314374909,-2.19891367295105,-1.55507731425172,-0.731000128764208,-0.269574289440303,-6.36409884184832,0.112708976635389,-0.171120622844015,-2.79323682456572,-1.54853019261219,-0.0131986170609499,-0.0221523247006692,-0.0964907992362019,-0.745255438803298,0.600870273254166,-0.144385165549128,-29.0693617021277,-28.9263829787234
1986-05-01,1986,5,-0.224566621848851,-0.453684185118448,-0.000274427591070062,-1.16033815793302,-0.0171576268892834,-2.08427014614809,-2.79848908668578,-1.35269373488563,0.751115712445568,0.104127077044375,-10.7541793825512,0.263432043577637,-0.106278964647053,-3.08733726309606,-1.35098154253927,-0.00839107017469454,-7.35297436005311e-06,-0.0988895029542292,0.277277627176538,0.290560368756722,0.567837995933157,-28.9785106382979,-28.9455319148936
1986-06-01,1986,6,-0.279120081907024,-0.335107200164941,-0.000274434052963304,-0.902844920839179,-0.00618619724283731,-0.972446862739126,-2.02920941796577,-1.43782470863567,-0.67256761985999,0.0507858682155629,-8.06315784114122,0.319247733782845,0.0430831655542967,-3.03158836313037,-1.44239791766802,-0.00481865667359083,-0.0169868604922727,-0.0930026092395657,-0.999518056304112,0.997805736132193,-0.0017123201719329,-28.7002127659575,-28.861914893617
1986-07-01,1986,7,-0.275173107620276,-0.566733506042112,-0.000331494499981832,-1.25448582150942,-0.0219751609585681,-1.55961187956954,-2.58932344375336,-1.63094699488471,-1.05002487743209,0.000246977733713294,-14.484417045911,0.534194444908735,0.154933831403469,-3.69436354763502,-1.63724022953011,-0.00478214273158928,-0.0229190423883159,-0.0773959766225936,-1.42953246867108,1.09874686923622,-0.330785599434851,-28.5682978723404,-28.8514893617021
1986-08-01,1986,8,-0.287300394209069,-0.698968461189338,-0.000305447795907559,-1.25384492630584,-0.0179851831494451,-1.13763249501913,-2.89462409839547,-1.82419020890251,-0.691686211738812,-0.0279393875265512,-13.7888418513467,0.541152853740215,0.121036298190056,-3.7586031155281,-1.82580327433976,-0.00242616114581962,-0.0156091905450775,-0.0758891788809866,-1.08386337976239,0.862365951695413,-0.221497428067078,-28.6444680851064,-28.95
1986-09-01,1986,9,-0.364207947932584,-0.769401374114409,-0.000282418326943657,-1.17178687362892,-0.0168851061683588,-2.10649948941654,-3.47132612667428,-2.03784463534657,-0.141787236343987,-0.354308244302391,-9.4737815157423,0.408677284093869,-0.226153323111241,-3.76774510755484,-2.03506160031566,-0.0124755261619014,-0.0183158529367469,-0.076913970721181,-0.422309599246717,0.299202015911487,-0.123107583335244,-28.8355319148936,-29.0748936170213
1986-10-01,1986,10,-0.361941259179218,-0.786282065325111,-0.000273853949487139,-1.31831444473336,-0.0172035734612402,-2.95573635915946,-3.64101672922976,-1.86778478225096,0.596648944510122,-0.672329083284716,-10.468077863392,0.434496471647776,-0.700079008504424,-3.78648269312646,-1.86245232723655,-0.022299645841025,-0.0166003502122449,-0.156072624473177,0.134402547642658,0.150798418911126,0.285200966553781,-29.01,-29.0987234042553
1986-11-01,1986,11,-0.372414789310824,-0.719384394882013,-0.000239604984868195,-1.02383671960492,-0.0106951682070149,-1.64796885754944,-2.49408536444463,-1.9093782626037,-0.697656014583941,-0.932298726382708,4.83757623900601,0.298185371487563,-1.00724311905608,-3.26812709181183,-1.89974475899095,-0.0237190192361245,-0.0308476382207918,-0.250388807157337,-1.07078577874486,0.783675230979881,-0.287110547764879,-29.1063829787234,-29.0397872340425
1986-12-01,1986,12,-0.403512873940713,-0.599887135225458,-0.000217301601759763,-0.87087449493794,-0.00527268985765039,-2.05111250889529,-3.14199213679848,-2.05507876554844,0.379623773460651,-0.436797653292661,-7.60954273572133,0.249420549233321,-0.670468511337795,-3.18492779740643,-2.04583982876852,-0.0195682300831876,-0.0162459832394837,-0.146707189762221,-0.103467633817772,0.052174597387868,-0.0512930364299038,-29.5331914893617,-29.3678723404255
1987-01-01,1987,1,-0.331815225858008,-0.232344341638623,-0.000186170335642225,-0.834163856310887,-0.0021212049563063,-3.02916486156188,-2.53266706834518,-1.52306442390335,0.632974382554551,0.0972935189247757,-9.94581698544789,0.420971193922639,-0.0861139554699974,-2.67091102383375,-1.5221703085648,-0.00152261328719394,0.00116975192170843,0.114449993013595,0.0285957142371416,0.139138070827105,0.167733785064254,-27.9629787234043,-27.8191489361702
1987-02-01,1987,2,-0.253225271773488,-0.334134075925817,-0.000147662393683561,-0.659629987980519,-0.0148158250187679,-3.00908280444926,-1.99459743506924,-1.13650447872715,0.0820313004955722,-0.0297336185373211,-5.47977324976819,0.395838328607368,-0.0139158860357824,-2.03143255485861,-1.13104254911229,0.0105808489460033,0.00512148203700891,0.100005400782589,-0.297989295610272,0.0422970494042652,-0.255692246206003,-27.89,-27.7517021276595
1987-03-01,1987,3,-0.449228034437454,-0.629125304735226,-0.000204110361678061,-0.802348877875144,-0.0316516917238351,-2.50887965211207,-2.79594782727128,-1.92915499742418,0.724094981233549,0.561995570352614,-4.25322729017353,0.425671890380386,0.573006515266002,-3.01568812677391,-1.92794298757775,0.00186291895124935,0.00831333905299658,0.226113194577914,0.309434035766536,0.220952309349059,0.530386345115602,-27.601914893617,-27.4946808510638
1987-04-01,1987,4,-0.323226382600694,-0.206838923945952,-0.000196978735078778,-0.817374640276181,-0.0236806558165094,-2.38396925401109,-2.40201538584705,-1.61398244725075,-0.277886555734199,0.203361735906697,-5.31373600385268,0.400280757543413,0.102208706002088,-2.72274520487076,-1.61594747207619,-0.0101256550783897,-0.0175804196144291,0.0672269477406982,-0.779320343182199,0.318764794198266,-0.460555548984029,-27.3093617021277,-27.2463829787234
1987-05-01,1987,5,-0.224813113697849,-0.388252670120437,-0.000120219170502901,-0.333087305441122,-0.0218276651494194,-2.31196553385238,-1.35495480990977,-1.10554646956763,0.224464640469591,-0.0326919762526252,0.845900662447093,0.0317420734136249,-0.30673486708595,-1.60920260048806,-1.11080208635428,-0.0141088921338945,-0.00793260974313981,-0.071815181303128,-0.0813203237773621,0.248992173791624,0.167671850014257,-27.0385106382979,-27.0055319148936
1987-06-01,1987,6,-0.11564654522607,-0.0850851641549184,-0.000105782752703764,-0.401020791064678,-0.0127752359761323,-2.13328106024433,-1.34252144224376,-0.874175379154678,-0.249449212335008,-0.171623118022836,-11.2545380751399,0.15146168931085,-0.169153574641403,-1.73381616963138,-0.881766071076015,-0.0145608211885606,-0.0171456167324631,-0.100410820396485,-0.398441358264414,0.383704035466192,-0.0147373227982328,-27.0002127659575,-27.051914893617
1987-07-01,1987,7,-0.0498279759622733,-0.302185535894125,-0.000125703173918331,-0.578971740892516,-0.0171195616752181,-1.58214643897194,-0.418819310323329,-0.149131611883661,-1.24933121025811,-0.166602156921087,-3.1684598269203,0.200859393359707,0.0510372343290655,-1.43467640595105,-0.143343034640111,-0.0123682352355994,-0.0273686974921357,-0.0620808491803135,-1.23255121236767,1.02164567287122,-0.210905539496451,-27.0182978723404,-27.1714893617021
1987-08-01,1987,8,-0.24451863563803,-0.42312431268931,-0.000128575251344458,-0.607618115381943,-0.019194958514143,-1.28188706024862,-0.618500666093496,-0.895158479392535,-1.7977326464578,-0.311120865669452,-3.58637857733993,0.188218501132212,0.0376084830293557,-2.12932667788709,-0.896015097900772,-0.0134816642619695,-0.0331720795698374,-0.0846407162132774,-1.6372217988912,1.50996939328541,-0.12725240560588,-26.9544680851064,-27.17
1987-09-01,1987,9,-0.129995277231558,-0.500800143519427,-9.25563608432968e-05,-0.423988552646421,-0.0284380110526848,-2.02473597273784,-1.37632922507828,-0.514009116310604,-0.613723041612985,-0.325708934073791,-2.14183065574616,0.169783666667882,-0.148816659144043,-1.69117427100684,-0.508330123634664,-0.0110298242839315,-0.018895331502097,-0.0243872299976822,-0.606614433351119,0.320524038604486,-0.286090394746644,-26.9955319148936,-27.1848936170213
1987-10-01,1987,10,-0.261810199605179,-0.360850038322155,-0.000127088249630808,-0.434397980415255,-0.0243355338097733,-1.95850559845626,-1.40719462986476,-1.104677081018,-0.852844652367878,-0.543772868769217,-1.12717774338671,0.220031477514766,-0.451992992708725,-1.9445592085425,-1.10549485348554,-0.00749100676893466,-0.0180738337134052,-0.130277170477877,-0.981096253822145,0.536546806210225,-0.444549447611919,-27.07,-27.1487234042553
1987-11-01,1987,11,-0.324511856469826,-0.354175887208044,-5.47458888251057e-05,-0.226408937378118,-0.0268291644399359,-2.32347784942764,-1.31416967041559,-1.19104143448669,-1.13668951087496,-0.848626615162207,10.4990088390041,0.16128825480456,-0.791258188358078,-1.51988827360185,-1.18433546642098,-0.000777693925464007,-0.0162161298982819,-0.213366010597138,-1.24060933887536,0.212424571251983,-1.02818476762348,-27.1563829787234,-27.0897872340425
1987-12-01,1987,12,-0.11157041691672,-0.0910662650034624,-3.18266068042826e-05,-0.366130978693441,-0.0130207301462933,-2.2099198358621,-0.563131053018481,-0.487154725180403,-0.745980690688356,-0.754011582845461,3.8614223812765,0.239425778167288,-0.683259176416193,-0.899708587667419,-0.477447963773557,-0.00407287119536726,-0.0180433269319238,-0.178657014669321,-0.914654062426372,0.346284296055867,-0.568369766370502,-27.0831914893617,-26.9478723404255
1988-01-01,1988,1,-0.0386755180140312,-0.149536599818589,3.68162650511445e-05,0.142160444393213,-0.0222031403937514,-1.49686033943698,0.572204176520813,-0.125515301804342,-1.25631174908546,-0.433059070359626,-1.12056026345817,0.0262894983766273,-0.332798414613798,-0.105520485310763,-0.118644332107806,-0.00784651347038423,-0.0204719670727016,-0.112971297832804,-1.18234059171625,0.684595631528104,-0.497744960188147,-25.0529787234042,-24.9191489361702
1988-02-01,1988,2,-0.252846218012508,-0.202932630581813,-5.18259938323915e-05,-0.28259301281842,-0.0322323393891779,-2.28346013256226,-0.831499649903208,-0.760454917509151,-0.889002276977436,0.0270320821873788,10.8630280612415,0.311517106452385,0.165989655490414,-1.36048886119261,-0.755170965106288,-0.00347458804544676,-0.0183071409613111,0.112797088345889,-1.06156181012677,0.534273163692266,-0.527288646434503,-24.99,-24.8517021276596
1988-03-01,1988,3,-0.158250310810445,-0.0478429659432322,-4.08532517596413e-05,-0.255227170930844,-0.016756221391758,-2.11594941475787,-0.615192304923312,-0.784837752655164,-0.840260773431453,0.344093789290014,8.74920209083939,0.276663025105393,0.678995369779201,-1.18610769534695,-0.776682996850752,0.00727763161067951,-0.00838983673288318,0.235454598272815,-0.782022218047665,0.579070146228059,-0.202952071819599,-25.041914893617,-24.9846808510638
1988-04-01,1988,4,-0.106385619618663,-0.154879424283934,-5.71465151092288e-05,-0.188295495541279,-0.0155416981394734,-2.10665824131699,-0.463115515277025,-0.484983345885723,-0.648095909436194,-0.0198450203529035,5.40039848514425,0.169353537763413,0.112055908118386,-1.00221230496572,-0.487705134629209,0.00168476698065012,-0.00855146386602934,0.0102729339633978,-0.685548518728297,0.536375000945167,-0.149173517783129,-24.9893617021277,-25.0163829787234
1988-05-01,1988,5,-0.0471330534308549,-0.153640534805447,-6.96364982108507e-05,-0.317951604032125,-0.00892599555001339,-1.76231383678338,-0.419235633096775,-0.510836715178641,-0.829411045100414,-0.0623287995645256,2.33546467944689,0.190629896848634,-0.0289398510534511,-1.12455920838011,-0.51708040331124,-0.00211865436449443,-0.0121689650230699,-0.0673255808721294,-0.986651993437967,0.699079887150724,-0.287572106287245,-24.8385106382979,-24.8655319148936
1988-06-01,1988,6,-0.0562840240460218,-0.082902514148941,-0.000116414151032265,-0.369731315338978,-0.00756768919059325,-1.61043392124773,-0.554468391839805,-0.387486831687681,-1.38833484185301,-0.413647412522636,2.78810227884969,0.185633139857828,-0.070876735500903,-1.18920199769838,-0.394630357686026,-0.00393188770925068,-0.0226904352792028,-0.0569246074186651,-1.23119730468911,0.627590079860191,-0.603607224828934,-24.7002127659575,-24.7819148936171
1988-07-01,1988,7,-0.142196661356252,0.0286053277138762,-5.50849441085313e-05,-0.332319931951119,0.00205151614143584,-1.15922532569503,-0.12683241750932,-0.762913587110688,-1.95044665728409,-0.439087783487285,0.833751282087178,0.284332564183728,-0.102968826684332,-1.24262198678701,-0.767415554749107,-0.0011742229677294,-0.0315011430003458,-0.073744260843533,-1.89866026466488,1.11128760163922,-0.787372663025653,-24.5882978723404,-24.7414893617021
1988-08-01,1988,8,-0.141743976921077,-0.0545152240333096,-7.37103843717578e-05,-0.366148302759942,-0.00572718737663303,-0.712624672319023,-0.0526406840374989,-0.857901438184513,-3.20019379764781,-0.551121012734953,2.55471955565736,0.364978449513217,-0.00383197093194454,-1.49856361602008,-0.863098018520759,0.00484992375004056,-0.0430346187229875,-0.0520297171264676,-3.0178832053581,1.44072635164632,-1.57715685371168,-24.4744680851064,-24.62
1988-09-01,1988,9,-0.105640883975582,-0.053365514414395,-9.68738767343977e-05,-0.502366789840821,-0.00722633279871088,-1.32618919639384,-0.478660269080251,-0.837238153813587,-1.97328507998199,-0.485112906730091,3.12774263224856,0.455062892678882,-0.253173992690641,-1.49106025737086,-0.836090633652702,-0.00337676644903118,-0.0344611522012972,-0.108639767501682,-2.19640905862142,1.01354750845149,-1.18286155016994,-24.4255319148936,-24.5448936170213
1988-10-01,1988,10,-0.183408545494217,-0.360421175222143,-0.000168204828956249,-0.777423028329455,-0.0199590776751603,-2.84030652087806,-2.31363594660479,-1.18821191206797,0.507160216875121,-0.259724739559815,4.15636983361037,0.646383481733778,-0.391301180278624,-2.3005638848295,-1.18235014721654,-0.0135222947319349,-0.0138142891435451,-0.113127029825476,-0.270799705577438,-0.00721029692387276,-0.278010002501318,-24.6,-24.6387234042553
1988-11-01,1988,11,-0.4317433004598,-0.275106725995045,-0.000307824822384865,-0.976064326973219,-0.00917444068266393,-2.37171990314214,-3.12541803542859,-2.2588688407497,-0.577827366005948,-0.263802161918008,-10.7488867829961,0.757454992939557,-0.340857761217876,-3.50388536198784,-2.25120940334796,-0.0205172774211144,-0.0385145260009621,-0.0761350269268384,-1.41233795824536,0.386126763960981,-1.02621119428438,-24.7863829787234,-24.6797872340425
1988-12-01,1988,12,-0.305482227498715,-0.392060226698504,-0.000275787733026802,-0.870002123134341,-0.0117409457357094,-1.9245022446427,-2.3544667169075,-1.80882750637141,-1.32007675476336,-0.714196342416461,-16.5663185177254,0.510978118295327,-0.51119499084259,-3.00012670283343,-1.80112769700855,-0.0226187012022177,-0.0458920501090034,-0.091208583786722,-1.62805352148477,0.653359795288868,-0.974693726196001,-24.8231914893616,-24.6578723404255
1989-01-01,1989,1,-0.517016185225032,-0.497175856925594,-0.000261114968216205,-1.04289813029729,-0.0176958254742543,-2.71467515158288,-3.65526520400817,-2.50578235752636,0.757291077252546,-0.190848573181324,-3.93073145745439,0.790267028462637,-0.315619187110499,-3.96089411141878,-2.50278103741579,-0.0237087254104447,-0.0199997784775316,-0.0339712376622039,-0.157746565139256,0.308630227521107,0.150883662381855,-22.9629787234043,-22.8691489361702
1989-02-01,1989,2,-0.289708158846508,-0.50493928639878,-0.000328349730958492,-1.13286056078422,-0.0115880789551789,-1.41749401443806,-2.6908424098832,-1.72289504279513,-0.753077025414427,-0.197666991878723,-2.38354694476584,0.83537060863037,-0.114868594513283,-3.66674666466764,-1.71676424436333,-0.0126190465861571,-0.0317492738016512,-0.00162076441891124,-1.50564923667937,0.982035053216265,-0.523614183463103,-22.99,-22.8817021276596
1989-03-01,1989,3,-0.348650978143439,-0.674623529032203,-0.00029748147458789,-1.17066831787034,-0.0242812476796291,-2.60067878077737,-3.21356039382027,-1.82582189652817,0.117969710596554,-0.255190669184586,-3.05448881417396,0.776916479170382,-0.111991121593796,-3.54996789445596,-1.8255053622118,-0.0108772227366405,-0.0184579665183735,0.0229160723531141,-0.515747220983066,0.336724034952059,-0.179023186030999,-22.881914893617,-22.7946808510638
1989-04-01,1989,4,-0.258287874282701,-0.479219336599954,-0.000216433843570169,-1.00468192851898,-0.00328212425991836,-1.74561900826929,-2.51323663153005,-1.61629311423673,-0.0349307064992104,0.0483328411832957,-6.43559405785345,0.77738720019741,0.116481191570486,-3.06042112518071,-1.6194772481972,-0.0138265730982998,-0.0223862697918893,-0.0134820920803005,-0.744169556309402,0.544000359690166,-0.200169196619328,-22.9093617021277,-22.9363829787234
1989-05-01,1989,5,-0.346411272777857,-0.62606995910545,-0.000235969724990031,-1.00561151098922,-0.0105660713857274,-1.76855553292458,-2.51431602683977,-1.81223367380665,-0.398201790164421,0.118680440258675,-10.1917898675601,0.76491005213461,0.32157760355485,-3.28936333256007,-1.82242641029029,-0.0083525827388744,-0.02050606427105,0.0642522075379706,-0.960214679002867,0.764854569236725,-0.195360109766144,-23.1085106382979,-23.1855319148936
1989-06-01,1989,6,-0.339709921327028,-0.602024608082957,-0.000245679610081066,-1.07152586673958,-0.0111072076319723,-1.11075348546433,-2.27056930003579,-1.7115438268807,-0.210799464252005,-0.0380787929548383,-0.030896265147021,0.748254127487826,0.250659889842694,-3.36746647804335,-1.71586423991903,-0.00741123835226043,-0.0166775880157131,0.0297436658671337,-0.670314908942316,1.09257676496919,0.422261856026868,-23.1902127659575,-23.2719148936171
1989-07-01,1989,7,-0.190947992737279,-0.547462359101132,-0.000232869777827832,-0.987555734669517,-0.00855684117155608,-1.78630172896064,-2.27272101725634,-1.0796208130817,0.288670898353899,-0.0100040719349863,-2.13201726191619,0.752496026791732,0.176024439368767,-2.84530983784202,-1.08328367754115,-0.00807576594494952,-0.0123432032623256,-0.00500203069642424,-0.277796617134079,0.568925956126222,0.291129338992146,-23.2882978723404,-23.3914893617021
1989-08-01,1989,8,-0.248760773001038,-0.506598239248319,-0.000192935947665158,-0.958545598543441,-0.0130202549502451,-1.05894344273492,-2.07805129312345,-1.49087898694353,-1.0463048602098,-0.221531984253851,-2.58791175934311,0.739199662451199,0.032624535507356,-2.75620842509409,-1.49130053722178,-0.00883358068830953,-0.0310748601293476,-0.0497228378315366,-1.53134800289979,0.677735581692414,-0.85361242120738,-23.3444680851064,-23.45
1989-09-01,1989,9,-0.215492073633584,-0.366281164075417,-0.000261619522207678,-1.04699940055502,-0.0155936928193928,-1.96547592864824,-2.66736624535025,-1.23390644040359,0.286272672714006,-0.210194443311391,-9.60390802074107,0.892656732046873,-0.219168746060042,-2.97536749431487,-1.22867478275765,-0.0148254857837715,-0.0196152741048272,-0.128673614780881,-0.615358362081516,0.313232906610587,-0.302125455470943,-23.1255319148936,-23.2248936170213
1989-10-01,1989,10,-0.245707579156203,-0.431652136050104,-0.000227885052327039,-0.948550371199556,-0.0113296287867393,-2.21581322330946,-2.60222003178876,-1.43602575979895,0.0136207694371251,-0.507933739099116,-12.8727291113901,0.889297497668764,-0.473850646450124,-2.9795030945055,-1.43350903282658,-0.0135351228817751,-0.021697972168385,-0.154740023436377,-0.84159363558264,0.379799789689127,-0.461793845893517,-23.18,-23.2087234042553
1989-11-01,1989,11,-0.359934739127823,-0.580255416196053,-0.000200884662435766,-0.767487966511318,-0.0221845480215989,-2.02971098882774,-2.69034655097363,-1.6777763318147,0.139839626043056,-0.665769054824008,-4.40431403099501,0.729872469133568,-0.678664998040176,-2.85465436722586,-1.67145584456995,-0.0136095282967643,-0.019487161319292,-0.160054233046138,-0.602928786306663,0.170628303496983,-0.43230048280968,-23.3663829787234,-23.2697872340426
1989-12-01,1989,12,-0.197557618363703,-0.36154208220546,-0.000248159609835602,-0.962916053899942,-0.0205056706753813,-2.34540752887619,-2.12275669248646,-1.1171618319114,-0.311930804626343,-0.598114237712959,-14.286550008721,0.69255929981432,-0.616146670822395,-2.37677895515941,-1.11428340189553,-0.0150177729676173,-0.0277479366547735,-0.115481037772621,-1.02252253755007,0.256900692688866,-0.765621844861204,-23.3831914893616,-23.2378723404256
1990-01-01,1990,1,-0.221966199829012,-0.327455258421594,-0.000128058211646185,-0.413131078595988,-0.00253776778231529,-1.66295741284818,-0.760056935395198,-1.12093739386938,-2.02007373456146,-0.723781438203225,-4.36939325345156,0.387052047954626,-0.430997985988597,-1.61242849122476,-1.11392516009579,-0.00737887514582436,-0.0348023225174914,-0.0898827527197046,-2.11434233030145,0.859383789603104,-1.25495854069835,-21.4929787234042,-21.3591489361702
1990-02-01,1990,2,-0.22053817688851,-0.491616186284773,-0.000115177709151582,-0.492308113129319,-0.0281531532513359,-2.17002642991336,-1.08097563884024,-0.921835252767153,-0.887668943133434,-0.286864375031524,-2.85363736975705,0.485693538439364,-0.0946491684264856,-1.85449521047161,-0.91683611039133,-0.002934128371467,-0.0186136989525512,0.0429245859243892,-1.18114727496777,0.778518714007266,-0.402628560960501,-21.58,-21.4017021276596
1990-03-01,1990,3,0.10313063751056,-0.190639717431225,-9.98409664942114e-05,-0.393919958246943,-0.00697631238282403,-1.87954291377137,-0.0251855455903183,0.148632774371833,-1.60917232902443,-0.676700718427686,-8.81712090516521,0.344677654745396,-0.449149531379099,-0.980284267820934,0.153654000848235,-0.0101092090150905,-0.0330898046403933,-0.126047262115986,-1.72629879672127,0.960119948707057,-0.766178848014199,-21.691914893617,-21.6046808510638
1990-04-01,1990,4,0.0137751023142982,-0.236984342694939,-8.42473542278493e-05,-0.43753221902908,-0.0127546475088623,-1.87620636356209,-0.467346162241029,-0.101841373381717,-1.1430508875562,-0.721970782323705,-1.96797758084722,0.518705244514393,-0.453757046724114,-1.18164298466473,-0.0988021034402209,-0.00116785647223994,-0.0216470074926094,-0.156441436728102,-1.393542396471,0.717336092365169,-0.676206304105829,-21.7793617021277,-21.7963829787234
1990-05-01,1990,5,0.0203119809910959,-0.116713824617477,-6.04506170955414e-05,-0.392629916263324,-0.00495783625908341,-2.61581771547658,-0.58664464175979,-0.120986419032647,-0.523762397659425,-0.816343117523225,0.760000571448472,0.502218974735626,-0.60315048891605,-1.05866248969807,-0.118365280592286,0.000429670646375335,-0.01149148457089,-0.20549341308033,-0.812788743787863,0.474638986378622,-0.338149757409242,-21.8885106382979,-21.9455319148936
1990-06-01,1990,6,-0.11582893756605,-0.218159505393942,-0.000148267176504265,-0.652328876139578,-0.00755986310016632,-2.30491193318673,-1.22026782343977,-0.675776547896703,-1.09572709996701,-0.446264103649337,9.11169468086155,0.517630345186831,-0.384604042926405,-1.90234553812337,-0.686100838993013,-0.00135399684362048,-0.0218913749404028,-0.137800541124227,-1.55169738443092,0.671753423587191,-0.879943960843732,-22.1302127659575,-22.181914893617
1990-07-01,1990,7,-0.0724038063582952,-0.363814884160149,-0.000159152725345531,-0.816262458465118,-0.0136590128565152,-2.09001540534494,-1.53313260711832,-0.602135218527678,-0.37513525972409,-0.440516768214387,2.71314533308032,0.621535920025707,-0.264753174587433,-1.98241248448403,-0.60346375860513,-0.00308116469386954,-0.0162699287310759,-0.137068367129263,-0.820907586122878,0.44795133728822,-0.372956248834651,-22.1482978723404,-22.1914893617021
1990-08-01,1990,8,-0.151391199631064,-0.407479575818286,-0.000183277406639058,-0.917166102351342,-0.020093416349081,-1.71127768059453,-1.5781968898865,-0.734901727406509,-0.216266398132802,-0.190243503361753,1.59167842466559,0.718683019154213,-0.0835732862795453,-2.56537083216409,-0.736893367605774,-0.00204833991421927,-0.0109358472332874,-0.123360377005817,-0.828279200204797,0.985182302078314,0.156903101873521,-21.9844680851064,-22.07
1990-09-01,1990,9,-0.189816870756545,-0.447261078060421,-0.000214303044161028,-0.877554737245919,-0.0221136174652908,-2.18098554005794,-1.84995336112524,-0.962241774363576,-0.607507606149994,-0.416391682524992,-10.2068482827453,0.750122353421887,-0.285320368827342,-2.61609122665186,-0.962462863078656,-0.00238751077353117,-0.0187880405722369,-0.174820326835782,-1.22655864587422,0.765916776811487,-0.460641869062744,-21.9055319148936,-22.0248936170213
1990-10-01,1990,10,-0.0934161285412074,-0.296587005219124,-0.000147524264587159,-0.672457943013256,-0.0155243853573572,-2.77227858514796,-1.71222217571778,-0.503235039269953,-0.197552944452866,-0.608921548153514,-8.16342837338743,0.633227001077756,-0.659313972716518,-1.75882968453351,-0.503065791298582,-0.00475056973292487,-0.0168544700502151,-0.206112523927777,-0.881172370093644,0.0467767567871249,-0.834395613306519,-21.85,-21.9087234042553
1990-11-01,1990,11,-0.0998552729528228,-0.0749087126430368,-0.000140765565350075,-0.712011304911616,-0.0140383983303819,-2.33977233770914,-1.15898523901063,-0.342731603918708,-0.834902716972948,-0.862908807169507,-10.3219825269916,0.66356801201556,-0.890107211053476,-1.61511104502983,-0.332104176709947,-0.000994765837553757,-0.0197466996321518,-0.222997285089239,-1.52566913287246,0.46675323322798,-1.05891589964448,-21.9563829787234,-21.9597872340426
1990-12-01,1990,12,-0.191557754864675,-0.177114323208457,-0.000179739941510533,-0.69733676200444,-0.0239596929512094,-2.5693499192886,-1.27578423203948,-0.625952832694395,-0.0580406148953614,-0.770407887829858,-7.4650003897259,0.628600902191295,-0.805686122674594,-1.85944185330243,-0.615902718033567,0.000277964289652211,-0.00771652631511355,-0.187525516934622,-0.721919751931374,0.593707735923768,-0.128212016007602,-22.1031914893617,-22.0678723404255
1991-01-01,1991,1,-0.220279077293014,-0.366658950770614,-0.000109521344378066,-0.468872623001687,-0.0165299753065373,-1.96652994266738,-1.2050849583382,-1.03445177451738,-1.16643645434146,-0.371913973311024,-2.84200295945629,0.530899115101619,-0.197799103892997,-1.65339450417775,-1.03314673828379,0.00525295839151596,-0.0198516301814515,-0.00755338263130412,-1.52322070002506,0.449614582073107,-1.07360611795195,-20.2129787234043,-20.0991489361703
1991-02-01,1991,2,-0.0772966290714976,-0.241040635015793,-0.000113973122236842,-0.585942911324121,-0.0100594617810479,-2.89924065721306,-1.5367040885792,-0.323671853912117,1.02570507627658,-0.25246284580162,-10.1090004457656,0.707815069358361,-0.254592497638185,-1.60804310775865,-0.319718111433303,0.00752585760133329,0.012694984638689,-0.0293087166349117,0.315760355081629,0.0752927616582681,0.391053116739997,-20.27,-20.1217021276595
1991-03-01,1991,3,-0.26789398220842,0.0795460018567837,-0.000164661685758181,-0.788664265688443,-0.0209216321562911,-2.24875683621787,-1.39952656267531,-1.25099323132514,-2.07762616653545,-0.249303049554786,-4.94335471217346,0.592849855444399,-0.0776653849699969,-2.07993898659896,-1.24478069861777,-0.00034972036544012,-0.0369238251717432,0.0435405227903143,-2.49883835739507,0.686624956631057,-1.812213400764,-20.201914893617,-20.1246808510638
1991-04-01,1991,4,-0.0737619357796575,-0.472007663078955,-0.000161672252880728,-0.718592603503581,-0.0208667107489384,-3.04287240523639,-1.74796813333404,-0.357071002978728,0.4350696305778,-0.241949495466006,-2.89143322885502,0.607914863604407,-0.173055240703512,-1.74193473085074,-0.35269716169222,-0.00448749492101985,-0.00553580615708915,0.00168937497569921,-0.103950978264102,-0.00165956119683131,-0.10561053946093,-20.0993617021277,-20.0863829787234
1991-05-01,1991,5,-0.114110342929848,-0.264666497031442,-0.000143459190564951,-0.682108674447722,-0.0150648798366704,-2.44106452892449,-1.46874162280079,-0.35425273710166,-0.284719036781411,-0.512308050024025,-0.771825607560459,0.531095760031633,-0.336793540034556,-1.82186448563209,-0.353308523924284,-0.0129699334115445,-0.0218271361542497,-0.0653609676994282,-0.640300286823567,0.354067076008725,-0.286233210814844,-20.1885106382979,-20.2055319148936
1991-06-01,1991,6,0.0897869946999776,-0.0385202025419176,-5.29824176091643e-05,-0.452309048914778,-0.0134857457998703,-1.52941847517712,0.145179022557215,0.326091599237316,-1.66553920763999,-0.544022627659938,-8.33483761714888,-0.419713345088155,-0.337398051093004,-0.622614936863386,0.323325370277985,-0.0308507947224808,-0.0430975714548727,-0.143307401040467,-1.03920128598492,0.765027730461192,-0.274173555523731,-20.2802127659575,-20.291914893617
1991-07-01,1991,7,0.00255616294873562,-0.259159365799121,-0.000168933460210931,-0.726722311827618,-0.0200477250776662,-2.43503880815174,-1.18799577254737,0.122419806864343,-1.12760479053711,-0.331909835784387,-2.83292662991153,-1.30537339254829,-0.421373526417334,-1.66642067073502,0.12540378612988,-0.0563710988252293,-0.0502580109843058,-0.217332264730814,0.0883049113782235,0.48140887745312,0.569713788831447,-20.3282978723404,-20.3414893617021
1991-08-01,1991,8,-0.0606645329610274,-0.0337230984673056,-0.000162879600424558,-0.585686031204343,-0.0208605008376971,-1.65775509122052,-1.0111503250975,-0.507374864838539,-3.78014565751479,-0.609571552589053,-3.73606755933724,-3.14930019171479,-0.555803359386143,-1.7582698368081,-0.503516356027774,-0.0932855039897196,-0.0968371101570575,-0.260645572222387,-0.577077272597094,0.750978020521416,0.173900747924321,-20.5044680851064,-20.61
1991-09-01,1991,9,-0.118054316677558,-0.441089151277424,-0.000250131887610758,-1.15877147991402,-0.0300520627813058,-3.01407711615784,-2.68185948021528,-0.519826724154598,-2.08328894094001,-0.594233447079191,8.89545122525305,-4.15001638249012,-0.984539640241341,-2.77245266177385,-0.511526234369683,-0.123927452009502,-0.0885566314235469,-0.387336924188592,1.67642124838798,0.098893671343486,1.77531491973146,-20.7655319148936,-20.8848936170213
1991-10-01,1991,10,-0.191285302493213,-0.544949196108121,-0.000296927123861519,-1.13192703014326,-0.0186809427575403,-2.72483274822516,-2.64079549330381,-0.929958617952991,-3.42875753776389,-1.18705846040562,-2.43054705638497,-5.27002365646322,-1.62566920372052,-2.81736514960551,-0.920651550628577,-0.153188413575935,-0.119964857240465,-0.439442744956576,1.40265537538446,0.185876723626127,1.58853209901058,-21.03,-21.0987234042553
1991-11-01,1991,11,-0.225655218977806,-0.60934316902501,-0.000262930824808985,-1.03061153545202,-0.0210678488773639,-2.50616452661264,-2.9181557396596,-1.17986447142573,-3.51444433995096,-1.49218068577211,-3.53267664198938,-6.05891594324945,-2.01474625396938,-2.79172439885286,-1.16759929709895,-0.174129250631614,-0.132244917106242,-0.462308805601038,2.02190603510124,-0.114166166479919,1.90773986862132,-21.2463829787234,-21.2897872340425
1991-12-01,1991,12,-0.253773973739726,-0.583337674836457,-0.000238832268611123,-0.939282893058042,-0.0303732996988934,-1.9937253576861,-2.2967226095995,-0.937694776687408,-3.49327071340537,-1.42484254461216,0.881135203278973,-5.5961938681607,-1.88433149962279,-2.55758422275244,-0.923988513715528,-0.152707493298117,-0.114288700588824,-0.360417704261522,1.64343419974473,0.274567876124866,1.9180020758696,-21.3431914893617,-21.3378723404255
1992-01-01,1992,1,-0.161154258812019,-0.60186306911163,-0.000316979093471595,-1.16294296834459,-0.0261770235817783,-2.32295535513818,-2.34723441074419,-0.763728615884361,-3.69999910254845,-1.18628837660452,-11.8370049524528,-5.59973494231738,-1.5941826365555,-2.81508828223679,-0.758040095627791,-0.148090784653345,-0.114797508902792,-0.340036491068703,1.49184157981794,0.473542391749106,1.96538397156705,-19.4329787234042,-19.3391489361702
1992-02-01,1992,2,-0.212896902016496,-0.579601286756827,-0.000273332237005382,-1.19911864643292,-0.00708579174377888,-2.64424221733276,-3.09982150251824,-0.987532735633124,-2.71471594120842,-0.884408687644722,-4.7945079827623,-5.44637260120962,-1.33925917773848,-2.96994891780861,-0.984730946445325,-0.144932097015727,-0.104205945517731,-0.243118558857612,2.27680616990743,-0.127070795521835,2.1497353743856,-19.57,-19.4317021276595
1992-03-01,1992,3,-0.201925097652463,-0.361803230109217,-0.00020132730757162,-0.827222929605743,-0.0285998762852051,-1.98780042008117,-2.18380871398631,-1.08373912659118,-4.50842905641744,-0.786202608050885,-5.40197575517232,-5.4822220046666,-1.1081635720468,-2.28056894369894,-1.08082417179679,-0.132764598170711,-0.119183457068633,-0.204275455352885,0.651831984253235,0.0996751845070563,0.751507168760302,-19.621914893617,-19.5746808510638
1992-04-01,1992,4,-0.349499899128659,-0.629589815065913,-0.000225284569730569,-0.88278411305458,-0.0143074754570884,-1.47737591471839,-2.63397082646804,-1.51477370215673,-3.72778053837621,-0.304395946952805,-3.92889373985236,-5.14429978330759,-0.72130161048851,-2.96715406037373,-1.51120731616521,-0.12008236085337,-0.098128299268859,-0.138080877662501,0.9996135813957,0.336749619897169,1.33636320129287,-19.5293617021277,-19.5663829787234
1992-05-01,1992,5,-0.292939528922886,-0.555227999786439,-0.00018577489378835,-0.659249251005324,-0.0236722801568234,-2.06315517758168,-2.6167418012908,-1.37072913382463,-2.76124686302941,-0.295954877584027,8.95082120144798,-5.12783242218038,-0.663004726346351,-2.4152771921901,-1.36919211831724,-0.115566438171204,-0.08291617727359,-0.138596692880128,1.99953571038863,-0.199927593593276,1.79960811679536,-19.4685106382979,-19.5055319148936
1992-06-01,1992,6,-0.297766959296041,-0.562780314826966,-0.000266520431724445,-1.10550477614418,-0.0119610793949553,-1.39204464487253,-2.70289864170678,-1.64193133694368,-3.23435745999001,-0.0788353236174366,2.09671522786084,-4.01730195800815,-0.274742658932105,-3.29756640135037,-1.64098200009101,-0.0938692200213707,-0.0815457482261928,-0.0939378386760161,0.587037162703488,0.595617096496191,1.18265425919967,-19.5902127659575,-19.5719148936171
1992-07-01,1992,7,-0.456725264220267,-0.794462318621129,-0.000408969620863031,-1.63877054886182,-0.0292494507872292,-2.09878251771413,-4.10922724115932,-2.38716506283566,-2.91700251654311,-0.448864826541886,-1.02397113991901,-3.61359721051727,-0.664372439890634,-4.88925396371303,-2.38285559318615,-0.0931473641629994,-0.0810897847788659,-0.214147828924624,0.481087080625421,0.78433619220322,1.26542327282865,-19.6682978723404,-19.6614893617021
1992-08-01,1992,8,-0.497567858811067,-0.891151648155301,-0.000352350520675358,-1.35096243988644,-0.021344068529781,-1.72795844733582,-4.16160099087148,-2.54109066630554,-2.61614269421781,-0.500364532462353,2.83178643566498,-3.35745415067478,-0.647145843984745,-4.69917407124808,-2.54212802217376,-0.0841820632283894,-0.0735942951610773,-0.195486566040797,0.594530144934609,0.536535724508415,1.13106586944302,-19.9044680851064,-19.95
1992-09-01,1992,9,-0.582096905884555,-0.912052269531387,-0.000341301283139148,-1.36927825538462,-0.0200723012494118,-1.46611297369124,-4.09932816485525,-2.84938658767561,-3.413518536276,-0.697304074499193,7.50197047225083,-3.10425819284413,-0.815550499059842,-4.94633519284986,-2.85344477899065,-0.0764735514887311,-0.0789045997629572,-0.229608574206882,-0.427506767992519,0.842948836679586,0.415442068687057,-20.1155319148936,-20.2048936170213
1992-10-01,1992,10,-0.509994766102182,-0.772915408349149,-0.000392225708511039,-1.55741262944736,-0.0249514611910532,-2.38316820594786,-4.78019638135078,-2.66505056280499,-1.85089280978588,-0.817196396185114,1.08907424661447,-2.69392758467023,-1.16485558484222,-4.80600843070948,-2.65851561919658,-0.0676420373698847,-0.0573811264351551,-0.217164415693276,0.495375586227262,0.0323469929671276,0.527722579194382,-20.23,-20.2887234042553
1992-11-01,1992,11,-0.531378256294829,-0.734625281018054,-0.000363209374861475,-1.44840017622502,-0.0225399822667299,-1.60122059860444,-3.96614227694164,-2.58932582002473,-2.92148166053195,-1.34728757294481,-4.10357914998895,-2.54667917475243,-1.50436277435098,-4.68181721132385,-2.58340974943894,-0.0627168235630338,-0.064680046401822,-0.315882833264538,-0.531877687185663,0.72159100496798,0.189713317782321,-20.4163829787234,-20.4597872340426
1992-12-01,1992,12,-0.431403782149687,-0.763297479576465,-0.000302678995927853,-1.39745764112364,-0.0217728820086733,-1.6800048355061,-3.13205133490646,-2.05886527849344,-1.74955116791935,-1.27967999580996,-2.43692804372404,-2.00290283702969,-1.50166709652629,-3.87558618205844,-2.06273341759953,-0.0582642560330076,-0.0528364616811534,-0.275042692950022,0.0313645683940322,0.739666708045966,0.771031276439999,-20.5531914893617,-20.5578723404255
1993-01-01,1993,1,-0.259324790178994,-0.686378627045599,-0.000232077885035575,-1.29696311767979,-0.0228922620181663,-2.73977493798018,-3.52418442108717,-1.28910945473439,0.410815687918529,-0.888041194954326,-4.00176690045919,-1.83594953578736,-1.1064571744503,-3.47177554273878,-1.2875693712578,-0.0557616612846248,-0.0248833521587617,-0.137587896454404,2.02834924420994,-0.0508687948718958,1.97748044933805,-18.7729787234043,-18.6991489361702
1993-02-01,1993,2,-0.222833474918502,-0.636017200029812,-0.000310453584174851,-1.28753578168992,-0.0251306804183088,-2.16557991311216,-2.8266978081262,-1.27787020816515,-1.09260671488843,-0.663720029366921,-10.5463115347666,-1.55533158776063,-0.709728699784783,-3.29616867435959,-1.2786194175593,-0.0416753360523066,-0.0365962559069111,-0.0952903766278119,0.416716202454332,0.468721656839268,0.885437859293599,-18.92,-18.8317021276596
1993-03-01,1993,3,-0.329167048568422,-0.945933369028182,-0.0003256916261614,-1.42321502555694,-0.0206555947758611,-2.84750165383607,-3.6689583321953,-1.50832231342417,0.410945623566562,-0.178305573807084,-2.07595764916914,-1.14666659823561,-0.315785550767799,-3.90477194180193,-1.5048217169138,-0.0246491189575604,-0.00396799277594351,-0.0350178943859856,1.42013224484143,0.239314206117058,1.6594464509585,-18.951914893617,-18.8746808510638
1993-04-01,1993,4,-0.261633977972679,-0.778781494118959,-0.000233953325905688,-0.988673554836382,-0.0144939599071073,-1.73173521372769,-2.82562236667104,-1.48839469626773,-0.995747562418188,-0.207195990952403,-3.02490275385207,-1.1048197997786,-0.436280559984112,-2.96737970691976,-1.49030861707121,-0.0147330041914997,-0.0175022425542593,-0.112703703142602,-0.120012331671298,0.139843419445167,0.0198310877738734,-18.8793617021277,-18.8963829787234
1993-05-01,1993,5,-0.247257327553882,-0.528372143216473,-0.000188647538941772,-0.705240032886422,-0.00643447200798342,-1.42950058912028,-1.75748656114575,-1.27764785418566,-1.59623434493443,-0.645336836516226,2.52921832543507,-1.19317533827538,-0.53046557674655,-2.35546515872011,-1.28112636256924,-0.0110369972076443,-0.0182818607647999,-0.136267231224229,-0.288187746889363,0.594500089190824,0.306312342301457,-18.9185106382979,-18.9655319148936
1993-06-01,1993,6,-0.303714269970044,-0.426006108160948,-0.000234681705420564,-1.15185224486478,-0.0115259071184634,-1.02880094348892,-2.21976365802976,-1.64419129255367,-1.90909093424699,-0.691034482225536,-5.69914489914663,-0.683895761867149,-0.528300553680005,-3.40194682645335,-1.64925859483304,-0.00781629684692042,-0.025165006581553,-0.193848793348707,-1.06246124383431,1.17711586614419,0.114654622309867,-19.1202127659575,-19.171914893617
1993-07-01,1993,7,-0.329820894485295,-0.436990135250142,-0.000235258522399032,-1.05247647170492,-0.00899070231653809,-0.211343077962539,-1.74780049810033,-1.8032168720207,-3.46762494116311,-0.790844975187685,3.93917637808772,-0.648440870210266,-0.637741829014935,-3.30190582429202,-1.80520524367711,-0.00632602739085941,-0.0452601293850456,-0.272576109471824,-2.66608092478008,1.55211695453522,-1.11396397024485,-19.1582978723404,-19.2814893617021
1993-08-01,1993,8,-0.336334295287031,-0.619948349074321,-0.000304319396834158,-1.35268577626424,-0.024264231612646,-0.820231416262025,-2.98368396307347,-1.85495626981151,-1.74622125776679,-0.430249492568851,-0.23897435933759,-0.418082896495804,-0.325040237318245,-3.88379894048512,-1.85108395535974,-0.00966300591404945,-0.0288839940531673,-0.207714195735576,-1.22292910602039,0.903987291863412,-0.318941814156979,-19.1544680851064,-19.29
1993-09-01,1993,9,-0.399332730743595,-0.840666029766396,-0.000353323144502198,-1.45859011802702,-0.0208129128442308,-1.92587715235004,-3.84044556144426,-2.0481249373986,0.202516707022994,-0.341020632263792,0.010826923258719,-0.244941580111117,-0.375504595188541,-4.46623746801782,-2.04506235048467,-0.00936995922092132,-0.00113340766217718,-0.179808416709282,0.41297432420938,0.628854493487488,1.04182881769686,-19.2255319148936,-19.2848936170213
1993-10-01,1993,10,-0.279588154941223,-0.615138435472147,-0.000278735142308239,-1.02177776254836,-0.0118729678936972,-2.11284722446146,-3.12152411870881,-1.44785609434899,-0.25568578098887,-0.599318726062116,4.28083629961475,-0.433149005504248,-0.656089948568123,-3.27288377063951,-1.44344755934458,-0.00518974826256491,-0.00380498148693498,-0.163631272374776,0.120692002009356,0.155768186935127,0.27646018894448,-19.32,-19.2987234042553
1993-11-01,1993,11,-0.438162861118826,-0.575112814703061,-0.000195235179232586,-0.881901872101118,-0.0139280089923118,-1.40842742091144,-2.80523281193661,-1.95140228119874,-0.667158953552956,-0.714868728694707,12.3350341660116,-0.447372338707424,-0.747271875424879,-3.16853683376587,-1.94219735852897,-0.00257262827595373,-0.00603254302735223,-0.119800162543038,-0.252189761575657,0.372508944498982,0.120319182923321,-19.4463829787234,-19.3597872340425
1993-12-01,1993,12,-0.310021146404722,-0.348927721297457,-0.000132815366505503,-0.768266386337842,-0.0149324964442183,-1.7521992177214,-2.1422248828905,-1.54093473892544,-0.827295236266366,-0.73287605707586,5.40353070727724,-0.299773533936701,-0.868472556941789,-2.50843308353444,-1.53142730542555,-0.000390956072407356,-0.0105489964265937,-0.150128689138022,-0.663118202195569,0.375715634143869,-0.287402568051704,-19.4231914893617,-19.3278723404255
1994-01-01,1994,1,-0.306721644034042,-0.473726526793598,-0.000176852435361915,-0.987037457423085,-0.0216989487510243,-1.97539950131638,-2.55803780892819,-1.29921735438734,-0.253670500791458,-0.242199259002625,3.08794610154291,-0.0840477275403657,-0.3591156082704,-2.74996710961676,-1.28658087877477,0.00413574098239522,-0.0013823414101517,-0.0200189121816035,-0.286539122518853,0.204565776301106,-0.0819733462177474,-17.4929787234042,-17.4391489361702
1994-02-01,1994,2,-0.575792977572519,-0.436600682294795,-0.000245034404274942,-1.01404266375412,-0.0246312477749559,-2.13703396597116,-3.65452623839622,-2.76350383092114,-0.743580912159416,0.186502713252878,6.84318426523532,-0.00759422977461099,0.113805037810614,-3.8848711107006,-2.75653140598928,-0.00305421613779711,-0.0147299591647809,0.135318456815789,-0.808684357827069,0.237317297236267,-0.571367060590802,-17.46,-17.3717021276595
1994-03-01,1994,3,-0.335842455212457,-0.571010215245224,-0.000260566825372411,-1.18155899902444,-0.0185481802960751,-2.41951939883777,-3.20914675533231,-1.50618971814913,0.671672808363553,0.235108745474214,3.058850137837,0.182702390103401,0.166314521798206,-3.35922005752792,-1.50254004095177,-0.00259737119121084,0.00261190283797674,0.121713918601515,0.420176194584137,0.153722979393059,0.5738991739771,-17.531914893617,-17.4646808510638
1994-04-01,1994,4,-0.151924593696663,-0.507814074704925,-0.000222519161043419,-1.05543337683068,-0.0138540608203683,-3.16962496968429,-2.90029683332403,-1.01808140207771,1.70524671336281,0.262331346983895,-4.99042325085611,0.16377663724441,0.0269682680180878,-2.58061702027072,-1.01076634865422,0.00186301975187009,0.0208207413633508,0.058220684122098,1.3061069971526,-0.312364759629833,0.993742237522772,-17.5793617021277,-17.6063829787234
1994-05-01,1994,5,-0.190424613794903,-0.419929769526448,-0.000207862671499932,-0.871716596887023,-0.0121248571674454,-2.57568446421238,-2.36695848085679,-0.907473860361677,0.509416500234579,0.0738681857662726,0.214102519443259,0.118848714580622,-0.0597978086325526,-2.46773415584607,-0.905491642260245,0.000190084760265385,0.0047134284254402,-0.0219539326084295,0.256901791255132,0.102757893090722,0.359659684345857,-17.5585106382979,-17.6355319148936
1994-06-01,1994,6,-0.153294197524076,-0.257298580927966,-0.000219478519991064,-0.979946930583079,-0.0127963947735042,-1.89951772918543,-2.05786800702577,-1.03915609211867,-0.42126506089599,-0.0733509805781374,-1.46182252414292,0.308245555239836,0.0699685429008952,-2.6277920495674,-1.03709288718505,0.00318786567837925,-0.00682393569334305,-0.0442181358353952,-0.586191092656811,0.571987247475192,-0.0142038451816333,-17.6602127659575,-17.751914893617
1994-07-01,1994,7,-0.193355938618254,-0.256595049075145,-0.000240090930857332,-0.988944577990718,-0.0165114519353612,-2.12689630343384,-2.65408087212637,-1.19174170716366,-0.0164373053750921,-0.182977933081986,0.587093734080554,0.321977734219729,-0.144999110030533,-2.90457154287105,-1.18655768583716,0.00100022401486077,-0.00582050049267568,-0.0780141066464139,-0.300436216543375,0.255674692071121,-0.044761524472154,-17.5882978723404,-17.7414893617021
1994-08-01,1994,8,-0.274624800857055,-0.4531821494773,-0.000248593519501359,-0.961037677276941,-0.028839489460032,-1.28153567543153,-2.28052554097445,-1.33929783533853,-0.623896413774787,-0.124293077725152,-2.25793745633564,0.311050627408207,-0.0204231886101454,-3.09283446913213,-1.33106032093775,0.00136793105941058,-0.0105159772154075,-0.0937197176783968,-0.831077152067991,0.820546442558513,-0.010530709509478,-17.5044680851064,-17.61
1994-09-01,1994,9,-0.127651349525593,-0.400152196642409,-0.000251739042997228,-1.17265188861422,-0.0231145858446299,-1.94214536659484,-2.68711332648229,-0.801342671223608,0.266896820673992,-0.30550895775249,-5.66958094174333,0.471260212501875,-0.213893338591642,-2.95085691460883,-0.792547045723666,0.00319705882340848,-0.000109633805656983,-0.102811859031782,-0.112747772667021,0.272539213626487,0.159791440959456,-17.6755319148936,-17.6648936170213
1994-10-01,1994,10,-0.133344392389176,-0.80809298729713,-0.000172578365720559,-0.885938998211557,-0.0288133744421792,-2.27549971853326,-2.12854738204078,-0.655353042467993,1.01096164935512,-0.566286879583515,3.40256600260909,0.25686791553477,-0.627677224429824,-2.18184918423947,-0.64752623672257,-0.000422576315854961,0.0114872368869148,-0.172911202642977,0.69270338897406,0.0611286079441271,0.75383199691818,-17.77,-17.6987234042553
1994-11-01,1994,11,-0.138772164237821,-0.462339736574052,-0.000150164313313796,-0.923349917372018,-0.0178606177827859,-2.88471623267324,-2.40351783414064,-0.613842863645743,2.60267733085306,-0.582186933944509,6.97131445800187,0.306238030066567,-0.85210002061698,-2.10968244621887,-0.606394018129947,-0.00360776515548444,0.0276617861656079,-0.192027902255438,2.02652621411404,-0.286386542406017,1.74013967170802,-17.7163829787234,-17.6297872340426
1994-12-01,1994,12,-0.204320678950694,-0.344549873268477,-0.000146882840089292,-0.91264045153294,-0.0131815451247463,-2.9375744165422,-2.72449410059846,-0.983251801299446,1.71300682905164,-0.354526257225061,2.38634450227255,0.370643253737285,-0.577314079510593,-2.45339490708642,-0.981451808280553,-0.00692860978562759,0.0116243896781865,-0.152787617175921,1.11957575302883,-0.269299200493133,0.850276552535696,-17.7531914893617,-17.6878723404255
1995-01-01,1995,1,-0.121431910925025,-0.341829945682605,-0.000110763190353174,-0.588200888724685,-0.0188513823620343,-2.93562501400908,-1.17870586423919,-0.735127890689341,-0.774859539834466,-0.152346456039226,0.0236197665508371,0.30812909089363,-0.144245344668001,-1.76850696313375,-0.732089167355809,0.00583269570812561,-0.00810324917707161,-0.037879385961805,-1.07488751935686,0.592839822228004,-0.482047697128849,-15.8529787234042,-15.7891489361702
1995-02-01,1995,2,0.0986109184565294,-0.507560366855785,-9.61024280729111e-05,-0.63246013591322,-0.0328878321637339,-3.02069955870126,-0.603003701398222,0.305263383535873,0.872467233527573,-0.298311781557722,4.63697281623899,0.259061393561382,-0.290005439047484,-1.08877183890161,0.306904509588719,0.0091076565357433,0.0195823613979491,-0.0386172547310117,0.621712182476429,0.487409263556266,1.1091214460327,-15.85,-15.7017021276596
1995-03-01,1995,3,-0.217404008174469,-0.422719406830197,-0.0001267530062332,-0.618574576391044,-0.0176319737017651,-2.66600480833077,-1.31741946644132,-0.863471904823143,-0.171090835477429,-0.104460273700685,12.0138130968262,0.339559676071389,0.099121917339005,-1.98489749294396,-0.866898588783783,0.0187203728826599,0.0123655332108967,0.0650546464191155,-0.307068320509167,0.664051342542059,0.3569830220329,-15.811914893617,-15.6646808510638
1995-04-01,1995,4,-0.0328715080216853,-0.15825067724694,-0.000114116170537209,-0.621854217720081,-0.0134027741973464,-2.08935318459869,-0.236870529561031,-0.27667554914575,-1.6798563233192,-0.461941921654706,9.55905737714784,0.328049067574398,-0.222123824775913,-1.38618950071975,-0.276276399971209,0.0272425302619101,-0.00103025307463911,-0.081600291736601,-1.7680872940148,1.14971812033317,-0.618369173681529,-15.7393617021277,-15.6863829787234
1995-05-01,1995,5,-0.183344636758875,-0.27879744223543,-0.000131523207389321,-0.772530900967322,-0.0152958061982834,-2.13937669686658,-1.3981895690888,-0.921890194156674,-1.12679053033742,-0.852281024971425,5.590419700442,0.430886588471623,-0.752157621829653,-2.2628003509891,-0.928346558205249,0.0224736015057454,-0.00075781334575975,-0.23465588570876,-1.45755371566727,0.858154417851722,-0.599399297815543,-15.8385106382979,-15.8555319148936
1995-06-01,1995,6,-0.0326600465790534,-0.224510997928917,-7.78124174643652e-05,-0.644475339549079,-0.00849979920618127,-1.73650889074213,-0.792533521680753,-0.092834701015704,-1.05300348472599,-0.583135130470538,1.23261120184907,0.390656211163844,-0.241878838532205,-1.53223290902838,-0.0966958463560559,0.0244121162741595,0.00250918314073711,-0.101378372533876,-1.10240340395151,0.735838242007191,-0.366565161944333,-15.8502127659575,-15.931914893617
1995-07-01,1995,7,-0.0334359205832584,-0.294053829411155,-7.38265237702311e-05,-0.505663601791117,-0.0109774574401491,-1.89194922113194,-0.96423028858635,-0.29475333631666,-0.722033589991099,-0.500153447364585,1.34867382908124,0.360421456868721,-0.152467623930132,-1.42625066479701,-0.295845840663105,0.0232423918923805,0.00788965965314414,-0.103500864074663,-0.734769223425374,0.460927871864222,-0.273841351561252,-15.8382978723404,-15.9814893617021
1995-08-01,1995,8,-0.0217500511180333,0.0798630887387048,-7.71086297601583e-05,-0.466019403015544,-0.00416853297248709,-1.10132419810233,-0.0904582166084538,0.0392271569234595,-1.9869692715948,-0.295289892664652,4.68922489865508,0.324804207614193,-0.0716470325923453,-1.03605572735012,0.0422397015492493,0.0170144000167407,-0.0164424702633572,-0.142769866751248,-2.08813061913669,0.948610055367514,-1.13952056376918,-15.7944680851064,-15.93
1995-09-01,1995,9,-0.125270496650558,0.0469263437395853,-0.000134562639106398,-0.58771938209042,-0.0137729536041689,-0.563612028777143,0.00684287010773232,-0.554548107867618,-3.36444493236701,-0.507858617650491,12.8335181012517,0.350622395875888,-0.0266013019798415,-1.61325705713784,-0.54758208029466,0.0111216330010886,-0.0370407048450572,-0.0911236085650806,-3.23381001257222,1.62706595481849,-1.60674405775374,-15.6255319148936,-15.6748936170213
1995-10-01,1995,10,-0.0768539810771927,-0.162572581378129,-0.000144585863253339,-0.867516083187056,-0.0132364052357983,-2.27777791895316,-1.13305620939576,-0.380478976974985,-0.58100498057388,-0.613599968360116,15.1767558586143,0.653974188025757,-0.395238799640921,-2.10806390424545,-0.374374030743581,0.0168597256757752,0.00192569390768504,-0.154304102380376,-1.01661799988044,0.981112641081126,-0.0355053587993197,-15.62,-15.6087234042553
1995-11-01,1995,11,-0.131571046703812,0.0072030449729823,-0.000199716698562266,-0.863620814655018,-0.0120007178105279,-2.68320471393234,-1.84656976219861,-0.711554909180734,-0.170129567480956,-0.173990933263507,8.40899014900788,0.811932885488574,-0.176872921252979,-2.35729675194784,-0.70587686425597,0.0221604098008061,0.00721888249659797,0.0648505299833619,-0.984944440958962,0.51640503467398,-0.468539406284979,-15.6463829787234,-15.6297872340426
1995-12-01,1995,12,-0.341394498479701,-0.368322950662503,-0.000203558511040782,-0.810679235979443,-0.0217368710930773,-2.1842213640934,-1.76832600825048,-1.39934710217443,-1.10236834858136,-0.0914560513308587,7.74484511627816,0.645781180614279,0.232091179053207,-2.66415603200045,-1.39848821744755,0.0193631552431119,-0.00329286895092373,0.276219151116079,-1.42460229881157,0.896688908476868,-0.527913390334604,-15.6431914893617,-15.6278723404255
1996-01-01,1996,1,-0.368988015187028,-0.35130202157859,-0.000197274513166765,-0.895521019399688,-0.0202708707591414,-1.86815838767858,-1.80968034648021,-1.58417175066234,-0.953657926523448,0.149649827849075,20.6211933295417,0.811615885468626,0.351342568865704,-2.8070162742128,-1.58494463454781,0.0183877794524152,-0.00432798354321173,0.176892512129996,-1.56358107097545,0.996563043847104,-0.567018027128348,-13.8329787234043,-13.8291489361702
1996-02-01,1996,2,-0.170965317465516,-0.249538020121804,-0.000173024338065732,-0.840338949322419,-0.0150322951312939,-2.46476743137556,-1.61269010122425,-0.737535069942112,0.406591029136564,0.274233921217579,16.8428687872365,0.727759477933375,0.409976487414518,-2.30342383667664,-0.734662677746314,0.0119432434138433,0.00969169787936908,0.209352194438088,-0.185425882599866,0.693606127648266,0.508180245048397,-13.96,-13.8917021276596
1996-03-01,1996,3,-0.235668276040428,-0.0911909852632107,-0.000125784270965941,-0.623359168506244,-0.0116026051915721,-1.42525076452357,-0.882471653072287,-1.32711551849718,-1.23310489641744,0.430813155825714,18.4577942908363,0.618741226792395,0.869024335637,-2.10175073993292,-1.3288963992868,0.0179221090899793,-0.00696559663908314,0.255153741748416,-1.41363494339856,1.21749820607106,-0.1961367373275,-14.071914893617,-13.9746808510639
1996-04-01,1996,4,-0.250587527054677,-0.304127974934943,-0.000160701183071998,-0.796831660963882,-0.00513343214719342,-2.25542923138669,-2.43354443104005,-1.64451245024975,0.702402373880801,0.830749397490695,10.3588437041471,0.846529510310404,1.08510061888919,-2.70672356966475,-1.64950137469623,0.0241306346118004,0.018615860832921,0.271925330029598,0.110224084968898,0.268190214178169,0.378414299147071,-14.1493617021277,-14.1163829787234
1996-05-01,1996,5,-0.319913609080857,-0.453699247408451,-0.000127980490875841,-0.866013049273121,-0.0139768474347954,-1.32622067507778,-1.68663642086676,-1.50774970279667,-1.2633249507254,0.264916080410675,16.3583987484453,0.703089406191623,0.878640741468047,-2.6565570127521,-1.51552743477725,0.0231459849347155,-0.0040754035667101,0.203121097845772,-1.35268969585967,0.962142859904823,-0.390546835954842,-14.0085106382979,-14.0155319148936
1996-06-01,1996,6,-0.308886926025025,-0.393698288479925,-0.000137238176275166,-0.695447954805278,-0.00753228358754832,-1.33696207730563,-1.4550486289578,-1.5450608818827,-1.74525474085598,-0.0129795906200378,13.0057485538564,0.580552149851826,0.671892189874598,-2.55740956811741,-1.55345108936206,0.0143964094166393,-0.0162156232853627,0.143128463270035,-1.64093511021321,1.09397073168019,-0.546964378533033,-13.5802127659575,-13.621914893617
1996-07-01,1996,7,-0.210998395797276,-0.434706573036124,-0.000224078034656331,-1.17395552543432,-0.0122372785629151,-1.03969134848564,-2.05359209167335,-1.20750142114667,-0.60836095687111,0.0131767641850153,14.1518252260867,0.959236729998707,0.564602294810268,-3.14691464583302,-1.21202754857813,0.0242331153319904,0.0028911766956341,0.0902412279547455,-1.01617215624458,1.08879642672822,0.0726242704835478,-13.2882978723404,-13.4014893617021
1996-08-01,1996,8,-0.0955285761490359,-0.420005545863319,-0.000221282095443759,-1.08611629830654,-0.0207613533365271,-1.62446217588722,-1.7011706049625,-0.916135853299522,-0.238793159252793,0.0147599240460465,11.2764578476636,0.999764326362197,0.397302583076755,-2.65560483720009,-0.918782517509783,0.0232479382274504,0.00755878553393252,0.0858084374640828,-0.856014826584293,0.951787568027314,0.0957727414430209,-13.4944680851064,-13.6
1996-09-01,1996,9,-0.268861390715585,-0.252471219709435,-0.000247379970761538,-1.23651375336712,-0.0112268268017698,-1.43099047563734,-2.46254905245428,-1.46888920465261,-0.105366284678013,-0.0131906667797921,8.84767952225229,1.14003955358689,0.283719493113558,-3.27572253525784,-1.46608064844565,0.0195952582979086,0.0042225987969231,0.145611744421519,-0.948495678371522,0.815982039010485,-0.132513639361044,-13.9955319148936,-14.0248936170213
1996-10-01,1996,10,-0.412295796358194,-0.262742135162114,-0.000218366186427588,-1.05178039755106,-0.0136162269674602,-1.80201294120666,-2.46302046348478,-2.085616953765,-0.920442418560867,-0.214883428893316,18.6844364396093,1.06608720259678,0.0955004547458813,-3.44862213984646,-2.08349670648255,0.0149338230866651,-0.00892381675767506,0.149172518849323,-1.67614573751844,0.987721923644127,-0.688423813874319,-14.37,-14.3487234042553
1996-11-01,1996,11,-0.190549491617787,-0.248035450885027,-0.000240300950894615,-1.18096060859772,-0.0165784799241289,-2.56695676484134,-2.81954698824762,-1.1998882323137,1.40882434805206,-0.32334558285131,19.9052747910027,1.24820113621655,-0.271678659454977,-3.13231895869086,-1.20133844829996,0.0187503135012559,0.0224087630380581,0.0188168931299622,0.212290135231839,0.31132175445698,0.523611889688823,-14.6263829787234,-14.5797872340426
1996-12-01,1996,12,-0.218370737286705,-0.370086971557498,-0.000221512366236952,-1.04732915519634,-0.00936099675356339,-2.7683280792148,-2.62278360592745,-1.01115349429341,1.79706876358165,-0.311970872354358,13.2694773502735,1.07687685169128,-0.510462905047795,-2.68991159290943,-1.00797496785657,0.0132477844825925,0.0245041490513662,-0.031413710541921,0.52169987919693,0.070306513418867,0.592006392615797,-14.6631914893617,-14.6378723404255
1997-01-01,1997,1,-0.318245940091003,-0.37612050676762,-0.000194417088590386,-0.834251078429386,-0.0180420381444283,-1.95934189720888,-2.25338129557719,-1.39407513888136,0.624048082770543,0.144040459804977,11.7752368645451,0.940062979201656,0.312712518697801,-2.60084586084974,-1.3985563766368,0.0151327238872954,0.0100925850307485,0.253775019219695,-0.147342837538254,0.342983327517107,0.195640489978853,-12.7029787234043,-12.7191489361703
1997-02-01,1997,2,-0.277699062190493,-0.255858335256789,-0.000165170434194131,-0.779184430925419,-0.00486758409123489,-2.66800547945456,-2.8951111904862,-1.54170601682313,1.11372735462558,0.248838061894979,9.71157547923212,0.983222964484384,0.305552070918417,-2.72619102410164,-1.54222938212132,0.0106451821216735,0.0104657496347791,0.177378323160088,0.187218399164628,-0.169443531682735,0.0177748674818972,-12.84,-12.7717021276596
1997-03-01,1997,3,-0.116858642448449,-0.383482896085184,-0.000157421353509001,-0.865793008546643,-0.0215237514042951,-2.37685843439177,-2.13228938533427,-0.780070642712133,0.433135424491553,0.120769825567116,0.503921260838979,0.961825301018393,0.370146022424905,-2.21878463290892,-0.780208253620799,0.0141887460251793,0.00342269829460662,0.175359078549615,-0.279313679669066,0.0863576366660581,-0.192956043002997,-12.871914893617,-12.7646808510638
1997-04-01,1997,4,-0.285066461729684,-0.635339121957941,-0.000234510367099799,-0.96796164037098,-0.00743519013561433,-1.89629478840909,-2.46704036354703,-1.4581531434207,-0.524743276499208,-0.259776467579304,7.47870965814218,0.922779460055409,0.370930624024389,-2.95777921140376,-1.46527311618922,0.0204711402188602,-0.000988714490329112,0.109325279644398,-0.8168156449509,0.483618875088169,-0.333196769862727,-12.7893617021277,-12.7263829787234
1997-05-01,1997,5,-0.219108936402904,-0.504634081262452,-0.000120416314490092,-0.852706875528522,-0.00397520374186133,-1.23043507798478,-1.56958874858879,-1.05264820818263,0.292701550288569,0.0299475792996731,9.45591258144123,0.881598998740628,0.314626867993645,-2.2825164120901,-1.06282713699824,0.0221674947526456,0.0140860250686803,0.0609996164230715,-0.304218159758065,0.702748734685724,0.398530574927657,-12.7985106382979,-12.7655319148936
1997-06-01,1997,6,-0.0371563644040407,-0.593394112223962,-0.000120337199041264,-0.871726462937577,-0.0115386548476543,-1.84921429683322,-1.58478536150778,-0.178514778207671,1.527935326933,0.0758885654309616,-0.954649857143522,0.921866033047849,0.255651269968297,-1.68438641137539,-0.186543728175025,0.0191948563548792,0.0277981314704769,0.0524534950507842,0.785831998422488,0.0915720999001906,0.877404098322668,-12.8702127659575,-12.8919148936171
1997-07-01,1997,7,-0.197409015350274,-0.372729606789107,-0.000105327855312531,-0.688306053961018,-0.0143987135676371,-1.74797078389544,-1.95798212492832,-0.729577798865705,0.936028378079897,0.0565831149637148,14.8695775920787,0.883198941834735,0.129739888167567,-2.19112335517406,-0.738426724370129,0.0134599607836106,0.0155692978059241,0.00568927892155635,0.125986209449024,0.224292304741322,0.350278514190347,-12.9182978723404,-13.0414893617021
1997-08-01,1997,8,-0.169857815333046,-0.411784424263317,-0.000136861890848957,-0.771068544831444,-0.023525117651629,-1.29259580194592,-1.68017241761845,-0.535740833268505,0.3116610509922,0.0682934645480486,17.3520127896627,0.913749331592214,0.166893718107456,-2.11547784019808,-0.53637271925578,0.0143124633572405,0.0068398975074726,0.0388968723680723,-0.503488027040596,0.434673536592413,-0.0688144904481796,-13.1444680851064,-13.27
1997-09-01,1997,9,-0.0532405438535761,-0.529530509409426,-0.000117310434672098,-0.663679271589718,-0.0211753021877978,-1.94745917131064,-1.74479082777327,0.170779028790378,1.30805227919299,0.0836371011928065,18.1653446722485,0.998477847837876,0.11902263065236,-1.47068773515082,0.174404415367349,0.0220649487912388,0.0243915525708229,0.0678544740588194,0.344959960814684,-0.270477706045515,0.0744822547691584,-13.2855319148936,-13.3248936170213
1997-10-01,1997,10,-0.00493934320519429,-0.367320677547127,-7.08687676845791e-05,-0.422050723630857,-0.0202604277944752,-1.61886075269106,-0.748976815068772,0.355939929133001,0.366817336042118,0.0315714445987858,28.9517600106046,0.863455901107756,0.0824444136667779,-0.812831637381464,0.356745746433432,0.0233571613539856,0.0138434203316149,0.0140274288394231,-0.445765595997642,0.0646606396131268,-0.381104956384519,-13.1,-13.0887234042553
1997-11-01,1997,11,0.0475428559711872,-0.300077211630025,-5.51192736524507e-06,-0.274813687166517,-0.0209848392237899,-2.77357939877584,-0.997325063607605,0.506918013472273,2.12085141440605,-0.0436064208639095,30.2485910960095,0.806527754613569,-0.0906013698467802,-0.406643794236857,0.506820886290029,0.0246719068703163,0.0394538777925879,-0.0402288173812373,1.26732871080964,-0.59077839655302,0.676550314256623,-12.7863829787234,-12.7597872340426
1997-12-01,1997,12,-0.0537954152637212,-0.182491921994483,7.70004058540177e-05,-0.0984499662352398,-0.00803048523626138,-1.6941602474802,-0.276532693624461,0.142986641623565,0.499576273895656,-0.129441761245658,20.2756638252758,0.702477271085286,0.0588712621626044,-0.289692900389412,0.140718941349462,0.0241072393052821,0.0183320740288564,0.0099324844201778,-0.0145879737813672,0.0108925064908689,-0.00369546729050185,-12.6031914893617,-12.6078723404255
1998-01-01,1998,1,-0.157774708275042,0.186963950208394,8.82522361469445e-05,0.020692760114315,-0.00878356308238837,-0.81661713328328,0.201531034185791,-0.338088914684363,-1.27137664607545,-0.0627704378239251,35.581196427549,0.73917875868662,0.224248274508099,-0.307669553556764,-0.345817449695801,0.0280872007002957,-0.00143766414051161,0.0877667052024957,-1.72353669243005,0.501472052731106,-1.22206463969895,-10.7829787234043,-10.7991489361702
1998-02-01,1998,2,0.0761313347015289,0.410709464142201,9.23231029024175e-05,-0.0810610373048206,-0.0109211241688849,-1.20848900811006,1.06461695319979,0.780093721233868,-2.15185392501843,-0.214657108420923,21.1380736112333,0.641104292397387,0.266140826898514,0.448633813091362,0.775801786660679,0.0188714396262428,-0.0215837845299411,0.142518004933089,-2.31216028209637,0.611691205535266,-1.7004690765611,-10.99,-10.9117021276596
1998-03-01,1998,3,-0.112190127130418,0.2196997923038,1.98060012777945e-06,-0.198612721516543,-0.00712619418279903,-0.672511141106369,0.0975385230686925,-0.343724722447178,-2.30668249254043,0.288441814814714,36.748034196833,0.711130646188394,0.707176167028102,-0.732841888944961,-0.348850329129789,0.0154160599271798,-0.0286987756321433,0.246218419549514,-2.59907878651546,0.82525480533106,-1.7738239811844,-10.961914893617,-10.8346808510638
1998-04-01,1998,4,0.11277062439035,0.514073006673073,0.000110609801415442,0.0695309720867208,-0.00846517458981033,-1.49332022269059,1.16267763735999,0.633128582922268,-1.58823831541619,0.361405228144694,27.4609200501436,0.469320741514395,0.579642964121291,0.834293931225261,0.627953347149798,0.00997346346879047,-0.021502449955459,0.180397157438298,-1.839321320954,0.323208470362168,-1.51611285059173,-10.7093617021277,-10.6263829787234
1998-05-01,1998,5,0.165847878515137,0.412866113810537,9.5657903716859e-05,0.00530346165897555,-0.00733977176220135,-1.19735738917709,0.805740567654198,0.850295979349369,-0.717851634334409,0.181752052798874,21.5718178284442,0.551491633643622,0.355325515962946,0.428234902378904,0.846146008846745,0.00379451852629575,-0.0130300895796598,0.0796210327088716,-1.09576980481396,0.373355694772723,-0.722414110041244,-10.4385106382979,-10.3655319148936
1998-06-01,1998,6,0.175195128842972,0.254153211537073,4.67471146539354e-05,-0.202187465502977,-0.00898574436175026,-1.23425163845463,0.833845517351222,0.861858766264334,-1.10387704099298,-0.368471209168536,29.3002689848508,0.476944077810828,-0.171988859150606,0.250273322497605,0.856088420730941,0.00277379175092918,-0.0174235243540029,-0.0619855809554757,-1.38433876878592,0.577801849320192,-0.806536919465731,-10.2002127659575,-10.181914893617
1998-07-01,1998,7,0.13406051266071,0.13534205373287,4.05601078424678e-05,-0.145394615463918,-0.0186588118576781,-1.09558644841394,0.775331777774682,0.804109189728308,-0.447134443379099,-0.0699300606003845,36.2895058600843,0.502506648865733,0.0139142136707662,0.269232141435964,0.80015498652989,0.00396876811896041,-0.00838096108288555,-0.0186784941380633,-0.865796817973674,0.502145433140321,-0.363651384833453,-10.0282978723404,-10.1314893617021
1998-08-01,1998,8,0.153586112429934,0.145176667536703,6.88592427164417e-05,-0.228177145065743,-0.012585849610625,-1.24759057033803,0.689125880815538,0.747828379873454,-0.369570499636808,-0.181452227800651,32.8089983306563,0.596047747228198,0.0321302074931573,0.270487760415904,0.742659017362257,0.00112898842100062,-0.0110668952289372,-0.00217492650130779,-0.752035811571197,0.413468757888413,-0.33856705368278,-9.77446808510638,-9.90000000000003
1998-09-01,1998,9,-0.0810113001305695,0.157166354564595,-1.84656003905971e-05,-0.487883897867118,-0.0145117858241568,-0.28762051865624,0.298102152119725,-0.3602738999096,-2.29896284046399,-0.160469332268391,39.1469331792468,0.758896303905885,0.228891425062358,-0.898582035741867,-0.365763509662656,0.0060687827878585,-0.0313321963546369,0.0482517037196182,-2.66849838703912,1.19119457810849,-1.47730380893064,-9.66553191489362,-9.72489361702128
1998-10-01,1998,10,-0.154517087060185,0.158188489703889,8.75521657773062e-06,-0.386584114349954,-0.00480329195322027,-2.04732870193866,-1.09362377487076,-0.927382210168957,0.419742985054114,0.471258455307286,31.364268104604,0.843442563210772,0.509684356178475,-0.985403892225463,-0.926321605857538,0.0145313610416848,0.00720897186695479,0.240989068928624,-0.38527367728544,-0.107159278333874,-0.492432955619318,-9.70000000000005,-9.71872340425534
1998-11-01,1998,11,-0.0951530339818305,0.075645736220963,4.68767873871654e-05,0.155858518944981,0.0120324957054991,-2.09789967115944,-0.455636798211629,-0.757229365984699,-0.679642846803944,0.282035027712791,13.4566467140103,0.615514414295575,0.36366007015782,-0.122111458567872,-0.75772805044096,0.0229150736916361,0.00201068976453778,0.146188665303063,-1.21353221865446,-0.334024024100017,-1.54755624275458,-9.80638297872338,-9.80978723404252
1998-12-01,1998,12,0.017263599847297,0.221564258009494,4.54956328089975e-05,0.194482309007558,0.0224998760472407,-1.7636587510996,0.611917847564541,-0.407032756167439,-1.76866683650235,-0.0859494698139613,10.7785119642795,0.501467736049335,0.109809624995407,0.283963615676555,-0.401912859725542,0.021585381579392,-0.0125683894929636,0.060649193385478,-2.07437547774227,0.333074128329969,-1.7413013494124,-9.82319148936165,-9.8578723404255
1999-01-01,1999,1,-0.120455273489995,0.0226477474913622,2.41693569255751e-05,0.155546556008215,0.00864695251791869,-1.70450052084298,-0.0785028352951826,-0.818084339577354,-1.11547476593245,0.0810284778712749,24.954054472546,0.661585784496623,0.227725715014898,-0.234618065543771,-0.819925820367814,0.0176555103912452,-0.00965990576061149,0.0974864246705955,-1.63036331328546,0.154273749458106,-1.47608956382735,-7.86297872340424,-7.87914893617022
1999-02-01,1999,2,0.112516006192493,0.04688123938422,2.77282367703788e-05,0.316080358415579,0.0181856759445511,-1.63689862700366,0.883919736710766,0.190638941376847,-0.870968201827424,-0.120578394717622,16.9095818732458,0.491749732553387,0.0812404917534124,0.760506390791363,0.186134644562685,0.0144374025845035,-0.00678003241856118,0.119738889263489,-1.16089904790977,0.118909049105266,-1.0419899988045,-7.94999999999999,-7.85170212765956
1999-03-01,1999,3,-0.253784573085454,-0.31039303697122,-6.19838585797124e-06,0.220140207149957,0.00776538548743289,-1.89356343502867,-0.951828319437311,-1.36585989916017,0.511743671523561,0.699156281989616,28.2840798538382,0.6630563249104,0.705448357380803,-0.563084255277943,-1.3769316743178,0.0186527941351793,0.0134692235589968,0.275106797511915,-0.145020577995666,-0.399815839316943,-0.544836417312599,-7.99191489361704,-7.85468085106385
1999-04-01,1999,4,-0.233885595523702,-0.322734025154944,-5.71760843406186e-05,-0.0806502914378804,-0.000861589291402343,-2.44845418100749,-1.01187365912102,-1.45419264167271,-0.217699490748203,0.447777094450995,24.4479712441389,0.69791660887941,0.611281961046288,-1.34284253112571,-1.44705370617822,0.0154871858494303,0.000769672952440903,0.190039960552598,-0.752111233032302,0.338107807499167,-0.414003425533227,-7.99936170212766,-7.88638297872342
1999-05-01,1999,5,-0.251889436050874,-0.419692275358443,-0.000154250559133571,-0.497528477685524,0.00348963206626662,-2.13657919415478,-1.32085654078776,-1.40059625192566,-0.0145012316414181,0.343369922855274,18.5938633514452,0.894898633328637,0.424690689673945,-1.95767394187408,-1.38146440817724,0.0102760207253754,-0.000570511691360132,0.138397282774772,-0.828079098151363,0.655949244834822,-0.172129853316644,-8.08851063829792,-7.9955319148936
1999-06-01,1999,6,-0.122118618801039,-0.578659416030916,-0.000185199302383065,-0.601700861589677,-0.0129654256519823,-2.43584399150583,-1.90032851315681,-0.881848759858713,1.394465447295,0.580444767130764,15.8149889648485,0.94254012319584,0.616917526928397,-1.92508134334838,-0.862847990536011,0.0126390159042096,0.0199603489333171,0.170411343444485,0.488398083896783,0.04375359951419,0.532151683410966,-8.10021276595745,-8.06191489361703
1999-07-01,1999,7,-0.0946027493632755,-0.273144525065106,-0.000121631046477831,-0.244698211349117,-0.00241199867864517,-1.13663047889764,-0.0300657018593711,-0.703957182428667,-1.4620802273661,0.00413827062831373,12.2844195010839,0.653042985878727,0.219598159750166,-1.02452304153803,-0.701493865194152,0.00798946278692059,-0.0179376306491257,0.0317668225423873,-1.89966332412298,0.996920656913122,-0.902742667209854,-8.16829787234042,-8.2614893617021
1999-08-01,1999,8,-0.133449059363045,-0.359496311162331,-0.000169021252012957,-0.449804555092243,-0.0106190641968,-1.42742887272303,-0.741025138046496,-1.01849800516055,-1.02602610944481,-0.00872212871605171,1.33746207365766,0.780845571879212,0.226646251134955,-1.57980452757113,-1.02179529967378,0.00968469446006059,-0.0130415755863473,0.0139707921731631,-1.57150330147299,0.835482095011415,-0.736021206461579,-8.23446808510641,-8.39000000000004
1999-09-01,1999,9,-0.12230696311957,-0.287180697532392,-0.000133737463530497,-0.32789674084022,-0.00327895078801688,-1.38311171895644,-0.348153302958281,-0.754558970878577,-1.35746098359701,-0.101795796734393,9.5277842162468,0.707487057493864,0.0216918155364603,-1.22213560121185,-0.756610460421655,0.00848481543917856,-0.0174965437648069,-0.0448171183474813,-1.94146042882002,0.871930808710488,-1.06952962010954,-8.2555319148936,-8.34489361702128
1999-10-01,1999,10,-0.156872846846227,-0.223704963312116,-0.000111986105565469,-0.236077630320956,-0.000713558584093277,-1.88618269439656,-0.532909820906809,-1.04362028826898,-1.54192104809789,-0.143370721449717,10.6450673276122,0.642807279284767,0.0677703315801779,-1.2739605336385,-1.05680082825654,0.0114886388012549,-0.0162647429661651,-0.0207662802238762,-1.97358727435274,0.727870172744126,-1.24571710160862,-8.29000000000002,-8.31872340425531
1999-11-01,1999,11,-0.157368378152796,-0.24584820078104,-0.000136252434585355,-0.358089090708617,-0.0103984434238908,-2.26620154929534,-1.19095614713564,-1.0387217424697,-0.453446727126959,-0.0909591802460099,10.8635149500042,0.829212021897575,-0.0273022452421756,-1.66640305419384,-1.06150812566494,0.0180511759898758,0.0030769726278681,-0.156515493545138,-1.21900181402066,0.452660523862981,-0.766341290157779,-8.36638297872338,-8.38978723404256
1999-12-01,1999,12,-0.086120073412701,-0.21113807519049,-0.000115334518710262,-0.331264391946242,-0.00475594439877935,-2.25334456750259,-0.460124425413483,-0.77646680594745,-1.59190596578534,-0.213501105852259,11.7591149222717,0.862704539612309,0.00067708734520977,-1.36172822248943,-0.820403614591555,0.0168941324291225,-0.0147998444822934,-0.215483552792721,-2.24043231220017,0.857666988431866,-1.3827653237683,-8.41319148936168,-8.47787234042551
2000-01-01,2000,1,-0.232586458739036,-0.477795136987595,-0.000127844262913745,-0.452667215695385,-0.0070225678023883,-1.82294536115858,-0.8496725116172,-1.07108641342938,-1.03047773140847,-0.132138022465924,11.6901807975519,0.844424036350603,-0.0998494424831975,-1.80469191464277,-1.07094196427079,0.00922135754342523,-0.0140330975579315,-0.125309217551203,-1.84261318777636,0.955163852184103,-0.887449335592247,-6.58297872340427,-6.5891489361702
2000-02-01,2000,2,0.0233653156385003,-0.17484543181979,-1.80426545155019e-05,-0.109765413655222,0.00493122408481916,-1.83971135841706,0.142124652882785,-0.534160753235142,-1.26088493059243,-0.366629375776423,6.76561466623389,0.614952735596376,-0.186341113119283,-0.454769673375608,-0.538939172234279,0.00230747729310288,-0.0230785558430311,-0.102764551634811,-1.69554940353167,0.592115907259267,-1.1034334962724,-6.81,-6.71170212765958
2000-03-01,2000,3,-0.047074685351447,-0.161994019313227,-5.24132928286809e-05,-0.263214587474742,0.00201013165923791,-2.53697311114857,-0.629134709016284,-0.713025034286147,0.0312178389495728,-0.203141280620283,13.6832356868399,0.699710344519389,-0.182496175676597,-0.936698189415949,-0.711744880475806,0.00364218539998973,-0.00607309248559318,-0.0520872281846856,-0.647847400626162,0.308843634210056,-0.339003766416099,-6.92191489361699,-6.80468085106384
2000-04-01,2000,4,0.0613699834732984,-0.237519981459911,-8.56205971382779e-08,-0.0187569322077792,0.00954439372559257,-1.65604165406899,0.636564620266938,0.00228075778028369,-0.787288168360192,-0.105130821474006,15.7584642511501,0.461961106457409,0.11711125584619,0.0709872410072876,0.0155657533767908,0.00670082954936024,-0.0100092981868194,0.0682759008352978,-1.0270071974974,0.578862374856069,-0.448144822641328,-6.93936170212766,-6.86638297872338
2000-05-01,2000,5,-0.126728513607873,-0.220431513121468,-7.69479700797604e-05,-0.292809348842123,-3.20711145134212e-05,-0.973442034510583,0.525640276622198,-0.830434095530677,-1.88896615094143,0.262836989999172,11.6774446594354,0.721474474448627,0.672841610078549,-0.862457549781084,-0.809837452138254,0.0129114060644357,-0.0205357652010498,0.202052155705571,-2.20043600531066,1.40869446979572,-0.791741535514943,-7.05851063829789,-6.97553191489357
2000-06-01,2000,6,-0.123167941743077,-0.166244334830935,-0.000153046444890165,-0.530101787068677,-0.00722472871473734,-2.00861296233933,-0.926953861764787,-0.963539732636661,0.140530793453991,0.610037617595463,14.0422881958511,0.922989376008843,0.770498217305999,-1.4331604098914,-0.935263928717063,0.0137161408060495,0.00341751065626728,0.229406905057655,-0.621997982844313,0.53448235204619,-0.0875156307981335,-7.15021276595746,-7.07191489361708
2000-07-01,2000,7,-0.108216385540288,-0.490495147055128,-0.000230552924738232,-0.702134695211718,-0.0193858317630632,-1.44219321565824,-1.15335518590535,-0.664536128948669,0.21437030425389,0.279828960820613,18.1451276360895,0.990519334217709,0.326046756920768,-1.77579353563505,-0.667878556084133,0.0119031324817307,0.00452031661547414,0.111655315289216,-0.729931233863674,0.619095922594223,-0.110835311269451,-6.94829787234039,-6.9514893617021
2000-08-01,2000,8,-0.0856449697720336,-0.478653358985298,-0.000165336992641159,-0.508931536124241,-0.010992539633341,-1.83807741539403,-1.15852094826448,-0.522707235849509,0.543449507493193,0.355149123376947,18.6403508386575,0.928829116549196,0.328503701800155,-1.3354496281321,-0.528420362148779,0.0113995982344708,0.00799592762769263,0.174062530130403,-0.41202503063279,0.171215553568313,-0.240809477064381,-6.80446808510641,-6.91000000000003
2000-09-01,2000,9,-0.0813681975875511,-0.332956058521404,-0.000166080264907347,-0.51996298022512,-0.0105953498940539,-1.55922351024405,-0.914099368031259,-0.501991295160622,-0.0580309234680101,0.394323713799007,15.1601392322482,1.00832392192987,0.460310935686259,-1.35760394519883,-0.515901392955698,0.0181795309843489,0.0045611415020228,0.178715333828519,-1.00036762351062,0.429594479372486,-0.570773144138144,-6.98553191489361,-7.08489361702129
2000-10-01,2000,10,-0.219462156059194,-0.21228582433514,-9.15769796419486e-05,-0.155478706142755,0.00504290687817477,-0.695653985996358,-0.117984452075802,-1.08506804779597,-1.89508942283086,0.209731954079984,29.4315565646102,0.818194150362757,0.430249590440177,-1.04499863160351,-1.10042864978755,0.0174309654542451,-0.0176315330078949,0.104084317820224,-2.49276593683344,0.911653577536125,-1.58111235929722,-7.13,-7.18872340425531
2000-11-01,2000,11,-0.129980000042792,-0.225095847665045,-5.62767042349248e-05,-0.220006145679516,-0.00207465347868985,-1.45939007566694,-0.468157475509599,-0.735143407598741,-0.500347244498954,0.25183870134769,25.7671469449997,0.833459621962561,0.398977258520119,-0.821871457285852,-0.758373953602927,0.0186814901353261,0.00177566022251785,0.0501677641707623,-1.18666830928906,0.330483435772081,-0.856184873516977,-7.12638297872343,-7.21978723404254
2000-12-01,2000,12,-0.128804851143684,-0.189121621385482,-9.33506119686275e-06,-0.292283115625743,-0.000874259641674313,-2.51789875591069,-1.40001114762248,-0.7964050953114,1.68497100531764,0.57626581058474,23.302229376277,0.901483872549306,0.31182054236411,-0.955723710241443,-0.805729084738573,0.0220483328593621,0.0295679053263163,0.0168585356666782,0.519041864547731,-0.453611426808131,0.0654304377394972,-7.19319148936165,-7.28787234042551
2001-01-01,2001,1,0.066549682164009,-0.0644980113046358,-2.1709580253753e-06,-0.129983346929485,-0.00597915592875131,-2.45750215436138,-0.269486387261168,0.181228110534619,1.94588833319654,0.349195719329174,15.762542116543,0.796249033339649,0.277239120162804,-0.184438286812792,0.173740962367219,0.0139838914144352,0.0308174712316083,0.0270113555379954,1.07768270069054,-0.0925352486157962,0.985147452074653,-5.28297872340426,-5.26914893617021
2001-02-01,2001,2,-0.052732614260492,0.0814080963172046,5.16488881308775e-05,0.23079684012378,0.0072758532380971,-0.918114655537863,0.251956570512789,-0.434767199726139,-1.74516454069143,-0.170834463566422,25.3078199572337,0.47724785004138,0.0148478696840186,-0.020677081093595,-0.445228419985312,0.0184751259770133,-0.0141763213545509,-0.000366005109011525,-2.03673005748237,0.262172431347267,-1.7745576261351,-5.27999999999997,-5.1917021276596
2001-03-01,2001,3,0.0639161488285822,0.0201115254718047,7.1328571885609e-05,0.298026793094156,0.00978216269570387,-1.07556419387417,0.875402297298706,0.137104319665866,-1.36887653598245,-0.0169018953988846,21.8190864698263,0.408240864930406,0.281216565227005,0.667452370087062,0.137962046566201,0.00912660666352938,-0.0160360928375032,0.145287273332414,-1.47899894028696,0.208807654112057,-1.270191286175,-5.31191489361703,-5.20468085106381
2001-04-01,2001,4,0.0467305374653506,0.128872780833092,3.4585380788002e-05,0.130384572199919,0.0161366455594876,-0.402079902190486,1.47923338269595,0.0739545658102543,-2.5078942793352,0.0954944130212958,21.4727840071428,0.477093432080409,0.442394254606491,0.421880132094259,0.0901989597787747,0.00199899866102005,-0.0369103381017393,0.131964264448099,-2.6380878698304,1.07359764457017,-1.56449022526023,-5.3893617021277,-5.32638297872342
2001-05-01,2001,5,0.136059277221136,0.0449755696245688,-2.58718819735413e-05,-0.0497368975377235,0.00266179683790457,-0.851033261477085,1.03410222636023,0.597843594335359,-1.30840558478641,0.339815404767474,14.0396473114379,0.639081056322624,0.576441189573949,0.385731456808912,0.617171228738755,0.0079272178668055,-0.01613657941768,0.149514793671671,-1.71086085630257,0.667698403954724,-1.04316245234785,-5.53851063829791,-5.45553191489358
2001-06-01,2001,6,0.0608924290149275,-0.189150678918963,-7.08688119929659e-05,-0.197611092816679,-0.00219325662399728,-1.80062073766323,-0.387676826335792,0.114304567060287,1.15303957567301,0.640600337514265,10.9270548928616,0.817318753982846,0.548016529635298,-0.396708135801362,0.140721260962948,0.00921768600002926,0.0147100861890772,0.131661945664654,0.243137013811186,0.0354480033681916,0.278585017179367,-5.63021276595748,-5.55191489361704
2001-07-01,2001,7,0.151395152547707,-0.130548418273122,-3.18470654637314e-05,0.0617449774596821,-0.000317588128671109,-0.524377531770838,1.10268047432766,0.652296408532322,-1.40635296805411,0.0224388465390142,11.4998003960791,0.55617483152173,0.120829300786767,0.504783269116956,0.647811249811866,0.00641704235224072,-0.0181966387123857,0.00858723215586643,-1.86413734532807,0.593412046490222,-1.27072529883785,-5.40829787234043,-5.43148936170212
2001-08-01,2001,8,0.121095785063972,0.196180888291678,5.52725941834094e-06,0.201193398784557,0.00482953919102691,-0.496537179469122,1.66197694098355,0.61820614357049,-2.0086340230998,0.0428342453726493,16.898437887663,0.463424034897201,0.215488930601055,0.953157021430911,0.621935582498224,0.00453340038948058,-0.0272828498979973,0.0873110224153333,-2.29940337276859,0.712549358480413,-1.58685401428818,-5.2544680851064,-5.38
2001-09-01,2001,9,0.0319876455874351,-0.127536557411418,-1.93101510428985e-05,0.113540530034779,0.00214903591617921,-0.343708698237442,1.19257451610775,0.109444359758413,-2.215894026222,-0.0436303142780936,14.3663221762545,0.505086879983878,0.193751572607759,0.352209437802173,0.106169466899303,0.0064317996897989,-0.0276178930348872,0.130471085611418,-2.48359901932002,0.837090185446485,-1.64650883387354,-5.33553191489358,-5.44489361702131
2001-10-01,2001,10,0.043441695772799,0.226912415269851,4.08881040029913e-05,0.156508222052643,0.00593806879213576,0.564612959091839,2.07156548770519,0.0316453003370043,-4.42890979801388,-0.476369036285316,6.49987467861502,0.437238708721765,-0.0262068984288248,0.541238948594525,0.0264288238824406,0.00712444267219503,-0.0554646164914852,-0.00461654291647662,-4.41598636887914,1.52511006265613,-2.89087630622302,-5.33000000000004,-5.3887234042553
2001-11-01,2001,11,0.275530176421171,0.214849449921985,8.15556925754749e-05,0.373263981085984,0.00938053869013911,-1.05558168035494,2.00764765727939,0.922967230890265,-2.08139574899195,-0.362569905479209,9.55285656701017,0.425544729680553,-0.0745254051836781,1.40184914482614,0.926376526063052,0.00944126961826619,-0.0228802285221521,-0.0840822923324378,-2.21889597837696,0.609207807625982,-1.60968817075098,-5.3463829787234,-5.39978723404255
2001-12-01,2001,12,0.166098453074312,0.18440876519054,0.000135586499903598,0.544066060325058,0.0150874382389616,-0.025604456470397,2.79627727968455,0.518708698194587,-4.35811303764135,-0.577002692283859,11.6865144062758,0.251087235796319,0.0107370819919055,1.53614895694056,0.520190891895425,0.0125114979382923,-0.0479981719588038,-0.0363197951701206,-4.02146049916187,1.26161051644487,-2.759849982717,-5.31319148936166,-5.36787234042555
2002-01-01,2002,1,0.253627539553008,0.163033136997399,0.000102236624310675,0.397017593981513,0.00462659943473864,-0.47452422971898,2.81100620218581,0.737142047873647,-3.17254188028346,-0.479561317426924,8.32692942454014,0.230180017661638,-0.103639393985098,1.56877237937823,0.739315683220184,0.00687327289588602,-0.0357824759984715,-0.0325771279365039,-3.02679997450326,1.2444074581541,-1.78239251634915,-3.46297872340426,-3.49914893617023
2002-02-01,2002,2,0.175364373398509,0.251195406070224,0.000116207865356599,0.36783069059058,0.00858277765903115,-0.217392250544762,2.3230302391998,0.564425820964857,-3.74246735089844,-0.624479512844523,11.2589830832439,0.30957453989538,-0.205100485805886,1.22467132698637,0.567587697786678,0.00344917321848293,-0.0515104387968313,-0.0635010155707114,-3.63266286375517,1.10152078903527,-2.5311420747199,-3.54999999999995,-3.57170212765959
2002-03-01,2002,3,0.36234005198753,0.190908134034771,0.000155918057418009,0.482895821455056,0.0112646760169329,-0.462446753152975,2.64640365299169,1.31789468590887,-2.06470676015445,-0.306628998339985,11.9211048658326,0.239965183145387,-0.166692977735096,2.01030454851707,1.32214710406924,0.0064858794999294,-0.0247268068371231,-0.0348515800411846,-2.16473592269497,0.640351522635058,-1.5243844000599,-3.51191489361702,-3.51468085106382
2002-04-01,2002,4,0.0773305413283083,0.239684845826048,5.39020847091613e-05,0.295104997136818,0.00141631420912058,-0.100704171861587,2.56440252363694,0.348369270802266,-3.2618201862112,0.0594405096545962,15.593862121139,0.366138366983392,0.517076862191288,0.856134267964251,0.351724490823813,0.0107115130332804,-0.0351302216365093,0.102281079463399,-3.1703222006579,1.71162347569417,-1.45869872496363,-3.55936170212766,-3.57638297872342
2002-05-01,2002,5,0.256630943421101,0.207547440272549,1.67614545520597e-05,0.021308256401678,0.000503627104686655,-1.44520026050728,1.29250276068024,0.882234614948345,-0.602709391098415,0.400585994711875,6.22926952144189,0.730651852331619,0.619402470348646,0.812252041631893,0.885662474738751,0.0148581555395855,-0.00347197489330986,0.100915192393071,-1.11454476779326,0.483678578838823,-0.630866188954444,-3.58851063829792,-3.55553191489361
2002-06-01,2002,6,0.256434125283931,0.225654626631069,2.95062462849355e-05,0.0370591602047234,0.0112185894437618,-0.616538818594826,1.59469242849724,1.08512146946128,-0.647809406049987,0.00263618325076465,7.16636401285359,0.623115998789842,0.0432081991781956,0.993298737050623,1.08682790963996,0.00883402410642953,-0.00601822967364285,-0.065324435245806,-1.23035338891241,0.60310013162519,-0.627253257287133,-3.62021276595749,-3.55191489361704
2002-07-01,2002,7,0.23247353386671,0.0887243751208757,-1.74919810663234e-06,0.0317289377959824,-0.00828620885690712,-0.376805211138233,1.36532788437665,1.17613059689234,-1.41333089196308,0.153558025286713,11.4836929880839,0.601226890479722,0.238036258456265,0.951232348069937,1.18778541711384,0.0114354193338104,-0.0142317459332655,0.0139705163472357,-1.93007954927328,0.425750356528223,-1.50432919274505,-3.44829787234039,-3.46148936170209
2002-08-01,2002,8,0.144649097389959,0.0854699427586638,-2.73445327336579e-05,0.144251026538559,0.00428728439246595,-0.130089633679823,1.77433896093851,0.69093159653346,-2.61407568322579,-0.150324647549251,14.4873214776599,0.440635371445211,0.0953146533069571,0.897871656324924,0.69727062598821,0.00846295672743036,-0.0318058962344674,-0.0132684076567173,-2.80907175381479,0.882806334068313,-1.92626541974648,-3.21446808510638,-3.28000000000003
2002-09-01,2002,9,0.218930682283428,0.105811397327614,-2.09817030519775e-06,0.118471515086682,0.00274015852436316,-0.659080141981441,1.45694356816574,0.936950212905401,-1.22950948025201,-0.0849785566687906,13.5852995282476,0.453087165223877,0.0804180197369568,1.10401442545214,0.941467294454299,0.00857871469005866,-0.0152774616147271,0.0367966207606187,-1.51720006907012,0.357446224262485,-1.15975384480764,-3.02553191489358,-3.04489361702127
2002-10-01,2002,10,0.142430194080816,-0.0191234369631275,8.64780977614509e-05,0.350402262234745,0.00235664333864871,-1.39834551509236,0.943499456142206,0.524989760728033,0.257069028688136,0.245713689698484,15.7830138696154,0.332246919635764,0.309725714764376,1.05388309694149,0.528221314926441,0.000521534011775238,-0.000314793216035003,0.193029616352524,-0.0111658658817433,-0.107152086600873,-0.11831795248262,-3.09000000000003,-3.05872340425532
2002-11-01,2002,11,0.179057352653217,0.147808003666967,0.000132635712270174,0.475824990105082,0.0187687663974131,-0.805154966073736,2.13727961465236,0.637953870309275,-1.60773056988396,0.22076263986219,10.0491174710041,0.25073993188056,0.315516567258122,1.61358488779513,0.639510258419023,-0.0064504937255041,-0.0293858269548721,0.104727668042262,-1.76371657436856,0.525251114966981,-1.23846545940158,-3.12638297872343,-3.07978723404256
2002-12-01,2002,12,0.0964192446402876,0.130833960055497,0.000172703884949858,0.48453875217086,0.00272554529999869,-0.141155163970794,2.36680981514155,0.471991996265558,-2.83737412344834,0.176117063649041,10.9783009422681,0.192695558954313,0.638595516166106,1.48687214627358,0.475193959849435,0.00523174109033242,-0.0313679741841337,0.188299020076178,-2.56759122988557,0.883139632451869,-1.6844515974337,-3.03319148936168,-3.02787234042552
2003-01-01,2003,1,0.310377408434988,0.305548175050376,0.000149559758081206,0.393978182894713,0.0104120132511667,-0.171492692221079,2.76215600862679,1.28755996298764,-2.25121927428646,0.0566569675452762,7.88749588254723,0.234222580711617,0.488851470634202,1.85314504924025,1.29186263620221,0.0100864739935256,-0.0204057984466517,0.116719990310095,-2.05324735190916,0.913313632601106,-1.13993371930805,-1.03297872340426,-1.11914893617023
2003-02-01,2003,2,0.15861889018953,0.1826147774932,0.000209216162849909,0.53150551210058,0.00192171211423808,-0.575703844047162,2.7430467082408,0.727760932485864,-2.42173536074242,0.144694823034378,6.32723294623429,0.120728919252372,0.552065207660114,1.97201614009839,0.736489293229681,0.00617608413040305,-0.027265027332271,0.217187374657689,-2.13509389536907,0.779758928886267,-1.3553349664828,-0.989999999999952,-1.08170212765958
2003-03-01,2003,3,0.0391848610045713,0.167241299919795,0.000117958501196969,0.162470873671857,0.00334253058116796,-1.21872113400197,1.10951724027973,0.166008005383844,-1.13653383184445,0.398986355811314,10.8355383528396,0.431897750742394,0.617463280766202,0.606192895145057,0.168621486513246,0.00461841877801916,-0.0158135502809231,0.243743663561714,-1.34995465763196,0.505937826264159,-0.844016831367899,-0.981914893616988,-1.03468085106385
2003-04-01,2003,4,0.0872629729513505,0.201761257590078,9.21904871152412e-05,0.21626311153442,0.00975067904904059,-0.272167975190392,1.91732311410698,0.368985021177252,-2.5616429930482,-0.188865283788704,12.6121598821483,0.313206182893396,0.118006268493488,0.892518954233253,0.371745955157792,0.00143346960748048,-0.0347788273569294,0.0819859733336994,-2.5679776236594,1.02756509385427,-1.54041252980523,-0.899361702127692,-0.94638297872342
2003-05-01,2003,5,0.166015520826136,0.16959545897754,4.79361479754584e-05,-0.0100705491105231,0.00514736853662856,-0.912318287426181,1.37236260523423,0.745367407134324,-1.43907229511842,-0.0193046519416242,16.8353397064348,0.511490646244624,0.143903347204748,0.597485742946901,0.742268045041726,0.000915703693885384,-0.0233033661122097,0.045320493463672,-1.78735494221667,0.771777500194723,-1.01557744202194,-0.758510638297878,-0.745531914893604
2003-06-01,2003,6,0.0524445406729797,-0.108258220920959,7.44972404733563e-06,-0.0482353016042758,-0.00811205443947227,-1.33805891350523,0.647389146681235,0.317934636735288,-0.466925636775983,0.0361354698065632,21.0784769278544,0.45715662790883,0.194255656392393,0.373862031854628,0.321428340692989,0.00119675835997946,-0.00856406707504265,0.0957911752913034,-0.765962078099015,0.27702081878429,-0.488941259314732,-0.750212765957485,-0.681914893617034
2003-07-01,2003,7,0.155357684239732,0.0910563468288501,5.73413359775676e-05,0.292556502301682,0.00378821811710583,-1.16756212453814,1.29534085644968,0.804605558283299,-0.365046733848089,0.0738333815024141,16.4224978830898,0.307619396619714,0.103883324308267,1.10611309808894,0.808873124618856,0.00014829873946054,-0.00770024769405575,0.0563133654081458,-0.642616187661979,0.193495324696322,-0.449120862965653,-0.688297872340399,-0.68148936170212
2003-08-01,2003,8,0.243508121725938,0.0792257491756914,8.83148162739416e-05,0.310261613588658,-0.00460790805175304,-0.598339078946324,2.30992238821551,1.31355028999644,-1.52707232132181,-0.164540391669252,13.4401677146525,0.232558328912205,0.0586467684792567,1.5325491142089,1.31680721261023,0.00105048741659042,-0.0206415966492375,0.0202693718964522,-1.5364434900855,0.780630196620415,-0.755813293465081,-0.6244680851064,-0.640000000000043
2003-09-01,2003,9,0.242967195085441,0.157553493108594,0.000115055347145702,0.271725642011681,0.00890489451134313,-0.437998997398942,2.30422953901274,1.23671518999339,-1.630026353419,-0.199986937806891,11.7861996252468,0.279717432525871,0.0262654610188591,1.42469162445815,1.23573685467034,0.00539714517697876,-0.017768916295327,-0.0117521516771806,-1.68349138711912,0.878559579231485,-0.804931807887645,-0.605531914893618,-0.564893617021312
2003-10-01,2003,10,0.270961386182819,0.315398807742895,9.29320345035411e-05,0.204281614452245,0.00872075453757981,-0.407581448956158,2.29224658869322,1.49614348245404,-2.48441415741289,-0.0901506935694165,13.0256534336077,0.388537413923757,0.106293225622281,1.47882316018251,1.49434277582742,0.0119343468234852,-0.0255279114788149,-0.0235180136219757,-2.67650765214494,0.811622721884127,-1.86488493026082,-0.680000000000007,-0.608723404255329
2003-11-01,2003,11,0.147600890906176,0.276542327026959,0.000154599279995424,0.559038305752281,0.00834557622155807,-0.409166106838541,2.71183254040938,0.723492791083288,-2.41456228423596,-0.0134381385551094,20.7191402760072,0.180123565390574,0.255938202948123,1.74608387518117,0.728276732750032,0.00903283507660557,-0.0227701468674222,0.043549716167762,-2.32530950812326,0.970532606894881,-1.35477690122828,-0.756382978723423,-0.669787234042531
2003-12-01,2003,12,0.339272376296321,0.468407765714517,0.000139837667016508,0.445890010555459,0.0169614529638347,-0.869284987324292,2.83369115091955,1.3327438333306,-2.18866377929436,0.0742070648737396,16.2718565342802,0.206865458908283,0.317090054594111,1.94604986301954,1.33656829727744,0.00680318597158269,-0.0234185262476738,0.0441704803362786,-2.15264624848227,0.891465751846869,-1.2611804966353,-0.773191489361693,-0.747872340425545
2004-01-01,2004,1,0.16467563212899,0.199160929718403,0.000156001329301126,0.513583308866913,-0.00658823579690238,-0.0690511415905775,2.92856141193079,0.855723119785637,-3.34445545093945,-0.178892223276023,15.370362267553,0.0864241965776387,0.256811705251501,1.93155413539722,0.861087611119217,0.0164593448948454,-0.0281462740827614,0.0460965252877958,-2.99517571898956,1.00237176786711,-1.99280395112245,1.23702127659573,1.17085106382979
2004-02-01,2004,2,0.212145265715492,0.260196687495181,0.000105504148336629,0.322867001754279,0.0141627928144501,-1.72804546186626,1.52544442319078,0.992413890281853,-0.896530924072437,-0.0724795135216212,7.53118894423824,0.342380465786363,0.175599565613915,1.35427458036941,0.992754168487693,0.0100640641285432,-0.00750031334528112,0.092014474053089,-0.99083231072327,0.171510121027268,-0.819322189696003,1.26000000000005,1.17829787234041
2004-03-01,2004,3,0.163042401822565,0.452850715381771,0.000139324399719169,0.379208491950855,0.0133244108554059,-0.418233179453473,2.05985023676368,0.731737477867853,-2.58032826000343,-0.310742142375286,12.3573274468363,0.233511206514407,-0.0990000014360959,1.32985589394707,0.740644447826242,0.00483180767897995,-0.0336358414509133,0.0154880607411148,-2.60209732557866,0.738901312775059,-1.8631960128036,1.25808510638296,1.17531914893618
2004-04-01,2004,4,0.189035707285313,0.221742796026092,0.000167730783328442,0.59303916490942,0.0115097476417356,-0.363996699581087,2.18819749691397,0.755860825686284,-1.4539001528502,-0.0859070255414061,15.0608733621484,0.0538061535233965,-0.0316436546137098,1.80722067464325,0.756052462379785,0.00653502618442037,-0.0148867198177394,0.014653906979099,-1.4534429354459,0.381168458964169,-1.07227447648173,1.19063829787234,1.1536170212766
2004-05-01,2004,5,-0.0665466996138662,0.17138227208153,4.37450708303585e-05,0.301188234613377,0.0166435330142256,0.0100349910817172,1.23966636336024,-0.355239768117656,-2.79322378834843,0.167372138379672,14.9798688374431,0.233022125363618,0.441162365332445,0.371477456377932,-0.356843990224263,0.0081447441939555,-0.0318596115839598,0.0727482894025719,-2.75245568675926,0.866584684875722,-1.88587100188354,1.11148936170213,1.13446808510639
2004-06-01,2004,6,0.0306841121169441,-0.0552583033139626,1.71065794769346e-05,0.0171161236964217,0.0166526250548187,-0.208038944993525,1.2324764841062,-0.169221986209664,-2.39356546666599,-0.0190576908650364,5.69671181486046,0.403491754340848,0.270350069434194,0.186488206769639,-0.172120820929024,0.00460138874807914,-0.0308898157159727,0.0524102422807236,-2.50764946070761,1.04308944261709,-1.46456001809043,1.04978723404253,1.10808510638293
2004-07-01,2004,7,-0.141349554537271,-0.386318568061142,-1.30275536266312e-05,0.0178649445631827,-0.00456184888608513,-0.464838983096236,0.638710362521635,-0.435052882461662,-0.333588133887105,0.0948978058807128,14.2938730450842,0.390079569625726,0.240417419157868,-0.113153769504038,-0.432013245482153,0.00520071938231048,-0.000272881506395706,0.109059690402786,-0.578148090235679,0.754903769005121,0.176755678769446,1.08170212765958,1.13851063829787
2004-08-01,2004,8,-0.0254566173880448,-0.0858947015512967,1.97290838648417e-05,0.0479964773812576,0.0101487820266549,0.302478166454378,1.30866565938351,-0.0160054280065083,-2.37283656710181,-0.12565044507615,8.00539966466022,0.417070939450213,0.193772282280754,0.198964366737926,-0.0103170486057707,0.0088208480140306,-0.0260393262652774,0.0780840762768324,-2.4704847791951,1.11538967204631,-1.35509510714878,0.905531914893629,0.949999999999989
2004-09-01,2004,9,0.0730858155894225,0.0238371908055797,3.98399402146022e-05,0.21118412163888,0.00726615588981416,0.153308224424258,1.89458092624972,0.328173534961422,-2.22729649121399,0.0113124470777066,14.38183575125,0.404549587236886,0.259184367984059,0.768027861399162,0.328221131466307,0.0103294886373289,-0.0221362215372571,0.110296862604619,-2.38397415754452,1.12660066135539,-1.25737349618914,0.684468085106403,0.715106382978718
2004-10-01,2004,10,0.0956260965758133,0.205720767413879,8.1634335231652e-05,0.310960787316542,0.0120832874639578,0.292567069637741,2.43664393847223,0.455647236638015,-3.45863542626188,0.0491404131366835,8.54251291960827,0.338022821934771,0.361894222571081,1.2135746211365,0.453800549355435,0.0140348735142948,-0.038408698358475,0.0940994606354231,-3.48390443876224,1.22122263005313,-2.26268180870912,0.680000000000007,0.721276595744712
2004-11-01,2004,11,0.216832580140192,0.107226723450935,0.000121306591275705,0.477417063310082,0.0104073757192241,0.40186509734886,3.22129659356239,1.08621758543728,-3.85065834919595,-0.236205557538408,13.1468573380116,0.209898757561575,0.202326156189422,1.76273205701017,1.08853842264404,0.0129856477994164,-0.0400105657944021,-0.0237913884469378,-3.62202539302966,1.46088537375898,-2.16114001927078,0.793617021276589,0.830212765957469
2004-12-01,2004,12,0.0498531979932864,0.125980565171517,0.000135461078677247,0.43628149027176,0.0136704060867966,0.0572840854354055,2.49264416480054,0.427203666074604,-2.73176194779836,-0.120470443333961,17.1406127172813,0.160753739356323,0.162542722111908,1.32601007886456,0.429811432293434,0.00922363362118261,-0.0271168646654538,-0.0233412981997212,-2.60950252170877,1.16924185215487,-1.4402606695539,0.876808510638341,0.852127659574478
2005-01-01,2005,1,0.339804945965966,0.44103818690337,0.000187502732266566,0.680497124325715,0.0127774157888937,-0.250644807089984,3.66725792040683,1.43154499140167,-2.61957249180946,-0.469270774296124,14.9571100485482,-0.0961214816313714,-0.192875636115296,2.5065281248452,1.43307431631223,0.00361367231391529,-0.0271462852297217,-0.125618783369605,-2.24705587199725,1.1622591204721,-1.08479675152515,2.75702127659576,2.69085106382977
2005-02-01,2005,2,0.228517002726505,0.282873380816227,0.000173001773716198,0.56225282315798,0.0095997637607611,0.0410765085566354,3.43647917394179,1.29022098782087,-3.63213463553242,-0.28653762879232,14.5959420942381,-0.0152219058206242,0.0569789769906137,2.21218818011437,1.29425992402167,0.00445053523998329,-0.0428824508024008,-0.0349466393560114,-3.27339612392887,1.22832993002827,-2.0450661939006,2.80000000000001,2.71829787234043
2005-03-01,2005,3,0.247147701116546,0.303701237299776,0.000138990890741979,0.463127998406456,0.00356924123790292,-0.242924205202272,2.54738220159572,1.22944057163585,-2.80148678605943,-0.246131614562884,11.1078720158257,0.0776953596363796,0.1044626144297,1.77280674182509,1.23251221302922,0.00907616214204943,-0.0303344785183333,0.00903909963871463,-2.52858791670327,0.777647101164057,-1.7509408155392,2.968085106383,2.88531914893616
2005-04-01,2005,4,0.266134219836317,0.457527469865056,0.000149959659469642,0.46898002168912,0.0128128807349916,-0.76183231678629,2.53813242580196,1.28408357271525,-2.4521816606952,-0.471475249141704,12.6855189161433,0.176361268928389,-0.306257695753615,1.77088513841227,1.26892442606379,0.00941201226251032,-0.0265131576865092,-0.096203280500001,-2.4633253762355,0.752088140738167,-1.71123723549733,3.03063829787231,2.9736170212766
2005-05-01,2005,5,0.211402339180097,0.143817347221557,0.000119418225925559,0.336514909104078,0.000273826063355576,-0.586668290514183,2.21845474812324,1.11151325524332,-1.49602080580041,-0.222455108148125,18.4520631444466,0.210347342143621,-0.0871620597754514,1.61506577024193,1.11259470470571,0.0125419880910056,-0.00947370501571987,-0.045976524190829,-1.57107509957137,0.604470427343724,-0.966604672227644,3.12148936170212,3.10446808510642
2005-06-01,2005,6,0.216746719703963,0.0912671180810776,0.000144113763862634,0.521047557691222,-0.0012438847703703,0.0286642184524695,3.06543087614324,1.27048127289231,-3.343126170001,-0.510582461002937,11.4368012458581,0.0463208681818514,-0.0143961324112034,1.90185655411659,1.26951222933297,0.0159950289261994,-0.026380633745803,-0.0217465197862765,-2.89326070959111,1.16260527846729,-1.73065543112383,3.13978723404256,3.15808510638294
2005-07-01,2005,7,0.185818232437725,0.25025936849687,0.000142406976911768,0.490816488701181,0.0115614616812568,-0.208828044264934,2.45235077502764,1.07604265798932,-2.15113188923709,-0.274235791863486,9.4921103080851,0.0899271112627105,0.0054306549045684,1.83472815736394,1.05843990193989,0.0128262965171806,-0.0165037323365556,-0.00480899086246289,-1.96139255373178,0.600019861614221,-1.36137269211755,3.08170212765958,3.11851063829789
2005-08-01,2005,8,0.149996149617948,0.127046395691707,9.11649871453424e-05,0.417866701293157,0.00859846052642799,-0.117725923832822,2.47601173205851,1.03685045009547,-3.2392604125948,-0.337040607402152,10.3957031096652,0.160355436143192,-0.0025086593085426,1.4328110631979,1.02031800489226,0.0143484957497204,-0.0307005337558772,0.0152566928727929,-3.0650839006444,1.02666822365741,-2.03841567698698,3.16553191489362,3.19999999999999
2005-09-01,2005,9,0.206285769335409,0.278516967778614,0.000180494755958202,0.632777819911279,0.00864565870657819,0.17719321200866,3.20109006537672,1.02075444412242,-3.82684983462099,-0.0613960181096935,10.1487221062562,0.080935779342866,0.181594684977657,2.16579359682913,1.0046718642933,0.0160012115050088,-0.0374154850797872,0.0423453388728188,-3.66479491087652,1.01921388871849,-2.64558102215804,3.0644680851064,3.12510638297869
2005-10-01,2005,10,0.311052746320797,0.39657252568486,0.000143650861830172,0.670245505198444,0.0110206199846138,-0.39410602733296,3.54218458211119,1.48893456117304,-3.64711300045988,-0.175945769423315,12.0766725146095,0.0559452049067772,0.0997178348314804,2.31020958071349,1.47405880773647,0.0169919772540648,-0.0311622384290349,-0.109060708776676,-3.42739460111184,1.21709924796113,-2.21029535315072,3.02999999999997,3.13127659574468
2005-11-01,2005,11,0.320097393118203,0.274569488864984,0.000130677447488294,0.452306071735482,0.0084996865455661,-0.294314179485838,3.18592578132836,1.37420185818428,-3.81292419056393,-0.122495509876309,5.84664747401257,0.239971539474567,0.222572359193123,1.96426701875913,1.35051614332804,0.0172789164037059,-0.0379588754365621,-0.147164091554439,-3.70782786096906,1.19797304771298,-2.50985481325608,3.12361702127657,3.19021276595748
2005-12-01,2005,12,0.28645228735229,0.187657129049512,8.26245013484175e-05,0.336329752385659,0.0103852385336026,-1.5867591399918,1.86024888932553,1.18283656422255,-1.43589882583936,-0.391566150939958,13.8774591422698,0.174519397919312,-0.269352172368393,1.53539983870655,1.16233017457046,0.013428282407892,-0.00783199672499357,-0.165214726084121,-1.48820424518707,0.304342660966867,-1.1838615842202,3.22680851063831,3.22212765957448
2006-01-01,2006,1,0.180095431936991,0.261871596918411,0.000190143354841864,0.754688797629214,0.0240949974646687,-0.141967371816079,3.16614339567184,0.784320756332647,-3.41123670008847,-0.806117376848224,13.0628208065464,-0.130633422969368,-0.457807696174498,2.20307719012123,0.751550877385228,0.0163741641723156,-0.0282383175604015,-0.224826013835305,-2.93229359644535,0.930296326603106,-2.00199726984225,5.37702127659577,5.28085106382974
2006-02-01,2006,2,0.322954040324532,0.22979526674618,0.000227261318209758,0.760672016960878,0.00715791405390509,0.158536257832537,3.7692951118878,1.43771179692885,-3.89725959178742,-0.747182332260323,12.6323938672431,-0.111506895317632,-0.373603630928685,2.54805162096039,1.41537970172271,0.0161600831860431,-0.0348331939847211,-0.177824070410411,-3.41217399513817,1.19891139572127,-2.2132625994169,5.51000000000005,5.36829787234041
2006-03-01,2006,3,0.172194559468551,0.240042599652782,0.00012764777361445,0.389929041260157,0.022575301991028,-0.97331319617367,2.0745695218327,0.612524470023857,-2.45752623040744,-0.603665127659184,9.00786692183465,0.0859706926374031,-0.3576471474817,1.29160816987206,0.597029245829219,0.00558768236709994,-0.0290046558006631,-0.145169082614585,-2.29747894286736,0.76746612776606,-1.5300128151013,5.468085106383,5.3453191489362
2006-04-01,2006,4,0.134065216443332,0.22883790700206,9.87692707517807e-05,0.346026355374818,0.0123326298982576,-0.52526434766159,1.94403218101695,0.538320414163252,-2.3844490984612,-0.404956624166104,8.13174710414023,0.157076439315404,-0.204579004254313,1.21243937768128,0.521529700911799,0.00468990324117025,-0.0297343505034093,-0.113857970352202,-2.3411479178648,0.714802090084167,-1.62634582778063,5.40063829787232,5.31361702127663
2006-05-01,2006,5,0.0870137158211151,-0.120765722759472,-2.55138612534414e-05,-0.0241062606923244,0.00338952503168366,-0.946211147131386,1.24621094877222,0.61504719612833,-1.74222763744041,-0.475249738648625,8.75689995744324,0.30544123880361,-0.0477402550203507,0.375090920530909,0.631816327958745,0.0032476793899554,-0.0231285733434201,-0.0435208541521295,-1.62015939261577,0.887889160071722,-0.732270232543945,5.34148936170209,5.28446808510643
2006-06-01,2006,6,0.221158074617961,0.0510119340620463,7.53915075223342e-05,0.343496546944124,0.0139806417103607,-0.733242861514924,2.07528926617522,1.05180619278434,-1.839778604413,-0.0728257355177355,1.34690778485674,0.108991116005853,0.193117497990194,1.53939934480962,1.08049347383695,0.000710676816399136,-0.0244358405865031,0.0457189204041342,-1.68282648691091,0.564577202418192,-1.11824928449283,5.30978723404252,5.29808510638293
2006-07-01,2006,7,0.108309695648757,0.184050444185857,0.000114224962667869,0.453778494421481,0.00390154047200686,0.188068949074463,2.33477781028563,0.55954194316331,-3.29376202488709,-0.285253837096686,0.983134988084203,0.0427463184627186,0.081063980225867,1.43804465512596,0.571798325636848,0.000594281060520618,-0.0422434695876657,0.0147442308699759,-2.97019052602727,0.908989537633222,-2.06120098839405,5.1917021276596,5.25851063829788
2006-08-01,2006,8,0.190737813271937,0.162572129988689,0.000103571907355342,0.381972787485058,0.00711683600774093,0.336165238733578,2.34817456700955,0.952549453013489,-3.35018650619679,-0.205843477658252,1.21034550065815,0.1585851911492,0.102270169427655,1.59463241410691,0.948326237649212,0.00473686416290064,-0.0413100458281472,0.0460887743540823,-3.2006580502601,0.749318937538415,-2.45133911272168,4.89553191489358,5.00999999999999
2006-09-01,2006,9,0.160941974607454,0.269077151497584,0.000108597477283102,0.511835568764379,0.00516759372824915,-0.0332825430909409,2.32562316577474,0.783765851812404,-2.766151921442,-0.0643546410318905,9.31359910925676,0.142137255936888,0.119524989553558,1.60089238549017,0.774914000347337,0.0121262364270187,-0.0282672220494571,0.0517959715575191,-2.72440954679342,0.715878928819485,-2.00853061797394,4.95446808510638,5.08510638297872
2006-10-01,2006,10,0.242309309803773,0.441318947610853,0.000220116513762492,0.872426380562445,0.0188757221332287,1.13705796659424,4.18058795221623,1.26279209877504,-5.41910870314288,-0.317911682901116,0.652700391612598,-0.097548815822222,0.0964175837037757,2.66577350867152,1.24228740599943,0.0272049297942254,-0.0472201280192253,-0.0887480243929772,-4.90723062071574,1.49430975076913,-3.41292086994662,5.07999999999998,5.20127659574467
2006-11-01,2006,11,0.277464148371166,0.308443076189974,0.000166664826230614,0.543490157414784,0.0106937403210922,0.0615905881635612,3.30246723188236,1.40395760301328,-3.22649911258094,-0.269194625625708,5.02294407400768,0.121762838243569,0.094153241342724,2.00654336381314,1.37075571260306,0.0314988894907859,-0.014102693601342,-0.165143337181238,-2.98491408385606,1.26272197765898,-1.72219210619708,5.05361702127658,5.13021276595748
2006-12-01,2006,12,0.366385963780317,0.346834259497541,0.000204971644062357,0.642294645948059,0.0261092197690557,-0.0701872173480922,3.3402896289295,1.59140942523555,-3.23239858869036,-0.319712110726961,4.76688120426843,0.167015090320319,-0.122747776728289,2.14905508163457,1.54678432253644,0.0251456915683921,-0.0232309795096834,-0.268275616250921,-3.20244934501197,1.14660944459587,-2.0558399004161,5.11680851063835,5.10212765957448
2007-01-01,2007,1,0.463707673307965,0.673908198911363,0.000217962416690245,0.688417273074812,0.0154818659905387,0.543727707074019,4.29709354318982,1.90911351496862,-5.40069788242647,-0.497632069827723,7.49241102953965,0.051278273181623,-0.0370454710654968,2.70261159564222,1.90255455699821,0.021096071789116,-0.0562689604511117,-0.101648370259404,-4.99138955684585,1.58792298957711,-3.40346656726875,7.05702127659572,6.94085106382977
2007-02-01,2007,2,0.214775066809523,0.254695493646182,0.000146165999868879,0.411084114905879,-0.00298275134999082,-0.605460698913561,2.51102886290778,1.14000835561188,-2.84491018272243,0.0340198908717788,6.11057654423348,0.140406065369376,0.224812291209815,1.85460063511135,1.13677470370067,0.0156427636832728,-0.0248942972260608,0.0286149049817883,-2.79452384775377,0.653194575885266,-2.1413292718685,7.08000000000004,6.90829787234043
2007-03-01,2007,3,0.158683865887554,0.401551001199778,0.000145044317996609,0.442700606425756,0.0116985840837679,-0.34691370576337,2.70998076192569,0.81508735033384,-3.69805033034743,-0.146651802448385,11.2529530608299,0.0758032613923945,0.147486064228801,1.58600627135507,0.805937472283233,0.00752409487045913,-0.0426184568447634,-0.0431420336600858,-3.47971572506266,1.11482461252006,-2.3648911125426,7.10808510638299,6.96531914893615
2007-04-01,2007,4,0.339490413358305,0.205895440409051,0.000125723442425341,0.47630562900612,0.00030143989155762,-0.630455954793391,3.04976196991998,1.57351580857124,-2.54490929617819,-0.377120700207204,8.84181157014973,0.0396596426213875,-0.0542650784302126,1.97556758041128,1.56869145543078,0.00593391297902013,-0.0254970535014793,-0.089848718187902,-2.2617133170226,1.06937003636817,-1.19234328065443,6.9806382978723,6.9036170212766
2007-05-01,2007,5,0.191424601488109,0.153103379713571,0.000103282770770059,0.363524929090577,0.00190962968481156,-0.183051995024286,2.34235137930722,0.744574548399328,-3.83727187389141,0.0548436478396752,-0.200009318563389,0.195758795224634,0.411898728861544,1.3493955310779,0.739537799253753,0.0124571375584854,-0.0426283002075101,0.0398318063543712,-3.67597558809417,0.987919099083722,-2.68805648901044,6.82148936170211,6.79446808510642
2007-06-01,2007,6,0.145642081556957,0.248019154953056,9.8541468851035e-05,0.603414870158723,0.0139173421671477,0.183779542666571,2.20113366316923,0.571999392251314,-3.543934882022,-0.547625903264137,-0.88969613914378,0.0350867189548296,-0.0152884067916048,1.46135875005962,0.56783320744097,0.0104397920707893,-0.0372346305539129,-0.0381779993443558,-3.04668410450432,0.735608728299191,-2.31107537620513,6.79978723404253,6.83808510638295
2007-07-01,2007,7,0.189428689486704,0.271534257207861,0.000119743795658368,0.361740693520883,0.00382180400895882,-0.217269498728037,1.81194853034668,0.699812936302294,-2.89345776479109,-0.561241942752986,2.10602085608116,0.0987273337517252,-0.394888670548134,1.50337081923198,0.698991561665878,0.0118284106244806,-0.0303806914294755,-0.137451812585503,-2.82583182633797,0.307756336478221,-2.51807548985965,6.6917021276596,6.81851063829788
2007-08-01,2007,8,0.136884907742967,0.369469404308688,0.000106015612301542,0.549202358353259,0.017653041607454,1.00566339259718,2.86612043956353,0.523064306014476,-4.68706235439981,-0.631761506555051,-2.25374509934045,-0.072696482768805,-0.280448092345445,1.58588804657887,0.523220565865245,0.00710677351010069,-0.0535067768339172,-0.182277899318457,-4.2630524574214,1.28038865283541,-2.98266380458598,6.73553191489361,6.89999999999998
2007-09-01,2007,9,0.0325546749324417,0.211092462151612,6.6268397283702e-05,0.433366136989079,0.0184820737940362,0.0623620963263605,1.94311180483874,0.222728859489393,-3.52123119329599,-0.0241649118517913,3.24960182825453,0.127601584926879,0.16945559085266,0.933741246850161,0.220263046693333,0.0108543104273089,-0.0385705137975472,-0.0638524585832823,-3.45521227551842,1.00690474519249,-2.44830753032594,6.9944680851064,7.13510638297873
2007-10-01,2007,10,0.146295080394793,0.231650252833845,4.5005489976201e-05,0.310392718565645,0.0129931934015388,-0.28316383526856,1.90860007331719,0.548215742600007,-3.11822197750487,0.244469327687586,-0.645751927397214,0.212576532868752,0.434712639582877,0.954967035811535,0.540669708270457,0.0113542898524952,-0.0337089147201151,-0.0408622194749757,-3.14055519847834,0.946087003176125,-2.19446819530222,7.06999999999999,7.15127659574466
2007-11-01,2007,11,0.121887960144193,0.150476173461982,2.80922787108343e-05,0.179994782772681,0.0147468477484332,-0.318112593036538,1.54368949055038,0.231215166985294,-3.45809401444694,0.326888734232192,-3.20465627599333,0.273013079134557,0.52904717458032,0.490279616738121,0.231211355741038,0.0122902671233058,-0.0375219738639418,-0.0222958951995373,-3.52894865323336,1.05340606256798,-2.47554259066538,7.04361702127659,7.07021276595748
2007-12-01,2007,12,-0.0275836765457029,0.185796168592503,2.82462494758384e-05,0.208153566990859,0.0154960356102476,0.411281913383803,2.15590640254652,-0.368014672168442,-5.30301641224034,0.657835883145339,-0.59120951872319,0.284080058327334,1.37942466803311,0.310200869896562,-0.365621043545559,0.0176243803370522,-0.0562806840485237,0.307832765161278,-4.86550768567987,1.84809916127287,-3.017408524407,7.1668085106383,7.13212765957445
2008-01-01,2008,1,-0.208460656543025,-0.0939868064315874,6.43449139277746e-05,0.332638162520713,0.00826620758362762,0.58168550512552,1.33117695003483,-1.01996473188939,-4.17811976478546,-0.0595730103995251,10.1722969155526,0.247294065157632,0.556800072051502,-0.0974513931087699,-1.01844436484981,0.0119723288594358,-0.0482540384106214,0.116729694654795,-3.80904074749206,1.4301487101831,-2.37889203730895,9.25702127659576,9.15085106382975
2008-02-01,2008,2,-0.16510809024652,-0.0172749958218219,-3.64634446170624e-05,-0.0239420192874213,0.0145075773542311,-0.772158400961359,0.381597494675759,-0.862746834278141,-3.26980513796943,0.014816386439179,6.93498587924114,0.489192217785387,0.397757413025019,-0.741771547207634,-0.863981671244289,0.0112753494994431,-0.0409479215055812,0.122442697294089,-3.37605632916897,1.12213420491727,-2.2539221242517,9.28000000000003,9.13829787234044
2008-03-01,2008,3,0.155177672836544,-0.145042596280234,-3.76845395783712e-05,0.0325485053865577,0.00094793534917692,-0.438969106376874,1.22308359712071,0.664371892041856,-2.10485562442744,-0.418837782720985,-7.29206881116261,0.27023061336439,-0.217598050473896,0.413750343641084,0.667470879884206,0.0126663318567495,-0.0183803678257934,-0.0356010122049852,-2.17384650554477,0.812432241322057,-1.3614142642227,9.25808510638296,9.13531914893616
2008-04-01,2008,4,0.0576019242523103,-0.0827171812689471,-8.25445362304285e-05,-0.104136646809781,-0.000117395027505407,-0.868544945041087,0.377772997937939,0.164175706800279,-1.31005502284219,-0.141230472082206,-5.55115519886022,0.463853199836393,-0.114069941113414,-0.33522854440173,0.166269513042778,0.0120993139138701,-0.010624602689949,0.0144184541179992,-1.7467476917098,0.715095348582167,-1.03165234312773,9.24063829787229,9.19361702127662
2008-05-01,2008,5,0.0587836836181168,-0.286879324306426,-0.000100209365447182,-0.178069431572823,-0.0141599937045394,-0.715517809668384,0.591267753890236,0.398649481167354,-1.29800779033343,-0.573844542360426,-0.932689714551088,0.387421168861636,-0.378013555281051,-0.195135667537102,0.402450478552737,0.0138045904017354,-0.00829246242807979,-0.0968533724249294,-1.48959797211567,0.790204418812724,-0.699393553302942,9.19148936170211,9.16446808510642
2008-06-01,2008,6,-0.0216133504870299,-0.173343384337954,-2.21628293819651e-05,0.101999702202022,-0.00332287310214729,-0.20712711362593,0.703064126709194,0.0260344429993324,-1.76513313754799,-0.328151427848937,7.30738121585455,0.303296247075849,-0.327903738340403,0.0602062493296103,0.0232221356649802,0.00979131511793918,-0.017707482335763,-0.090513838830196,-2.06818169511531,0.640045570045192,-1.42813612507013,9.11978723404252,9.16808510638293
2008-07-01,2008,7,0.109397593673748,-0.0837223073021391,6.88049808746788e-06,0.0915717496767812,0.000411998729185847,-0.482972558355435,1.00978420153365,0.72454729827632,-1.1198672904151,-0.251676479696087,2.07091496109206,0.36046800951172,-0.152944812700632,0.504802010096967,0.726073105286844,0.0109299826813007,-0.00850996013139582,-0.0520615786171827,-1.38160363293138,0.506507998447223,-0.875095634484154,9.24170212765961,9.4185106382979
2008-08-01,2008,8,0.0100499050749363,-0.0949770042292926,6.10588455550419e-05,0.427910254211056,0.000946503809533983,0.357695472430272,1.40923044711053,0.26369143668245,-1.99132179477579,-0.36722443381095,4.59761037265707,0.232223153386201,-0.171248051733045,0.647339945174906,0.264663463893214,0.0114405433056506,-0.0168752102406575,-0.064625314086058,-2.02756856608409,0.762862529146414,-1.26470603693768,9.20553191489358,9.39999999999998
2008-09-01,2008,9,0.0653864468094412,0.17747124082058,8.22504769889022e-05,0.487903774226581,0.00631124993249321,1.60796689900036,2.63948409838275,0.452898887209415,-4.34135787404099,-0.403212018773292,5.18161575125123,0.209692966544878,-0.0679232208776419,0.997454084323181,0.447319924759313,0.0157969154740085,-0.0429861933573772,-0.137451668003282,-4.21576204269022,1.63645105160949,-2.57931099108074,8.84446808510643,8.94510638297868
2008-10-01,2008,10,0.168568830252809,0.122503097978893,0.000147318556500551,0.723385711461745,0.0122992912306068,0.49993251839134,2.87025750546519,0.953638773132013,-4.01586310039787,-0.0659254837179155,6.35314452961029,0.191697728308753,0.16343120182718,1.72744420248853,0.947731025416431,0.0247236365500849,-0.034188512045795,-0.120793157971576,-3.97820414316154,1.13690555526113,-2.84129858790042,8.63,8.64127659574467
2008-11-01,2008,11,0.188992839890204,0.282877177725936,0.000127224820489475,0.646654972757482,0.0142444763738961,0.419705179669862,3.13849773620336,0.793328367955269,-4.96444936076895,-0.0742936600931081,0.979843146007624,0.223952476913553,0.447400721576024,1.63386833879713,0.791045769815071,0.0350009211727063,-0.0368293165714322,-0.0249673607072385,-4.66670745601336,1.50234679926598,-3.16436065674738,8.77361702127661,8.74021276595744
2008-12-01,2008,12,0.0330842695253182,0.274429446889542,5.20494088299475e-05,0.398343857631357,0.000138813418834594,0.385917395246203,2.28232361598452,0.312607523119595,-3.86924409497635,-0.00480920560426057,8.5630833892792,0.34298395696328,0.522848365360311,0.812539741044588,0.317833598127436,0.0319688891852925,-0.0262407970810838,0.0353570329767781,-3.68457048097507,1.47500994994777,-2.2095605310272,8.97680851063831,8.91212765957448
2009-01-01,2009,1,0.284258817615978,0.23246692052237,9.6206991302885e-05,0.500058716085213,0.00981100744219965,0.098933224888718,2.32576391940279,1.13679677887865,-3.04609743355547,-0.375830751866523,4.03654517154791,0.248614653164623,-0.0589001671294014,1.40508578862523,1.1446765286982,0.0238932081703753,-0.0218438569578017,-0.352757022569303,-2.97778150198295,0.928557880597104,-2.04922362138595,11.0570212765957,10.9208510638298
2009-02-01,2009,2,0.141261077284526,0.161906980125195,0.000144757475253008,0.705480704059081,0.00539061256373707,0.39517398550074,2.6499516902478,0.587266350201844,-4.01932832873243,-1.11122514704312,10.6515003502427,0.0119114095583654,-0.930979694412287,1.54215116133639,0.593644248479677,0.0251228140999729,-0.030179031294761,-0.648385789991911,-3.85099428565997,1.11417842718927,-2.7368158584707,11.02,10.8482978723404
2009-03-01,2009,3,0.0154826283055627,0.180457721617813,5.37528400914103e-05,0.420462069536857,-0.00255968718558108,0.424114437740727,1.95803260026469,0.171533550351853,-3.62461809000143,-1.26975552966459,14.0935707418394,0.0220634228134031,-1.2345078835166,0.762183150076055,0.177488002417249,0.00421574547836912,-0.0414693802201231,-0.583790026269085,-3.61143386666686,1.20180390225406,-2.4096299644128,10.818085106383,10.6753191489362
2009-04-01,2009,4,0.051419951476305,0.12429162901708,0.000101793811300141,0.31443512540902,0.00779044656911965,-0.231627460966187,1.65662121249198,0.316011698359262,-3.3044089660082,-1.0840919901519,12.4497487741464,0.145618863652402,-1.10069168460641,0.683988851320237,0.320732603464762,0.00161845240093017,-0.043197210360999,-0.367102514763801,-3.4666275241151,0.977353266277166,-2.48927425783783,10.7006382978723,10.6436170212766
2009-05-01,2009,5,0.0823521009320984,-0.0155843803124753,7.53039700146594e-05,0.223579189049076,0.00463165251534858,-0.98338346891088,1.15757066552322,0.392491871026323,-0.852544005802429,-0.111413876118025,9.30396009644028,0.40145398681463,-0.0683453652474526,0.673307597262919,0.412622765384754,0.0129432125201356,-0.00225375241968973,-0.0353097242999283,-1.21092948174647,0.504393962618725,-0.706535519127742,10.6514893617021,10.6544680851064
2009-06-01,2009,6,0.0456038671729289,-0.133243846046923,0.000106989027258935,0.410473961559724,-0.00636890351265829,-0.0796490130482255,1.70060270989421,0.497514860866318,-1.89180306238501,0.0489014332055646,11.8419644268579,0.276441232815841,0.508528022452992,1.10554143958763,0.49849001018697,0.0188427047788395,-0.00753155949219275,0.152899690763784,-1.70861770595342,0.596036419627193,-1.11258128632623,10.4997872340425,10.5980851063829
2009-07-01,2009,7,0.154844013406716,0.363861133433886,0.000143722508438969,0.557463599958982,0.00370468919005484,0.0467754952206647,2.18687512715564,0.74725140762132,-1.99636011168411,0.202528210724513,7.81145778109203,0.299259776851727,0.580096757217067,1.61736449561295,0.747157220084887,0.0182302035856106,-0.0113661272983157,0.185000357653506,-1.91805134204328,0.569416444006222,-1.34863489803705,10.1517021276596,10.4285106382979
2009-08-01,2009,8,0.0746235672349371,0.137743133430661,0.000180425033250642,0.707905702692656,-0.00236139033055704,-0.551943221130124,1.89301962917551,0.601839234140471,-1.3763592897858,0.205040517181349,16.1099276306632,0.199196722419202,0.315310948393957,1.82044101381092,0.601258248048225,0.0182674671463707,-0.00218638721570752,0.156865844640702,-1.46528558099239,0.0719976292723139,-1.39328795171998,10.0655319148936,10.33
2009-09-01,2009,9,0.0800920968744094,0.451524656663594,0.000288489010095202,1.16511113682138,0.0159080980346632,1.07150308153316,3.78209255609875,0.539632701085395,-4.548724695034,0.101346333441608,16.2994692352513,-0.0994287820871307,0.518336534901159,2.63588175484614,0.537312344035342,0.0220362304127786,-0.0376851872576069,0.185960405108119,-4.03230571148732,1.14389044420259,-2.88841526728474,10.2344680851064,10.3151063829787
2009-10-01,2009,10,0.0459134460958239,0.233233314724885,0.000168106871840551,0.645941793123345,0.00776611481659173,0.60728022639924,2.80547482217622,0.474040728297041,-3.32596803334988,0.379910201695683,3.73327218061604,0.22363677925776,0.838776723818377,1.44228567359551,0.47257259673745,0.0247851786242053,-0.020832274442415,0.144887361888523,-3.09073829048494,1.36172101702113,-1.72901727346382,10.45,10.4112765957447
2009-11-01,2009,11,0.189593969961209,0.363276157058976,0.000211801912362364,0.775690527849182,0.0138502756409251,0.556149936724161,3.26436637968641,1.16908305114828,-3.10825648335594,0.397308097288491,0.942570439001429,0.143141729859565,0.903961666503122,2.10289143895216,1.16669574708203,0.0272767995246763,-0.0155028835828621,0.0824930710350618,-2.74474464400086,1.15908763666798,-1.58565700733288,10.5336170212766,10.4602127659575
2009-12-01,2009,12,0.123003945662276,0.205392794031525,0.000190541103430277,0.588592982726258,0.00366339303245666,0.0139366515000034,2.31263661549752,1.05160249772655,-2.31772636545236,0.428112193513041,4.63437003527361,0.234093143409325,0.782718549534508,1.76565923219357,1.05003937050446,0.0285499282686326,-0.0069262260359837,-0.021732429719922,-2.19721315284017,0.54541425608187,-1.6517988967583,10.5468085106383,10.4521276595744
2010-01-01,2010,1,0.208982079895009,0.665712176876411,0.000199670890492635,0.863668698599614,0.0419428816908837,1.13532433744442,2.2828944489288,1.36059983307564,0.136927836830552,0.407054803473674,-6.33238490145595,0.0456589129836402,0.382532436035504,2.36715376669525,1.36162459837419,0.0233328608564261,0.0268530003387584,-0.178930911379704,0.0667465564087451,-0.0832345524679958,-0.0164879960592472,12.6470212765958,12.5508510638298
2010-02-01,2010,2,0.262478726462518,0.530453202645219,0.000289429974264808,1.24595048126938,0.0341773366240741,3.96349192729463,3.26225714942478,1.76709298212887,-0.601981442713424,-0.474377154849922,-9.41125053475844,-0.267461867355621,-0.495059932770587,3.3045141404404,1.76694423243572,0.0235503992509232,0.020449551467109,-0.403945491043812,-0.355202353278472,-0.0424057407087339,-0.397608093987202,12.87,12.7282978723404
2010-03-01,2010,3,0.278526641415567,0.670825347222774,0.000259385290228389,1.07978630997185,0.0437181866341689,3.21315528331583,2.68296584521369,1.63730822854586,-0.28465320914043,-0.714905265070186,-14.2136694981746,-0.192142949369611,-1.0756576200887,2.82781929155607,1.64061305754325,0.00820074640366997,0.00922476444294684,-0.463799960836486,-0.453262614789367,-0.141548617344942,-0.594811232134298,12.788085106383,12.6553191489361
2010-04-01,2010,4,0.217535985718314,0.407965530659055,0.000314599773404641,1.35782654627042,0.0309648836913026,4.02440130677371,3.44538541338795,1.58437370967027,-1.12354673765319,-0.768190124349804,-2.49208844985696,-0.421446547262605,-0.942950137682914,3.26089758600625,1.58532960210681,0.00244590134513034,-0.00305193805260906,-0.282914158898002,-0.876860203723702,0.185443719818167,-0.691416483905527,12.6906382978723,12.6336170212766
2010-05-01,2010,5,0.0699983832641351,0.547805739097555,0.000279916811553659,1.22535035663558,0.0349806082268096,3.71333102172682,3.0807358224352,0.787785805024328,-2.42087478476643,-0.537664373643327,-3.80533168856346,-0.310176051204365,-0.356666903016752,2.61523571137093,0.793390034414756,0.00346603730879558,-0.0211676542434001,-0.0617568931247288,-1.92970126293547,0.471104340454723,-1.45859692248074,12.6514893617021,12.6544680851064
2010-06-01,2010,6,-0.0103170690680372,0.417414599503047,0.000199645025404035,1.13985172725442,0.0204345364911926,3.93623110681057,2.76650310793423,0.425898822928332,-1.99888847089198,-0.101768730043137,-1.85187388314807,-0.216817617684171,0.270098618611392,2.26254593470463,0.429324229178974,0.0071014906506992,-0.0113350436733031,0.123640321346153,-1.41020350455332,0.507382579480193,-0.902820925073133,12.5497872340425,12.6580851063829
2010-07-01,2010,7,-0.070746009842253,0.470944057449856,0.000202845781939269,1.26703611691038,0.0351205137448919,4.10210247139137,2.65853474273166,0.317260131985336,-1.53119466751909,0.166395995758414,-0.871216418920085,-0.252550062677273,0.340936190063367,2.25950334605699,0.324057231962854,0.00840661565800049,-0.00546697892307568,0.179625821749946,-1.10410441053688,0.40582849665212,-0.698275913884654,12.4917021276596,12.7385106382979
2010-08-01,2010,8,-0.0628479194660372,0.420229885523668,0.000135459896592843,1.07377545728726,0.0377752414174519,2.77836382189547,1.53817023068052,0.168279173088479,0.17065632470721,0.25339914476405,-3.36922650734778,-0.0759425269928045,0.251986968832554,1.81990412930691,0.172769080054252,0.00987807614268066,0.0145547067160425,0.178040739732943,0.245186675768508,-0.277243991660587,-0.0320573158920787,12.6655319148936,12.87
2010-09-01,2010,9,-0.0753665395245662,0.490315841400616,0.000125476926728702,0.95048849818378,0.0420971861318742,3.08950663440426,1.77158701402675,-0.1614570153626,-0.602825548647985,0.302896075264808,-9.1352182127448,-0.0441567092031221,0.418943387151359,1.54748881503514,-0.154400108624657,0.0103332678040786,0.00380854951951282,0.183026690367518,-0.442621527558316,0.231155105729588,-0.211466421828742,13.0044680851064,13.0651063829787
2010-10-01,2010,10,-0.0103163208252113,0.262782852334851,0.000129336265109461,0.906849993835944,0.0393749390003117,2.97143744704784,2.01734358452921,0.141206791072022,-1.01397436465086,0.722243447406985,-13.0291027333878,-0.0172750284852441,0.862974355519576,1.64548414495653,0.143760614934422,0.0141650013834052,0.00192929871297487,0.219746265424924,-0.855968428053039,0.374413263435127,-0.481555164617919,13.21,13.1712765957447
2010-11-01,2010,11,0.128380311293199,0.299552596070953,7.82356974096052e-05,0.618199441722982,0.0368488956829981,2.50405180661766,2.04060594198836,0.693100060739255,-0.900833796528957,1.03584332591429,-20.8951926859881,0.215972362301557,1.23833570718472,1.35477226674817,0.700974723454067,0.021273364030316,0.00912961536114798,0.158024437258462,-0.914313777560061,0.69370833795498,-0.220605439605077,13.2136170212766,13.1402127659575
2010-12-01,2010,12,-0.0954254539307158,0.286421287607538,-2.94250775334619e-05,0.372863162445459,0.0267417863298527,2.31468387477111,0.137707168695499,-0.285329486443402,0.348449501350643,1.16845526977924,-15.5864244717231,0.332898901886324,1.40397106895241,0.18234598365558,-0.280133186811554,0.023157807718472,0.0244655940313865,0.179256561964779,0.251066398637526,-0.0394425153282327,0.211623883309297,13.0468085106383,12.9721276595745
2011-01-01,2011,1,-0.206951389855021,-0.0219804663046261,3.72484526399448e-05,0.673506236955113,0.0290965587844657,2.96961918648272,-0.672732015571171,-0.774114517855367,2.67708517191255,0.729579562821876,-0.44121035245189,-0.00112873307236327,0.586220250040505,0.473197105462248,-0.780050217103792,0.0118609342922955,0.0458230986486483,0.291245914203495,2.53485459220354,-1.15186482028189,1.38298977192165,14.8770212765958,14.7608510638298
2011-02-01,2011,2,-0.243374747034466,-0.0141967311868143,4.25616244539989e-05,0.437349307998979,0.0340419479871721,2.48777960390854,-0.773178068123229,-0.729703529734138,2.61545706209657,0.441271754875476,-15.2213995807542,0.0608329692363725,0.263308667991119,0.209538701592408,-0.732745852907328,0.0036415707295232,0.0383000785511189,0.213664428104989,2.37666100597583,-0.985759092888834,1.390901913087,14.83,14.6482978723404
2011-03-01,2011,3,-0.16220967454143,-0.141486344606221,1.02698788887953e-06,0.470065840884555,0.0310024280639269,1.68585128358153,-1.17585772637631,-0.553285193929185,4.23631430492856,0.860548737278616,-5.88361798017286,0.266323376432382,0.548390248596903,0.0221912605270518,-0.558892192600752,0.00912614644777943,0.0614800993447866,0.289257149536516,3.65783243981443,-1.20365598557484,2.4541764542395,14.768085106383,14.6553191489361
2011-04-01,2011,4,-0.0667057917586931,-0.0937727324499065,3.42623617922318e-05,0.555642363922718,0.0283184727233676,3.53091074102061,-0.146522007208034,-0.00433563101574919,2.49410094360081,0.0626144899938943,-14.5267162398522,0.160497046816403,-0.16265085017541,0.673888040912288,-0.00531751700623317,0.0179248660075104,0.0475897630601807,-0.00578986611710164,2.1083385566151,-0.821391934110832,1.28694662250427,14.7606382978723,14.7036170212766
2011-05-01,2011,5,-0.173591734343859,-0.0256380357484431,-1.05632243994416e-05,0.508879174468778,0.0178979865716516,3.79894045529772,-1.21364763577179,-0.61792815202466,2.65695959212857,0.219813281493575,-9.71830564456468,0.199160934437629,-0.262314582996353,0.142130036989897,-0.618338369411276,0.0224168361349255,0.0485692150775803,-0.0288742547621297,1.97567079320103,-1.35618789014828,0.619482903052756,14.7814893617021,14.7544680851064
2011-06-01,2011,6,-0.0802501721870499,0.261568576906086,4.43547818356343e-05,0.534220670917424,0.0259034040501896,3.95223882976557,-0.00610537813275869,-0.131820612989713,0.343113703292005,-0.0102269341139376,-7.18628251114569,0.130799432975834,-0.194750770901905,0.784692306018599,-0.127321976495011,0.0231743226089192,0.0204799881446873,-0.0183257142863855,0.0277904335281889,-0.786299047656708,-0.758508614128534,14.6797872340425,14.7780851063829
2011-07-01,2011,7,0.0061101076607315,0.234453192321894,1.92564615641693e-05,0.411804072087282,0.0348221370244198,3.28638731843106,-0.292623913140346,0.123883027251338,2.04948857750489,0.308504311846615,-11.2152804539073,0.240810514996724,0.0500778858750657,0.905183856616986,0.125267472485859,0.0285824958973206,0.0474093754623941,0.0575840271362456,1.55025163653662,-1.19642332452288,0.353828312013746,14.3417021276596,14.5585106382979
2011-08-01,2011,8,-0.0542276240460637,0.219875634541665,3.49079605995416e-05,0.503133131767758,0.0357579126601629,2.96172504997767,-0.59537564009247,-0.177753622831517,2.2364214604292,0.233003991817348,-12.4931612583459,0.175005916032205,-0.052310121720943,0.780652737003891,-0.175001538483741,0.0222882413307603,0.0447984014506928,0.0502432372926425,1.77610143085871,-1.37327629274859,0.402825138110121,14.3055319148936,14.48
2011-09-01,2011,9,-0.139714481147564,0.153087123539592,-5.92702351439808e-06,0.349254894998079,0.0308933906566952,2.16549100319705,-1.40694484183626,-0.594145027915602,3.28220580674099,0.568802515267009,-12.5259511367476,0.327291139184865,0.184501098145759,0.0990347956771416,-0.592694777644681,0.0206388548861889,0.054110219542733,0.108588305924219,2.57061325043488,-1.50452938724251,1.06608386319236,14.5744680851064,14.6451063829787
2011-10-01,2011,10,-0.0986978005972219,-0.0261044032871496,2.17828133469312e-05,0.330284135790645,0.0223196205460928,3.19377560197074,-0.981621634034809,-0.358558978103986,3.10664282790813,0.606982570270684,-14.5334300613904,0.236248315600761,0.476817510856982,0.165618044075529,-0.358163824401572,0.023121094961525,0.0576978355696149,0.149745472179523,2.74022945289366,-1.14684452440788,1.59338492848578,14.79,14.7912765957447
2011-11-01,2011,11,-0.200372143286813,0.0897056304039552,4.72613649195493e-06,0.281377238783783,0.0381946127433371,3.75590450159376,-1.31226629627463,-0.88642980294469,2.97025783482005,1.16584745456129,-11.2482295359951,0.363642590535562,1.10417803305672,-0.276372848483845,-0.887620214524929,0.0258940511741157,0.0560017828352479,0.344671691370461,2.54494582277994,-1.03708385937102,1.50786196340892,14.7836170212766,14.7602127659575
2011-12-01,2011,12,-0.160689864557696,0.144359002717522,-2.70925767419123e-05,0.261724376845159,0.0278789121766266,4.03734564368111,-0.8485050338885,-0.902794691647443,0.732513028511647,1.23759087611354,-15.0929795907286,0.391302612051334,1.49842624650301,-0.385704216439422,-0.896725103935523,0.0282672433539721,0.0265137467142362,0.389627193765978,0.602045786849828,-0.456731229737134,0.145314557112698,14.7268085106383,14.6821276595745
2012-01-01,2012,1,-0.247228199543031,-0.255400037698621,-0.000114396688348754,-0.0377895565015862,0.0155391212770387,4.04160953536492,-2.09853235140019,-0.97542443856338,2.84229261611853,1.06837003861257,-13.0840654704516,0.620227383181629,1.046146041284,-1.09494617544578,-0.967919409930801,0.0350295290671454,0.0587281907974684,0.222829609240796,2.19984123560835,-0.996081147321895,1.20376008828645,16.6370212765958,16.5008510638298
2012-02-01,2012,2,-0.231870093437465,-0.327316229403777,-0.000109308272999441,0.153085451683779,0.0119624144641421,3.69227785979434,-2.40971149117723,-0.922758332163141,5.34791743423358,0.910144498297278,-7.58166066775448,0.521236031121362,0.626154403290712,-0.830955805783617,-0.917881081415317,0.025956236878943,0.0877366104540092,0.258994487878889,4.54269130810563,-1.57387843464574,2.9688128734599,16.74,16.5682978723405
2012-03-01,2012,3,-0.215397592231454,-0.0581349371831834,-6.37903483478898e-05,0.186760934211055,0.0357257741685569,4.21104916243434,-1.76899400669231,-0.969002143177136,3.63874125584456,0.775081082726317,-12.2784381301608,0.404412149110385,0.507188334488205,-0.65280762644295,-0.969628241083797,0.0172648429106692,0.0579726436104866,0.238130012910014,2.96643635849603,-1.11681247815594,1.8496238803401,16.828085106383,16.7053191489362
2012-04-01,2012,4,0.0020256019723206,0.0967410923440752,-3.51896350915485e-05,0.532342293694921,0.0259077917108806,4.59406739778211,-0.150339233236025,0.287930515558287,2.4814955372768,0.253637132770294,-17.4084643468523,0.0360856850093967,0.00621600413968793,0.854899877947275,0.293277194406812,0.0171243428824002,0.0473389908542008,0.0895395171598992,2.1979887236368,-0.999892432334832,1.19809629130197,16.7006382978723,16.6536170212766
2012-05-01,2012,5,0.0786535072991228,-0.0119103179244462,-1.72334280497417e-05,0.441385836743876,0.0160752003333636,2.62294242019512,-0.758443703868807,0.705186552029375,3.88550205214457,0.264875359182973,-13.750511242557,0.174903120663629,-0.125538729291655,0.823165574541918,0.703219156964735,0.0164764662329255,0.0618535531014901,0.0334249192770706,3.32018484300634,-1.58357667347538,1.73660816953096,16.5814893617021,16.5744680851064
2012-06-01,2012,6,0.0105657443089626,0.159728987064057,2.13413104833346e-05,0.356048682497924,0.0247132217045507,1.96193911526657,-0.622482298269802,0.355728501893338,2.84741459539299,-0.126535981505437,-8.93112706115062,0.127072354870847,-0.585889779564205,0.877795042135631,0.360303696486937,0.0166010615787395,0.0462001879305971,-0.0618134047939467,2.26098844246339,-1.49570214581191,0.765286296651468,16.3797872340425,16.498085106383
2012-07-01,2012,7,-0.0382865669792523,0.00303391115284057,7.7841083922869e-05,0.584644228687281,0.0260825826779588,2.79486222461657,-0.581688150615321,0.0881535302033285,3.08312095270091,0.00179769178891576,-3.47963773991796,0.108971934693727,-0.425954511748035,1.04793466945597,0.0980062721848753,0.0201923358041904,0.0531308270738142,-0.0118624349801042,2.54639681447022,-1.61977007808978,0.926626736380449,16.1417021276596,16.4185106382979
2012-08-01,2012,8,-0.0018427795400271,0.0883913691266685,6.88137578654102e-06,0.320352597573557,0.027815505191277,2.97374890836348,-0.711943397037487,0.132046563046458,3.45930552672019,0.116957530930147,-9.82460917934077,0.323380291063216,-0.255389348364343,0.666488101829884,0.141838093938247,0.0221505715979706,0.0604542784293325,-0.0153094103505467,2.76357835636251,-1.36863996797559,1.39493838838692,16.3255319148936,16.56
2012-09-01,2012,9,-0.0284092591795684,0.275359881831605,3.91840459018026e-05,0.384187728369682,0.0356103837427072,4.21627789453526,-0.119585518060262,0.172662036807424,2.178134345948,0.336452522786708,-12.0137836677459,0.341898002965877,0.0858045849099582,0.751915566583136,0.180825856706349,0.0235880354043085,0.0441716156284131,-0.0496741192766805,1.58558840510538,-0.863337264744512,0.722251140360857,16.8544680851064,16.9251063829787
2012-10-01,2012,10,0.100658052433801,0.228737996364885,6.44495716848915e-05,0.506749592553945,0.0152362088994418,4.30181895922664,0.207752086209211,0.681558039880997,3.30051482295013,0.608804947331585,-17.5611038403877,0.236301363693769,0.458863163453778,1.3720214638015,0.689485968009421,0.0236364169228556,0.060801627041255,0.0815034574178242,2.91427167537856,-1.15634144946387,1.75793022591468,17.12,17.0812765957447
2012-11-01,2012,11,0.0814381536482074,0.209764242905976,9.59656284560042e-05,0.655467642299882,0.0211405843126822,4.92425864333806,0.679381536718381,0.68420110860626,2.79529429029805,0.790415967424192,-11.846247317997,0.0609197570535684,0.708960760894819,1.62558586479116,0.689101962790062,0.0141875458862861,0.047378514668778,0.250576000281162,2.65291932671514,-0.941303473889018,1.71161585282612,17.1536170212766,17.0702127659575
2012-12-01,2012,12,-0.198414551240717,0.258389620299511,6.02999759649267e-05,0.584142051867058,0.0253554994383707,5.41878475821281,-0.382718423080462,-0.477958758106411,2.19529184899466,0.912284718492842,-7.85251141872141,0.0401449598263071,0.933754697949411,0.619837643247592,-0.473357614688553,0.0217722480709623,0.0483516392839163,0.377192262461978,2.17661686862493,-0.997954922910132,1.1786619457148,17.0968085106383,16.9921276595745
2013-01-01,2013,1,0.00129183659396404,0.576023296063397,2.02034734653744e-05,0.552483984361313,0.0331672831432337,6.34494167597042,0.851147582240799,0.220547169877648,-0.445622134516469,0.339688269251777,-15.2321757864556,0.0723058245186223,0.578193972167803,1.16863191186525,0.226185051026221,0.027951946024066,0.0156696311609883,0.265412924817596,-0.279422256119055,-0.311846448475894,-0.591268704594945,19.0970212765957,19.0308510638297
2013-02-01,2013,2,-0.0828815747385079,0.0852544637812116,4.64511868193858e-06,0.41673082836288,0.0200812957717601,4.23089450300964,-0.215197245704246,-0.013609974779115,2.70169251147357,0.554519958321777,-15.2400263537565,0.226557794737374,0.454518895907114,0.608329800579384,-0.00833840345933368,0.0236230721361634,0.054256303726949,0.224042741689688,2.37513365432153,-0.818255474963834,1.5568781793577,19.23,19.1182978723404
2013-03-01,2013,3,-0.0829910966174339,0.187563923515768,2.6615234574489e-05,0.618258900512256,0.0133283383033379,3.89995514621253,-0.981919531560322,-0.0514693307171683,3.72570999212255,0.833598860711316,-17.8898996051721,0.245982883337405,0.537622994837406,0.63321876387306,-0.0515199534027602,0.0243289569520897,0.0676005183573367,0.293227004811515,3.18375124291124,-1.61518891811894,1.5685623247923,19.388085106383,19.2853191489362
2013-04-01,2013,4,-0.125585878481672,0.150114680280069,-1.47618329451281e-05,0.291661772360818,0.0108176755665076,4.28272452436622,-0.957753024449062,-0.235915472313707,2.8330121359198,0.875872122597794,-13.9148124218482,0.396240256115391,0.84768185861909,0.027100566975264,-0.235833196304213,0.0237641172092804,0.0527718003891109,0.301241258334899,2.4085816158257,-0.984771315414832,1.42381030041087,19.4506382978723,19.3936170212766
2013-05-01,2013,5,-0.0982978703278832,-0.0132392819554639,8.97916851385835e-06,0.387663584313078,0.0145168988158756,4.28924027948502,-0.820049214022788,-0.0480482453706372,2.32384314550458,0.338171720980473,-13.0125937745615,0.201577849115637,0.0113145703629485,0.311199092530899,-0.0493253901482831,0.0141821786282055,0.03977825829524,0.0644535998458711,1.79540814577143,-1.13252545133128,0.662882694440157,19.4514893617021,19.4344680851064
2013-06-01,2013,6,-0.0134585596260308,0.242661999648078,5.92133003349347e-05,0.519415251828324,0.0194343991568297,4.08768238897748,-0.120659149060771,0.00465633524430586,1.70428503367302,0.319445138795764,-10.5739186781429,0.137979578990837,-0.110676298671706,0.871813527119627,0.00375607003894629,0.0111729771594193,0.0271931201751672,0.0483297955037347,1.13618401721469,-0.993372941385807,0.142811075828867,19.4997872340425,19.5980851063829
2013-07-01,2013,7,-0.170972485698258,0.109577211169892,6.99311299867684e-05,0.567704729373983,0.0270531387669029,3.64096069370557,-0.343922040131361,-0.564023143311658,1.5965742975869,0.0985288413611158,-10.99913048491,0.0371581977067308,-0.083432324297334,0.684414705101972,-0.560821820523131,0.0101717900282106,0.0280681592527543,0.103599071974886,1.37745493422172,-1.02513542244488,0.352319511776848,19.6217021276596,19.8285106382979
2013-08-01,2013,8,-0.0406195741760484,0.0916013982316599,6.27202375100416e-05,0.359957042020458,0.0306974653764549,2.81323973924118,-1.04788377551449,-0.00437900344053332,4.16710352072721,0.534210643826849,-16.7332782553422,0.279465353972199,0.121047367794358,0.7041625459089,0.00463381824221187,0.0175082963555604,0.0641412578108027,0.208379621956333,3.4744748907225,-1.74303349974059,1.73144139098192,19.6755319148936,19.83
2013-09-01,2013,9,0.0666197197524525,0.258976300388611,0.000100639920273001,0.596997638221382,0.0386031586733742,3.38073896589245,-0.0343418864052865,0.460225904942376,3.37638951270401,0.586132083722308,-21.9738828467525,0.195423984824885,0.387544983176159,1.34258733086017,0.469767497376324,0.0257142500594787,0.0634244179924228,0.224777235440518,2.98237842733298,-1.36738762483152,1.61499080250146,19.5144680851064,19.5451063829787
2013-10-01,2013,10,-0.0700957117941812,0.170218879701849,7.75542212040608e-05,0.495782364221544,0.0251588317092468,4.17391470894005,-0.393231767855809,-0.212798473350972,3.54048268762412,1.03459605551619,-22.888710663392,0.280552611838772,0.816183931098976,0.801199966756542,-0.208511101996578,0.030264255269675,0.067800528207385,0.293796574357424,3.04151795136816,-1.19014436325797,1.85137358811018,19.46,19.4312765957447
2013-11-01,2013,11,0.0675631988261784,0.10521135376797,8.50718427300654e-05,0.486947329586481,0.0323735788464942,4.31144783679876,0.636699945000373,0.658447805205299,2.10986275057405,1.04441905786319,-27.3912477639969,0.234712938307553,1.10040373790612,1.10422329581712,0.662775435706067,0.0254551141771762,0.0460355423923478,0.280454803887162,1.93113449230944,-0.463195720316019,1.46793877199342,19.5536170212766,19.4902127659574
2013-12-01,2013,12,-0.022593719740712,0.285222405010529,4.79733050097377e-05,0.427954017772958,0.0251785279574106,4.28003285779251,0.0325367665525391,0.0558049688395954,2.17351168888766,1.21600369013474,-17.2791769007308,0.208215642449318,1.3803510545717,0.829433544981555,0.0613092552824241,0.0273212974599319,0.0480591399275263,0.393239556469879,2.12964341087533,-0.791392491986134,1.3382509188892,19.5768085106383,19.5221276595745
2014-01-01,2014,1,0.0143489266399683,0.294981887892391,3.25840703722657e-05,0.366950618587012,0.0244345873772357,3.84164252812032,-0.168675496804212,0.367610089806647,3.06194343130153,0.853920677110477,-17.9533975024533,0.163250713429619,0.760830645168802,0.977381077384223,0.368471583996211,0.0239873904429357,0.0585958516866283,0.225697743733596,2.80560268593025,-1.1451950799989,1.66040760593135,21.5370212765957,21.4008510638297
2014-02-01,2014,2,-0.187646525759476,0.228825956321202,8.51457562988864e-07,0.138905321580079,0.0160940004986482,3.69667284483123,-1.19031976757623,-0.53940577805912,3.27729216726456,0.758190236109279,-9.62128693476552,0.333073671291373,0.582705251746418,-0.0859017463436089,-0.537547460059329,0.0162580049136629,0.0530752228840892,0.252216861367389,2.76873351161033,-1.10255970323283,1.6661738083775,21.51,21.3182978723405
2014-03-01,2014,3,0.0191811031355655,0.120610042706801,4.2073887863479e-05,0.422174366061157,0.0234189873824099,3.82450937498423,-0.259751077087287,0.412184212363854,3.14077088655156,0.326216437188116,-13.9447751131665,0.110788054416389,-0.00218397404349702,0.885037884012092,0.41406328334125,0.0121152344288697,0.0503226025858967,0.0776005788066154,2.70158242090353,-1.14290989012194,1.5586725307816,21.378085106383,21.2253191489362
2014-04-01,2014,4,0.0552407064723184,0.159413031662041,7.91474305518111e-05,0.642393441909221,0.0202145477466866,4.0888337604873,-0.162203363027061,0.776266626024267,2.95217342704379,0.183740279736796,-16.1653171038488,0.00645854229441056,-0.0715474650009114,1.27512521252726,0.776355669620784,0.0141621882337404,0.0487852982539008,0.114401129735199,2.6904271400117,-1.43723953195783,1.25318760805387,21.3406382978723,21.2336170212766
2014-05-01,2014,5,0.0778093012081058,0.359386597899572,0.000100150604001559,0.660912956579477,0.0218073394722286,4.39337041993371,0.469306874758217,0.792679771992368,1.51873053728258,-0.00716078886872751,-10.5589228485624,-0.0599131264393691,-0.169977562580051,1.52510891294492,0.788628977196709,0.0134317370800554,0.03078692031802,0.0723401200088709,1.41582689001063,-1.05985283298228,0.355974057028257,21.3914893617021,21.3344680851064
2014-06-01,2014,6,-0.0207526951390378,0.405062262274043,0.000142972302469435,0.775934336482024,0.0235265239881047,3.61574653761237,0.483426888518238,0.285813655272307,1.20317278303699,0.220726268415564,-6.83017298814957,-0.030877208961158,-0.00371991778260394,1.44268398492164,0.28726056704096,0.0156293229659994,0.0285111313496871,0.0847864973508248,1.00960380579998,-0.957810184634809,0.0517936211651673,21.2597872340426,21.308085106383
2014-07-01,2014,7,-0.0314446179752963,0.287573741043843,0.000101781763960869,0.487539085687882,0.0239348646361869,3.78457954881156,0.0486898946156771,0.111132772725341,1.83521829261591,0.192942710152415,-6.29424333991483,0.0725097141377091,-0.0252564966320321,1.09805611228194,0.11357901826284,0.0156105501458406,0.0356239843207944,0.109129302352216,1.54450937169372,-1.04691997212878,0.497589399564948,21.2717021276596,21.4385106382979
2014-08-01,2014,8,0.0681867700319572,0.0591151476666596,0.000106410516230043,0.610733230614358,0.024336972791276,1.69148393410838,-0.33555980400746,0.856035104663476,4.66495541415321,0.511905412518548,-5.19391075034218,0.0770432896761974,0.0979918348432562,1.48588981068389,0.86272923716524,0.0181643725767104,0.0754328114897125,0.200030592411613,4.17399854680171,-1.81475548218959,2.35924306461212,21.4555319148936,21.66
2014-09-01,2014,9,0.0885885976004488,0.145695492595564,0.000157179032538202,0.633948763825682,0.0328451303306232,3.06017183173486,0.197557671419759,0.779747077687375,3.40650267138099,0.627480387812007,-8.53198493874515,0.0154932981718616,0.412975570131458,1.68032739386018,0.785914888110312,0.0197190213590486,0.0606549648932431,0.244515880107519,3.17650455552858,-1.47660191201751,1.69990264351106,21.4244680851064,21.5551063829787
2014-10-01,2014,10,0.0734607270417769,0.290270858368899,0.000127889596053251,0.667102370662043,0.0252994073971368,3.81063543605644,0.666994611995221,0.847172904604008,3.14036073050411,0.824490488055083,-12.1685673643951,0.0147577807917685,0.737697888683577,1.74910547918051,0.850623839942443,0.0226434785024252,0.0614175147225748,0.288736767763623,3.03881035034086,-1.07865993184688,1.96015041849398,21.34,21.4012765957447
2014-11-01,2014,11,-0.0310097820707824,0.422070582328956,0.000116236540637464,0.627026182534081,0.0237586093867671,4.89222041812717,0.451105724968386,0.259142814458301,1.85016174473006,0.937188028526393,-9.7692732019932,-0.000188740967445256,0.914174675311124,1.39704576485616,0.267743263181046,0.0188245606884561,0.0397924833176981,0.284351818359562,1.82733713248224,-0.937339591165017,0.889997541317221,21.4536170212766,21.4902127659574
2014-12-01,2014,12,0.0700301105993049,0.352834801830511,0.000142637516771207,0.809675014265757,0.0278812383675107,4.79147439415361,1.20472356612254,0.669652018685554,1.63210064595765,1.22490367280694,-4.04510094772559,-0.00265968959570273,1.29318160287301,1.83517390877455,0.678427250482457,0.0205225743653124,0.0381235318635063,0.327200272403479,1.70303826561943,-0.621675110855033,1.0813631547644,21.5368085106383,21.5121276595744
2015-01-01,2015,1,0.0761476802819629,0.478126472074393,6.0576947961825e-05,0.421710562841714,0.0265304862241926,4.52072958315582,0.360198369324792,0.587088896975615,2.34891964623753,0.832316324214176,-14.9338175664598,0.161408590436622,0.854274904306799,1.16171194539623,0.591661168319206,0.0241732994700961,0.0493108915505385,0.229314442737296,2.20946963589355,-0.796941304727895,1.41252833116565,23.5870212765957,23.4608510638298
2015-02-01,2015,2,0.130088705370497,0.2445834264052,2.98065966529183e-05,0.482834587536779,0.0194006174440661,3.68743887642633,0.58328571494576,1.19805751239687,3.14867365397157,0.331103595304278,-14.6646956837649,-0.0322882581426143,0.100171201688518,1.46348573643036,1.20240661735272,0.00822239564129301,0.0524432320438288,0.078527370125288,2.95002951849843,-0.875850916528734,2.0741786019697,23.66,23.4682978723404
2015-03-01,2015,3,0.132740000216529,0.320167593019789,6.27455435701502e-05,0.524506440110155,0.0274995535006499,3.88104320860963,0.585960710045697,1.10190725973882,2.21315390476755,-0.0474720726705833,-13.7761839581653,-0.0514093872575927,-0.2674490690993,1.49768300073009,1.1035275057032,0.00528453729895961,0.0348329266552168,0.0231313250058154,2.04458629559644,-0.910102044719942,1.1344842508764,23.678085106383,23.4853191489362
2015-04-01,2015,4,0.0153313006203462,0.0792440685780775,4.10032097337108e-05,0.40741604947582,0.0136562293195857,4.01964138592611,-0.325761130357023,0.725334202788247,3.34406591629781,0.164647346657695,-12.2577995338506,0.12946430588039,-0.132699363021011,0.832082869768271,0.719121361333805,0.0102542021049903,0.0525967046619309,0.0698846270589986,2.9172549007387,-1.16405684157983,1.75319805915897,23.6706382978723,23.5536170212766
2015-05-01,2015,5,0.100102589835103,0.285629643820528,0.000134195586454359,0.621278851520177,0.0107034666926046,3.49941365051681,-0.0225152316637605,1.04866414365438,3.72814170430459,0.195562016097874,-7.32527467355249,0.0273056897006256,-0.293080277049555,1.67592274062093,1.03813274663975,0.00759904455275562,0.0536732188823601,0.0554694183642717,3.21219372145654,-1.70896936929928,1.50322435215726,23.6114893617021,23.5744680851064
2015-06-01,2015,6,0.117981519978969,0.363316299098074,0.000214402524337035,0.839243353878022,0.0146003263806477,3.46675539212037,0.94825102308323,1.10723817680929,2.39684098252701,0.0497100390956646,-0.772054663146264,-0.152023938323168,-0.372720310224803,2.16645640923861,1.09968058262297,0.00904835587723918,0.0400579417720572,-0.00249032322385645,2.12643457152969,-1.22576298034181,0.900671591187965,23.5997872340425,23.648085106383
2015-07-01,2015,7,0.0728382855167524,0.136798946301894,0.000188239985408668,0.700338446002483,0.00742854159397688,2.15340444729986,0.681564413974684,0.947121946781294,2.24904244968391,0.128267379390113,-0.775790194908041,-0.114550861121273,-0.171832740256434,1.86239892683994,0.949865907792855,0.0108235828949907,0.0409176946900542,0.071759908666607,2.06349319115862,-1.17809055185368,0.885402639304946,23.5217021276596,23.6485106382979
2015-08-01,2015,8,0.168426886581926,0.231791369729706,0.000220551100113542,0.963890037223159,0.021868685572904,2.51707053243047,1.3760823905975,1.48265260592746,3.24911442135621,0.21870689890525,0.951974788666121,-0.259559964987801,-0.113723226141545,2.64515967544787,1.49231001860926,0.0112035540168307,0.0573447402205227,0.0632911648676124,3.17624426129721,-1.25941987216859,1.91682438912862,23.5055319148936,23.68
2015-09-01,2015,9,0.195636702422405,0.246492204369588,0.000254257066155903,1.11202396890898,0.0136674243985182,2.46945354547546,1.38391964053176,1.73841006337437,3.40687621283601,0.220698430264207,4.59453384425433,-0.271395014920131,-0.0367709530637406,2.94520134154214,1.7534557505943,0.0187539637543286,0.063613756039913,0.0309672359687188,3.42080184442818,-1.54623601379051,1.87456583063776,23.6444680851064,23.8051063829787
2015-10-01,2015,10,0.369718684163786,0.589961181194894,0.000317173616320091,1.28181815702634,0.0246245422350537,2.82363134005124,2.30855215994421,2.42666984894601,3.62326988772011,0.635488760718285,-1.67343653038552,-0.248738721028246,0.441971902939478,3.7798291430305,2.43745354880645,0.0355794152947948,0.0816413415467849,0.204467528275723,3.67849175096956,-1.46049328322587,2.21799846774378,23.76,23.8712765957447
2015-11-01,2015,11,0.350384616044209,0.531247998652987,0.000370689519000504,1.52143068284298,0.0297564760121531,3.95631826686775,3.12176359303038,2.23801925556126,1.96713220044404,0.623171235561792,-1.07997991399316,-0.382889276217441,0.706037106598025,4.08675554173317,2.23856793564204,0.0383692611926261,0.0643796795829981,0.270336959000963,2.43288734769774,-0.96444326862202,1.46844407907572,23.9536170212766,24.0202127659575
2015-12-01,2015,12,0.419052542987288,0.668758116311494,0.000354522463422938,1.42420648312076,0.0267051177516087,3.76852453715871,3.30761936853054,2.40765247271759,1.86604085583065,0.561026089546441,1.38865619128046,-0.395061566545706,0.66986420608211,4.07088879183755,2.40830848280643,0.028466805533462,0.0557429997930865,0.176237549340378,2.36994053891203,-0.762613413218133,1.6073271256939,24.3668085106384,24.3421276595745
2016-01-01,2016,1,0.463705028464972,0.799470880945364,0.000291976893671615,1.17852457496961,0.0146850444198297,4.23014712416322,3.04648824323681,2.65241431809062,0.729242603127545,0.193986824180776,-2.29277028545039,-0.336048801966371,0.240104151967401,4.00759331404225,2.64581866267321,0.0229672897456856,0.0321288408088782,0.112090268846796,1.11140873288054,-0.967700726222894,0.143708006657654,26.6370212765958,26.5308510638297
2016-02-01,2016,2,0.631539414404529,1.07402992189918,0.000303453870882328,1.24879103231068,0.0346978320656072,3.98602713867714,3.38673123517975,3.19701586070789,1.37954359294258,0.00434845878377743,-3.9138703107601,-0.289844959755612,-0.312606526238987,4.30711755101737,3.19232515244869,0.0214161855791533,0.0403725143384688,-0.0737246286956115,1.35243356767543,-0.925077024096733,0.427356543578597,26.78,26.6282978723405
2016-03-01,2016,3,0.566847234635532,0.97876894177881,0.000351183975953389,1.51729314010716,0.0107023772332059,5.18688812420272,4.14449251005772,3.35411766821483,0.438725412088559,-0.493065711865185,-11.5618064321607,-0.628308974893599,-0.600639260077898,4.83607428903207,3.35106060317321,0.0237641868838194,0.0349959036715766,-0.134766801246185,0.959460838769438,-0.694638844015941,0.2648219947535,26.928085106383,26.7853191489362
2016-04-01,2016,4,0.465899432443337,0.926480920085055,0.000308082675527042,1.23922298876202,0.0100517530378427,4.4664683449467,3.10769698834798,2.87151546529526,1.12336193785981,-0.332122501052606,-8.00829747784883,-0.461559984244587,-0.522075683322413,4.20699893002325,2.86682581710181,0.0234939622961501,0.0397692750483607,-0.0987213238647016,1.3949687398346,-1.10399158986873,0.290977149965872,27.0506382978723,26.9436170212766
2016-05-01,2016,5,0.342853443231149,0.658805331717531,0.000246133915141859,1.19968301571238,0.000215007505044662,4.36156826828901,2.4582011582682,2.09127626352233,1.32686225499157,-0.495141543024324,-4.81001154355181,-0.428360937624376,-0.610264782644855,3.4394575757749,2.08301367102376,0.0219775863049554,0.0413824357159602,-0.117071025205428,1.64009995299543,-0.989519010005278,0.650580942990157,27.1114893617021,27.0644680851064
2016-06-01,2016,6,0.194668103297943,0.401127062121077,0.000253709723389334,1.11784042853072,0.00763806217912966,3.22571620980978,1.18695641904719,1.48322529591934,3.25380084885199,-0.0689051445298361,2.07787248985551,-0.407498120651155,-0.671396253159905,3.05949202694961,1.47621279975795,0.0185960067125794,0.0609863870354372,-0.0729482605950356,3.05880786087309,-1.87954810406391,1.17925975680917,27.1697872340425,27.188085106383
2016-07-01,2016,7,0.296384757306726,0.437064912602864,0.000308863563110868,1.14577219354898,0.0202722303959079,2.38290266702806,1.82441891521665,1.76732321739433,2.8514530811029,0.0559872488806157,3.39701505108678,-0.35438207317128,-0.379966951286935,3.52998936041394,1.76769258400185,0.0232595972678205,0.0581812242851742,0.0166286756667962,2.76988095410663,-1.70520107858978,1.06467987551685,27.2517021276596,27.3185106382979
2016-08-01,2016,8,0.319420036494932,0.519254838040695,0.000297142410977043,1.07798472039626,0.039157705183979,1.81922985838857,1.00780588989852,1.82096335584146,4.00246493625221,0.265794375167847,0.847809147657244,-0.161543071828788,-0.225306177249443,3.26372716775489,1.82296511485526,0.0251339927450007,0.0728322576746927,0.0356571149695526,3.6729074556637,-2.25391951884259,1.41898793682122,27.2355319148936,27.36
2016-09-01,2016,9,0.283038087789407,0.595460220038603,0.000326087252528303,1.22021622575608,0.0231904519669772,3.57785220673936,2.45179920639072,1.63634461293537,1.98535076944401,0.0881637205175068,-4.7274252147472,-0.319445938749112,-0.111070557280442,3.52842214932116,1.63347500152435,0.0256625414003788,0.0514126413988127,-0.0548415231844821,2.10556243039518,-1.07949255434151,1.02606987605366,27.2744680851064,27.4351063829787
2016-10-01,2016,10,0.25957809506582,0.583932502929883,0.000186309287332631,0.706054427871145,0.0197280619007938,4.33289934300214,1.54821859745419,1.45515962308303,2.49751976672712,0.121437144436985,-7.22931964839518,0.0129596040037541,0.0711785734606778,2.37465356938151,1.45504186323444,0.0279148801170153,0.0577762117314951,-0.00659005896297593,2.43430159174706,-0.826552731775873,1.60774885997118,27.37,27.5012765957447
2016-11-01,2016,11,0.324882144741196,0.567750330326987,0.000144078170941165,0.622562648192083,0.00657220947090709,4.37594488416286,1.23083731171636,1.6613835900443,2.73404133919905,-0.591649772243009,-8.3937801039865,-0.112316237987443,-1.03161162203698,2.48087261326617,1.65929202114103,0.0179565763603255,0.0490580245649981,-0.201468484461538,2.40639572739254,-1.25212687045312,1.15426885693942,27.3736170212766,27.4402127659575
2016-12-01,2016,12,0.265380298314312,0.317532368622494,0.000180360260873447,0.725306617153457,0.0142649824020077,3.7815453864724,1.3963165794255,1.55710586215258,2.38021649353266,-0.585016031090561,-5.60653519372863,-0.306814406003696,-1.01715177612419,2.40538507518755,1.55987171934646,0.0152244443864022,0.0479194855692966,-0.146491758800821,2.25489515450273,-1.00630263856813,1.2485925159346,27.3868085106383,27.3721276595745
2017-01-01,2017,1,0.319931549437968,0.463723280975387,0.000139498945987615,0.573769717482314,0.0090361434700047,2.65057597054762,0.863006592060799,1.78984058220766,3.91256503626755,-0.000409672398426153,-3.01995504045044,-0.164857714110383,-0.415071488244401,2.29279800681223,1.79130447610822,0.0151720240028457,0.0654976956491886,0.0209843121850959,3.66276093453195,-1.4283275208509,2.23443341368105,29.3470212765957,29.1808510638298
2017-02-01,2017,2,0.440025667673524,0.43537447233922,0.000180866880343238,0.810023385194679,0.0128527671974902,3.44863096197013,1.96388126125578,2.19242726536385,2.94319991619258,-0.0809264902161217,-11.384847590758,-0.341588221765619,-0.348931729694982,3.18377735549041,2.17968282464369,0.0135003705317729,0.0540029588404392,-0.0298309897937106,3.01678289847933,-1.23264053495473,1.7841423635246,29.45,29.2482978723405
2017-03-01,2017,3,0.454004986120538,0.279607459784813,0.000205805960481899,0.833059706951957,0.0203586292333239,3.28126022223433,1.8085526323967,2.44900802569686,3.68096643701756,-0.336305026406784,-6.77785249716544,-0.339967929864599,-0.7330439789718,3.09323054492307,2.44190165676321,0.00891237417631974,0.0618499047647969,-0.281478238062284,3.62419541431714,-1.29178428145994,2.3324111328571,29.418085106383,29.2553191489362
2017-04-01,2017,4,0.285410571299337,0.341156700721058,0.000205154869939241,0.59640877509862,0.0111872140340226,1.97830787694731,0.45895994082997,1.6647872469423,4.17159729509379,0.030991545936196,-11.5611887058476,-0.0842164309705993,-0.36260865624071,2.27440894104024,1.65955527238481,0.0138500340139505,0.0672845741849608,-0.121388056761701,3.8622135238875,-1.82068097476783,2.04153254911967,29.3106382978723,29.1936170212766
2017-05-01,2017,5,0.319280939808095,0.563247028438525,0.000233439467203559,0.914408944441277,0.0184501754607076,2.67574841711722,1.98699643581722,1.75875876804133,2.08609589234658,0.160289727441075,-11.0090728665527,-0.241451588890385,-0.00332202846634999,3.02554181166192,1.74652212834576,0.0183615787943956,0.0450932789151199,-0.0146931940409285,2.16393572532954,-1.05078201554027,1.11315370978936,29.3414893617021,29.2944680851064
2017-06-01,2017,6,0.17719801668494,0.322793374356081,0.000252279302988635,0.970787257970223,0.0116607906255607,2.52748651922937,1.30175485655423,1.3277039844703,2.07290975791901,-0.0014757372288372,0.455043133857544,-0.227975565276154,-0.252186304890003,2.65360086058359,1.32527442982598,0.0193142877173496,0.0434371961681173,-0.0380612473436255,2.05017475553399,-1.35427555867371,0.695899196860267,29.3797872340425,29.4180851063829
2017-07-01,2017,7,0.227720578535752,0.358264911168874,0.000246611921650769,0.916385208488684,0.0232653931498209,1.81026803724436,0.826224579379641,1.35210757572531,3.30226936612991,0.0846418859341149,-2.75147026291233,-0.194668744319273,-0.437584203632834,2.66702127834395,1.35015143367684,0.0168025996873804,0.0570207849705944,-0.081411562961053,2.97471202088222,-1.84275284101278,1.13195917986935,29.2417021276596,29.3685106382979
2017-08-01,2017,8,0.236252635241954,0.504850452483709,0.000283404276490942,1.06406523807786,0.025121768768594,2.78338107473007,1.96077988021955,1.42200378973649,2.13036893627219,-0.04835969525395,-0.806611120337038,-0.313129946530808,-0.444044439680646,3.01575317818089,1.42356525568925,0.0179885130948407,0.0474162468486226,-0.169295726707878,2.0478141383763,-1.05341183200859,0.994402306367721,28.9855319148936,29.2
2017-09-01,2017,9,0.180306343497421,0.687088290496604,0.000206705466135602,0.96405585557028,0.0207141905461612,3.50140456504846,1.73858975679576,1.06699103347643,0.988964495668995,-0.167241002720793,-5.74105744974804,-0.296001712966131,-0.373209752709641,2.50896621721415,1.07195239574833,0.0136117558062088,0.0266068335444829,-0.192852951884282,1.07899745864628,-0.765415098146512,0.313582360499758,28.9344680851064,29.1351063829787
2017-10-01,2017,10,0.273895671724802,0.782178562053844,0.000231203855514991,0.977920790334345,0.0262444842479638,3.58403617438394,1.77499313619819,1.156942342197,1.41005220276611,-0.145907977420716,-11.8042492223904,-0.36512466262522,-0.36424007100252,2.77544792586951,1.15756482941242,0.00731270063599521,0.0267639479096249,-0.0999848007325763,1.55684477180956,-0.999832302455875,0.55701246935368,29.11,29.2312765957447
2017-11-01,2017,11,0.197581241129171,0.48808521743797,0.000140610351774555,0.626007913325981,0.0109702381331831,3.57611364298425,1.2891844104044,1.03939201356928,0.967249543829041,-0.447499458456409,-16.5475593469891,-0.289993148499434,-0.587440469543978,1.99341235155316,1.03136844900405,-0.00168121044694391,0.0126249094616981,-0.147644462293139,1.11730168124094,-0.712251505714018,0.40505017552692,29.2936170212766,29.3402127659575
2017-12-01,2017,12,0.27007700473132,0.60494231966851,0.000104880707125828,0.587150030969958,0.0121590448157256,4.20484658995051,1.23805205331655,1.1708273172776,0.641936780586661,-0.375749634572561,-14.132720574722,-0.225321386264682,-0.69022987440669,2.12179306660755,1.17300722831544,0.00475183883704222,0.0108608357527964,-0.182926852613521,0.552777927017232,-0.881561102253134,-0.328783175235902,29.4668085106383,29.4121276595745
2018-01-01,2018,1,0.173598763033965,0.452782658735373,6.84239069527557e-05,0.435295058866213,0.0188407207363287,3.16456088269012,0.161706152921795,0.682100024933618,2.54455575500555,-0.115969271765323,-14.4440902924543,-0.104738658964379,-0.591937413855597,1.52758143108423,0.67816840645321,0.00653839445921545,0.0380617874393283,-0.198261882680104,2.17332627187965,-1.3698068966429,0.803519375236753,31.5570212765957,31.4208510638298
2018-02-01,2018,2,0.253015475710527,0.275909488061188,9.7212424824869e-05,0.778272425232881,0.00872167776755817,5.92472149421834,2.18636889722876,1.19253749774686,-0.158138278783412,-0.640258588878623,-15.7386188997625,-0.446535621582626,-0.729890751581287,2.34753698365438,1.19184742800667,0.0158634382249936,0.0174583132407191,-0.299682068345112,0.19876518009653,-0.161858156165735,0.036907023930798,31.78,31.6282978723405
2018-03-01,2018,3,0.219735863597577,0.340190173695817,0.00013129633236935,0.465236167479958,0.0176768816789269,3.22408592889313,0.549166285071692,1.09748582761983,2.88791138120055,-0.156535947263286,-21.7101065621682,-0.136180764797615,-0.545275257161599,1.97912478910905,1.09894570903924,0.00941467617400971,0.0483599198444069,-0.152770292865386,2.63535283609983,-1.42849862261794,1.2068542134819,31.888085106383,31.7453191489362
2018-04-01,2018,4,0.273657417204333,0.277452703267045,0.000127688040911142,0.517585112671121,0.0127707283943697,1.69402844643751,0.339972107881977,1.34302416125126,3.90809217089779,0.0283235020096946,-21.7887831668486,-0.0980976281065864,-0.48862083364471,2.20296144137126,1.33897436856478,0.00697639592063037,0.0566244485426108,-0.159577742586901,3.48924546335,-1.86703912617583,1.62220633717417,31.7906382978723,31.7136170212766
2018-05-01,2018,5,0.159825102996138,0.26137911203557,0.000131723214385659,0.602446881532877,0.0107484426532226,2.84564297594652,0.133603849438202,0.922719721942372,3.43054148096658,0.344290462052474,-18.7231478705653,-0.0991465993423901,-0.187145631999456,1.83265816466394,0.912693505125731,0.0120337624040254,0.0547491698985203,-0.0442900304734284,2.99825198625703,-1.70908053204237,1.28917145421466,31.6314893617021,31.6044680851064
2018-06-01,2018,6,0.113554210341931,0.323582505219065,0.000128626910318634,0.625379071870622,0.00815001857565667,2.53697900725047,0.310996841749215,0.581906031793324,1.956627023306,0.0786175028595615,-15.8867571501469,-0.174896045275148,-0.223837793267705,1.85012990535461,0.574906602622946,0.0138479290676794,0.0356509881244071,-0.0167177411637756,1.82906777245388,-1.54613249277581,0.282935279678068,31.5997872340425,31.6080851063829
2018-07-01,2018,7,0.137875531927705,0.46844237930884,0.000188033042012068,0.871720982016782,0.0222174342902058,2.23338493049437,0.557914235330657,0.561551611783329,2.83443972162189,0.315643560478115,-16.949590376913,-0.241253507011265,-0.0496310514383325,2.32249311682699,0.552784946984843,0.0119804354007407,0.0467923836258244,0.0866898064878256,2.71041861671672,-1.77334554629488,0.937073070421846,31.6317021276596,31.7685106382979
2018-08-01,2018,8,0.0554116386689429,0.319188234578689,0.000191086912874942,0.783675581133558,0.0307056929281599,2.14785658165877,0.803313530824539,0.218715266630454,1.94284076844619,0.127550039195349,-16.9923585563374,-0.247759636346785,-0.118649096628044,2.08816145752189,0.219926133772219,0.0135668330918706,0.0388437168618427,0.0837704989790424,1.94440126896961,-1.28363705955559,0.660764209414019,31.5655319148936,31.8
2018-09-01,2018,9,0.0399119121124158,0.221044558974597,0.000210369763972902,0.81531631739648,0.0142230156912092,2.56586842588136,0.472112161291761,0.396008804563394,3.16762074738099,0.433472896891708,-16.1430649827525,-0.17638869019612,0.11117974404506,2.04216526438614,0.394917836236345,0.0144613100606086,0.0550249210781928,0.120814272246719,3.02171628473048,-1.57114407142141,1.45057221330906,31.5044680851064,31.7051063829787
2018-10-01,2018,10,0.206674229201781,0.290067841101859,0.000231966085410292,0.925545579961543,0.0130519969973888,3.89893988828504,1.61846233372921,1.328925036226,2.29099988229211,0.575829753452183,-15.7388473873871,-0.255060958518243,0.396143772981979,2.86115530939651,1.32313709634042,0.0215421187282154,0.0500504066969749,0.114853837053424,2.36637486034016,-1.24848091555288,1.11789394478728,31.62,31.7112765957447
2018-11-01,2018,11,0.141306147162197,0.384531910568967,0.000246178684136254,0.900443088279481,0.00623033937779016,4.31738484096407,1.43380210787939,0.788688502933269,1.98427866839606,0.420852865980592,-12.9540584929928,-0.281726645944445,0.484456033679024,2.53618376521513,0.781793226951038,0.0235628428377961,0.0498056196574179,0.172169920284661,2.32960848203894,-1.10927693331802,1.22033154872092,31.7136170212766,31.6802127659574
2018-12-01,2018,12,0.219758520070286,0.315001032637497,0.000207255144609248,0.898655200161759,0.0178489121108426,2.94503214749271,0.964155137226498,1.16730895293358,2.95451528881864,0.51274552228584,-10.8971474407299,-0.279856425242684,0.165474262486406,2.47681300023555,1.15951933753047,0.0198511758448721,0.0568794872817562,0.106902536387578,2.88710045426193,-1.52044747841213,1.3666529758498,31.8968085106383,31.7721276595745
2019-01-01,2019,1,0.193035391169985,0.4363024530644,0.000166359410985365,0.800153285823914,0.00223379998923467,4.24961115738872,1.29913301841583,1.16079444114166,1.50685422264954,0.0855906880596748,-12.4695855574537,-0.167410450183382,-0.147588683482297,2.34316205207222,1.15552885405123,0.0247676577620259,0.0420748150274983,-0.0287138465116037,1.44108530129095,-1.0492946207469,0.391790680544155,33.9570212765958,33.8508510638298
2019-02-01,2019,2,0.230959224884487,0.437077044619173,0.000179233955971869,0.701545129860381,0.00272751996675114,3.52634274166294,0.859370724855808,1.24755711989087,3.24816144244159,0.264669048030679,-11.1705062997644,-0.0863680673086265,-0.0433153943122875,2.37600892796939,1.23619364891272,0.0225501926423428,0.0615160865305988,0.0445956403503889,3.02654506740723,-1.52800167409173,1.4985433933155,33.89,33.7782978723404
2019-03-01,2019,3,0.429348093624583,0.382139273359769,0.00020779058558806,0.765024628593956,0.00437395219108594,3.53702002268933,1.63027132009171,2.13011950377984,3.55381750488957,-0.151766445082785,-19.1630682511604,-0.133486459961603,-0.4620115194462,3.14844578925209,2.12163586764223,0.0182398435852296,0.0647801755007169,-0.0707941810022845,3.37705889048774,-1.52665810529794,1.8504007851898,34.008085106383,33.8753191489362
2019-04-01,2019,4,0.347864556548302,0.604716105584089,0.000243875013781142,0.861026670909919,0.00528368060402162,3.48527067690821,2.04664965825197,1.79465821263329,2.44403478623479,-0.353869087676706,-21.3053267348587,-0.234956005285596,-0.744137752353609,3.28179128695825,1.78261736951379,0.0160820868893703,0.0492185675433907,-0.185946266839601,2.2887221268435,-1.24718247182583,1.04153965501767,34.0606382978723,33.9836170212766
2019-05-01,2019,5,0.200422544528124,0.396989036039542,0.000214739336620159,0.878818781310077,-0.0102537314795473,3.24856165320292,1.3603765584952,1.10444204662434,1.72291832339258,-0.445303234295626,-11.111236044555,-0.238564136164371,-0.64587653841005,2.70925471174593,1.08954484024076,0.0118645496520258,0.0345453992880302,-0.110133362847229,1.76090915544253,-1.36377535963427,0.397133795808257,34.0614893617021,34.0244680851064
2019-06-01,2019,6,0.229245009353974,0.650218459037035,0.000311693703577835,1.22905424969242,0.0145004191825787,2.87773706951167,2.11211987231923,1.20927529033929,1.45548126569801,-0.281974135811936,-11.144269951139,-0.444635209277152,-0.637102319036305,3.5571961037366,1.19406664736698,0.00797922913556937,0.0284502240089073,-0.118525354751196,1.54498829175078,-1.46028487438971,0.0847034173609664,34.0797872340426,34.1080851063829
2019-07-01,2019,7,0.212640027401733,0.447529973977851,0.000255489465564968,1.00933614525408,-0.00190966636211409,1.31569581401696,1.07489785879363,0.875458629669311,2.9528635546759,0.173905174478016,-12.6836559919175,-0.292360921658286,-0.324211644827734,3.06719475837599,0.869533990672892,0.0123148070889405,0.0510549249976742,-0.0114079552803741,2.74710765702842,-1.99822153857878,0.748886118449647,34.0217021276596,34.1685106382979
2019-08-01,2019,8,0.214154744030964,0.443704846121705,0.000288850968653942,1.06275833322396,0.0164911632723419,1.30918597237738,1.0342598235685,0.980122019594489,3.7889351914132,0.254129885353247,-11.6151911363413,-0.2619940682238,-0.256137087187245,3.03567918221489,0.972096072422232,0.0165423109345704,0.0653639776794228,-0.00969577838293745,3.54066228709651,-2.00944530581859,1.53121698127792,34.0755319148936,34.31
2019-09-01,2019,9,0.200031500883426,0.577871010454601,0.000263675871721802,1.11235993854298,0.0170078646340601,2.75955931771266,1.30778565698375,1.03111692602539,3.892389353905,0.474982048108707,-15.0784465517499,-0.338485270299117,-0.0327517568883415,3.31671377300518,1.0257910216763,0.0236210864726685,0.0730101921201429,0.0366347121212183,3.72314081920708,-2.01425402037052,1.70888679883656,34.2344680851064,34.4351063829787
2019-10-01,2019,10,0.290596602100777,0.319555986500859,0.000273133695669791,1.06482374732134,0.0115502931331928,2.33836021028334,1.52576805799919,1.45770670390203,4.55226609792211,0.591475609682085,-16.3772404223855,-0.412818161612222,0.297507624560076,3.33186243389451,1.45096074091947,0.00848138222609496,0.0708477849663049,0.168600611335824,4.67111627441236,-1.81284033887787,2.85827593553448,34.4,34.4712765957447
2019-11-01,2019,11,0.27503269424318,0.510184422481984,0.000249802407396504,0.915674252116983,0.00838745978969313,3.52333620068266,1.7110671824654,1.3901906342453,3.53852513870007,0.647531642992291,-12.7128940289986,-0.374259614725446,0.384197136430124,3.12895670455816,1.38359791826906,0.0059759378524662,0.0541876516262181,0.203150403614861,3.64945024686334,-1.42448223806902,2.22496800879432,34.4636170212766,34.3802127659575
2019-12-01,2019,12,0.392932983188302,0.602037928552534,0.000255685219041698,0.801625912219059,0.00682543862175067,2.9410958919962,2.11859921462354,1.8652220529616,2.60473655248563,0.51611305043064,-10.6417269857193,-0.383318628262685,0.353388224519605,3.40890425377256,1.85471101836447,0.00700636661763188,0.0447790461950666,0.145800468902179,2.82533035483733,-1.30081607374613,1.5245142810912,34.4668085106383,34.3221276595744
2020-01-01,2020,1,0.516051282614967,0.636472495129397,0.000333145410151496,1.31704230064181,0.00826877225625566,4.14473168786731,3.86851367866683,2.21039172593862,0.492569952609529,0.0780560662674752,-11.1717097994551,-0.639009519014365,0.0617176460772981,4.20742849969923,2.20580722697719,0.002623223120926,0.0170861822250585,-0.164587888633104,1.11524105143374,-0.343499319993896,0.771741731439853,36.4570212765958,36.2808510638297
2020-02-01,2020,2,0.579800625106486,0.860918185944172,0.000307066314722448,1.23050794759898,0.0129512220788681,2.89701717425304,3.5779130397728,2.46627629780488,0.629172048763564,-0.205954844080921,-12.226034661755,-0.586338381000616,-0.366205462030187,4.22551702888137,2.46359889704871,-0.00335247661072646,0.0115763238003188,-0.341691909906512,1.05525981181493,-0.650281389864734,0.404978421950197,36.49,36.3582978723404
2020-03-01,2020,3,0.39199414090956,0.5952963210608,0.000277052519768289,1.07751621565216,-0.0042323249806091,2.89763308328313,2.92716333843271,2.06336558761285,1.06967838076156,-0.523485489886685,-13.0402554501634,-0.521738794327604,-0.768886997920895,3.67348696564704,2.06365402567621,0.000796226095749475,0.0223749989958266,-0.374818803275586,1.34601566705494,-0.746035189150941,0.599980477904001,36.548085106383,36.4353191489362
2020-04-01,2020,4,0.392773421854315,0.539024551176055,0.000245988004426741,1.02581921395332,0.00270101449891358,2.28313604941691,2.22850322660094,1.90539908033224,2.63325188771179,-0.184173863040705,-16.5858240128582,-0.308686010374601,-0.462664328302814,3.58566773233929,1.90303619066577,0.0152815315827004,0.0513516127945106,-0.151672650421901,2.6634474328243,-1.35952739540483,1.30392003741937,36.5706382978723,36.5136170212766
2020-05-01,2020,5,0.281842162778105,0.705565568053544,0.00028729228390576,1.00947066047038,0.0120610631145246,2.71897729414422,1.91597843764021,1.22067328109534,1.76912374813659,-0.159739954445726,-16.0470383385546,-0.184069527157391,-0.153504121253455,3.31568083784589,1.20986771929972,0.0260237019150957,0.04708167433078,-0.00463140696932918,1.95942910848623,-1.41050796200128,0.548921146484957,36.5114893617021,36.4944680851064
2020-06-01,2020,6,0.219033999026976,0.558657940973035,0.000288966294667835,1.30508901078152,0.0123920012504597,2.73925048194678,2.36901000410921,0.999847891272339,1.13597253797602,0.0686794876930641,-12.3423217541422,-0.435196093754172,-0.0732283360966051,3.70818866386264,0.987590588888963,0.0264790951326694,0.0411277432213573,0.0585146819002542,1.42926080794049,-1.35143596213691,0.0778248458036686,36.4197872340425,36.498085106383
2020-07-01,2020,7,0.194825897335704,0.619913157062854,0.000298723060795368,1.27532885488978,0.0156250680232739,2.11577792570646,1.85323865973766,0.984000740950307,1.88519683484191,-0.0616048246855847,-14.6563254999201,-0.329237444373291,-0.218940720312034,3.50985465785794,0.976950099987846,0.0253334132861407,0.0481033192671543,0.0692847029945067,2.05709838358872,-1.66366663908278,0.393431744505946,36.3117021276596,36.5185106382979
2020-08-01,2020,8,0.144961144307956,0.581034229393708,0.000298825170394142,1.15260208964786,0.00742293443540598,1.37198781529268,1.22164391078252,0.861861756204462,2.97865942651021,0.246280563390947,-11.4671125863388,-0.144908283629803,-0.100575476677943,3.20539335326691,0.856433580009252,0.0266632125985105,0.0602409627742326,0.101664578847362,2.77671167007111,-1.98917761867959,0.787534051391521,36.1655319148936,36.45
2020-09-01,2020,9,0.27784891275445,0.608266310223598,0.000292118535278503,1.30066316297388,0.00814696930197811,1.90376375782616,2.40419539667374,1.31883597979441,2.35562496006801,0.681313888690209,-17.8480089647492,-0.177523848240128,0.476771534129359,3.71831103260115,1.31364379871633,0.0299280524189789,0.057200326109843,0.208200691900819,2.32860645374728,-1.31930781700551,1.00929863674176,36.3044680851064,36.5151063829787
2020-10-01,2020,10,0.220281045976776,0.622840406584885,0.000209231601425391,1.15840807003164,0.00496883449593577,2.92604120056164,2.05988449659424,0.988772125665037,1.50046214664411,1.11401037969219,-14.8954715563887,-0.0374319097172418,1.05813953792248,3.00783748240849,0.989392136058427,0.0317271228790648,0.0460343962276948,0.248488672468424,1.48202321459166,-0.947332975420874,0.534690239170782,36.62,36.6812765957447
2020-11-01,2020,11,0.411421559834196,0.704455647044938,0.000184005341411345,0.921747500061681,0.00540187871751907,3.07923267520935,2.69852167451836,1.8527491229583,1.06338086037206,1.25624800352139,2.74391850100073,0.0254687581365545,1.35133327297392,3.16394080095216,1.85023922474505,0.0441878761696559,0.052152096796398,0.274108188513361,1.13299737168804,-0.46792902464712,0.665068347041021,36.8436170212766,36.7102127659575
2020-12-01,2020,12,0.200452777722319,0.438451905974489,0.000123099002393268,0.76888965669216,0.0027915817775126,2.664291318178,1.4466111106405,0.860787322004569,0.28278429344266,0.984123608388941,12.9184063662688,0.0300270351922904,1.16470946970781,2.06141211599055,0.862938960584472,0.0403387725172619,0.0373016850065864,0.184855109952679,0.433343119569329,-0.612649366770132,-0.179306247200802,36.8468085106383,36.6321276595745
2021-01-01,2021,1,0.238788346276976,0.360768985110383,9.08352130194155e-05,0.654026914277214,-0.000334762796529331,3.03626795408052,0.751386085472802,0.981876885589656,1.22005638576755,0.461075719083276,12.7097781095508,0.167107048007637,0.315026773646998,1.8366611950222,0.991727622489179,0.0305896864098054,0.0375636378280086,-0.109674689293705,0.906900392323642,-1.07542437264989,-0.168523980326245,38.7570212765958,38.6408510638298
2021-02-01,2021,2,0.118043427499515,0.402568702539213,4.25196159896286e-05,0.445174565336281,-0.000732487696055828,2.62524179178324,0.0200630175957599,0.469486017874885,2.44120673433258,0.203524313055677,9.16032777223154,0.086949334806377,-0.134853685039985,1.33569975474541,0.478060917614698,0.0174462176173229,0.044653840217789,-0.249699231815011,2.01587940143053,-1.30706183740983,0.708817564020798,38.74,38.6782978723404
2021-03-01,2021,3,0.140633327273576,0.138701624249791,1.22690826861796e-05,0.377105506973056,-0.00343994670832404,1.66912113717623,0.0473553483927276,0.91063049261885,3.25370364116856,-0.194790227120286,4.08825299983437,0.0843842180113938,-0.628114504723399,1.25050368058606,0.922293480640235,0.00740323929336917,0.0502146146427065,-0.275464279939785,2.73599514555404,-1.19148534417194,1.5445098013821,38.598085106383,38.5253191489361
2021-04-01,2021,4,0.0992516315322973,0.0933504090850761,5.77943487359116e-06,0.406130490939919,-0.00482973264807141,1.53255158573351,-0.298910262289041,0.778019403401288,3.4669459732788,-0.109144370864605,10.5326846531389,0.109132861460409,-0.436869484620814,1.31198321151925,0.778330749184761,0.00944302865121038,0.0529692132823807,-0.100311756369502,3.0300879980622,-1.61058212802483,1.41950587003727,38.5206382978723,38.4836170212766
2021-05-01,2021,5,0.11228009092315,0.23543218399152,0.000111765340323059,0.574515030745577,0.0162191271527626,1.71146429553281,0.586408470493211,0.819019273113327,2.37856916966959,0.118265861051874,10.4971128194447,0.0378129492466144,0.00699936275434965,1.98621070205991,0.810432090534732,0.0147015291035157,0.0415988655009301,0.0555483095963716,2.22948972212544,-1.40838941414528,0.821100307980156,38.7114893617021,38.7144680851064
2021-06-01,2021,6,0.11574120435796,0.167187845979072,0.000160595231625735,0.848662550441421,-0.00363134043504931,1.64734350008708,0.763133408578199,0.914939212452339,3.03182810744201,0.395522850614764,10.7393099748588,-0.145778574122147,0.176904148455897,2.60274937095261,0.904878384983988,0.0171476614397692,0.0549173537301972,0.133353392918194,2.95898797940529,-1.84967678984281,1.10931118956247,38.7397872340425,38.8380851063829
2021-07-01,2021,7,0.270955756808746,0.423695774419855,0.000266716035878668,1.12986616275388,0.0185169019550159,0.492496276593862,1.18716917605167,1.37284909307533,4.04973248145089,0.464144600432213,13.9905071750836,-0.186042601807287,0.032101143147468,3.51151526335497,1.36563833680589,0.0126373419041705,0.0639498932005944,0.170771634618866,3.80373162597342,-2.33155684357278,1.47217478240065,38.5917021276596,38.8185106382979
2021-08-01,2021,8,0.233300963498948,0.398659935173669,0.000183832508861942,0.940284857913756,0.00269006107622294,0.362924338241577,0.832035239736513,1.28225275087345,4.17417845737921,0.555709020296348,5.36855607465259,-0.074196397999799,0.121196246590557,2.92430757761491,1.27755906146922,0.0151530021547805,0.0672399043087926,0.210404813798123,3.81386208167321,-2.09696602728259,1.71689605439062,38.5855319148936,38.85
2021-09-01,2021,9,0.290113950520436,0.469738817448615,0.000230591595895103,1.14642226715758,0.0130871551894352,1.44761520198076,2.18166072864773,1.28249240441841,2.52948677360999,0.582081573157907,1.34768240124686,-0.161961275192112,0.390043343754357,3.30058123747114,1.26802451318633,0.0143824158276487,0.0479643953541431,0.215239680844018,2.49940981939858,-1.13338840005551,1.36602141934306,38.6844680851064,38.8651063829787
2021-10-01,2021,10,0.333907977144804,0.555467813954863,0.000215767570024091,0.937594903342745,0.00854734548483982,1.20075786356194,1.78745849235321,1.45005887134101,2.53382650139312,0.702388659467083,0.229579922612174,0.0430719019317678,0.496884100403982,3.04119261292453,1.43946405477942,0.0222931656340051,0.050686547555185,0.155203869898124,2.28525004039826,-1.26432893713287,1.02092110326538,38.79,38.8012765957447
2021-11-01,2021,11,0.348472479373186,0.246634118639975,0.000178212964415695,0.741064933297583,-0.000918585763819868,1.53647772490206,1.6302788492024,1.64990082772027,2.23709105230506,0.590724558631493,-3.08798620798916,0.0854073204085637,0.469213395784919,2.70141176714617,1.64670340262705,0.0275640059898956,0.0515613587271879,0.0693724872736627,2.03017256904994,-1.07433034303702,0.955842226012923,39.1736170212766,38.9602127659575
2021-12-01,2021,12,0.378475009406316,0.471361257007516,0.000185485910683547,0.887421808427558,0.00613901760786761,2.4437929874058,2.40926510457155,1.76452511257156,0.168949737485661,0.16337331801844,-3.61620813173067,-0.0933608937126849,0.12491712093891,3.02419419123459,1.76882126652146,0.0217129076433524,0.0218053873982864,-0.093505683073321,0.223854434118827,-0.610632932713131,-0.386778498594303,39.3068085106383,39.0421276595745
2022-01-01,2022,1,0.351940719173967,0.207445706689384,0.000121460345493015,0.477110500595412,-0.0021993963475383,0.817379161047221,0.8957931185098,1.62606011475964,3.71379268221355,0.228626534246477,-0.338361636459013,0.0789310340096279,-0.148022739372699,2.32794518152821,1.62713738597722,0.0115216766182256,0.0577258354752983,-0.219407064637604,3.25821237458474,-1.4310747918009,1.82713758278385,41.2070212765958,41.0108510638298
2022-02-01,2022,2,0.36563432030448,0.215295173289178,9.03312730658988e-05,0.317696046648379,0.00635597261404008,0.00270629366213626,0.450405372846774,1.42041867595287,4.15810692576358,0.114236260555177,0.154365039241384,0.16065096697838,-0.387392173423684,1.87151937229237,1.42237201547169,0.00425387925517295,0.0571239368166889,-0.365061491097812,3.49582752480633,-1.41916065992674,2.0766668648796,41.18,41.0082978723404
2022-03-01,2022,3,0.472341542190577,0.318141684233808,0.000150528222668459,0.514180680484458,0.00862204523991295,0.190781864853328,0.77020257130971,1.84263883194683,4.17033330497856,-0.165373385748985,-6.75066560816776,0.166565669676402,-0.786620817943096,2.70971357207804,1.85216166008223,0.0119514609814599,0.0623653280516865,-0.391800219208886,3.38252020310804,-1.92998817263284,1.4525320304752,41.268085106383,41.1653191489362
2022-04-01,2022,4,0.289899233603307,0.404033179154055,0.000142145220969342,0.557368736769519,0.00670632874253962,0.621833616628109,1.30421385627494,1.27308706959928,3.02716523473879,0.111715171673197,-1.02016679485678,0.120937412252403,-0.324253182361311,2.66229100168727,1.2777496970848,0.0163806216513902,0.0524714334989009,-0.128123780273402,2.4702594684519,-1.35341451792683,1.11684495052497,41.2906382978723,41.2236170212766
2022-05-01,2022,5,0.167208000081132,0.283382861188556,0.000103475176897159,0.289763090471578,0.00143818233104664,0.040393732748818,0.486635624035216,0.752961873317361,2.1922716990936,0.229513916076876,-2.73961908755882,0.291651364916618,0.184430970901545,1.67983927743893,0.74782639852873,0.0174362824323158,0.0385218872438302,0.0731555221492712,1.85553738900163,-1.19833912819228,0.657198260809357,41.1514893617021,41.1344680851064
2022-06-01,2022,6,0.259136961727961,0.259888531551042,0.000124541070354135,0.458593132827122,0.00542613771291267,-0.0420907505747294,0.713449929401236,1.27362037103632,4.33564696214302,0.586317171757262,-1.4206051461515,0.135147505483843,0.0158555807094949,2.38788079478564,1.26696081344198,0.0151443128129394,0.067150734329597,0.042890027521354,3.63003786561138,-1.68109042297881,1.94894744263257,40.9597872340426,41.078085106383
2022-07-01,2022,7,0.326213371063716,0.683870507966844,0.000283864815254768,1.18045710317008,0.0197807537089889,0.891616307326167,2.43679965802465,1.4170231114793,2.0972925375809,0.449430795489615,4.77149805308727,-0.21692455953027,0.0482363500031653,3.70989121131396,1.40911290882087,0.0118683173918908,0.0384522528103544,0.0590650749260266,1.91302265162472,-1.28100175594778,0.632020895676948,40.8017021276596,41.0385106382979
2022-08-01,2022,8,0.25469916793196,0.536082820605714,0.000276297668555442,1.11152014709796,0.00955282735056096,0.989091912569378,2.22894512496151,1.26847530900449,2.5005397630062,0.34907255399445,6.27037606666272,-0.1715512972998,0.0512169356002552,3.55000292407692,1.25895812673326,0.0139838238451904,0.0463989383870524,0.109910434799822,2.37423544191181,-1.33057498138659,1.04366046052522,40.8255319148936,41.11
2022-09-01,2022,9,0.300469159043416,0.48922274295461,0.000224223162229203,0.93874244618808,0.00600661299850813,0.803645502772959,2.19811628297072,1.38679539533342,2.82466546689,0.367315634004907,1.77454528326052,-0.110152885865119,0.14606312139766,3.27332819219117,1.37926483666632,0.0187644776054987,0.0549038422876529,0.117293070318318,2.71356584014788,-1.08274246788761,1.63082337226026,40.9244680851064,41.1451063829787
2022-10-01,2022,10,0.350875641852781,0.496405750120857,0.000182891327599041,0.786389976464445,0.0103495217339238,1.03071046435874,1.96685518932924,1.42522424823301,2.51148317077411,0.633855054932585,-0.993943887384376,0.109281032193763,0.459170034250981,2.92505307597452,1.41974154662643,0.0278757406709551,0.0542702452540849,0.135815559346824,2.22751711789876,-0.963680588251872,1.26383652964688,41.1,41.1212765957447
2022-11-01,2022,11,0.16125874394919,0.364204316565974,0.000104062827935455,0.499269210030583,-0.00261331761076289,1.08485956502356,0.907027883473404,0.697868109776266,2.18120730531504,0.702160655761091,-5.36447376999422,0.171956173483551,0.731893786932524,1.90918688210616,0.694045694537067,0.0294922040188563,0.0513478303456081,0.165513004684362,2.03898426300294,-1.00598141387202,1.03300284913102,41.4336170212766,41.2902127659574
2022-12-01,2022,12,0.259469791006325,0.173658649493518,0.000116231170869008,0.578540414931958,0.00827284353263369,0.795519370594306,0.868604888103505,0.958652552192575,2.48657030941365,0.268628101463442,2.99893614627945,0.0332530124102846,0.0289780207684061,2.17974780457655,0.954118859209473,0.0153323611115725,0.0439285094359563,-0.0744644237626222,2.21366721630833,-1.31567660945613,0.897990606852197,41.6168085106384,41.4321276595745
2023-01-01,2023,1,0.274812437810965,0.0516541178823786,0.000102697447215196,0.491031425964913,0.000688806045948676,0.421384445646417,0.251620577156814,0.922206514333652,3.62837977044353,0.179499334776377,0.315398241553339,0.125580646870617,-0.363784976356598,2.01368109240724,0.918777409038228,0.00691281612585559,0.0496027356588082,-0.302400107151405,2.95951481243994,-1.7654896205459,1.19402519189405,43.3970212765958,43.2108510638298
2023-02-01,2023,2,0.369030429203519,0.140351774588225,0.000121901859817438,0.55001634818138,0.00607506025348215,1.61220653813324,0.572048635710757,1.38275823661587,4.41783476002558,0.135953340360079,-3.20693396676506,0.0938623625103787,-0.469939467964082,2.32138856733241,1.38840759328167,0.00946641692548322,0.0655390475040289,-0.392618696062712,3.71807958919103,-1.74369057495583,1.9743890142352,43.19,43.0182978723404
2023-03-01,2023,3,0.481519873822549,0.1911202424198,0.0001610379320289,0.519492014258958,-0.0100648440775021,0.302486181673032,1.33746423613968,2.16955058282184,4.05537725898256,-0.268349953559284,-5.87196349816804,0.00906620280738935,-0.838047646808498,3.07228578835407,2.16949448632624,0.00698559506880958,0.0598717420569566,-0.400187655815985,3.47661336292594,-1.73487764870994,1.741735714216,43.088085106383,42.9853191489362
2023-04-01,2023,4,0.280910556379297,0.224563179689085,0.000166969042649042,0.75132703441842,-0.00225799231255841,0.706576706177813,0.884043356989991,1.28729985116325,4.5031515040678,0.0977125094034967,4.87417921813903,0.0452709199844037,-0.426502555074613,2.66414352975823,1.27741092122977,0.00799203647828017,0.066877360749821,-0.146722726703802,3.9336655196053,-1.78998910270173,2.14367641690357,43.2006382978723,43.1336170212766
2023-05-01,2023,5,0.310450778746144,0.482902052378563,0.00027775012761116,1.22928567732118,0.00334293956615361,1.80051094650231,2.0880416502942,1.40215346080333,2.99714038956159,0.106315910146474,9.98257565044332,-0.208536705851373,-0.0962767629980519,3.6747439987779,1.39440465951071,0.00264445411868541,0.0442354610751199,-0.00525185872822931,3.00308442226844,-1.59445114977628,1.40863327249216,43.2714893617021,43.2644680851064
2023-06-01,2023,6,0.453485765324956,0.458167113550076,0.000346305443017935,1.19845437409192,-0.00394742754839628,0.784966497628069,2.43502882921922,2.23379715620632,3.935660735102,0.522583673099163,7.60821097485314,-0.164931672238168,0.107907793001594,4.39696613560261,2.23000138493995,0.0143765322092495,0.0657181870511172,0.0567250365396639,3.68591652724258,-1.96573307764981,1.72018344959277,43.1197872340425,43.2380851063829
2023-07-01,2023,7,0.651845272330718,0.769129677045839,0.000450568523303569,1.60629086172648,0.0153921022862918,0.863489191560461,3.71353336007763,3.15410595335334,4.05086920206989,0.565061512266613,9.72892510709062,-0.387983501962282,-0.00899493677413332,5.79597172591696,3.14944538580886,0.0111826422197905,0.0670873830976744,0.0104333607897757,3.86479625499143,-2.08709893338378,1.77769732160755,43.0617021276596,43.2985106382979
2023-08-01,2023,8,0.586261313856937,0.773918188860705,0.000457266787350342,1.49184428142966,0.00214332745325396,0.214844309725073,3.10909328726655,3.07595201346049,4.93824571635821,0.517029335778748,10.9769627336645,-0.385806228622783,-0.146524289421844,5.6395179567499,3.07207456519825,0.0109253233547104,0.0764286663398428,-8.08710626873932e-05,4.66049831978041,-2.53430211774559,2.12619620203482,43.2155319148936,43.49
2023-09-01,2023,9,0.77570159105943,0.977780249738601,0.000511628052690902,1.82573113237838,0.00709537925260917,0.438710720940861,4.37200868481676,3.6043411809714,3.86461412535201,0.405042807945108,5.87075762124732,-0.578060040453124,-0.132559561439642,6.55922558722318,3.59986689445435,0.00719422519947877,0.0608317187061629,-0.0105609899379822,3.90507179642038,-2.19169118892351,1.71338060749686,43.4844680851064,43.7051063829787
2023-10-01,2023,10,0.670850801014808,1.05036840693288,0.000439137740891091,1.46578258299354,-0.0105656627941002,1.39816969340174,4.45110007541319,3.25008945932103,1.96645524865511,0.397145761983083,5.05997289461084,-0.478274598170231,0.16170526329698,5.73954005941249,3.24686835696843,0.00752341759861519,0.0376464874171649,0.0591997595641232,2.20928934813926,-1.29166108635187,0.917628261787382,43.8,43.8312765957447
2023-11-01,2023,11,0.742477331990187,1.08363350245298,0.000444479812329644,1.64466881861458,-0.00462421096423993,2.17535056571386,4.8970629017694,3.49027679048226,0.906109360528063,0.25721967576089,7.07132336799987,-0.624817106499449,0.221124871154721,5.94255546107212,3.48436153913406,0.00638725050635625,0.0259190391362978,0.040378360333662,1.49483166242134,-1.05140781065092,0.443423851770422,43.9936170212766,43.8502127659575
2023-12-01,2023,12,0.775755306330325,0.986330827386496,0.000424626556174007,1.57940271648776,-0.00335950188980938,2.77465975819,4.60946522792352,3.57266660406259,0.59283354922465,0.263975289766339,5.99209195227013,-0.478775140850701,0.0861230794059082,5.74453827835958,3.57471068119446,0.00635433284003195,0.0187980939918062,-0.113872750840121,0.893756479714931,-1.13302897330413,-0.239272493589201,44.2068085106383,44.0121276595744
2024-01-01,2024,1,0.664311424239997,1.04765458794537,0.000403875610254584,1.41898184876951,-0.00406592319573529,3.57554719814991,4.07106854177982,3.24241857367662,0.328145713931548,0.0707750356705752,9.53301372253918,-0.39060964128538,-0.0910279344703966,5.16439475867026,3.2460345016442,0.00520404523580531,0.0123998636286684,-0.248047011491304,0.556952385075945,-1.08971028892289,-0.532757903846946,46.2370212765957,46.0408510638298
2024-02-01,2024,2,0.785028363942502,1.08968576018822,0.000426355362257099,1.53600808128428,-0.00149536124369087,3.15814925071294,4.31307400900579,3.56614920420384,1.56635591105257,-0.231097001020323,8.07767592923483,-0.533540208790612,-0.674980886095284,5.78627725766836,3.56718092663169,0.00387830268235323,0.0291171898513087,-0.439827070354411,1.65601223476823,-1.47217152623463,0.183840708533598,46.34,46.1682978723404
2024-03-01,2024,3,0.652357544803579,1.03793170675578,0.000436443353814889,1.66669724196796,0.00081039147497397,3.23179306940323,4.55877235279468,3.20190795443784,1.18640759871457,-0.619340593233886,8.21617805083224,-0.687722911629606,-1.0258322734829,5.68183757101008,3.1957620017842,0.00117938331923995,0.0254647380708368,-0.442351182647885,1.46763883009513,-1.12921117086904,0.338427659226202,46.518085106383,46.4153191489362
2024-04-01,2024,4,0.576834542253323,1.20714884630507,0.000474984757824542,1.61230733297382,0.00389273697841563,2.65403333602601,4.33448926626397,2.80017537187325,1.2423208291118,-0.425640061724003,9.70696467014204,-0.737208851166599,-0.730302362786411,5.62958199903727,2.79138542985976,-0.0101260293807699,0.016018047923541,-0.200346006199002,1.674867379216,-1.30388267478683,0.370984704429173,46.5906382978723,46.5236170212766
2024-05-01,2024,5,0.495584512890105,1.02130871439755,0.00040640959129786,1.53013779309008,0.00189044318175258,2.15280158974242,3.61008021809124,2.39603685230037,1.18184300750258,0.167629659388474,9.25225966043945,-0.505807766198387,0.0484952467241442,4.91927591603292,2.38961172480475,-0.00718677014479452,0.0152247738506399,0.0387663994274714,1.56851636103664,-1.31562082543727,0.252895535599357,46.6414893617021,46.6244680851064
2024-06-01,2024,6,0.530216604819941,0.924717405371041,0.000401530415077634,1.45770392617722,0.00682345786047667,1.96319266903677,3.97706503282325,2.87044503793129,1.648736172127,0.262005150377963,11.0698001098499,-0.508908956319146,0.0877302713247943,5.2604465461846,2.86779320358596,-0.00424185429392043,0.024428786292757,0.0713088618020041,1.98337024939298,-1.28603334770671,0.697336901686267,46.7597872340426,46.888085106383
2024-07-01,2024,7,0.533378448820713,0.958653518943891,0.000426884574262968,1.54645650493738,0.0130159290745299,1.53520711254276,3.23370584279263,2.62297106665631,2.77333973431391,0.336893819072813,4.43164043808065,-0.392204901961293,-0.106911423594632,5.20980764662198,2.61910359709486,0.000129175709440599,0.0380457253503041,0.0287230650856358,2.72173939360772,-1.97996927339078,0.741770120216948,46.7417021276596,46.9785106382979
2024-08-01,2024,8,0.581790279882966,0.939181832933684,0.000444297217457942,1.66936889505676,0.012761928085977,0.404355206886073,3.11547635264554,2.68432815923148,4.0176530599972,0.398015564305847,5.36952074865985,-0.428450379345804,-0.207403690235143,5.64995800654992,2.68000328841225,0.00382193841429057,0.0575466573891825,0.0289191681177829,3.84068418480201,-2.53880652472359,1.30187766007842,46.7055319148936,46.99
2024-09-01,2024,9,0.560987684625445,1.05041016054656,0.000471583646890202,1.79578299193968,0.00701316391631113,0.902158796147759,4.19644900101372,2.70261775460438,2.752152202351,0.327284757070707,8.86636127425299,-0.52349717268612,0.0110738734411591,5.94752395059618,2.7018472944103,0.00353458231303883,0.0435612641539032,0.0657243547130193,2.95943849140758,-1.75184540977651,1.20759308163106,46.8944680851064,47.1151063829787
2024-10-01,2024,10,0.630443694131827,0.991096324119894,0.000397018249157392,1.47522008051875,0.00190868786298781,1.68262296137054,4.09899328309524,2.932549222962,2.17173552392313,0.566948234106885,7.50745794961404,-0.346487752100245,0.276406877800376,5.42594204854453,2.92750830436046,0.00301255771859532,0.0330783850818848,0.0626673196957235,2.22768191971686,-1.33198968405078,0.895692235666083,47.3,47.3312765957447
2024-11-01,2024,11,0.581502746876197,0.904847605030966,0.000358202141614944,1.27591774306178,0.00410954356495907,1.72649925946326,4.01822803189839,2.59685332725627,0.708047225537058,0.615088144498493,1.07193184900098,-0.248312629886442,0.487314115991921,4.69405565648412,2.58944470426303,0.00136892995175586,0.0117809653500478,0.039599101032362,0.828585826916942,-0.683236247579018,0.145349579337921,47.6536170212766,47.5002127659575
2024-12-01,2024,12,0.680445901882308,0.859324384816489,0.000298104124041148,1.32641042387366,0.00269834515348466,2.2107519377703,3.43160730146855,2.72462085752557,1.28953345578364,0.55458513803174,5.77388618327677,-0.315778409653689,0.46170404673601,4.52252488990956,2.72215158074147,-0.00153190451783747,0.0187341952748965,-0.0173224145441218,1.51243077414163,-1.09338686522503,0.419043908916496,47.9168085106383,47.7321276595745
2025-01-01,2025,1,0.726819371933004,0.614315943252393,0.000230588907693256,0.922183810171113,-0.00332467025992134,0.989025799154319,2.44777318559881,3.09842745570364,3.09092397032154,0.295616610194674,-3.65569053245417,-0.234282202699376,-0.0626339890417995,4.08837005170022,3.09644763311519,-0.0135320037568443,0.0304278729380782,-0.209380860743003,2.96695557378445,-1.6425766886899,1.32437888509455,50.0670212765958,49.8808510638298
2025-02-01,2025,2,0.621954757590515,0.692023328819175,0.000244387762389798,0.972199398683781,0.00518513190922809,1.70287927898664,2.7058611050428,2.63206691054586,2.21109163657059,0.0299656479079786,-0.81943266876624,-0.341516602159629,-0.307763308752882,3.95743716900239,2.63168440312768,-0.0149700651522764,0.019912337809199,-0.319242962017212,2.21487928206933,-1.25195857137773,0.962920710691598,49.99,49.8182978723405
2025-03-01,2025,3,0.639232213603577,0.672369786756803,0.000298293875051389,1.17344371395476,0.00703854012190597,1.65653483930903,3.01911503271373,2.96061447096884,2.48006607664357,-0.613423956419584,-1.16531284216035,-0.448390847134618,-1.17419800468809,4.62081196298908,2.97333542699323,-0.00447829166670033,0.0322868156742366,-0.539743313209085,2.36768287550964,-1.58897597425094,0.778706901258801,49.688085106383,49.5953191489362
2025-04-01,2025,4,0.553127533431336,0.765506708203077,0.000304580495907241,1.21625355038652,0.0060650929245406,2.10851788321671,3.54740766932696,2.60536424768327,1.0324568784028,-0.604262809075305,-4.07478619985341,-0.517952933326598,-0.993055528989515,4.50222246409726,2.6077751056128,-0.00246338921188993,0.0176623990849007,-0.374273195000802,1.1616170918152,-0.952403936840831,0.209213154974371,49.6406382978723,49.5836170212766
2025-05-01,2025,5,0.429175464050104,0.681935702276519,0.00029370808647106,1.23075681043708,0.0162684213960326,1.51670664768832,2.94992721580621,1.99214653070032,1.12828077209758,-0.310140697720126,1.50122549444495,-0.381268141995378,-0.423960187053851,4.00053278465691,1.99137364899775,0.000265623927815373,0.0197583937907901,-0.10626077621183,1.39572942475923,-1.05137845055328,0.344350974205957,49.6014893617021,49.5944680851064
2025-06-01,2025,6,0.377977126961923,0.707128559467037,0.000262662141105735,1.04270550896822,-0.00573000111219235,0.804186880239875,1.95541082708223,1.78668301979633,3.22296019857401,0.187760495192965,-0.754119778139284,-0.291439438899147,-0.384674843644003,3.57214158232262,1.78750259180094,-0.00820261432646063,0.0389303704777073,-0.0263098321332862,2.94196429863619,-1.61591118323581,1.32605311540037,49.3997872340425,49.518085106383
2025-07-01,2025,7,0.305893281729709,0.479675388797887,0.000250161187276369,0.989859107922882,-0.0192047460690021,0.147807434147964,1.19918316695964,1.81210506332729,5.00002115113691,0.296176163977314,5.89381316109211,-0.128670643979291,-0.454368558459134,3.02252807086597,1.81073548638886,0.00139212188241045,0.0713652712149844,-0.105315115952404,4.37814707267972,-1.82471448084478,2.55343259183495,49.3617021276596,49.5985106382979
2025-08-01,2025,8,0.354237626651923,0.557339342937667,0.000181376944256241,0.830708260336159,-0.0304170000831651,0.0781767573086753,0.909168111810516,1.91219206393646,5.91322399685421,0.514852981745847,1.1757105026627,-0.0279793774998041,-0.309477813903843,2.84198163486087,1.90428363334024,0.00654559117915055,0.0864619356893126,-0.109865146103607,5.11687257870441,-1.94072195364659,3.17615062505782,49.4755319148936,49.75
2025-09-01,2025,9,0.482707866467422,0.641318913210569,0.000234953207326503,0.887186355812482,-0.0239484170684038,0.373283141091058,1.52696956953775,2.50912432213642,5.40577521837,0.464936231119307,-0.0482257227413356,-0.088559920841135,-0.208031740088742,3.52241976294818,2.50609302513431,0.0105981306885186,0.083383004118573,-0.0780247009274806,4.82136716800308,-1.99848149041251,2.82288567759056,49.4544680851064,49.6751063829787
2025-10-01,2025,10,0.526157677820777,0.753803117151847,0.000150411202859252,0.693841028990743,-0.0140710283203462,0.682712494242743,1.74001531805919,2.61091407638304,4.73036619933012,0.284320384372084,0.909474054613383,-0.0861315036552242,-0.308402421653724,3.04714570555853,2.61421753618941,-0.00574912292282503,0.0629002516149848,-0.131931630390376,4.22377489695956,-1.30382692769297,2.91994796926658,49.68,49.7012765957447
2025-11-01,2025,11,0.567465554904174,0.522735687070963,6.39962963051837e-05,0.404274640734382,-0.0366899186965469,1.06566293387636,1.0431037647254,2.69137613140526,4.38001158391205,0.30763690860789,-0.718716307994328,0.00190759580155486,-0.288242663057979,2.55816569837316,2.70635769005207,-0.0151965185755438,0.049178478499758,-0.109982660392738,3.78222441644464,-1.50008037500102,2.28214404144362,50.0636170212766,49.9202127659574
2025-12-01,2025,12,0.439485099377293,0.320988199088504,5.59482586738169e-05,0.340360984077257,-0.0371396592396684,3.0287964275378,1.01044671942253,2.47506378110455,4.27639654375565,0.380949251529639,2.77169384727313,0.0525160165262832,-0.0850877875745937,1.97971321260354,2.49188765117947,-0.0136310134099276,0.0510646053217263,-0.164433257571222,3.75784348812513,-0.95244262310603,2.8054008650191,50.0568085106383,49.8721276595745
