"date","year","month","T2m","T500","SPFH2m","PWAT","APCP","TCDC","DLWRF","ULWRF","DSWRF","USWRF","PRMSL","CSDSF","CSUSF","CSDLF","CSULF","CDUVB","DUVB","ALBDO","CRE_SW","CRE_LW","CRE_net","co2_avg","co2_trend"
1979-01-01,1979,1,NA,NA,NA,NA,NA,NA,NA,NA,NA,NA,NA,NA,NA,NA,NA,NA,NA,NA,NA,NA,NA,NA,NA
1979-02-01,1979,2,NA,NA,NA,NA,NA,NA,NA,NA,NA,NA,NA,NA,NA,NA,NA,NA,NA,NA,NA,NA,NA,NA,NA
1979-03-01,1979,3,NA,NA,NA,NA,NA,NA,NA,NA,NA,NA,NA,NA,NA,NA,NA,NA,NA,NA,NA,NA,NA,NA,NA
1979-04-01,1979,4,NA,NA,NA,NA,NA,NA,NA,NA,NA,NA,NA,NA,NA,NA,NA,NA,NA,NA,NA,NA,NA,NA,NA
1979-05-01,1979,5,NA,NA,NA,NA,NA,NA,NA,NA,NA,NA,NA,NA,NA,NA,NA,NA,NA,NA,NA,NA,NA,NA,NA
1979-06-01,1979,6,NA,NA,NA,NA,NA,NA,NA,NA,NA,NA,NA,NA,NA,NA,NA,NA,NA,NA,NA,NA,NA,NA,NA
1979-07-01,1979,7,NA,NA,NA,NA,NA,NA,NA,NA,NA,NA,NA,NA,NA,NA,NA,NA,NA,NA,NA,NA,NA,NA,NA
1979-08-01,1979,8,NA,NA,NA,NA,NA,NA,NA,NA,NA,NA,NA,NA,NA,NA,NA,NA,NA,NA,NA,NA,NA,NA,NA
1979-09-01,1979,9,NA,NA,NA,NA,NA,NA,NA,NA,NA,NA,NA,NA,NA,NA,NA,NA,NA,NA,NA,NA,NA,NA,NA
1979-10-01,1979,10,NA,NA,NA,NA,NA,NA,NA,NA,NA,NA,NA,NA,NA,NA,NA,NA,NA,NA,NA,NA,NA,NA,NA
1979-11-01,1979,11,NA,NA,NA,NA,NA,NA,NA,NA,NA,NA,NA,NA,NA,NA,NA,NA,NA,NA,NA,NA,NA,NA,NA
1979-12-01,1979,12,NA,NA,NA,NA,NA,NA,NA,NA,NA,NA,NA,NA,NA,NA,NA,NA,NA,NA,NA,NA,NA,NA,NA
1980-01-01,1980,1,0.195381163180002,0.100947012633981,2.04432491095891e-06,0.0330138769649011,-0.000378840843696993,0.409880539090501,0.881958881602031,0.866678311276985,-0.173857009512005,-0.3210463002906,1.29094761100714,0.269994082305004,-0.402149556491501,0.723875831045973,0.849230941667031,-0.00262406411319027,-0.00405155232141974,-0.204901228548898,-0.5249543480179,0.140635680946101,-0.384318667071899,2.00999999999999,2.01999999999998
1980-02-01,1980,2,0.554061948682033,0.300786810494003,7.93099461194983e-06,0.2677720269708,-0.00554520742904707,-0.0849742167867049,1.82351979831196,2.09439499905301,-0.765146817995003,-0.487117537720398,-6.62111361601274,0.12462065302401,-0.396351567013298,1.925526650628,2.076006035337,0.00135979600044056,-0.0101329619166699,-0.1789777637561,-0.799001500311896,-0.120395816031998,-0.9193973163439,1.96999999999997,1.97000000000003
1980-03-01,1980,3,0.279063186192957,0.123347042573982,5.20598064701703e-05,0.169060772285,0.00211964638919893,-0.604519929298199,0.826260446093954,1.146130365651,0.269053213476013,-0.297529699210898,-0.464384830003837,-0.232165961828002,-0.650588890786999,1.08606750190199,1.10278792540601,0.00811778407509944,0.0121652139236699,-0.3577814760257,0.148159983727901,-0.303149496053003,-0.154989512325198,1.72000000000003,1.72000000000003
1980-04-01,1980,4,0.368651631558976,0.239691299131039,0.0001110159470328,0.8031647252878,0.00545022167048803,0.467870948877703,2.37482055395799,1.75731738534398,-1.072225270736,-0.786914689266499,5.84790266699565,-0.487845054149005,-0.910775798684,2.43859624251701,1.761860563867,0.00915691480989,-0.0021204917883999,-0.4311106310704,-0.708241326004504,-0.0592325100360007,-0.767473836040498,1.68000000000001,1.67999999999995
1980-05-01,1980,5,0.383522148920008,0.245809909057016,6.50005864234696e-05,0.546493091846301,-0.00324143149663592,0.100058642678604,2.05808861726098,1.94789675904201,-0.22507547024,-0.122632522513602,-1.64677312299318,-0.306771469391975,-0.0894965179126999,2.04371027700103,1.967754101401,0.00760087636266027,0.0109859958743099,-0.132450364317402,0.114832003752902,0.034235682619002,0.1490676863719,2.18000000000001,2.18000000000001
1980-06-01,1980,6,0.121133894964998,0.168494935201011,-3.81598611719006e-05,-0.00300036309749885,-0.000504802323163966,-0.0852592613133041,0.669218132032029,0.701451499013956,-0.0327001373800044,0.0040271832546992,0.991481870994903,-0.0330502309650171,0.0097449248495991,0.300564895311993,0.713887780138009,0.000792395238589982,0.00145027354536031,-0.0477250101122895,0.0060678351798984,0.381089517844099,0.387157353023998,2.60000000000002,2.61000000000001
1980-07-01,1980,7,0.257734328075969,0.11778032828903,-3.70106770159959e-06,0.0736552422259003,-0.00217231340603896,0.486691322523299,1.420030834096,1.06453815332998,-1.506251871416,0.00299239437800125,-12.7259990330058,-0.0368462152770235,0.353377105581298,0.700065340631966,1.074407277771,0.00102110214278994,-0.01696648409182,0.0642400008714699,-1.1190209449357,0.729834617904999,-0.3891863270306,2.87,2.86999999999995
1980-08-01,1980,8,0.111432706664971,0.262929722495016,-1.68984541250011e-05,0.097139911790098,0.00805875575659898,0.6233809871445,0.618493891294975,0.131324937469003,-1.33947065746099,0.1469622125096,-6.33366491900233,-0.041886641900021,0.171539184215099,0.419709222871006,0.137300551450039,-0.000448100809490093,-0.02091041457621,0.0807916657319812,-1.2730070438555,0.204760282405001,-1.0682467614505,2.85000000000002,2.83999999999997
1980-09-01,1980,9,0.00392131794899342,0.266772995864983,-4.45415675722708e-05,-0.1976989718464,0.00104794056536095,-0.512884595676802,-0.510622711358053,-0.231508229794031,0.883882321495008,0.369899372538598,-7.85381504599354,0.215326683238999,0.245901604881499,-0.407574557951023,-0.219368137278991,0.0071922998694598,0.0132887917878799,0.126591054188602,0.544557870598894,-0.0909080608920014,0.453649809706999,2.03000000000003,2.02999999999997
1980-10-01,1980,10,-0.083383362258985,-0.141254831790945,-7.08882710840891e-05,-0.0428722447958982,0.013926869158616,-0.288394222044701,-0.506799089904973,-0.675253691095008,-0.100095693620005,0.5571493735597,4.32788095799333,0.181440244171995,0.568992563675799,-0.773958251320039,-0.663881344992035,0.00910628288743975,0.00388120208114984,0.0909883466503008,-0.269692747675897,0.278531507518,0.00883875984209936,1.45999999999998,1.46000000000004
1980-11-01,1980,11,0.0550665720460302,0.0396869549629741,-5.46176693851097e-05,-0.229721900657502,-0.00654289387595197,0.136969182573203,-0.467189371868983,0.0945809684139931,0.702228415455011,0.289402247640901,-7.73979560699081,0.0826181817360236,0.1889112662858,-0.110560168736015,0.0852414363109801,0.0116064841172898,0.0159647533585199,-0.0469304326579998,0.5191192523639,-0.365968735235999,0.153150517127902,1.56999999999999,1.57999999999998
1980-12-01,1980,12,-0.165066168270982,-0.0441155437300154,-7.33731826123105e-05,-0.232860016252101,0.00438246333941805,-0.344552074942598,-1.44591147968998,-0.762473124991004,0.84966405144101,0.522724842558702,1.2426608879905,0.223785037883999,0.350336433365698,-1.08926204070798,-0.782596624181963,0.00860047558604027,0.0142054851317903,0.0568284744159016,0.453490604363999,-0.376772938172902,0.0767176661911009,1.75,1.73999999999995
1981-01-01,1981,1,0.336288693249003,0.128852433640986,-2.30241273333088e-05,-0.0647289002425993,0.00757027588223502,-0.237948565717303,0.735458203928999,1.15425846992497,-0.0768379524039915,-0.2045173840594,-4.7428934010095,-0.0245486224640104,-0.262555644536299,0.617628673882052,1.14964349588496,-0.00181403641393008,-0.00573044832007019,-0.140493584859401,-0.110327590416901,0.113214556006902,0.00288696559010049,1.61000000000001,1.61000000000001
1981-02-01,1981,2,0.119854438788991,0.0133269839270156,1.97273709939012e-05,0.218014942887301,0.0203576386514951,0.8631852378915,0.918315004318004,0.127973744863027,-1.387210753179,-0.590009355238401,-0.376541177000036,-0.335982539186006,-0.558191862261701,0.383452455356974,0.141623351423959,-0.00291055902587978,-0.0162527747680601,-0.246440783237999,-1.0194107210163,0.548512155522001,-0.470898565494299,1.49000000000001,1.47999999999996
1981-03-01,1981,3,0.22787742363704,0.110002941888979,5.32470878942311e-05,0.202410051454599,-0.00230296616193892,0.218933299722998,0.796623158718035,0.737603525295015,-0.509995108628004,-0.620433687933502,-13.0665485960053,-0.251800416855986,-0.573762081379705,1.12825325226402,0.781180445304983,-0.0129236847776295,-0.0162385855477001,-0.0709433587317001,-0.211523085218204,-0.288053173535999,-0.4995762587542,1.77999999999997,1.78999999999996
1981-04-01,1981,4,0.0471655125920165,-0.131952443703028,-8.93218280301894e-06,-0.243086409356899,-0.00406429052777002,-0.669794553881502,-0.336139010753982,0.0228284829090057,0.383486840031992,-0.417103116050299,3.25464972300688,-0.0839146251369982,-0.604226830910498,-0.149081704676007,0.0460822155729943,-0.0125768640947799,-0.00516244237677022,-0.0960698999184988,0.280277750308805,-0.163803573414,0.116474176894798,1.68000000000001,1.68000000000001
1981-05-01,1981,5,-0.127598237885991,-0.0670405453760168,-8.54054588950905e-05,-0.326492578499,-0.000131346391830101,-0.621410310256699,-1.30062397118303,-0.702984362123004,0.753644553621996,-0.2531780445862,4.15354185100296,0.0668422498319785,-0.437087409434099,-1.02692232218703,-0.697164679669015,-0.00522904272043023,0.00157937107822992,-0.0514963181066985,0.502892938942097,-0.267881966541999,0.235010972400099,0.990000000000009,0.990000000000009
1981-06-01,1981,6,0.0640822674790229,-0.247834538526035,-2.15787329876007e-05,-0.268969295362901,-0.00595018007799308,-0.467016643388099,-0.621514984615999,0.238980738045996,1.151098779796,-0.295284942374501,-14.8592907639977,0.0127575473950117,-0.422847030148802,-0.290622696042988,0.247673454067012,-4.57747951800869e-05,0.0146351795400697,-0.07893633070662,1.0107791446267,-0.322199572552002,0.688579572074701,0.639999999999986,0.629999999999995
1981-07-01,1981,7,-0.106597820562001,0.0156435984949894,2.18936081298991e-05,-0.00062469239859908,0.010510134135057,-0.0320687173247052,-0.70741952905604,-0.600813074417999,0.524377802570001,-0.0393054944448998,-1.6643268379994,-0.0979751232389958,-0.1503338960547,-0.226104610228958,-0.590512544334956,0.000696010034929806,0.00634020219789999,-0.00325315033437867,0.511324524199203,-0.471014388743999,0.0403101354552007,0.79000000000002,0.79000000000002
1981-08-01,1981,8,0.0370872529230155,0.0102743148580089,-5.03139594717986e-05,-0.4296402648372,0.00321788590838001,-1.3837135879601,-1.60563318644898,0.137377303587016,2.80261499316001,0.0762423054029,-15.0871967830026,0.234926369334005,-0.1273712734382,-0.481681183104968,0.150388767087009,0.00260970243731018,0.0352571104111803,-0.017891661217611,2.3640750449849,-1.110940539844,1.2531345051409,0.859999999999957,0.870000000000005
1981-09-01,1981,9,0.0285160651640126,-0.140634282959013,2.91751858462006e-05,-0.0927598209256999,0.00875091550018103,-0.577723455945701,-1.14424109382998,0.000281160250040102,2.05567007225099,0.0551482473366995,-12.2066235149978,0.0689520848559937,-0.0847429295438005,-0.136203954513974,-0.00419067891101577,-0.00183230009829982,0.0228837455939601,-0.0511438729433014,1.8468268105145,-1.012508978477,0.834317832037399,0.920000000000016,0.920000000000016
1981-10-01,1981,10,-0.0185403173910004,0.0128217392819465,-2.30453301348302e-05,-0.341586723696302,0.00846323693356499,-0.865077346947302,-1.65879479773503,-0.194465916197998,2.212615395157,0.242683472526302,-5.66551409100066,0.22340464359101,0.0433842318653035,-0.590403457813977,-0.203101600186983,-0.00688808427011978,0.0155471681966102,0.0271666148332006,1.789911510905,-1.07702702391,0.712884486994902,1.25,1.25
1981-11-01,1981,11,-0.170440686237043,-0.00404226278197939,-5.97100628259e-05,-0.2100128006578,0.00890609428746303,0.581603048491097,-0.630458059737009,-1.21926598224701,-2.47422474189099,-0.0724272475730992,3.22466159499891,0.224165996985988,0.254564960311605,-1.17566763916096,-1.21528928338699,-0.00488281949265001,-0.0433217081410397,0.0914262157878998,-2.37139853099229,0.549186278284001,-1.8222122527083,1.24000000000001,1.24000000000001
1981-12-01,1981,12,0.0211099719309686,0.122614458838996,-4.36147902793411e-05,0.0345179611359008,0.013986729305833,0.812750616310794,0.0809774784639785,-0.228521306998005,-2.86569262087201,0.130166950964199,-4.85144489699451,0.0614325487559881,0.431061529766197,-0.179839703502012,-0.196702635462032,0.00363797806068966,-0.0400608595152101,0.198189283428899,-2.626230590826,0.292635853501899,-2.3335947373241,1.10000000000002,1.11000000000001
1982-01-01,1982,1,-0.683900505204008,-0.260541843915007,-0.00011826261517304,-0.372631843612503,-0.00318927063791807,0.288121260637404,-2.56033808182303,-2.60979531707596,-0.765979979918995,0.280198086007299,2.25144854700193,0.253781451446031,0.578359467005001,-2.52955684540603,-2.582479608033,0.0136595265819297,-0.00356485590124,0.349613612468501,-0.7216000503673,-0.00346552737400074,-0.725065577741301,1.18000000000001,1.19
1982-02-01,1982,2,-0.475380085642996,-0.32937624352104,-0.000128521087993121,-0.392951290931901,-0.00773444068653506,0.628134594443502,-2.10726671494297,-2.01408645833203,0.616979313801011,0.814890788827398,2.59336351700767,0.330069301414994,0.925281633044001,-2.03826633931999,-2.00072954664995,0.00204252914436953,0.00337137468055015,0.457145387295199,0.397300856602598,-0.0556434639409034,0.341657392661698,1.19999999999999,1.20000000000005
1982-03-01,1982,3,-0.722643943613036,-0.240658006901015,-0.000153852203040471,-0.379543644503901,0.00855827079460691,1.4915559764625,-2.004934188287,-3.08096850093403,-2.26690212618999,0.7757040022761,18.06525861501,0.25412271417099,1.1434812204899,-2.98077280667798,-3.08356826743,-0.000234478488890133,-0.0349806972155,0.417963583718599,-2.1532476221472,0.973238851895001,-1.1800087702521,0.850000000000023,0.819999999999993
1982-04-01,1982,4,-0.441296728943996,-0.0552072979280069,-0.00016004215803605,-0.234392682881701,0.00272799549559599,1.3496591479625,-1.07795867335199,-1.85829351604099,-2.69890623954899,0.0292416028526006,-10.0674434829998,-1.013142129128,0.478557110531298,-1.94820501658097,-1.88457186888104,-0.0256155144567303,-0.0461314354843099,0.249171289759499,-1.2364486027423,0.843967990388901,-0.3924806123533,0.839999999999975,0.830000000000041
1982-05-01,1982,5,-0.288114802403015,-0.190682313193008,-6.17512240837694e-05,-0.178403948359101,-0.007706588925947,0.614177993231799,-1.15245346332398,-1.37948074918501,-2.35970791167301,0.182667447851301,-12.0836071430094,-2.35599809399699,0.0543244001451981,-1.112079256122,-1.41777021068896,-0.0584023805736997,-0.0559157853789496,0.1026796820675,-0.1320528653821,-0.0786636687059996,-0.2107165340881,0.939999999999998,0.939999999999998
1982-06-01,1982,6,-0.319102696453001,-0.0134716667939756,-5.95508465615988e-05,-0.108635626266,0.00791044748576109,0.787209422677499,-0.594331806371031,-1.71132432750898,-3.07698981591798,-0.0867942476771013,-19.4535679130058,-2.86494234055101,-0.128908980088799,-1.07579242717304,-1.739345636699,-0.0746162350634196,-0.0716574808706496,-0.00412658214394135,-0.254162207778698,0.453439311612001,0.1992771038333,0.860000000000014,0.860000000000014
1982-07-01,1982,7,-0.171865532936977,-0.412781338118009,-0.000104320825570599,-0.2858252344116,-0.00396598957198091,-0.8961425428312,-1.76978887496199,-0.984211249861005,-0.730829850926995,-0.289365949284701,-21.3591473150009,-3.58255812560799,-0.791509070835399,-1.20623853875003,-1.00628749022604,-0.0932391853615702,-0.0507041689885503,-0.149915575269551,2.3495851531303,-0.585626576576999,1.7639585765533,0.519999999999982,0.54000000000002
1982-08-01,1982,8,-0.357672535554002,-0.246337457176992,-2.52176554650131e-06,0.4343534882196,-0.00141692196589294,1.5455264652792,0.335901215684999,-1.81701623859101,-4.78546957887602,-0.595130298085699,-5.40583230300399,-4.162815421841,-0.673677766958498,-0.577949510639996,-1.83821868785805,-0.0918226835412499,-0.0939242346913503,-0.17539163098772,-0.7012016259078,0.892648277058001,0.191446651150098,0.0300000000000296,0.0299999999999727
1982-09-01,1982,9,-0.248177197893028,-0.309542919571015,-7.22853692761392e-05,-0.0390215370054001,-0.016005207072008,1.4771365918099,0.593734208222997,-1.02281922060001,-5.43462705994699,-0.8411706737662,-7.07991333400423,-4.05649383976001,-0.7521977173732,-0.834192544098983,-1.03119140915697,-0.0845854702890301,-0.0962450743760201,-0.2351192223624,-1.289160263794,1.419554563765,0.130394299971002,0.189999999999998,0.180000000000007
1982-10-01,1982,10,-0.153377361846026,-0.403462807567962,-5.77074073829908e-05,-0.200567577671197,-0.00548269319197503,0.792684225579201,-0.284352236132975,-0.633543803473003,-2.69487910208602,-0.8840108166027,-10.6081315920019,-4.074868581825,-0.969283708919701,-0.694353624245025,-0.632572868606985,-0.0758017117423702,-0.0528090158675401,-0.131940258083301,1.294716587422,0.410972322977997,1.7056889104001,0.54000000000002,0.550000000000011
1982-11-01,1982,11,-0.0793090394729461,-0.190248108634023,3.20212136499e-05,0.144310754615901,-0.000415345754830043,0.127733922295697,-0.277161391291997,-0.229105998137982,-1.11780547019302,-0.805581057962101,-12.0872176600096,-4.168473736858,-1.1720001078312,0.108677240427994,-0.218158853863997,-0.0743310774988797,-0.0308813407560602,-0.231933408030201,2.6842492167959,-0.374891487446,2.3093577293499,0.779999999999973,0.769999999999982
1982-12-01,1982,12,-0.0557003904920066,-0.157181705799019,1.10119979611512e-05,-0.118775182588401,0.00470632294247397,-0.215586647632598,-0.0565349698740079,-0.0164529560530013,-0.0541664017179926,-0.865504648264498,-6.59504326499882,-3.72727558407803,-1.2145530390663,-0.0899077912250164,-0.00861239807699121,-0.0715825683931799,-0.01761408270273,-0.3026125868567,3.3240607915582,0.0412133793270009,3.3652741708853,1.02999999999997,1.01999999999998
1983-01-01,1983,1,0.348180974979016,0.339985997443023,9.55461831490291e-05,0.252716240150402,0.00645105123697309,0.3394921795432,1.50945380117702,1.34091915340497,-2.159733417213,-0.467626694323499,-11.3958136199944,-3.55261945938801,-0.795459389485401,1.27576774714498,1.34456816866401,-0.0694762926582602,-0.05041428821341,-0.269839807046299,1.06505334701311,0.237335069290999,1.3023884163041,1.00999999999999,0.96999999999997
1983-02-01,1983,2,0.297006950099956,-0.140600638237004,0.00011258123085702,0.245063988430001,0.000384852708861017,-1.8588422267995,0.330459836383,1.70344908860602,-0.0286511922160173,-0.360072556749799,-10.3598025310057,-3.29803854737298,-0.849080827102405,1.57625578288599,1.70187103229995,-0.0535873323433496,-0.01395707435627,-0.2048432686209,2.7803790848044,-1.2473740028091,1.5330050819953,0.79000000000002,0.799999999999955
1983-03-01,1983,3,0.421079849253033,0.368262276827011,8.47069693355601e-05,0.202231230993,-0.016075758283697,-1.4352466251936,1.05219095185197,1.85696283099304,0.0420774401229949,-0.3193925253549,0.199873997000395,-3.11726511211299,-0.793339682585298,1.77080495842398,1.85416206093998,-0.0395981078148901,-0.00140378500106975,-0.1718109493125,2.6853953950056,-0.7214147766251,1.9639806183805,0.810000000000002,0.860000000000014
1983-04-01,1983,4,0.197787479199974,0.200697753961038,6.52173247025489e-05,0.0125374915091001,0.00468660226071604,-0.528961487256296,0.497319924145984,0.910211844650973,-0.217044906070015,-0.180825428218199,0.732089480996365,-1.751953262093,-0.549818775792801,0.944806519115957,0.90072067265703,-0.0124711414656899,0.00231437171746007,-0.1191494278024,1.16591500844839,-0.456977766963899,0.708937241484403,0.990000000000009,1.02999999999997
1983-05-01,1983,5,0.273868003068003,0.339414583964015,0.00010543316388135,0.229781959220801,0.0126501152100851,0.5619374270699,1.81673942706999,1.16877704295302,-0.835866565419991,-0.320436354165903,-9.64940565598954,-0.491319780053999,-0.3866722059268,1.31269192572603,1.16695188463399,0.0144879706808099,0.00747436983159,-0.125621647844101,-0.4107826371269,0.502222343025,0.0914397058981002,1.46999999999997,1.48000000000002
1983-06-01,1983,6,0.157875467962981,-0.0215114813869945,7.29512319558989e-05,0.213918686049102,-0.00457262938673708,-0.098148124911198,0.521434496362986,0.977511120119004,0.397125614157005,-0.0394733360424979,16.1301882709959,0.135022624073997,-0.193645160473,0.889726004430031,0.979483856118975,0.0281078952141898,0.0223936300470697,-0.0497653461637988,0.107931165652495,-0.3663187720671,-0.258387606414498,2.00999999999999,1.98999999999995
1983-07-01,1983,7,0.0202640064570119,0.403232231381992,9.82045375679998e-05,0.368572320617098,0.000183732145149995,1.5518261082234,2.06157214088904,0.493359181274002,-1.40802196253401,-0.197268550574599,24.1659992030036,1.10538975944499,0.0551745594370985,1.13822321425101,0.494055713967043,0.05209217304987,0.0140373281952004,-0.0244764090224798,-2.2609686119673,0.924045459330998,-1.3369231526363,2.38999999999999,2.28999999999996
1983-08-01,1983,8,0.253075623727,0.337552899657965,6.95106285995006e-05,0.209579074892503,-0.00189852501820698,-0.316353047664798,1.24705160530499,1.31619696835202,1.57912902324401,0.0447309230378998,3.84030288099893,1.702105258552,0.1232221731841,1.170775897108,1.31284576299203,0.0587343061516199,0.0529731509898803,0.00592955896873093,-0.0444849851617946,0.0729245028369014,0.0284395176753023,2.50999999999999,2.45000000000005
1983-09-01,1983,9,0.239185202237024,0.300589803237017,8.16328115948589e-05,0.208944281469901,0.013957651347541,-0.687793150433002,0.636291967485988,1.03246041078103,2.14850219924099,0.312036993393701,-5.05233693499758,2.10950518924201,0.293007428056299,1.10481328569597,1.03371166716295,0.0606588573479399,0.0545710283674903,0.1140802197421,0.0199674446615958,-0.467270061828099,-0.4473026171664,2.36999999999995,2.39999999999998
1983-10-01,1983,10,0.0286061838590399,0.418167763543977,5.266060548814e-05,0.229346043579099,-0.00623506880698099,-0.418986360963601,0.358888203557001,-0.0452598076170148,0.443967297305022,0.2332807931943,2.98296439700061,2.45570739787399,0.346683252534202,0.210986961494029,-0.0468767128340346,0.05892466250158,0.0273520973143002,0.0594175339697003,-1.89833764122911,0.146284336846001,-1.7520533043831,2.13999999999999,2.17999999999995
1983-11-01,1983,11,0.117180467344951,0.0822430347930094,-7.59883673350104e-05,-0.238956762047501,-0.00247646632867804,-0.750936560572598,0.199314145655023,0.698777074735005,1.79845031733902,0.510088573365699,-3.12824605198693,2.86700681912001,0.613749499136404,0.0629541660869677,0.696881010728021,0.0643481079997996,0.0454514753369,0.1684067244312,-0.964895576010299,0.134463915561,-0.8304316604493,1.88,1.92000000000002
1983-12-01,1983,12,-0.203861864261967,-0.209253787294983,-8.41733406463704e-05,-0.2906984638228,-0.00541940225766901,-0.835897744699402,-1.66363215452299,-0.982149230885,2.22746757414299,0.915232618507197,4.99655667699699,2.86906022847202,1.0581161503334,-1.17369739339597,-0.985991418093022,0.0666544906696904,0.0504871578881501,0.3618782066506,-0.498709122502795,-0.493776948335,-0.992486070837899,1.72000000000003,1.73000000000002
1984-01-01,1984,1,-0.220188997019022,-0.552812538307023,-0.000120745182750239,-0.421278957986999,-0.0204365403929301,-0.839143451440201,-1.71946431709699,-1.262168557667,3.54270460705499,0.668946571016299,17.1497099219996,2.69769245087198,0.634202236855195,-1.482062113545,-1.26276979070201,0.0575420855654007,0.0692050853497501,0.188034334368599,0.810267822021899,-0.238003436587,0.572264385434902,1.94999999999999,1.95000000000005
1984-02-01,1984,2,-0.37377373700599,0.0140789706180158,-0.000182273181874339,-0.573125177740103,-0.004505589032886,0.565146042405495,-1.61639741917702,-1.737549881429,1.289457985024,0.678500264958402,11.9197923190077,2.72043358311899,0.832250641056802,-2.43117560003896,-1.73513928739999,0.0493315444812996,0.0332552512532502,0.1625349251707,-1.2772252219966,0.817188774891001,-0.460036447105701,2.07999999999998,2.11000000000001
1984-03-01,1984,3,-0.115347086678014,-0.372156372655979,-0.000113480478930931,-0.4247997148221,0.0103882582893239,0.909943740793004,-0.698540653385976,-0.61619485077,1.47198946220101,0.601678131171102,-17.4686350090051,2.44591517424499,1.0334351373306,-1.16536623703598,-0.619459781634987,0.0502806280250296,0.0391303987308698,0.1851551488197,-0.5421687058845,0.463560652785098,-0.0786080530995008,1.91999999999996,1.90000000000003
1984-04-01,1984,4,-0.129270026860013,-0.35617749005803,-3.70178631510891e-05,-0.133565447292202,-0.00161106400186695,-0.568771497541398,-0.782878459317999,-0.773032657768965,1.78472496501001,0.678132997947799,-9.23613536800258,2.229919152413,0.816546757700806,-0.913611506614984,-0.771223229060979,0.0380556694460501,0.0324340159920098,0.0931771533652004,-0.306780427649997,0.132542476005,-0.174237951645001,1.68000000000001,1.62
1984-05-01,1984,5,0.00504966155199327,-0.292321615876006,-9.53841538830595e-05,-0.222982286560402,-0.00163851396816606,-0.989079466242202,-0.902356850070987,-0.152591755608,2.168364398113,-0.0912816211648,1.21306970699516,2.108858294176,0.0524859942887019,-0.496851455506999,-0.153217628634991,0.03580193420051,0.0357989782995598,-0.0331448039169988,0.203273719390502,-0.406131267591,-0.2028575482005,1.49000000000001,1.47999999999996
1984-06-01,1984,6,-0.206303065615998,-0.0487039015039841,-0.000110694058744299,-0.302453115269401,-0.00145920298346991,-0.827632911615304,-1.61212369148899,-1.30943487836498,1.25461430092298,0.0595447963669002,3.33220367800095,2.13102762879799,0.2170176016526,-1.31760089637402,-1.314867486487,0.0423011845839598,0.03077558388626,0.0380876093193798,-0.7189405225893,-0.299955403236901,-1.0188959258264,1.06999999999999,1.09000000000003
1984-07-01,1984,7,-0.131973212825017,-0.404992818443986,-0.000127005875347499,-0.6639093365918,-0.0135583753900801,-0.65108365012,-1.86223165652001,-0.858235175564971,2.88593202653402,0.185833565857799,-9.57787188699876,2.145237483155,0.189297497438801,-1.86462636924301,-0.867173317998038,0.0382907807008301,0.0515943868646298,0.0694644255175199,0.744158474959995,-0.00654342970999977,0.737615045249999,1.06,1.12
1984-08-01,1984,8,-0.16917555281799,-0.470299102662977,-0.0001486396156525,-0.763095345751303,-0.00887985554741511,-1.2181270818088,-2.53826217448596,-0.870554583326054,3.677250917002,0.492116704499999,5.41247705600108,2.068978206423,0.349463051419598,-1.88136471861003,-0.870952098944997,0.0328995451152903,0.05613486369153,0.126138664661319,1.4656190574986,-0.6572949714948,0.808324086003701,1.58999999999997,1.65999999999997
1984-09-01,1984,9,-0.202975935574045,-0.663529376004988,-0.000167723263001719,-0.615697414138701,-0.02025861445265,-0.573070369141796,-2.23899293929696,-0.824797902999023,3.37626939042599,0.2680358998897,15.6289895529917,1.73173372090099,0.298019011232299,-1.91313830644901,-0.827437653522964,0.0260732842157201,0.0531630770003,0.0566427426009,1.6745187808676,-0.328494383371901,1.3460243974956,1.60000000000002,1.63
1984-10-01,1984,10,0.0180412929389604,-0.168048465195,-5.03562873186095e-05,-0.105813973277399,0.00511750234133401,0.649970353220098,0.125542737426997,-0.0299221165749941,0.836181661537978,0.301532653361598,8.01877799601061,1.31093119488,0.404678998737296,-0.0739050956669871,-0.0257345582990069,0.0291000845340599,0.0232380755746298,0.0333790452830005,-0.371603187966294,0.20363539137,-0.1679677965964,1.24000000000001,1.22000000000003
1984-11-01,1984,11,-0.223613619567971,-0.224019982179982,-1.66695045432687e-05,-0.1230990299021,-0.00401658569402397,-0.395653450721802,-1.701379149844,-1.13913785708803,2.75555475626498,0.6769074515061,10.3687431639992,1.163490689969,0.569389533567097,-1.05224996195597,-1.14132154985799,0.0277103853410905,0.0505796135015602,0.1396183956823,1.484546148357,-0.651312880658001,0.833233267699001,1.33000000000004,1.26999999999998
1984-12-01,1984,12,-0.203463217147998,0.0459779247680103,-1.60759779282808e-05,-0.0662430923255002,-0.00846383810516393,1.9223175523959,0.432594733934991,-0.795601176132948,-1.51368706789899,-0.2443791224688,17.1014123030036,0.82364992305699,0.0304637594332036,-0.802049490381989,-0.802274222844005,0.0199141404185799,-0.00478667656967025,-0.0543218060528989,-2.062494109054,1.2279711776059,-0.834522931447999,1.50999999999999,1.46000000000004
1985-01-01,1985,1,0.0895976291900524,0.0350333893010202,-3.448123460645e-05,-0.0190627788710032,-0.00971411754488599,0.568147747350402,0.141117906384977,0.533287218800012,0.171107002765012,-0.0416864468892975,-13.5732626690005,0.508116616479015,0.0630905404025057,0.342721255175036,0.532015315971023,0.0182398733144096,0.01372628469516,0.108038630004701,-0.232232626422203,-0.202875251618998,-0.435107878041201,1.03000000000003,1
1985-02-01,1985,2,-0.22721583195397,-0.196000404642973,-6.29397498966011e-05,-0.343734549697498,-0.018778375465703,-0.272311076707595,-1.28272053352902,-1.16136018974299,0.819230865535019,0.108424836580699,2.4438471129979,0.713179804323005,0.105453186098401,-1.323309045673,-1.16358926610701,0.01299338936591,0.01676850955818,0.0679278877134006,0.103079410729698,0.0383594357798991,0.141438846509701,0.980000000000018,0.95999999999998
1985-03-01,1985,3,-0.160611506976977,-0.27267430553303,-7.82487917293934e-06,0.104139184260802,-0.00858504572863694,-0.00433082122840034,-0.502284493278012,-0.749258263744025,-0.0325370655190227,0.220972547041999,14.4255607119994,0.504548932172014,0.180698656323699,-0.660342382017006,-0.740190583236995,0.0136576996245603,0.00539974372426988,0.0888024437628001,-0.577359888409298,0.167125569246,-0.410234319163301,1.68000000000001,1.70999999999998
1985-04-01,1985,4,-0.0854531510919969,-0.0138891494650011,-4.43383956181698e-05,0.0456832774543017,-0.00877550020959805,0.7623484061764,-0.0908759005199613,-0.688807049496006,-0.449615916847023,0.0980754310194989,6.27141389800818,0.393375250791991,0.0935741841002979,-0.364361736375997,-0.688259667739032,0.0194346843106898,0.00797195003889994,0.0467933112043006,-0.847492414558197,0.274033217612999,-0.573459196945201,1.75,1.76999999999998
1985-05-01,1985,5,-0.308692742905009,-0.313233230796016,-8.73791953734607e-05,-0.2482807520515,-0.00834238016142097,0.577149130120503,-1.241588157938,-1.189319271746,0.788102652030005,0.481476135704302,21.4600290069939,0.536564912811002,0.634305751595697,-1.59743096749304,-1.18986751624504,0.01792411289096,0.02254197683494,0.203165512010099,0.404367355110402,0.355294565055999,0.759661920166399,1.44999999999999,1.42000000000002
1985-06-01,1985,6,0.0260729863460369,-0.281710418719001,-0.000120763995271611,-0.472886051471999,-0.015817483382221,0.123203919594303,-0.797417559971962,0.000128276108966929,1.31759791306902,-0.243438461384201,-10.445067853987,0.635879335574998,-0.2237929286648,-1.02015499939199,-0.00188475616397454,0.00753625621481024,0.0181918699795602,-0.0818168587407904,0.701364110213405,0.220724407146999,0.922088517360603,1.69,1.67000000000002
1985-07-01,1985,7,-0.0631241207780135,-0.248820805617981,-9.7503613780801e-05,-0.1937989639442,-0.00302677085453595,0.0929276799867012,-0.291151853826022,-0.316480268318003,0.592139379929989,-0.224780363325198,2.84771053600707,0.326972572094007,-0.254437819478099,-0.688464730476994,-0.313731168571962,0.00268431536080005,0.00688868146173993,-0.16063873201729,0.235509351683106,0.400061976397001,0.635571328080101,1.72000000000003,1.73000000000002
1985-08-01,1985,8,-0.00617509991002407,0.0768648648310091,3.04384493806011e-05,0.1977742885434,0.010881094187372,1.2531562368929,1.143413557445,-0.325519098911968,-2.60849978111301,-0.237202017052599,-6.8388022579893,-0.0346720692669749,-0.134711470703898,0.334437950918016,-0.324606675375037,0.00493026527085982,-0.0313898194956801,-0.0951464463682097,-2.4713371654973,0.809888030063899,-1.6614491354334,1.20000000000005,1.23000000000002
1985-09-01,1985,9,-0.105950354772972,0.36168363858701,2.04243002312893e-05,0.2124183072875,0.0111238421918329,1.36838230932349,1.14807761558899,-0.815115908558028,-3.631619702931,-0.235023290915198,-0.0551533599937102,-0.00554862619799223,-0.0251021683586998,-0.0832858407729873,-0.815020594808004,0.00970499958532001,-0.0425163473177301,-0.0583669360116996,-3.4161499541765,1.231458770112,-2.1846911840645,1.24000000000001,1.25
1985-10-01,1985,10,-0.180988836197969,-0.297736822862987,-4.66983557721491e-05,-0.166560952505201,-0.00859868884510095,-0.179334852818201,-0.658672697327006,-0.748005041084014,-0.67923606392398,-0.0711884313707003,-6.79897368499951,0.0944553587760026,0.0473560785228031,-0.976408764311998,-0.755174985856968,0.0132742052685502,0.00218240702773009,0.00501533317559932,-0.655146912806501,0.310566122212002,-0.344580790594399,1.64999999999998,1.65999999999997
1985-11-01,1985,11,0.0238340044759866,-0.0961643818309881,-2.82528018531302e-05,-0.0999459681898998,-0.000380244719594969,0.8056863019901,0.790914312489974,0.113115431514018,-1.18452702792698,-0.125162198105301,-4.75546702100837,0.149737344192005,0.0988296856684983,-0.143867410612984,0.111486410911994,0.0161652369215401,-0.00345387058797009,0.0273021052153002,-1.1102724883452,0.933152702501001,-0.177119785844198,1.63,1.65000000000003
1985-12-01,1985,12,0.18473127963,-0.0609207257990079,-3.83936792491997e-05,-0.108380600200601,-0.000301910597625077,-1.1073614279886,-0.959671466669988,0.481764916477971,1.488400448036,0.473494795022599,-20.914849482011,0.13253260667301,0.301209533766695,0.257837310066975,0.490370444994028,0.0139852658108603,0.0231058663620303,0.0419760742742987,1.1835825801071,-1.2089032482209,-0.0253206681138991,1.55000000000001,1.52999999999997
1986-01-01,1986,1,0.019750531676948,0.129695197565979,2.99218844620891e-05,0.0515081065532002,0.0175660920386491,-1.0178859666198,-0.348808977661974,-0.229160979429025,-0.434775244033005,-0.310947284131803,-14.7835398790048,0.0502573310259891,-0.480005063625406,-0.136697206836004,-0.222744460204979,0.0076538868234497,-0.00318278348589995,-0.4059367033213,-0.654090354552601,-0.205695251601902,-0.8597856061545,1.75999999999999,1.75999999999999
1986-02-01,1986,2,0.542090380766012,0.0204166817059672,-3.10074145794953e-06,0.000155714325497769,0.00323598682316401,-0.912710615367402,0.813373888888009,2.29030248333197,1.00276160014198,-0.698253693409601,-24.2638808689953,-0.272362931288995,-0.839040874896,1.60825768578098,2.29641038885501,-0.00484053187975952,0.00766937817661972,-0.391081877117401,1.1343373499446,-0.788775891369898,0.345561458574601,1.53999999999996,1.56
1986-03-01,1986,3,0.17367379099295,0.122915998935014,-2.35581301229002e-05,-0.250510510250702,0.012648042454138,-1.1809655861313,-0.229799109628971,0.809695415112969,1.704852485592,-0.706286685998201,-8.53303366599721,-0.0663748953050174,-0.983956965277699,0.221155604486967,0.814540043063005,-0.0144411724495903,0.0112385341346801,-0.376195197436299,1.4935571016175,-0.446110086165898,1.0474470154516,1.06999999999999,1.06999999999999
1986-04-01,1986,4,0.286736594568026,0.0802051509659805,6.1993952457649e-05,-0.00843989426839897,0.00347791841436396,-0.610433743326602,0.496863327842959,1.45359447244499,1.02371980389,-1.0877320011,1.39559788200131,-0.208232910296005,-1.2423024890163,1.02176854863802,1.46360103368903,-0.01279976313339,0.00410156274105011,-0.344800341480001,1.0773822262697,-0.514898659551001,0.562483566718701,1.28000000000003,1.28000000000003
1986-05-01,1986,5,0.184248581575048,0.171015128723013,6.22886666809888e-07,-0.130074786065499,-0.00519033195818996,-0.762054890998904,-0.0879830742809986,0.848144483015005,0.819557526227982,-0.3469496068432,-9.80923103798705,-0.0797430345359942,-0.621370254439299,0.484354160134046,0.856878116993016,-0.00282859001148017,0.00703452291508988,-0.2172363480374,0.624879913167902,-0.563603600437002,0.0612763127308007,1.54000000000002,1.55000000000001
1986-06-01,1986,6,0.0941986118839964,0.33019263891498,9.04228210147715e-05,0.516554135413298,0.0186532387816249,0.910513668734701,1.74854246041798,0.876449402416029,-1.05621027244101,0.2527788599293,13.4137720669969,-0.346722730406981,0.229205301504901,1.43724514128701,0.880120572346016,0.00410957099453979,-0.00734069438032003,0.0274126762419602,-0.7330611004584,0.314968489061002,-0.418092611397501,1.5,1.51999999999998
1986-07-01,1986,7,0.193544309402,0.190862055100013,4.0106065892e-05,0.174980595738603,0.00110717476510902,-0.745873109649601,0.320328744482993,0.936749294079959,-0.699702045940995,0.268383021974397,4.58590580499731,-0.111141349892989,0.231315202326801,0.957925208329016,0.934767199073008,0.00381006526919014,-0.00820512819147012,0.0701598537358503,-0.625628515695603,-0.639578558853,-1.2652070745486,1.37,1.39999999999998
1986-08-01,1986,8,0.0364338166280049,-0.252812280235048,-4.07977871830015e-05,-0.169416837752998,-0.00898880550819803,-0.4594489232935,-0.811771531877014,0.43334075208702,1.268584783352,0.0534462284838995,6.72229682598845,-0.011545280511001,0.0136191457206998,-0.275612648312006,0.436603979583026,0.00343831213848977,0.0202875846458999,0.000109081605041084,1.2403029810998,-0.532895656069002,0.707407325030701,1.50999999999999,1.48000000000002
1986-09-01,1986,9,0.0677600441139816,-0.141591148828013,2.23127180299706e-05,0.0342322171817031,-0.00100747036139193,-0.996099373991797,-0.63649571483603,0.51530092166405,1.59767969230202,-0.0170594646628004,1.81522688700352,-0.268050581076011,-0.162625551280598,0.429443872087006,0.521635035806014,-0.00648969206670014,0.0167071496325502,0.0227504691385008,1.7201641867602,-1.059605472781,0.660558713979199,1.49000000000001,1.44
1986-10-01,1986,10,0.176779914115968,0.120637450952017,3.74555499990589e-05,-0.0760537610236014,0.00166235001578696,-1.3065204227634,0.0129674249520235,0.937466229239021,1.38096316832099,-0.295033966950498,-0.389431981006055,-0.281005530269994,-0.511340365360105,0.689405694236996,0.942119392026996,-0.0191839585207401,0.00378913160164007,-0.101172230612001,1.4456623001814,-0.671785106497001,0.773877193684399,1.38999999999999,1.37
1986-11-01,1986,11,0.129787907436992,0.158684123736009,6.71603490333701e-05,0.2450016773725,0.00384195544626598,0.475767255426206,1.20004389099199,0.583605116109027,-2.00895067813201,-1.0734016187864,14.6759634780028,-0.600002272078001,-1.1239111401057,0.890627216502992,0.589569233747,-0.0261791522254908,-0.0396262108645198,-0.400159828372299,-1.4594579273733,0.315380792126899,-1.1440771352463,1.50999999999999,1.50999999999999
1986-12-01,1986,12,0.0423555018089701,0.211120939160026,9.93193573101698e-05,0.408101392131602,0.014269362786973,0.473627762742503,1.34643296331399,0.305984593584981,-1.58755827500801,-0.7027049257111,8.6704731080099,-0.529073045665996,-0.7393748282716,0.876269946227012,0.305540048101022,-0.0192638583478404,-0.0298072359926902,-0.284743427521599,-1.0951551319025,0.469718471602999,-0.625436660299503,1.20999999999998,1.20999999999998
1987-01-01,1987,1,-0.0238263419809641,0.38803656547401,7.28881772185698e-05,0.246459310253201,0.010099946188322,0.0373942737564974,1.05912355509099,0.334388265351038,-0.521895695703989,0.119467092936802,17.5720822130097,-0.0360401890739865,0.209856650062804,0.70729290973901,0.323158056532975,0.00289011727980082,-0.00363606682721018,0.210952685721299,-0.395465949504,0.340600436533901,-0.0548655129700997,0.899999999999977,0.819999999999993
1987-02-01,1987,2,-0.0136858671460232,0.426733037562997,0.000185972671116631,0.712197003200401,0.00936727718123098,-0.0137906117055024,1.70207500376199,0.243357977095002,-1.36626345227799,-0.251588778162699,17.3583502049878,-0.036441055552018,-0.111394871917,1.499299612578,0.23936726937103,0.0231806688048497,0.00300097015077005,0.0823045348088005,-1.1896284904803,0.198784683459998,-0.990843807020202,1.23000000000002,1.13000000000005
1987-03-01,1987,3,-0.0870144281719831,-0.0171116439580032,6.51833096590396e-05,0.334937970115501,-0.027135247537323,-0.491829232207103,-0.0892245156570084,0.0172778789780068,0.730232043233002,0.1764972640695,4.30378880999342,0.126719641085003,0.0557270455735974,0.432003576230045,0.00965914055001349,0.0125531422956202,0.0201332651560899,0.141285178420599,0.4827421836521,-0.5288468303151,-0.0461046466630002,1.58000000000004,1.5
1987-04-01,1987,4,-0.0738517410480313,0.291767679504005,1.24552002045315e-05,0.130886111025198,-0.00856070950827098,-0.631086110262004,-0.203101712896,-0.0589051329990298,0.453113573030009,0.472936025347,1.05036283799564,0.287571780908024,0.273329328846103,0.0704916196949625,-0.0674172794639958,0.00307296198256024,0.00457190508624006,0.1637177469769,-0.0340649043789014,-0.2821054790559,-0.316170383434901,1.75999999999999,1.68000000000001
1987-05-01,1987,5,-0.000246491848997721,0.0654315149980107,0.00015420842056716,0.8272508524919,-0.00467003826013601,-0.227695387704294,1.44353427677601,0.247147265318006,-0.526651071975976,-0.136819053297,11.6000800449983,-0.231689970164012,-0.200455902438897,1.478134662608,0.24017945618499,-0.00571782195920001,-0.00792525676877975,0.0270743216511011,-0.3585979509539,-0.0415681949650981,-0.400166145918901,1.94,1.94
1987-06-01,1987,6,0.163473536680954,0.250022036010023,0.00016865130025954,0.501824129774501,-0.00658903873329497,-1.1608341975052,0.686687975722009,0.563649329480995,0.423118407524981,-0.222408986238399,-3.19138023399864,-0.167786044471995,-0.212236740195699,1.29777219349899,0.560631846592003,-0.00974216451496979,-0.00015875624019035,-0.00740821115691936,0.601076698039698,-0.614101700666001,-0.0130250026262999,1.69999999999999,1.81
1987-07-01,1987,7,0.225345131658003,0.264547970147987,0.000205791326063501,0.6755140806169,0.00485559928335,-0.022534559402402,2.17050413343003,1.48181538300105,-0.199306332826012,-0.1668491346548,11.3159572189907,-0.333335051549028,-0.103896597074403,2.25968714168397,1.49389719489,-0.0075860925040101,-0.00444965510381978,0.01531512744228,0.196981256303403,-0.0771011963650032,0.119880059938399,1.54999999999995,1.68000000000001
1987-08-01,1987,8,0.0427817585710386,0.275844148500028,0.000176872544563101,0.646226810923899,-0.00120977536469791,-0.144254565229495,2.27612343230197,0.929031729509973,-1.10604643471899,-0.2831814781429,10.2024632740067,-0.352934352608003,-0.0834278151607002,1.62927643764101,0.92978817643899,-0.0110555031161499,-0.0175628890247599,-0.00875153733229084,-0.553358419128806,0.64760344159,0.0942450224611981,1.69,1.77999999999997
1987-09-01,1987,9,0.234212670701027,0.268601230594982,0.000189861966100361,0.747798320982497,-0.011552904884326,0.0817635166786985,2.09499690159601,1.52383551903597,-0.471935805268998,0.0285993102286,7.33195085999614,-0.238893617425987,0.0773366639671984,2.076570836548,1.52673147668099,0.00144570187796988,-0.000579478565350122,0.0525267407234988,-0.184304834104402,0.0213220226929991,-0.1629828114114,1.83999999999997,1.88999999999999
1987-10-01,1987,10,0.100131059574039,0.425432027002955,0.000146765699856331,0.883916464318101,-0.00713196034853303,0.997230760703204,2.233822099365,0.763107701232968,-1.449493596878,0.128556214515498,9.34090012000524,-0.21446499413301,0.2480860157957,1.84192348458396,0.756957473751015,0.0148086390720903,-0.00147348350116028,0.0257954539953005,-1.1154988014648,0.385748387299099,-0.7297504141657,1.94000000000005,1.95000000000005
1987-11-01,1987,11,0.0479029328409979,0.36520850767397,0.000184859096043089,0.797427782226801,-0.016133996232921,-0.675508991878203,1.17991569402903,0.718336828117003,-0.439033496291017,0.0836721112205012,5.66143259999808,-0.136897116683002,0.215984930697999,1.74823881820998,0.715409292569973,0.0229413253106605,0.0146315083225099,0.0370227965601995,-0.169823560130496,-0.571250659727898,-0.7410742198586,1.94999999999999,1.94999999999999
1987-12-01,1987,12,0.291942457023993,0.508820870221996,0.000185474994955481,0.504743516244499,-0.00774804028864295,-0.158807326966802,2.57886108378,1.56792404036804,-1.12560446414901,-0.3172139295528,11.4709651169978,-0.00999477106603308,-0.0127906650783984,2.28521920973901,1.56839186499496,0.0154953588878204,-0.00179734369244011,-0.0319498249071,-0.8111864286086,0.294109698667999,-0.517076729940598,2.44999999999999,2.42000000000002
1988-01-01,1988,1,0.293139707843977,0.0828077418200337,0.00022298660069337,0.9763243007041,-0.0200819354374451,1.5323045221249,3.10487124486599,1.39754912209901,-1.88928613164001,-0.530352589284401,8.82525672198972,-0.394681695546012,-0.2466844591438,2.56539053852299,1.40352597645699,-0.00632390018319029,-0.02164171899441,-0.227421290846399,-1.2109363059534,0.545457560700999,-0.6654787452524,2.91000000000003,2.89999999999998
1988-02-01,1988,2,0.000379053760980241,0.131201445344004,9.58363998511697e-05,0.377036975162099,-0.01741651437041,0.725622671887002,1.16309778516603,0.376049561217997,-0.971033577473008,0.0567657007247,16.3428013110097,-0.0843212221549834,0.179905541526196,0.670943693666004,0.375871584006006,-0.0140554369914501,-0.02342862299832,0.0127916875633005,-0.763572514516497,0.491976114288001,-0.2715964002285,2.90000000000003,2.89999999999998
1988-03-01,1988,3,0.290977723627009,0.581282338791993,0.00016325710991842,0.547121706944299,0.0148954703320771,0.3929302373542,2.18075552234797,1.14431724476901,-1.564355754665,-0.217901781062601,13.0024293810129,-0.149008865274993,0.1059888545132,1.82958043142696,1.151259990727,0.00541471265943017,-0.0167031757858798,0.00934140369490066,-1.0914562538142,0.358117836879,-0.733338416935201,2.56,2.50999999999999
1988-04-01,1988,4,0.216840762982031,0.0519594996620185,0.000139832219969549,0.629079144734902,0.00813895767703604,0.277311012694106,1.93889987057003,1.12899910136503,-0.370209353701995,-0.2232067562596,10.7141344889969,-0.23092721978,0.00984720211629764,1.72053289990504,1.12824233744698,0.0118104220590398,0.00902895574839979,-0.0569540137773004,0.0937718244539028,0.217610206746901,0.3113820312009,2.31999999999999,2.22999999999996
1988-05-01,1988,5,0.177680060266994,0.23461213531499,5.05826722920506e-05,0.0151357014089974,0.012901669599406,0.549651697068995,0.935719176812995,0.594709754388987,-1.05387568557001,-0.0296368233119004,1.48956401699979,0.158887823435009,0.277795016032499,0.484643392107955,0.593721683043043,0.0119902377694001,-0.00423635527993005,0.00448960043099866,-0.905331669660605,0.4500877133591,-0.455243956301501,2.19999999999999,2.13999999999999
1988-06-01,1988,6,0.0593625211800486,0.00218265000597739,-1.06313983285009e-05,0.0312894757256998,0.00520754678553903,0.522847138996603,0.78805305040396,0.486688547466997,-1.138885629518,-0.242024294499799,14.0426403539896,0.0341714505469781,0.0982768391404996,0.544614171933006,0.487135713389989,0.0106289334793099,-0.00554481854673972,0.04348621297782,-0.832755946424697,0.243886044393999,-0.588869902030702,2.30000000000001,2.26999999999998
1988-07-01,1988,7,-0.0923686853939785,0.330790863608001,7.06182298097994e-05,0.246651808941397,0.0191710778166539,0.422921113276907,0.291986892814009,-0.613781975227027,-0.701115447025984,-0.272485626566198,4.00221110900748,0.0834731708240213,-0.154006061013398,0.192054419164037,-0.624072520108996,0.01119401226787,-0.00413244550821013,-0.0116634116632195,-0.666109052297202,0.0896419287680033,-0.576467123529202,2.43000000000001,2.43000000000001
1988-08-01,1988,8,0.102774658716953,0.368609088656001,5.48648669727002e-05,0.241469812622,0.01346777113751,0.569262387929598,0.565859982055997,0.0372570412080222,-1.40246115119001,-0.240000147065501,6.14109813299729,0.176759948381005,-0.0414404539613002,0.630763061867015,0.0329170793800131,0.0183315880120101,-0.00986253915315016,0.0326109990868098,-1.3806614064669,-0.0692430416390977,-1.4499044481058,2.47999999999996,2.55000000000001
1988-09-01,1988,9,0.024354393255976,0.447434629105032,-4.31751589110088e-06,-0.0783782371944,0.021211678253974,0.698546776344003,0.897668955998029,-0.323229037502983,-1.35956203836901,-0.1594039726563,5.26957328799472,0.285279226010999,-0.104357333546599,0.200114013635982,-0.327760510018038,0.00765305783490033,-0.0155658206992002,-0.0842525375039997,-1.5897946252703,0.693023469847002,-0.896771155423298,2.56999999999999,2.64000000000004
1988-10-01,1988,10,0.0784016541109622,0.000428863100012222,-4.11165793254408e-05,-0.3430250479142,0.00437645613461302,-0.881800922421803,-0.906441316740029,-0.0835348310499739,1.360004869243,0.284048129209403,5.28354757699708,0.426352004219012,0.0606918124301004,-0.356004676287,-0.0768552937310005,-0.00603128796300023,0.00425954456986011,0.0171501406524008,0.710296548244706,-0.543757103134098,0.166539445110601,2.46999999999997,2.50999999999999
1988-11-01,1988,11,-0.107231443989974,0.079069161212999,-0.000253078933559759,-0.749655389595102,0.017654723757272,-0.0482420537145032,-1.811248365013,-1.06782740626301,0.558862144869011,0.584824453244199,-21.2478956220002,0.596166738134997,0.450400427140202,-1.98399708838599,-1.06687393692698,-0.0197395834956504,-0.0222983961026801,0.1372309836703,-0.171728619370001,0.173702192708998,0.0019735733391002,2.37,2.41000000000003
1988-12-01,1988,12,-0.193911810581994,-0.300993961695042,-0.000243961126222519,-0.5038711444409,0.00127978441058396,0.285417591219399,-1.79133566388901,-1.32167278119101,-0.574096064075007,0.0398152404290002,-20.4277408990019,0.271552340128039,0.172064185573603,-2.10041811516601,-1.323679733235,-0.0185458300068504,-0.0278487231770796,0.0874484308825991,-0.713399459058401,0.307075499233001,-0.4063239598255,2.26000000000005,2.29000000000002
1989-01-01,1989,1,-0.478340667211,-0.347639257107005,-0.000297931233267349,-1.1850585746905,0.00450731491949707,-1.2178148121459,-4.22746938052899,-2.38026705572202,2.013602826338,0.242210497178302,-2.81017119399621,0.763977530086009,0.0171792275032985,-3.85537362610802,-2.38413670530798,-0.0158622119400604,0.000472188595169953,0.0790000601705998,1.024594026577,-0.375965404006998,0.648628622570001,2.08999999999997,2.05000000000001
1989-02-01,1989,2,-0.036861940834001,-0.302006655816967,-0.0002765237371261,-0.8502675479658,0.020644260433999,0.865966118124199,-1.85934275998,-0.96244012528598,0.135925251563009,-0.224699074066102,-13.2465750060073,0.523853502177985,-0.280858250003696,-2.30625780347503,-0.961593279257045,-0.00914445854071033,-0.01344213284034,-0.114417852764801,-0.444087426552599,0.447761889523999,0.00367446297140006,2,1.96999999999997
1989-03-01,1989,3,-0.190400667332995,-0.626780563088971,-0.000256628222828249,-0.9154411469395,-0.00752502628787105,-0.484729366019501,-2.59836808889696,-1.040984143873,0.958230484028007,-0.5992844584746,-11.8036909050134,0.500253454064989,-0.790986491372998,-2.36386019910901,-1.04882236536105,-0.01815485434732,-0.0100681297854903,-0.212538525919701,0.266274997064599,-0.242346111275999,0.0239288857885995,2.15999999999997,2.19
1989-04-01,1989,4,-0.151902254664037,-0.32433991231602,-0.00015928732846094,-0.816386432977701,0.012259573879555,0.361039233047698,-2.05012111625302,-1.131309768351,0.613165202936983,0.0681778615361992,-11.8359925429977,0.608033662433996,0.00442528345210036,-2.05820882021499,-1.13177211356799,-0.0155113400789499,-0.0138348059258599,-0.0237550260436983,-0.0586210375811049,0.00762535874499903,-0.0509956788361983,2.07999999999998,2.08000000000004
1989-05-01,1989,5,-0.299278219347002,-0.472429424300003,-0.00016633322677918,-0.687659906957098,-0.00164007583571402,-0.00624169614119552,-2.09508039374299,-1.301396958628,0.431209254935993,0.181009239823201,-12.527254547007,0.574280155285976,0.350517454608301,-2.16480412417997,-1.30534600697905,-0.00623392837437997,-0.0083370992479801,0.1315777884101,0.0264373144350998,0.0657746820860012,0.092211996521101,1.73000000000002,1.68000000000001
1989-06-01,1989,6,-0.283425897281006,-0.519122093934016,-0.000129265459048801,-0.701794551400599,-0.00353951844137901,0.499680435783397,-1.71610090819598,-1.32405699519302,1.177535377601,0.375568619567797,-2.81899854399671,0.562620987629998,0.321536625343597,-2.17826448034498,-1.321233882233,-0.00347935064300975,0.00601284726348972,0.0866682732857988,0.560882395746795,0.464986685109,1.0258690808558,1.50999999999999,1.50999999999999
1989-07-01,1989,7,-0.0487513313810268,-0.576067686815009,-0.0001777848337193,-0.655235802718398,-0.0106083573129919,-0.627076403265605,-2.14588859974702,-0.316707225971015,2.23911755563799,0.429083711552298,-2.96576854400337,0.468163462608004,0.278993266053099,-1.60268785105501,-0.31586812279204,-0.00690154297722012,0.0191579397380202,0.0687422301471088,1.6208636475308,-0.542361645513001,1.0785020020178,1.30000000000001,1.35000000000002
1989-08-01,1989,8,-0.107016796079961,-0.45208301521501,-0.0001192255632934,-0.592397295783499,-0.00729306757361203,-0.346318770415898,-2.02541060908595,-0.632977548759015,2.15388893743801,0.329589028481102,-5.14263131500047,0.374221212937982,0.0364565064393005,-1.25764480907401,-0.628202518701016,-0.0136835044383501,0.01195975859364,0.00230687929493101,1.48653520245831,-0.762990769953902,0.723544432504301,1.13000000000005,1.17000000000002
1989-09-01,1989,9,-0.109851189658002,-0.312915649661022,-0.00016474564547328,-0.544632610714199,-0.00836736002068195,-0.639286732254398,-2.18870597627,-0.39666828659,2.259557752696,0.2749184634187,-12.7316506529896,0.437593839367992,0.0340052466305991,-1.48430723694401,-0.392584149104948,-0.0114487193347403,0.01484587809647,-0.0200338472791994,1.5810506965399,-0.700314601840901,0.880736094698999,1.30000000000001,1.31999999999999
1989-10-01,1989,10,-0.0622990336619864,-0.0712309608279611,-5.96802233707901e-05,-0.171127342870101,0.00862944888842099,0.624493297568598,-0.28858408518397,-0.247813847730981,-0.493539447437996,-0.248208999539301,-17.0290989450004,0.242914015934986,-0.0825494661714998,-0.678939209676003,-0.251158885610039,-1.28281498401606e-05,-0.00788368302483988,-0.0416129936109009,-0.570793930005202,0.387010086613,-0.183783843392199,1.42000000000002,1.43000000000001
1989-11-01,1989,11,0.0718085613319772,-0.305148690201008,0.000106940159949099,0.208576360461901,-0.0130101073389349,0.342008914314405,0.435071484454966,0.581092508935001,0.717666992049004,-0.401966892906,6.34457275200111,-0.0275825238059895,-0.3378072368223,0.649230994761979,0.579753558778009,0.0069077491243501,0.0190273646816701,-0.0839192061192993,0.809409171938697,-0.215498460463998,0.593910711474699,1.42000000000002,1.40999999999997
1989-12-01,1989,12,0.107924609135011,0.030518144493044,2.76281231912003e-05,-0.0929139307656008,-0.00876472493967195,-0.420905284233498,0.231710024421034,0.691665674460012,1.00814595013702,0.116082104703501,2.2797685090045,0.181581181518993,-0.104951679979806,0.623347747674018,0.686844295113019,0.00760092823460035,0.0181441134542299,-0.0242724539858994,0.605530983934699,-0.396459102600002,0.209071881334797,1.44,1.41999999999996
1990-01-01,1990,1,0.29504998539602,0.169720598504,0.00013305675657002,0.629767051701297,0.015158057691939,1.0517177387347,2.89520826861298,1.38484496365697,-2.77736481181401,-0.532932865021902,-0.438661795997177,-0.403214980508011,-0.115378798878098,2.34846562019402,1.38885587732,0.0163298502646203,-0.0148025440399597,-0.0559115150575007,-1.9565957651622,0.550753562081997,-1.4058422030802,1.47000000000003,1.50999999999999
1990-02-01,1990,2,0.0691699819579981,0.0133231001140075,0.00021317202180691,0.640552447654901,-0.016565074296157,-0.752532415475301,1.60986677104296,0.801059790027978,-0.134591917719007,-0.0891973831528006,-0.470090424991213,-0.349677070191007,0.0202194260867969,1.81225145419603,0.799928133972003,0.00968491821469009,0.0131355748491,0.0445453503433004,0.324501961711597,-0.203516339208999,0.120985622502602,1.40999999999997,1.48000000000002
1990-03-01,1990,3,0.451781615653999,0.483983811600979,0.000197640508093679,0.776748359623401,0.017304935296805,0.721135867005998,3.18837484822996,1.9744546709,-1.72714203962099,-0.4215100492431,-5.76263209099125,-0.432238824424985,-0.337158409785303,2.56968362663503,1.97915936306003,0.000768013721549998,-0.0146318381220198,-0.1489633344691,-1.2105515757382,0.623395913754997,-0.5871556619832,1.19,1.19
1990-04-01,1990,4,0.272062976596999,0.242234993905015,0.00013218648934232,0.5671497094899,-0.00947252324894399,-0.130587355292803,2.04589046928902,1.51445174085501,-1.10812018105699,-0.770303623507001,4.46761647700623,-0.258681955683016,-0.5702382382946,1.87877814051598,1.52067514475698,0.0126587166260599,0.000739262299279897,-0.142959344647801,-0.649372840161597,0.173335732675003,-0.476037107486501,1.13,1.13999999999999
1990-05-01,1990,5,0.366723253768953,0.509356134487973,0.000175519107894489,0.612981594725898,0.00560823512664399,-0.847262182552001,1.92767138507998,1.691247254774,-0.125560607495004,-0.9350235577819,10.9517904390086,-0.262691077398983,-0.9247280924709,2.23070084286201,1.704061129698,0.00878225338524974,0.00901457970015995,-0.2697456206183,0.147425935215004,-0.290215582858103,-0.142789647643099,1.22000000000003,1.24000000000001
1990-06-01,1990,6,0.223880983760978,0.383865102689015,9.7412433576801e-05,0.4191969906,0.00354734453180594,-1.1941584477224,1.05030147659602,1.035767278984,-0.884927635715002,-0.408185310694499,9.14259094600857,-0.230623782300995,-0.635263932769099,1.46512093991998,1.02976340092602,0.00605724150863995,-0.00521378692468977,-0.16754420699136,-0.8813824754886,-0.420823341382,-1.3022058168706,1.06,1.09000000000003
1990-07-01,1990,7,0.118544186378983,0.183647474940983,7.37170524823007e-05,0.171293276204398,-0.00510217168495908,-0.303713676384298,0.739588410138026,0.477485594554025,-0.663806158077989,-0.430512696279401,4.84516259499651,-0.130960106766025,-0.4407776139562,0.862897353357994,0.479819918936016,0.00499460125107998,-0.00392672546875028,-0.132066336432839,-0.543110968988799,-0.120974618838002,-0.664085587826797,1.13999999999999,1.19999999999999
1990-08-01,1990,8,0.0973695733699742,0.0991186634300334,9.65854102609985e-06,0.0413794961920999,-0.00707316139883596,-0.652334237859606,0.499854403236952,0.755977259537019,0.830038462076999,0.0312884808920977,4.1795901840087,-0.0205166432969861,-0.116197821786901,0.190837592929995,0.754407169616002,0.00678524077409026,0.0201390128960601,-0.0736375391742801,0.703068802694993,0.307446720385901,1.0105155230809,1.35999999999996,1.38
1990-09-01,1990,9,0.0256752028770393,-0.0809799139850043,4.73164780466495e-05,0.1694446633091,-0.00651992464589801,-0.215509611409701,0.817412884225007,0.27166466604001,-0.893780278864,-0.206197239213601,-0.602940262004267,-0.142534378624987,-0.0661516227673005,0.359276267663006,0.266211919678994,0.0124379750102404,0.000827233532590288,-0.0461467120549006,-0.611200283792705,0.4526838702009,-0.158516413591801,1.22000000000003,1.19999999999999
1990-10-01,1990,10,0.152291450614996,0.135065130830981,8.03607877398801e-05,0.276092428186299,-0.00419475657061796,-0.556465361838498,0.889997856070977,0.932790720528999,-0.211173713889991,-0.100987809054399,4.70930073800264,-0.256070496591008,-0.185463326266394,1.22067340997199,0.930443241527996,0.00878455314885018,0.00484350211816986,-0.0513725004914001,-0.0395787345110037,-0.333023032902002,-0.372601767413002,1.32999999999998,1.29999999999995
1990-11-01,1990,11,0.260079466175,0.505346703553016,6.0119097085691e-05,0.0554766615997018,0.00814614969121696,-0.310061348881405,1.531361311963,1.33504472789599,-0.974742343016004,-0.1971397523455,-5.91766849599662,-0.066304457118008,-0.211442213013299,1.23954332219603,1.33935166786,0.0126147624592106,-0.000259538312859853,-0.0629430520431011,-0.922740346565796,0.296124929730997,-0.626615416834799,1.40999999999997,1.31
1990-12-01,1990,12,0.00599986349902792,0.184427758997003,6.8419668325069e-05,0.265579291895502,-0.00345402227582803,-0.223942390412404,0.846972460446977,0.491208999217008,0.253890189730981,-0.172293650116899,6.82154961899505,-0.0639583976230256,-0.189539451852198,0.517337101856981,0.498380683861967,0.0152957372572695,0.0200314103396599,-0.0720444791620007,0.3006027856187,0.336807043234902,0.637409828853603,1.27999999999997,1.17000000000002
1991-01-01,1991,1,0.00168712253599779,-0.0392036923490195,1.85368672681197e-05,-0.0557415444056986,-0.013992207524222,-0.303572529819199,-0.445028022943006,0.0864856193520041,0.853637280219999,0.351867464892202,1.52739029399527,0.143847067146993,0.2331988820956,-0.0409660129529925,0.0807784218119991,0.0126318335373403,0.0149506923360399,0.0823293700884005,0.591121630276398,-0.409769207529997,0.1813524227464,1.27999999999997,1.25999999999999
1991-02-01,1991,2,0.143241547817013,0.25057555126898,1.20458691474021e-06,-0.0936347981948025,0.018093691470288,-0.7292142272997,-0.455728449738956,0.598163398855036,1.91337401941001,0.0344015292299034,-7.25536307600851,0.222121530918997,-0.1599433292117,0.246452102712965,0.597117998958026,0.0104599859728003,0.0313086835912402,-0.0722333025593009,1.4969076300494,-0.703225952348998,0.793681677700498,1.31,1.28000000000003
1991-03-01,1991,3,-0.37102461971898,0.270185719288008,-6.48207192639697e-05,-0.394744307441499,-0.013945319773467,-0.369213922446498,-1.37434101708499,-1.39962600569697,-0.468453837511021,0.427397668872899,3.87376619299175,0.248172200699003,0.371484146409102,-1.09965471877803,-1.39843469946601,0.00975948864965037,-0.00383402053134985,0.1695877849063,-0.772539560673799,-0.273494992075999,-1.0460345527498,1.49000000000001,1.48000000000002
1991-04-01,1991,4,-0.0875370380939557,-0.235023320384016,-7.74248986528791e-05,-0.2810603844745,-0.00811206324007602,-1.1666660416743,-1.28062197109301,-0.255229629597011,1.578120518134,0.480021286857699,-0.923455648007803,0.0892096190900133,0.280701806020602,-0.56029174618601,-0.253895058251999,-0.00331963844877992,0.0161112013355202,0.158130811703801,1.2895914182069,-0.718995653562001,0.570595764644899,1.68000000000001,1.70999999999998
1991-05-01,1991,5,-0.134422323920944,-0.147952672413965,-8.30085734694098e-05,-0.289478758184398,-0.010107043577587,0.174753186552095,-0.882096981041002,-0.233266318069013,0.239043360878014,0.3040350674992,-1.53182617900893,0.0288767852960063,0.266356948881494,-0.763201995934025,-0.234943243331998,-0.0133996040579198,-0.0103356515833597,0.140132445380901,0.172488456964295,-0.120571910369897,0.0519165465943985,1.69999999999999,1.74000000000001
1991-06-01,1991,6,0.205615932266028,0.179639302852024,9.52847588951006e-05,0.2000198272248,-0.00592588269970395,0.775493458009606,1.36544684599698,1.00186814713402,-0.569812107672988,-0.0977585240106009,-17.4465322980104,-0.937343690274986,0.0472059918334011,1.27973060125998,1.009426209271,-0.0294967978788603,-0.0212061965144699,-0.00550685991624,0.512496098446,0.093274306874001,0.605770405320001,1.85000000000002,1.88999999999999
1991-07-01,1991,7,0.0749599693070309,0.104655518361028,-9.78073486540033e-06,0.0895401466374999,-0.00638871222115101,-0.345023402806802,0.345136834570951,0.724555025392021,-0.752469530813016,0.10860693243,-5.54607196299185,-1.926909312574,-0.156620351829901,0.315991813749008,0.72886754473501,-0.0532899341313597,-0.0339880822532299,-0.0802638976015508,0.909212497501102,0.0334575401648998,0.942670037666097,1.81999999999999,1.85000000000002
1991-08-01,1991,8,0.0907266666700366,0.37375647735098,2.03978062144998e-05,0.331480071146999,-0.000767084488616065,0.0535225893740048,0.567046564788996,0.22752686256797,-3.56387925938199,-0.4193280492273,-5.32774598400283,-3.867983210869,-0.472230073106598,0.807100995355995,0.233377011578,-0.0912371640755003,-0.0859012629237701,-0.13728519521657,0.251201927607703,-0.234204281556899,0.0169976460508003,1.48000000000002,1.45999999999998
1991-09-01,1991,9,0.0717625540789868,0.00617192678299716,-3.58288434497301e-05,-0.2812167426681,-0.00793844531601495,-0.833091576099903,-0.831906119090036,0.442415050208979,-1.47578133479001,-0.177841764554199,19.1022995079984,-4.90013873591201,-0.699219271413998,-0.156361435121994,0.450936628708973,-0.12153994123597,-0.0697685908513099,-0.21251659735281,2.9029798942622,-0.667023105468001,2.2359567887942,1.13999999999999,1.13999999999999
1991-10-01,1991,10,-0.0978691739520059,-0.248362190888997,-0.00014940285927436,-0.45946908713,-0.00315655740018306,0.0474458369227975,-0.928573317586029,-0.426723578683038,-3.23120459331102,-0.578136912252102,5.73288131700247,-5.90325065754098,-0.966355231004002,-1.058535465072,-0.417585759329995,-0.14843784384301,-0.10311038719025,-0.233330221028799,2.28382774547811,0.139099966839002,2.4229277123171,0.819999999999993,0.810000000000002
1991-11-01,1991,11,-0.125799946024983,-0.534434456381973,-0.00012216525945891,-0.318600230540401,-0.00702945054698201,-0.166392188903494,-1.75917050064896,-0.837132867507023,-2.67954162297801,-0.629271878602601,6.78930588500225,-6.72248395526501,-1.1246390429159,-1.17661335382303,-0.835495120388998,-0.17313448479406,-0.11249821747409,-0.2393115205118,3.5475751679737,-0.580919399707899,2.9666557682658,0.710000000000036,0.670000000000016
1991-12-01,1991,12,-0.0622162188750508,-0.406223351628,-5.90923271005898e-05,-0.241946131053602,-0.00641360674768399,0.575624561602503,-1.02093837756001,-0.311741943993013,-3.43523009851,-0.654434656782303,8.34613559300487,-6.22479477035199,-1.0786453769482,-0.698142369450011,-0.308085795681961,-0.15298545758777,-0.10657217427371,-0.1728921873269,2.36535395167611,-0.319139859798902,2.0462140918772,0.759999999999991,0.730000000000018
1992-01-01,1992,1,0.0591248184809956,-0.235204118341017,-0.00020745774909353,-0.694070345342901,-0.00964704827524099,-0.356425412470806,-1.14214945240599,0.270723158633018,-2.53356264820698,-0.814374403293499,-8.99500199299655,-6.130634057419,-1.3963835326625,-1.16169377805903,0.275106642655999,-0.153343743044861,-0.0949458787213402,-0.332483108437399,3.015062279843,0.0239278096759996,3.038990089519,0.78000000000003,0.760000000000048
1992-02-01,1992,2,-0.135600272944998,-0.338560651741034,-0.00015935911476854,-0.613175735108797,0.00297367003726901,0.254998439880303,-1.56311741393904,-0.663860881721007,-3.740421017485,-0.631945841843102,5.31449246300326,-6.15418767056798,-1.0846666801003,-1.36190581004996,-0.665012835012021,-0.15245795461706,-0.11690093015642,-0.2138098422227,1.9610458148258,-0.202363557180103,1.7586822576456,0.699999999999989,0.689999999999998
1992-03-01,1992,3,0.0659688845559572,-0.441349231966001,-3.66656218134392e-05,-0.0385586639172999,-0.00767824412891405,0.2609564161367,-0.784282151311004,0.167254104733956,-2.43080288988199,-0.536899558496099,-0.458621042998857,-6.075071860111,-1.0304981870768,-0.200629957099977,0.163956526820982,-0.132414877805271,-0.08225963189689,-0.247815978143199,3.1506703416483,-0.586949772124001,2.5637205695243,0.579999999999984,0.550000000000011
1992-04-01,1992,4,-0.275737963349002,-0.157582151986958,-6.36123168498409e-05,-0.164191509550999,0.00655923529184993,1.565496490518,-0.886002693134003,-1.157702699178,-4.16285016895401,-0.0624464514867995,-1.03746051099733,-5.75221464691199,-0.548246369784998,-1.22521932952299,-1.15851015447299,-0.11559486593235,-0.0925924931117699,-0.139770252638201,1.1035645596598,0.338409181094001,1.4419737407538,0.569999999999993,0.520000000000039
1992-05-01,1992,5,-0.178829185993038,-0.290561502754997,-4.2315703223399e-05,0.022859423442398,-0.00860740032015306,0.377909351342801,-1.14800017849001,-1.01647639672296,-2.476527826248,0.216353172439998,9.72264680900844,-5.65892818221201,-0.326211186311795,-0.593412706558013,-1.01588359439296,-0.10259650475966,-0.0610890411193403,-0.0732357251806999,2.6398359972122,-0.553994669602002,2.0858413276102,0.71999999999997,0.699999999999989
1992-06-01,1992,6,-0.387553953996019,-0.524260112285049,-0.000213538014115281,-0.653195727229399,0.001524666404915,0.137373830304597,-2.848077664264,-1.968022936181,-1.56881825235001,0.465187304042502,10.4315528450097,-3.59758861291999,0.0626553921608988,-2.67495146448698,-1.964307370369,-0.0630184252988899,-0.0384481767713201,0.0493695623644506,1.6262384486884,-0.169410633965001,1.4568278147234,0.689999999999998,0.71999999999997
1992-07-01,1992,7,-0.459281427169003,-0.535302952822008,-0.0002400361606521,-0.912048237034199,-0.00920172570956301,0.336256290437603,-2.92123146861195,-2.50958486970001,-1.789397726006,-0.116954990757499,1.80895548999251,-2.30822381796898,-0.242998913473301,-3.22283329297801,-2.50825937931603,-0.0367762653377701,-0.03083177379456,0.00318443580619032,0.392782169247198,0.3029273147501,0.695709483997202,0.660000000000025,0.67999999999995
1992-08-01,1992,8,-0.436903325850039,-0.857428549687995,-0.0001894709202508,-0.765276408682098,-0.000483567692083908,-0.0702033561153002,-3.15045066577397,-2.033715801467,1.16400296329698,0.1092070201267,6.56785399500222,-0.208153958959997,-0.0913424845986022,-2.94090423443998,-2.03861166614598,0.00910344076133018,0.0232428149959802,0.0651590061815899,1.1716074175317,-0.214442296013001,0.957165121518699,0.600000000000023,0.660000000000025
1992-09-01,1992,9,-0.464042589206997,-0.470963118253962,-9.11693955283899e-05,-0.210506775470598,0.00997976153189395,1.5479641424666,-1.41746868463997,-2.32955986352101,-1.33022959533599,-0.103070627420003,-1.39348075300222,1.04575818964599,0.168989141181498,-2.173882531076,-2.34191854462097,0.0474539005207704,0.0096520316605897,0.15772834998171,-2.1039280163805,0.7440551653361,-1.3598728510444,0.649999999999977,0.680000000000007
1992-10-01,1992,10,-0.318709463608968,-0.227966212241029,-9.52985846495204e-05,-0.4254855993041,-0.00627051843351289,0.3416645422773,-2.13940088804696,-1.735091944852,1.57786472797801,0.369862064220502,3.51962130299944,2.57609607179299,0.460813618878298,-1.98864328110398,-1.737864068568,0.0855463762060502,0.0625837308053101,0.2222783292633,-0.907279789157201,-0.153529730658999,-1.0608095198162,0.800000000000011,0.810000000000002
1992-11-01,1992,11,-0.305723037317023,-0.125282111993045,-0.00010027855005249,-0.417788640773001,-0.00147213338936603,0.904943928008194,-1.04798653728204,-1.409461348599,0.592962679419003,0.144893112827301,-0.570902507999563,3.51223676849702,0.510383479618397,-1.89009281247098,-1.41581045234,0.11141242706858,0.0675648707044201,0.1464259723365,-2.5537837222869,0.835757171447899,-1.718026550839,0.829999999999984,0.829999999999984
1992-12-01,1992,12,-0.177629808409961,-0.179959804740008,-6.38467273167305e-05,-0.458174748065598,0.00860041769022002,0.313720522179999,-0.835328725306965,-1.12117050180603,1.74371954548602,0.145162548802201,-3.31806324700301,3.593291031131,0.382664403096499,-1.318001959306,-1.138744903884,0.0944432372651098,0.0614522389076702,0.0853750113115002,-1.6120696313507,0.4650988319211,-1.1469707994296,0.79000000000002,0.779999999999973
1993-01-01,1993,1,-0.098170531366975,-0.0845155579339689,8.49012084360203e-05,-0.1340201493352,0.00328476156361202,-0.416819582841995,-1.17695001034298,-0.525380838850026,4.11081479046697,0.298247181650197,7.83523805199366,3.76378540653002,0.487725462105203,-0.656687260501997,-0.529529275630011,0.09232912336872,0.08991415674403,0.2024485946143,0.536507664391998,-0.524411186621002,0.0120964777709993,0.659999999999968,0.639999999999986
1993-02-01,1993,2,-0.00993657290200645,-0.0564159132729856,-3.71213471694696e-05,-0.088417135257,-0.01804488867453,0.478662304220599,0.273123694392041,-0.29033747253203,1.62210922631999,0.220688658277801,-5.75180355200428,3.89104101344898,0.629530477953701,-0.326219756550984,-0.293888471113974,0.10325676096342,0.06760968961082,0.1478281822298,-1.8600899674531,0.595792452361103,-1.264297515092,0.650000000000034,0.599999999999966
1993-03-01,1993,3,-0.127241950915959,-0.584130138918965,-0.00012436431858978,-0.5959920959512,0.00794428150934401,-0.859701233754897,-1.48514961820899,-0.42458318683299,4.919374679984,0.607897034243802,3.32601810600318,4.33555540643098,0.792378021278999,-1.62420299810299,-0.423997545117004,0.10811547921315,0.11521546429269,0.1692575609669,0.768300260588198,0.139639021610002,0.9079392821982,0.670000000000016,0.699999999999989
1993-04-01,1993,4,0.0878659211559807,-0.149191679053047,-8.66875617511892e-06,-0.105889441781802,-0.000186484450018898,-0.254359299009302,-0.191651540202997,0.0263790058889981,2.73203297595802,0.0971999560004022,0.903990986000281,4.03947998352899,0.285021050504398,-0.000225646546027747,0.0208986990940048,0.10534935666187,0.0806260567145998,0.0253771745198996,-1.119625913067,-0.196906200452002,-1.316532113519,0.650000000000034,0.669999999999959
1993-05-01,1993,5,0.0456822013690044,0.0268558565699664,-2.87264515342125e-06,-0.0459907818810983,0.01723780814884,0.633654588461404,0.859255240145046,0.093081279638966,1.16501251809498,-0.349381958932199,-6.42160287601291,3.93465708390499,0.132539149599801,0.0598120334699956,0.0880657557480049,0.10452944096356,0.0646343165087901,0.00232946165589887,-2.287723457278,0.7944276827841,-1.4932957744939,0.550000000000011,0.54000000000002
1993-06-01,1993,6,-0.00594731067400289,0.136774206666018,3.18387263038809e-05,-0.0463474687206009,0.000435172276491924,0.363243701383603,0.483134983677019,-0.00225995560998626,1.32526652574302,-0.612199158608099,-7.79586012700747,3.333406196141,-0.2535578947479,-0.104380425102988,-0.00827659474202846,0.0860529231744502,0.0563807416446398,-0.0999109546726906,-1.6494984065378,0.581498769648,-1.0679996368898,0.46999999999997,0.400000000000034
1993-07-01,1993,7,0.126904369734973,0.357472183370987,0.000173711098463999,0.5862940771569,0.0202587484706911,1.8874394397516,2.36142674305898,0.583948190814965,-0.550622424620002,-0.341980148645799,4.96314751800674,2.965156340307,0.0266306108756993,1.58734813942101,0.577650349509042,0.08682133677214,0.0358296553938202,-0.0584282805472007,-3.1471680054055,0.767780762332002,-2.3793872430735,0.509999999999991,0.380000000000052
1993-08-01,1993,8,0.161233563524036,0.27120329908098,4.80311238411999e-05,-0.00172333637780042,-0.00292016308286502,0.907727031073797,1.177917027798,0.686134396494026,0.869921436451023,0.0701150398935013,-3.07076079500257,2.93937125417898,0.322105606666501,0.815375130762959,0.691044066814015,0.0745190573143399,0.04471030110791,-0.0122276296947792,-1.817459250955,0.367451567354998,-1.4500076836,0.75,0.659999999999968
1993-09-01,1993,9,0.18276417514096,0.0713862397649905,-1.20218613630495e-05,-0.0893118626424005,-0.000740611594818974,-0.459764178658801,0.258882603410996,0.801261650277013,3.616035243299,0.356283442235402,-7.49114354899211,2.85931661273301,0.440045903871301,0.480097724832035,0.808382428505979,0.0671035922678098,0.07777119210078,0.0498001574976001,0.840481092201898,-0.214094343192098,0.6263867490098,0.890000000000043,0.920000000000016
1993-10-01,1993,10,0.230406611160959,0.157776972877002,0.000113490566202801,0.535634866898999,0.013078493297356,0.2703209814864,1.65867226264197,1.217194468456,1.59520702879701,0.217877670122999,3.19176205300028,2.26077857916599,0.508765636274099,1.53312466006997,1.215068059852,0.0624522891073198,0.0535761449482202,0.0535331433185,-0.374683584217905,0.123421193967999,-0.251262390249902,0.910000000000025,0.990000000000009
1993-11-01,1993,11,0.0932153951760029,0.159512466314993,0.000167974195628889,0.5664983041239,0.00861197327441809,0.192793177693005,1.16090946500503,0.637923538825987,2.254322706979,0.6324188442501,16.4386133160006,2.099306836045,0.757090898926101,1.51328037755798,0.641212390909971,0.06014419528708,0.0586475033744698,0.1960826707215,0.279687925610006,-0.349082060468998,-0.0693941348589995,0.96999999999997,1.10000000000002
1993-12-01,1993,12,0.121382635744965,0.414369758279008,0.00016986362942235,0.629191254785798,0.00684038556445499,-0.0721943822153008,0.989826452015961,0.517930539567999,0.922255931652984,0.546803938734101,7.84045875100128,1.70312930309299,0.633194539584501,1.367153098524,0.531306112173979,0.0578732999606002,0.0422874652545597,0.124914003812,-0.694482770589602,-0.363951073902097,-1.0584338444917,1.13,1.23000000000002
1994-01-01,1994,1,-0.047396853855048,0.212652100252001,5.52254496736602e-05,0.309925660256702,0.001193313267142,0.764375436663798,0.96614661215898,-0.0101078996529509,-0.664486188709986,0.645841935951701,7.0897130020021,1.751901808247,0.747341566179898,0.721808433122021,0.000988492483031678,0.05989740226702,0.02350101074861,0.1175689842728,-2.31488836672879,0.255434571173002,-2.0594537955558,1.28000000000003,1.25999999999999
1994-02-01,1994,2,-0.352959502654016,0.199416517735017,6.54191798999098e-05,0.2734931179358,0.000499432643352948,0.0285459471409979,-0.827828430270017,-1.48563362275598,0.349025802729017,0.850222742619799,17.3894958000019,1.54773735798602,0.823533737595397,-0.588702436341009,-1.47791198842998,0.0386211199145094,0.0218662967421301,0.230608833443601,-1.2254005602814,-0.231404359603001,-1.4568049198844,1.45999999999998,1.46000000000004
1994-03-01,1994,3,-0.00667540664403532,0.374923153782959,6.51248007889887e-05,0.2416560265325,0.00210741447978602,0.427982254998298,0.45981157686299,0.00213259527504306,0.260727184796991,0.413414319281298,5.13480778700614,1.32936898833901,0.482100072566006,0.545551884274005,0.00228167596202411,0.0220517477663495,0.00657989561392025,0.1567318129875,-0.999956050257296,-0.0855912267239987,-1.0855472769814,1.42000000000002,1.41000000000003
1994-04-01,1994,4,0.109709384276016,0.270967419414035,1.14341648622691e-05,-0.0667598219942995,0.000639899086739004,-1.4378897559566,-0.0746744666529935,0.470313294190021,2.700994275781,0.469527337936299,-1.96552049700404,1.26859643702301,0.4632488280022,0.386762686649035,0.479542268416992,0.0165960239433698,0.03832298391761,0.1709243872647,1.4261193288239,-0.452208179075001,0.973911149748899,1.29999999999995,1.29000000000002
1994-05-01,1994,5,0.056832713758979,0.108442373690025,-1.92151325581601e-05,-0.1664765640006,-0.00569038515946196,-1.1461838750921,-0.609471919711041,0.370173993823983,2.10565084516901,0.719205022282498,-2.31511580599181,1.312024052856,0.470667768113998,-0.112268997125966,0.375634720308994,0.0112270819679097,0.0229952891902401,0.1143132986158,0.545089538144495,-0.491742196100102,0.0533473420444004,1.36000000000001,1.32999999999998
1994-06-01,1994,6,0.150420072445968,0.168707527232982,1.52031854295e-05,0.171905314281698,-0.0012704876550409,-0.870716785696501,0.161895651003988,0.605035200434997,1.487825873351,0.617683501647399,4.23732237500371,0.992141317106984,0.5982690965809,0.77415477688595,0.612165707647989,0.0110041625252997,0.0183410708882099,0.149630657513312,0.476270151177502,-0.605128618668999,-0.128858467491501,1.46000000000004,1.42000000000002
1994-07-01,1994,7,0.136464955867041,0.180395086174997,-4.83240845829992e-06,0.0635318937141989,-0.0075207496188231,-1.9155532254713,-0.906280374026039,0.61147516485704,3.45118763578802,0.607867042105699,-3.35208264400717,0.970418604429995,0.492742718984402,0.397334281420967,0.61864755783995,0.00732625140572019,0.03943962889237,0.19456200282541,2.3656447082367,-1.2964422624641,1.0692024457727,1.56999999999999,1.53999999999996
1994-08-01,1994,8,0.0617094944299765,0.166766199597021,5.57258773327997e-05,0.3916480989873,-0.00457525784738599,-0.461304259169502,0.703158422099023,0.515658434472982,1.122324843992,0.305956414843699,-2.01896309699805,0.729133523904011,0.304617048708099,0.790964471352993,0.520023634421989,0.01103093697346,0.0183680168377598,0.11399447805718,0.391851953952404,-0.0834408493048997,0.308411104647501,1.64999999999998,1.68000000000001
1994-09-01,1994,9,0.271681381218002,0.440513833123987,0.000101584101504969,0.2859382294128,-0.00230167300039907,-0.0162682142448034,1.15333223496197,1.24678226617499,0.0643801136509978,0.0355116745113015,-5.68040786500205,0.716201792612992,0.161611256596899,1.51538055340899,1.252515304761,0.0125670180443298,0.00102377385652019,0.0769965576775,-0.5257220968764,-0.356315279861001,-0.882037376737401,1.54999999999995,1.62
1994-10-01,1994,10,0.146243762552047,-0.192954551824982,0.000106156776587679,0.1358387643368,-0.0169404065484821,-0.1626524940718,0.992976736668027,0.792503051880999,1.26664743034399,0.0330318464786004,-0.878270297005656,0.690016921039017,0.028412724138299,1.09103458640004,0.795921322622007,0.00476717194670995,0.0152922183738498,-0.0092799302682014,0.572011386964704,-0.094639578991,0.4773718079737,1.54999999999995,1.60000000000002
1994-11-01,1994,11,0.299390696881005,0.11277307812901,4.50708659187893e-05,-0.0414480452709007,-0.00393260879047408,-1.4762888117618,0.401714977795962,1.337559417553,3.26983628440601,0.132681794750198,-5.36371970800974,0.753610368773991,-0.104828145192101,1.058854387547,1.33580334039902,-0.00103513687953072,0.0336943291929601,-0.0722277397123996,2.2787159756897,-0.658895486904999,1.6198204887847,1.73000000000002,1.72999999999996
1994-12-01,1994,12,0.105700467454028,0.00437784802898022,-1.40674735837898e-05,-0.144374065195098,0.001750951319472,-1.1853751988208,-0.58226921770796,0.557682937625998,2.540302065318,0.378349799850799,-3.01718620500469,0.670416787673986,0.291158477431196,0.0550381764480221,0.549975497144999,-0.00653765371322024,0.0221733861047801,-0.00265892803789924,1.7826939552244,-0.645014834637003,1.1376791205874,1.67000000000002,1.63999999999999
1995-01-01,1995,1,0.185289733109016,0.131896581110993,6.60892450087408e-05,0.3988365686984,0.00284756638898997,-0.960225512692702,1.379331944689,0.564089463697997,-0.521189039043009,0.0898528029633994,-3.06432633499207,0.392176818433995,0.2148702636024,0.981460146483016,0.554491711418962,0.00169695472573039,-0.00672090776691991,-0.0178604737802015,-0.788348396838003,0.388274045926899,-0.400074350911101,1.63999999999999,1.64999999999998
1995-02-01,1995,2,0.674403896029048,-0.0709596845609894,0.00014893197620203,0.381582527840898,-0.00825658438877797,-0.883665592730097,3.05152253699799,3.06876721445701,1.61604814568699,-0.4848144948106,-2.20621144899633,0.266655623335993,-0.403810476858098,2.79609927179899,3.063435915578,0.0121618726735404,0.03431232056273,-0.1739357115468,1.4303965403035,0.250091966319999,1.6804885066235,1.61000000000001,1.66999999999996
1995-03-01,1995,3,0.118438447037988,0.148290808415027,0.000133813819139211,0.562984422633399,0.000916206594310021,-0.246485409492998,1.89172728889099,0.642717813325987,-0.842763643840982,-0.339569019174899,8.9549629589892,0.156857285967988,-0.0671926044592013,1.37432256458396,0.635641452167988,0.0213177440738708,0.00975363037291999,-0.0566592721823991,-0.727244515093304,0.510328363149,-0.216916151944201,1.71999999999997,1.79999999999995
1995-04-01,1995,4,0.119053085674977,0.349563397457985,0.000108402990506211,0.4335791591106,0.000451286623021963,1.0802717850856,2.663426303763,0.741405852931962,-3.38510303668201,-0.724273268638601,14.5494806280039,0.164272430329987,-0.249092092794001,1.19442751955097,0.734489948683006,0.0253795105100401,-0.0218509944379899,-0.139820975858699,-3.0741942911674,1.462082879963,-1.6121114112043,1.84000000000003,1.92000000000002
1995-05-01,1995,5,0.00707997703602814,0.141132327291018,7.6339464110611e-05,0.0991856959197008,-0.00317094903083803,0.436307767345795,0.968768911767995,-0.0144163337949976,-1.636207030572,-0.926149210737698,5.37631718099874,0.312037873891001,-0.6923598131971,0.204933804856978,-0.022854915945004,0.02228351674548,-0.00547124177119995,-0.21270195310033,-1.7144555069224,0.755396524761,-0.9590589821614,1.71999999999997,1.77999999999997
1995-06-01,1995,6,0.120634150945023,0.0327875829990489,0.000141666102526699,0.335471591034,0.00429659556732298,0.163008838443297,1.26533448534502,0.94632139110297,-0.631738423830001,-0.509784149892401,2.69443372599198,0.0824106559240079,-0.3118473814331,1.09555914053902,0.940397040828998,0.0212242505957803,0.00933311883408017,-0.0571602366984809,-0.516212311294701,0.163850994531998,-0.3523613167627,1.81,1.81999999999999
1995-07-01,1995,7,0.159920018034995,-0.03745878033601,0.000166264407087101,0.483280976199602,0.00553399449521208,0.2349470823019,1.68985058354002,0.896988370846998,-0.705596284616007,-0.317175514282599,0.761580095000681,0.0384437226489922,-0.00746851389959957,1.47832087807404,0.890711845174053,0.0222421678775198,0.0137101601458198,-0.0254867574282489,-0.434333006881999,0.2052531797931,-0.229079827089098,1.75,1.75999999999999
1995-08-01,1995,8,0.252874749739021,0.533045238216005,0.0001714848897412,0.495018274261398,0.0246709564875449,0.180211477329202,2.190067324366,1.37852499226199,-1.36307285782001,-0.1709968149395,6.94716235499072,0.0137535802059858,-0.0512238439821999,2.05677874178201,1.373300022487,0.0156464689573301,-0.00592649304794968,-0.0490501490728512,-1.2570534670687,0.128063612809001,-1.1289898542597,1.70999999999998,1.68000000000001
1995-09-01,1995,9,0.00238085287503509,0.447078540381995,0.000117176403890831,0.584932506523799,0.00934163224046103,1.3785333378177,2.69395619659002,0.246794563355991,-3.631341753041,-0.202349659898001,18.503099042995,-0.120637816625987,0.187292036611801,1.33759985747099,0.244964965429006,0.00792457417768011,-0.0369310710394002,0.0116882504667011,-3.1210622399052,1.354526741192,-1.7665354987132,2.05000000000001,1.99000000000001
1995-10-01,1995,10,0.0564904113119837,0.645520405919001,2.79925024672199e-05,0.0184229150245017,0.015576969206381,-0.00227820041989446,0.995491172645018,0.274874065493009,-1.591966629929,-0.0473130887766011,11.7741898560053,0.397106272490987,0.232438424788903,0.0737852799940129,0.273152205978988,0.0172823019916302,-0.00956154297922973,0.0186071002626012,-1.7093213888545,0.919984033136998,-0.7893373557175,2.15000000000003,2.08999999999997
1995-11-01,1995,11,0.00720111753400943,0.469542781547034,-4.95523852484699e-05,0.0597291027170002,0.005859899972258,0.201511518740901,0.556948071942031,-0.0977120455349905,-2.77280689833401,0.408196000681002,1.43767569100601,0.505694855422007,0.675227099364001,-0.247614305728973,-0.0994828461260227,0.0257681749562906,-0.0204429036690099,0.2568784322388,-3.011470655073,0.802791577079997,-2.208679077993,2.06999999999999,2
1995-12-01,1995,12,-0.137073819529007,-0.0237730773940257,-5.66756709514896e-05,0.101961215553498,-0.00855532596833097,0.753353052448801,0.95616809234798,-0.416095300874986,-2.815375177633,0.263070205894202,5.35850061400561,0.275137926876994,0.8094052585638,-0.210761124914029,-0.417036409166997,0.0262917650287395,-0.0149172586291102,0.429006768292,-2.5441780518404,1.16598810897,-1.3781899428703,2.10999999999996,2.06
1996-01-01,1996,1,-0.247556104262003,-0.0094720758959852,-8.6511322813591e-05,-0.307320130675002,-0.00141948839710704,1.0674666263305,-0.630974482241015,-0.849043859972994,-0.178798386688982,0.3019962838883,20.5975735629909,0.503486794574997,0.495587913533704,-1.03850931107905,-0.852855467192001,0.0125550837442896,0.00377526563385988,0.214771898091801,-0.488693551618596,0.403723221619099,-0.0849703299994999,2.01999999999998,1.96000000000004
1996-02-01,1996,2,-0.269576235922045,0.258022346733981,-7.69219099928213e-05,-0.207878813409199,0.01785553703244,0.555932127325697,-1.00968639982602,-1.04279845347799,-0.465876204391009,0.572545702775301,12.2058959709975,0.468698084371994,0.699981926462002,-1.21465199777504,-1.04156718733503,0.00283558687810004,-0.00989066351858003,0.2479694491691,-0.807138065076295,0.206196864092,-0.600941200984302,1.88999999999999,1.81
1996-03-01,1996,3,-0.018264267865959,0.331528421566986,9.68735267259033e-07,-0.00478459211520033,0.00602936851019298,1.2407540438072,0.434947813369035,-0.463643613674037,-1.06201406094002,0.535273429526399,6.44398119401012,0.279181550721006,0.769902418297995,-0.116853246988967,-0.461997810503021,-0.000798263792680665,-0.0193311298499799,0.1900990953293,-1.1065666228894,0.553446863529,-0.553119759360399,1.74000000000001,1.69
1996-04-01,1996,4,-0.217716019032991,-0.145877297688003,-4.65850125347892e-05,-0.174977443243801,0.00826934205015295,-0.166076046788,-2.19667390147902,-1.367836901104,2.3822586972,1.2926913191454,0.79978632699931,0.518480442736006,1.3072244436651,-1.32053406894499,-1.37322497472502,-0.00311189565010972,0.0196461139075601,0.353525621766199,1.8783113789837,-0.881527906155,0.9967834728286,1.58999999999997,1.56999999999999
1996-05-01,1996,5,-0.136568972321982,-0.174901805173022,3.54271651347923e-06,-0.0934821483057995,0.00131895876348798,0.813156021788799,-0.288446851777962,-0.585859508639999,-0.136534420387989,1.1171971053821,10.7679790480033,0.27220281772,1.6307983632977,-0.393756661763007,-0.587180876572006,0.000672383428970136,-0.00331759022095035,0.437776983554532,0.1048640198076,0.103988442053101,0.208852461860701,1.83000000000004,1.84000000000003
1996-06-01,1996,6,-0.276226879445971,-0.169187290551008,-5.94257588108008e-05,-0.0509726152561996,0.000967515618632953,0.399546813436501,-0.662515107277045,-1.452226180867,-0.692251256129992,0.5701555398505,11.7731373520073,0.189895938687982,0.913771028406803,-1.02517665908903,-1.456755243006,-0.0100157068575202,-0.0187248064260999,0.244506835803911,-0.538531706261701,0.358132489673,-0.1803992165887,2.26999999999998,2.31
1996-07-01,1996,7,-0.177562475214017,-0.140652743624969,-0.0001502515108861,-0.668291923643199,-0.00125982112276601,0.852257872646298,-1.089361803087,-0.912748084830014,0.11367263311999,0.513330211549601,12.8031513970054,0.598815273129986,0.7170699187404,-1.72066398103601,-0.91618170791503,0.00099072343960982,-0.00499848295751004,0.193742092029408,-0.281402932819205,0.627868554864001,0.3464656220448,2.55000000000001,2.58000000000004
1996-08-01,1996,8,-0.0737785250310026,-0.499868634602024,-0.0001441734656836,-0.620096895290999,-0.01659282036404,-0.523137977784899,-1.61071238835405,-0.955363010222982,1.74817611234201,0.310049816710698,6.58723294900847,0.674960118748004,0.4689496156691,-1.61954910984997,-0.961022219059032,0.00623353821070971,0.0240012557972897,0.228578304215331,1.2321157925524,0.00317751265979993,1.2352933052122,2.30000000000001,2.32999999999998
1996-09-01,1996,9,-0.143590894065028,-0.29939756344902,-0.00011281733165514,-0.648794371276701,0.00254612680239907,-0.867378446860201,-2.46939192256201,-0.914341096784995,3.25907864768899,0.494667950870699,-3.98583857899939,0.789417157711,0.3103207950934,-1.66246547812,-0.918498568150994,0.00847362529682005,0.0412633036419803,0.236735352986599,2.2853143342007,-0.811083915808002,1.4742304183927,1.63,1.64999999999998
1996-10-01,1996,10,-0.335441815281001,-0.100169553783985,-7.37803231742485e-05,-0.184264314364,-0.000379821731661956,0.475764977746501,-1.32996425408902,-1.70513797679001,-0.339437437986987,0.3987165394668,3.50768058099493,0.41211301457102,0.490739254386803,-1.34055823560101,-1.70912267573897,-0.00192590258911007,-0.0108495106653601,0.303476621229699,-0.659527737638001,0.00660928256300153,-0.652918455075,1.25,1.25999999999999
1996-11-01,1996,11,-0.0589784449139756,-0.255238495858009,-4.05842523323492e-05,-0.317339793942701,-0.00457776211360095,0.116247949091004,-0.972977226049011,-0.488333323132963,1.57895391553302,-0.149354649587803,11.4962846419949,0.436268250727977,-0.0948057382019982,-0.775022206743017,-0.495461584043994,-0.00341009629955025,0.0151898805414601,-0.0460336368533998,1.1972345761908,-0.205083280217,0.992151295973802,1.01999999999998,1.05000000000001
1996-12-01,1996,12,0.123023761192997,-0.00176402089499561,-1.79538551961702e-05,-0.236649919216898,0.0123758743395139,-0.584106715121401,-0.854457597676969,0.388193607881021,2.89943711216301,-0.2205148210235,5.52463223399536,0.431095671077003,-0.742554084101002,-0.0257555609089763,0.390513249590981,-0.00611537076051949,0.02779701800229,-0.307632861658,1.9463021780085,-0.826382395058001,1.1199197829504,0.980000000000018,0.990000000000009
1997-01-01,1997,1,0.050742075096025,-0.0248184851890301,2.85742457637947e-06,0.0612699409703019,0.00222883261471307,-0.0911835095302962,-0.443700949096979,0.190096611780973,1.57770600929399,-0.00560936804409806,-8.84595646499656,0.12844709373303,-0.0386300501679031,0.206170413363054,0.186388257911005,-0.00325505556511985,0.0144205685739602,0.0768825070896995,1.4162382334372,-0.653579716329997,0.762658517107202,1.13,1.10999999999996
1997-02-01,1997,2,-0.106733744724977,-0.00632031513498532,7.8539038716012e-06,0.0611545183970001,0.010164711040059,-0.203238048079001,-1.28242108926196,-0.804170946881015,0.707136325489017,-0.0253958593226002,-7.13129330800439,0.255463486551008,-0.104424416496101,-0.422767187424995,-0.807566704375006,-0.00129806129216981,0.00077405175541001,-0.0319738712779998,0.372644281764494,-0.863049659331001,-0.4904053775665,1.12,1.12
1997-03-01,1997,3,0.118809633591979,-0.292291910821973,-3.16370825430602e-05,-0.242433840040398,-0.009921146212723,-0.951607669868203,-1.24981773226199,0.547044875785048,1.666240320909,-0.310043330258598,-17.9538730299973,0.343084074225999,-0.498878313212096,-0.117033892975996,0.548688145666006,-0.00373336306479999,0.0103882949336898,-0.0797946631988005,1.1343212637295,-1.131140569405,0.0031806943245023,1.19999999999999,1.21000000000004
1997-04-01,1997,4,-0.0344789346750076,-0.331211147022998,-7.3809184027801e-05,-0.171129979407098,-0.00230175798842092,0.359134442977599,-0.0334959325069804,0.186359306829047,-1.22714565038001,-1.09052586507,-2.88013404600497,0.0762499497450051,-0.714169994864797,-0.251055641739015,0.184228258507005,-0.00365949439294022,-0.0196045753232501,-0.162600050385199,-0.927039729919798,0.21542866091,-0.711611069009798,1.36000000000001,1.38999999999999
1997-05-01,1997,5,0.100804672677953,-0.0509348338540008,7.56417638574959e-06,0.0133061737445992,0.0100016436929341,0.0957855970930055,0.117047672277977,0.455101494614041,1.55602650101397,-0.234968501111002,-6.9024861670041,0.178509592549005,-0.564013873474401,0.374040600661999,0.452700297779018,-0.000978490182069969,0.0181614286353904,-0.1421214814227,1.0484715361016,-0.259394125219099,0.789077410882498,1.20999999999998,1.25
1997-06-01,1997,6,0.271730561620984,-0.199695823744037,1.69009772339017e-05,-0.176278508132299,-0.00400637126010595,-0.512252219527596,-0.129736732549986,1.36654610367503,3.27319006778899,0.0888681560509994,-13.9603984109999,0.341313883196023,-0.416240919906301,0.873023156742022,1.36690736118703,0.00479844693823983,0.0440137547558397,-0.0906749682192505,2.4267671086357,-1.00239863178,1.4243684768557,0.70999999999998,0.729999999999961
1997-07-01,1997,7,0.0135893804470015,0.0619769662470162,0.000118750179343799,0.485649471473298,-0.00216143500472199,-0.7082794354098,0.0956099667450303,0.477923622280969,1.54438933495101,0.0434063507786995,0.717752365992055,-0.0760377881639727,-0.434862406642701,0.955791290658965,0.473600824208006,-0.0107731545483798,0.01267812111029,-0.0845519490331892,1.1421583656936,-0.864504121986901,0.277654243706799,0.370000000000005,0.359999999999957
1997-08-01,1997,8,-0.07432923918401,0.00822112160000188,8.44202045948012e-05,0.315047753475099,-0.00276376431510195,0.331866373941303,0.0209981873440483,0.380395020031017,0.550454210244993,0.0535335405020021,6.07555494199914,-0.0860149947699824,-0.230408864969299,0.540126997002005,0.382409798254002,-0.00893547487020996,-0.000718888026459918,-0.0469115650960106,0.352526799543696,-0.5171140314349,-0.164587231891201,0.350000000000023,0.329999999999984
1997-09-01,1997,9,0.215620846862009,-0.277059289699991,0.00013006953608944,0.572834481777402,-0.00994847538602806,-0.516468695673296,0.717758224681006,1.63966823344299,1.41341856387101,0.0968277679725986,9.31766514999617,-0.141561705749012,-0.164696862461199,1.80503480010702,1.640485063813,0.00246969049333012,0.0201689537738998,-0.0777572703626994,1.29345563918621,-1.086459745056,0.206995894130202,0.710000000000036,0.699999999999989
1997-10-01,1997,10,0.407356453153,-0.104578542385013,0.000147497418743009,0.629729673920199,-0.006644200827015,0.183152188515599,1.71404364841601,2.441556882898,1.28725975460299,0.246454873492102,10.2673235709954,-0.202631301489021,-0.0130560410791034,2.635790502465,2.44024245291598,0.00842333826732045,0.02276723708929,-0.1351450900099,1.2303801415208,-0.923061284031,0.3073188574898,1.26999999999998,1.26000000000005
1997-11-01,1997,11,0.238092347588974,-0.0520417607449986,0.00023478902352937,0.906146921431201,-0.00440635929966104,-0.206622633934501,1.82222192464002,1.70680624578597,0.712027066353983,0.279739161987401,10.3433163050067,-0.441673381602982,0.181077289608197,2.725675164454,1.70815933458999,0.0059215933690604,0.0170451147545299,-0.0590457105111994,1.0550385755778,-0.90210015101,0.1529384245678,1.84000000000003,1.81999999999999
1997-12-01,1997,12,0.164575322022984,0.187595049563015,0.00029851277209097,0.948879188961101,0.00133051151730201,1.0741678317346,2.34625091230299,1.15414013591698,-1.29749248968599,0.1825291111087,7.00618647500232,-0.374399580605996,0.5693341672104,2.40021869252001,1.14869390920603,0.0108594548226897,-0.00617207502250983,0.0413461949620988,-0.536287852978298,-0.059414006927998,-0.595701859906299,2.06,2.03000000000003
1998-01-01,1998,1,0.160471231815961,0.563084456976014,0.00028266932473733,0.854943838543701,0.00925847506203992,1.1427247639256,2.45491232976298,1.055986224197,-1.895424728846,-0.206810897628902,23.8059595630039,-0.200884220515036,-0.0884642441897014,2.29317630729298,1.052738926941,0.0129544768130003,-0.0115302491712601,-0.1660083140172,-1.5761938548918,0.158488725213999,-1.4177051296778,1.92000000000002,1.92000000000002
1998-02-01,1998,2,0.353830396892022,0.66656779939899,0.000257493537096549,0.698123393620598,-0.00605354007765002,1.4595164713445,3.95972814368599,2.321799738057,-3.26558127964401,-0.463495170315902,11.4264981320011,-0.342118672086997,-0.0394112440199024,3.174824837193,2.318031168782,0.00822625750456929,-0.0320495341647202,-0.0348603182269986,-2.499378681261,0.781134737218,-1.718243944043,1.85000000000002,1.86000000000001
1998-03-01,1998,3,0.00466851531803059,0.603182688388983,0.000159401953636781,0.667180287030099,0.014397557221496,1.7043472932854,2.22982790840297,0.436345920264955,-2.73981791703198,0.167671989247598,36.2441129359941,-0.250694654829999,0.337030144603197,1.48594274396396,0.43135792449101,0.00122731390200048,-0.0321214739267499,0.070859340999899,-2.3197651068464,0.738897168665002,-1.5808679381814,1.91000000000003,1.93000000000001
1998-04-01,1998,4,0.397837086120035,1.14941212863101,0.000345120168515241,1.0374926124577,-0.001029984454196,0.402974565718495,3.62971800090702,2.09128172634297,-1.06349503891698,0.621181695723998,19.9822103920014,-0.453458718541015,0.208712340096902,3.79207314262902,2.09322646333902,-0.0104976767500697,-0.0205137354651299,0.0710718777938997,-1.0225056760031,-0.160410404726001,-1.182916080729,2.07999999999998,2.10000000000002
1998-05-01,1998,5,0.384956814918041,0.917500195072989,0.000216074218206951,0.858010337187498,-0.00336456802034002,0.033077688807694,2.37532931624298,1.902944187532,-1.01055318462298,0.151804473499201,12.115905247003,-0.330107365097007,0.0406986479693003,2.71075131446901,1.90897314584498,-0.0183729762263498,-0.0271161146483401,0.0186214162858001,-0.791551645055897,-0.329393039913001,-1.1209446849689,2.36000000000001,2.39999999999998
1998-06-01,1998,6,0.212351493247013,0.847547323761034,0.0001670843136952,0.6695389974346,0.002552910485904,0.614962658378595,2.41863087885901,1.040373544472,-2.63181236792599,-0.444359774599498,30.2549188419944,-0.444921955237021,-0.427640129118902,1.93465973387299,1.04263214890597,-0.01642106460395,-0.0452216558244798,-0.11443907600626,-2.1701707672084,0.486229749420001,-1.6839410177884,2.67000000000002,2.71000000000004
1998-07-01,1998,7,0.331469528010985,0.508071660521978,0.000145887963154999,0.5429114384971,-0.00426009829004104,0.6523843354815,2.733313902703,1.53368698859401,-1.383162821459,-0.126513175564099,21.4199282680056,-0.380692292969002,-0.115825674496801,2.46035549661002,1.53858171090002,-0.00949119266465015,-0.0239502588888096,-0.0243677730596197,-0.991783027422699,0.277853128398998,-0.7139298990238,2.88999999999999,2.91000000000003
1998-08-01,1998,8,0.32344392776298,0.556961091800019,0.000205721133565399,0.542891399765701,0.010939268041004,0.0450052316078953,2.36929829843399,1.28356921314196,-0.681231550629008,-0.2497456923487,15.4569855409936,-0.317701584364016,-0.134763510614299,2.38596560061399,1.27903173661804,-0.0131834749362398,-0.0179067927364098,-0.0410717988693801,-0.248547784530601,-0.0212047787039999,-0.269752563234601,3.37,3.37
1998-09-01,1998,9,-0.0277707562769933,0.686696863974021,9.88448342815005e-05,0.1757953737226,0.00666351636364104,1.6598386526544,2.042892979893,-0.531052928699978,-3.60701511965698,-0.244106433461198,20.9815885069984,-0.23958154393199,0.109868794409998,0.572105699408951,-0.540167925030005,-0.0159961660033803,-0.0557237489254598,-0.0196027703392012,-3.01345834785381,1.461672284154,-1.5517860636998,3.61999999999995,3.60000000000002
1998-10-01,1998,10,-0.149577743854991,0.525509167251016,7.96239842623097e-05,0.0354666092809026,0.015457135841255,-0.428467949247604,-0.344646959801992,-1.28332213930196,0.0529256490119963,0.4396870107085,2.41250809399935,-0.0200133378969838,0.427239942511697,-0.172572254843999,-1.28306735229097,-0.00882580031230074,-0.0066344484646601,0.226961640089201,0.0604919187122022,-0.171819917947001,-0.111327999234799,3.39999999999998,3.36999999999995
1998-11-01,1998,11,-0.142695889953018,0.375722947850988,5.23887147524105e-05,0.430672206111499,0.033017334929289,0.675679727616398,0.541688265395976,-1.26414737945697,-2.80049426120999,0.3256414485767,-16.7919443819992,-0.191013340317994,0.454261440004601,0.284532335668985,-1.26454893673099,-0.00175683317868014,-0.0374431880280501,0.1864174826843,-2.4808609294641,0.256754372453003,-2.2241065570112,2.98000000000002,2.95000000000005
1998-12-01,1998,12,0.0710590151110182,0.404056180003977,-3.15047730450203e-05,0.292932275242798,0.0305303612835021,-0.0694985036193998,0.888450541189002,-0.550019397791004,-2.268243110398,0.0434922914316971,-9.49715186099638,-0.201009535035951,0.0509383628328024,0.573656516065967,-0.542631801075004,-0.00252185772589009,-0.03090046352182,0.0507167089653002,-2.05978750396091,0.3221816218391,-1.7376058821219,2.78000000000003,2.75
1999-01-01,1999,1,0.0373194347850472,-0.164316202717032,-6.40828792213693e-05,0.1348537958939,0.0174305156003071,-0.887883387559704,-0.280033869480974,-0.479995424892991,0.155901880143006,0.1437989156952,-10.627141955003,-0.0775929741899972,0.00347744050679921,0.0730514880129931,-0.474108370672013,-0.0104316903090504,-0.00822224162009988,0.0097197194680998,0.093173379144595,-0.347198303273,-0.254024924128402,2.92000000000002,2.92000000000002
1999-02-01,1999,2,0.0363846714909641,-0.363828224757981,-6.45948661320388e-05,0.3971413957204,0.029106800113436,-0.428409618893596,-0.180697216489023,-0.589454779857022,1.28088572319101,0.0940787137033006,-4.2284917379875,-0.149354559843999,-0.184900335145102,0.311872577700001,-0.589667142097994,-0.00443403704173928,0.01480375211138,-0.0227791156696,1.15126123418661,-0.49278215643,0.658479077756599,3.03999999999996,3.06
1999-03-01,1999,3,-0.141594445955036,-0.53009282927502,-8.17898598575069e-06,0.4187529286665,0.0148915796702319,-1.2210522939223,-1.049366842506,-1.02213517671299,2.81842616406399,0.410714467174902,-8.46395434299484,-0.0480743212779942,-0.00172780964729924,0.169757633667018,-1.02808134518801,0.00323673420799953,0.0421679991911401,0.0288883779624012,2.4540582085198,-1.225070644648,1.2289875638718,2.96999999999997,2.97999999999996
1999-04-01,1999,4,-0.346656219914053,-0.836807031828016,-0.000167785885756061,-0.150181263524601,0.00760358529840799,-0.9551339583169,-2.17455129648101,-2.08732122459497,1.37053882466799,0.0863718663063011,-3.01294880600472,0.228595867365016,0.0316389969249968,-2.17713646235097,-2.07500705332802,0.00551372238063985,0.0222721229078999,0.00964280311429988,1.0872100879217,0.014899337136999,1.1021094250585,2.71000000000004,2.73999999999995
1999-05-01,1999,5,-0.417737314566011,-0.83255838916898,-0.00024990846285043,-0.5028319393445,0.010829403828468,-0.939221804977699,-2.12659710844196,-2.25089223127503,0.70335040269299,0.1616178700564,-2.977954476999,0.343406999685016,0.0693651737109988,-2.38590884425298,-2.22761041702398,0.00648150219907961,0.0124595778882997,0.0587762500659004,0.267690706662599,0.282593550062099,0.5502842567246,2.34999999999997,2.37
1999-06-01,1999,6,-0.297313747644012,-0.832812627567989,-0.000231946417037001,-0.3995133960867,-0.00397968129023207,-1.2015923530512,-2.73417403050803,-1.74370752612305,2.49834248828799,0.9489159762993,-13.4852800200024,0.465596045385013,0.788906386079002,-2.17535466584599,-1.71893641126695,0.00986522415328039,0.03738387328732,0.232396924399961,1.8727368526827,-0.534048249806002,1.3386886028767,2.10000000000002,2.12
1999-07-01,1999,7,-0.228663262023986,-0.408486578797977,-0.000162191154320299,-0.0993035958851998,0.016246813179033,-0.0410440304836968,-0.805397479634053,-1.50806637215697,-1.014945783987,0.0740683312286983,-24.0050863590004,0.150536337012994,0.2056839460794,-1.293755182974,-1.50164885172404,0.00402069466796018,-0.00955666956624013,0.0504453166804506,-1.0338665061493,0.494775223772802,-0.5390912823764,1.86000000000001,1.87
1999-08-01,1999,8,-0.287035171792979,-0.504672978699034,-0.000237880494729399,-0.2216274100265,0.001966785413825,-0.179838302385001,-1.43015101886203,-1.76632638503401,-0.656455609808006,0.1727300990846,-31.4715362569987,0.184797824651014,0.194516043641798,-1.85029228798703,-1.76445431703604,0.00855570603905997,-0.00197468035741011,0.0161457186744709,-0.819467489901797,0.422013337123001,-0.397454152778799,1.53999999999996,1.50999999999999
1999-09-01,1999,9,-0.0412956629890004,-0.444347052096987,-0.0001152718631399,0.159987157026897,0.0112328350361399,-1.0954912003002,-0.646255455078006,-0.394285070968976,0.941501856866978,0.0586735355339982,-29.619148963,-0.051409246412021,-0.207199609525897,-0.323553565469979,-0.390846950758998,0.00241603265132007,0.01383565258983,-0.0930688220670994,0.727037958219107,-0.319263769397999,0.407774188821101,1.41000000000003,1.38
1999-10-01,1999,10,-0.00235575978604174,-0.381893453016005,-0.0001207413221432,0.150506484028998,0.00408973336912699,0.161146007542101,0.560713953963955,-0.116238078100025,-1.961664033152,-0.614629176757003,-20.7192007769918,-0.200635283926005,-0.441914024598297,-0.288556641413038,-0.130479222399003,-0.0030427222404299,-0.0234737148331199,-0.2617553491525,-1.5883135970673,0.835029451078,-0.753284145989301,1.41000000000003,1.40000000000003
1999-11-01,1999,11,-0.0622153441709656,-0.321493937002003,-0.000183129221972521,-0.513947609653599,-0.02243093912939,-0.1683018781359,-0.735319348924008,-0.281492376485005,0.226196119676985,-0.372994207958801,-2.5931317640061,0.213697607602001,-0.390962315399996,-1.54429159562596,-0.303780075223983,-0.00486389770176032,0.00106628286333033,-0.302704158848201,-0.00546959536620051,0.786684547962999,0.781214952596798,1.44,1.41999999999996
1999-12-01,1999,12,-0.103383673259998,-0.432702333199984,-0.00016083015151926,-0.5257467009538,-0.02725582044602,-0.489685816402996,-1.07204227297802,-0.369434049780011,0.176760870717004,-0.127551636038298,0.980602957992232,0.361236803562974,-0.109132537650197,-1.64569183816599,-0.418490754866014,-0.00469124915026953,-0.00223145498932986,-0.276132746178199,-0.166056834457898,0.524592860101897,0.358536025644099,1.40999999999997,1.38
2000-01-01,2000,1,-0.112131185249041,-0.500442884478957,-0.00015201361983932,-0.6082137717036,-0.015669520320307,-0.118444840315597,-0.771169676322017,-0.253002073852031,0.0849970345239797,-0.213166500337199,-13.2638736749941,0.18283825185398,-0.327575157498096,-1.570073849099,-0.251016143902973,-0.00843415284782001,-0.00437319179731999,-0.222795642221799,-0.212249874490901,0.800890102725997,0.5886402282351,1.27999999999997,1.29000000000002
2000-02-01,2000,2,-0.0891506905539927,-0.22172667120401,-4.57708912858807e-05,-0.425845772070801,-0.013254451859732,-0.202812731413403,-0.741795083827981,-0.724799694611988,-0.389916728765002,-0.246050981058801,-10.1439672070119,0.123203003042988,-0.267581604872696,-1.21527606416697,-0.725073816796964,-0.0121299252914007,-0.0162985234244699,-0.222503440898301,-0.534650355621906,0.473206858154001,-0.0614434974678986,1.13999999999999,1.13999999999999
2000-03-01,2000,3,0.206709887734007,0.148399017657994,-4.62149069707096e-05,-0.483354794624699,-0.00575525382819497,-0.643409676119902,0.322693610421027,0.652834864874023,-0.480525832573989,-0.902297562609899,-14.6008441669983,0.0366540196089886,-0.8879445330574,-0.373613934138007,0.665186793841997,-0.0150106087351896,-0.01954231604459,-0.327194025696601,-0.502826822630496,0.708659473527,0.2058326508965,1.07000000000005,1.05000000000001
2000-04-01,2000,4,0.295255578997001,0.0852140436950322,5.70904637434803e-05,0.0618933592301012,0.0104059830169949,0.792412526938506,1.64843827938796,1.45647339945299,-0.569588677611989,-0.552907915925001,-8.68950699298875,-0.235955502422001,-0.494170705200098,1.413829772133,1.46261945955501,-0.00878635630007008,-0.0107789711392603,-0.1217640597173,-0.274895964465095,0.240754567356902,-0.034141397108101,1.06,1.02000000000004
2000-05-01,2000,5,0.125160922443001,0.199260762236975,7.73025890538105e-05,0.204719128843401,-0.00352170318078004,1.1631371596442,1.84649681740996,0.570162156394986,-1.87446491930001,-0.0805329328561015,-6.91641869200976,-0.17342415888001,0.248150920404605,1.09521639209299,0.571626956038983,0.00263538533906038,-0.0199652535096897,0.0636548729307993,-1.3723569071593,0.752745224960901,-0.619611682198299,1.03000000000003,1.02000000000004
2000-06-01,2000,6,-0.00104932294203763,0.412415081199981,3.21528574929002e-05,0.071599074521,0.00574069693724499,0.427231029166499,0.973374651392021,-0.0816909727779489,-1.25393465384101,0.0295928504646987,-1.77270076899731,-0.0195507471869973,0.153580690377602,0.491920933456981,-0.0724159381810523,0.00107712490183998,-0.0165428382770498,0.0589955616131697,-1.1103960667411,0.490728752532,-0.619667314209099,0.949999999999989,0.989999999999952
2000-07-01,2000,7,-0.0136136361770127,-0.217350621990022,-0.000108921878260402,-0.457436483862601,-0.016973833084418,-0.305562736760599,-1.12328948404598,0.0394210534799981,1.67645053161999,0.275690690192299,5.86070813500555,0.337476348338981,0.106448597170601,-0.751270494097014,0.0336153091100186,0.00391366969481011,0.0224579472645998,0.0798884927468286,1.1697320902593,-0.377824734318899,0.791907355940403,1.22000000000003,1.31
2000-08-01,2000,8,0.0478040895910112,-0.119157047822966,3.68425937179867e-06,-0.0591269810319979,-0.000373475436540982,-0.410648542670998,-0.417495810217986,0.495790769311043,1.56947561693801,0.363871252092999,17.3028887649998,0.147983544669984,0.1018574506652,0.244354899439031,0.493374937525004,0.00171490377441019,0.02103750321404,0.16009173795724,1.1594782708402,-0.664266541443101,0.495211729397198,1.43000000000001,1.48000000000002
2000-09-01,2000,9,0.0409387655320188,-0.0457753609890119,-3.23428013768497e-05,-0.1920662393849,-0.00731639910603699,-0.176111791287603,-0.565946065072978,0.252567675717955,1.299430060129,0.496119510533401,5.63235501600138,0.300836864436008,0.438619120149799,-0.135468343986986,0.240709067465957,0.00969471554517032,0.0220576852668297,0.223532452176,0.941092805309395,-0.442336329338001,0.498756475971398,1.26999999999998,1.25999999999999
2000-10-01,2000,10,-0.0625893092129672,0.0114191389769758,2.04091259235206e-05,0.0805989241782008,0.00575646546226805,1.1905287084002,0.414925368831007,-0.0414477595269886,-0.353168374732974,0.353102675529701,18.786489236998,0.17538687107799,0.362479258859999,0.228961902034996,-0.043627821531004,0.0059423266529901,-0.00136679004172979,0.1248505980441,-0.519178662480705,0.183783404791999,-0.335395257688599,1.16000000000003,1.13
2000-11-01,2000,11,0.0273883781100039,0.020752353115995,7.99757303504307e-05,0.138082945029101,0.008323789945201,0.8068114736284,0.722798671626038,0.303578334870963,-0.046900517371995,0.3427978815937,14.9036319949955,0.00424760006498559,0.426279503762295,0.844531596907984,0.303134172062016,0.000630314145450228,-0.00130131240535025,0.2066832577159,0.0323335047315965,-0.122177088090901,-0.0898435833591975,1.23999999999995,1.17000000000002
2000-12-01,2000,12,-0.0426847777309831,0.0220164538050085,0.000105999457513399,0.0389812763204986,0.00388168475710504,-0.264554188408098,-0.939886722208996,-0.0199382893639495,3.27687697110298,0.789766916436999,11.5431144540053,0.038779332936997,0.3111434550189,0.406004512247989,0.0146745298529822,0.00515420043023962,0.0443677498086097,0.232342088459399,2.7594741767479,-1.31127841524,1.4481957615078,1.22000000000003,1.19
2001-01-01,2001,1,0.299136140903045,0.413297125682959,0.00012567330488837,0.3226838687659,0.00104341187363699,-0.634556793202798,0.580186124356032,1.252314523964,2.976366064605,0.481333741795098,4.07236131899117,-0.0481750030109538,0.377088562646001,1.62025362782998,1.24468292663801,0.00476253387101,0.0448505687895397,0.152320573089199,2.9202958884669,-1.0476991007999,1.8725967876669,1.30000000000001,1.31999999999999
2001-02-01,2001,2,-0.0760979298989923,0.256253528136995,6.96915426463794e-05,0.340562253779002,0.00234462915327793,0.921596702879199,0.109831917630004,0.0993935535090031,-0.484279610099009,0.195794912210001,18.5422052909998,-0.137704885554996,0.201188982803302,0.434092592282013,0.0937107522489669,0.0161676486839104,0.00890223448848015,0.1023985465258,-0.341180653950694,-0.329943475912,-0.671124129862701,1.53000000000003,1.51999999999998
2001-03-01,2001,3,0.110990834180029,0.182105544785031,0.00012374186471429,0.561241380568898,0.00777203103646595,1.4614089172744,1.50453700631499,0.850129353952013,-1.40009437493202,0.186239385221398,8.13585078298638,-0.291469479588983,0.463712740903603,1.60415055950301,0.849706927042007,0.00548442126353965,-0.00996300035191,0.1973745015171,-0.831151539660802,-0.100035980097999,-0.9311875197589,1.60999999999996,1.60000000000002
2001-04-01,2001,4,-0.0146394460079478,0.366392762293003,3.46710013851403e-05,0.149141504407698,0.006592251833895,1.2539617518785,0.842668762429014,0.0716738080299706,-1.72060611097501,0.200625234495302,5.71431975599262,0.015132325623,0.325282998760301,0.350892891086971,0.0746332064019839,-0.0047018308883402,-0.0269010399149199,0.0636883636128012,-1.611080672333,0.494735269714099,-1.1163454026189,1.54999999999995,1.53999999999996
2001-05-01,2001,5,0.262787790829009,0.265407082746037,5.10760881062191e-05,0.2430724513044,0.00269386795241799,0.122408773033499,0.508461949738034,1.42827768986604,0.580560566155015,0.0769784147683019,2.36220265200245,-0.0823934181260029,-0.096400420504601,1.24818900659,1.42700868087701,-0.00498418819763025,0.00439918578336984,-0.0525373620339007,0.489575149008097,-0.740996065840999,-0.251420916832902,1.51999999999998,1.51999999999998
2001-06-01,2001,6,0.184060370758004,-0.0229063440880282,8.21776328971992e-05,0.332490694251998,0.00503147209074006,0.207992224676097,0.539277035428995,1.07784429969695,1.01250878221902,0.0305627199188017,-3.11523330298951,-0.105670622025997,-0.222481687670701,1.03645227409004,1.07598518968001,-0.00449845480602029,0.0112925755328099,-0.0977449593930011,0.865134996655499,-0.499034348677998,0.3661006479775,1.51999999999998,1.52000000000004
2001-07-01,2001,7,0.259611538087995,0.359946728782006,0.000198705859274501,0.763879672671401,0.0190682436343921,0.917815683887397,2.25603566023301,1.31683253748099,-1.620723272308,-0.257390114281598,-6.64532724001037,-0.434344502695978,-0.205217456134001,2.280576804752,1.315689805896,-0.00548609012948997,-0.0227169553278599,-0.103068083133349,-1.1342061114644,-0.0256838761040008,-1.1598899875684,1.53999999999996,1.51999999999998
2001-08-01,2001,8,0.206740754836005,0.674834247276976,0.0001708642520595,0.710124934908798,0.0158220788243679,1.3415402359249,2.82049788924803,1.14091337942,-2.55208353059299,-0.312314878004297,-1.74191295099445,-0.465405081651994,-0.113014771199101,2.28860664956301,1.150355944647,-0.00686619784499021,-0.03527877752569,-0.0867515077150696,-1.8873783421358,0.541333804912099,-1.3460445372238,1.55000000000001,1.53000000000003
2001-09-01,2001,9,0.113355843174986,0.205419501109986,0.000146770113864448,0.633503510259899,0.0127443858102331,1.2155148120066,2.10667388413901,0.611435654919035,-2.15786310275399,-0.437954028077101,-0.793817055993713,-0.503237041945994,-0.2665593630785,1.70981338300101,0.622070859855,-0.01174773129455,-0.03217903453691,-0.0482442482171006,-1.4832313958094,0.407495706073998,-1.0757356897354,1.65000000000003,1.63999999999999
2001-10-01,2001,10,0.262903851831993,0.439198239604991,0.00013246508364494,0.311986928195399,0.000895161913960996,1.2602669450882,2.18954993978099,1.11671334813298,-2.53382037518301,-0.686100990365301,-22.9316818859952,-0.380955441640992,-0.456456488869001,1.58623758019803,1.12685747366999,-0.01030652278205,-0.0378330834835903,-0.1087008607367,-1.9232204320457,0.61345648512,-1.3097639469258,1.79999999999995,1.80000000000001
2001-11-01,2001,11,0.405510176463963,0.43994529758703,0.0001378323968104,0.5932701267655,0.011455192168829,0.403808395311998,2.47580513278899,1.65811063848901,-1.581048504493,-0.614408606826899,-16.2142903779895,-0.407914892282008,-0.473502663703798,2.223720602112,1.68475047966598,-0.00924022051705986,-0.02465588874467,-0.1342500565032,-1.0322276690879,0.278724371853901,-0.753503297234001,1.78000000000003,1.81999999999999
2001-12-01,2001,12,0.294903304217996,0.373530386576022,0.00014492156110046,0.836349175950801,0.0159616978806359,2.4922942994403,4.19628842730702,1.31511379350599,-6.04308404295898,-1.1532685028686,-11.6157149700011,-0.650396636752987,-0.301083460372205,2.49187266718201,1.325919976634,-0.00953683492106983,-0.0775660772851201,-0.0531783308367988,-4.5405023637096,1.715221943253,-2.8252804204565,1.88,1.91999999999996
2002-01-01,2002,1,0.187077857388999,0.227531148302035,0.00010440758233605,0.527000940910998,0.01060575536349,1.9829779246424,3.08049258944698,0.555913937339028,-5.11843021348,-0.828757036756098,-7.43561269200291,-0.566069015678011,-0.380878514147902,1.75321066619102,0.565574720852965,-0.00711061851854922,-0.0665999472300798,-0.0595884834744993,-4.1044826751938,1.3369427067699,-2.7675399684238,1.81999999999999,1.76999999999998
2002-02-01,2002,2,0.228096987659001,0.169787309753019,6.45589772257215e-05,0.1370338504668,0.00130692442093405,0.700722404993101,2.07107366868701,0.999193020690996,-1.997302810207,-0.453645049278101,-14.0488368739898,-0.167673310146,-0.219948355489905,1.24534840807996,1.01281611777199,-0.0150259527585304,-0.0373341174422803,-0.0631350104616999,-1.59593280627281,0.839348357687999,-0.7565844485848,1.73000000000002,1.62
2002-03-01,2002,3,0.298423903158948,0.170796608562966,8.45894855324002e-05,0.1848690283609,0.00148251332122906,0.613117440721197,1.77100135569299,1.180790366243,-0.695830224171999,-0.2897271029411,-9.89798160399368,-0.168275681785019,-0.447909542962101,1.34285217843001,1.18418505750304,-0.00264072716359998,-0.00869071399961996,-0.180138853373599,-0.685736982408002,0.431543868523001,-0.254193113884899,1.80000000000001,1.69
2002-04-01,2002,4,0.0306000038629577,0.110812064992956,1.93167039211593e-05,0.164720424936899,-0.014720331350367,0.3013757303289,1.08516914094099,0.274414704992012,-0.753925906875992,-0.0360539033666996,-5.87892188600381,-0.110955065097016,0.0746826075847977,0.434254135869992,0.261525531045038,0.00871251437226039,0.00178011646523002,-0.0296831849846999,-0.532234330827499,0.638025831124001,0.105791500296601,1.83000000000004,1.75
2002-05-01,2002,5,0.120571666199965,0.16257187064798,4.2633336525601e-05,0.0710451539394015,-0.00215816973321792,-0.5941669990302,0.258400534320003,0.284391020612986,0.705696193687999,0.0607705899444007,-7.81037778999598,0.0915707960089946,0.0429612807746977,0.426520584822981,0.268491245999996,0.00693093767277997,0.0126646045243701,-0.0485996012785996,0.596316088509305,-0.1840198251159,0.412296263393401,1.94999999999999,1.89999999999998
2002-06-01,2002,6,0.195541696269004,0.414805305550033,0.000100375058277901,0.234670253021402,0.013411846067759,1.1840819190684,1.98236925483303,0.970816902400998,-1.80084898172299,-0.6379641542635,-3.76069088000804,-0.194202755193004,-0.504808330457102,1.39000687285198,0.946106648677016,-0.000383661893599729,-0.0207283158627201,-0.19698638091046,-1.4734904027236,0.567652128256999,-0.9058382744665,2.00999999999999,2
2002-07-01,2002,7,0.0810783813190028,0.219272793393998,3.00978673570991e-05,-0.0300160396636997,-0.00796862072823601,0.147572320632605,0.262647410048999,0.523834188360013,-0.00697792390897689,0.131119178747699,-0.0161074079951504,0.0450520589579924,0.117206957669499,0.44644907895298,0.539974167301978,0.00501837698156971,0.00396489277912027,0.00538328419136924,-0.0659422039452053,-0.167661689961999,-0.233603893907201,1.96000000000004,1.97000000000003
2002-08-01,2002,8,0.023553312325987,-0.110710945533015,-3.28717921519988e-05,-0.0569423722459987,-0.000542254798560959,0.366447545789299,0.112362019954958,0.0727254529629704,-0.60544166012599,-0.1931588929219,-2.41111641000316,-0.0227886634519905,-0.120174277294097,-0.0552853651059877,0.0753350434899858,0.00392955633794978,-0.00452304633647005,-0.100579430072051,-0.509668381046197,0.1702569755879,-0.3394114054583,2.04000000000002,2.09999999999997
2002-09-01,2002,9,0.186943036695993,0.233347954739031,1.72119807377007e-05,0.00493098505190304,0.000591122608183947,-0.315371443743999,0.264369052057987,0.827505853146988,0.986384545969997,-0.041348242390697,-0.78102264800691,-0.0519997147600009,-0.113333552870802,0.751804987649962,0.835297827554996,0.00214691500025976,0.0123404314201601,-0.0936744648507997,0.966398950249896,-0.479643961183999,0.486754989065901,2.31,2.40000000000003
2002-10-01,2002,10,0.0989884983080174,-0.246035852232978,4.55899937584596e-05,0.193894040182101,-0.00358142545348705,-1.9629584741842,-1.12806603156298,0.493344460391029,4.68597882670201,0.7220827259838,9.28313919100037,-0.104991789086,0.335932613193201,0.512644148346965,0.501792491044,-0.00660290866041979,0.0551498232754501,0.197646159269,4.4048205029974,-1.632262149257,2.7725583537404,2.24000000000001,2.32999999999998
2002-11-01,2002,11,-0.0964728237679537,-0.0670414462550184,5.10800196946992e-05,0.102561009019098,0.00938822770727399,0.250426714281204,0.129631957372965,-0.28501336058099,0.473665179107996,0.583332545341399,0.496260903993971,-0.174804797799993,0.3900419724418,0.211735742968983,-0.286866267644029,-0.0158917633437703,-0.00650559843272003,0.1888099603747,0.455179404008398,-0.083956692659001,0.3712227113494,2.21999999999997,2.31999999999999
2002-12-01,2002,12,-0.0696792084340245,-0.0535748051350424,3.71173850462602e-05,-0.0595273081541983,-0.0123618929389629,-0.115550707500397,-0.429467464542995,-0.0467167019290287,1.520738914193,0.7531197559329,-0.708213464007713,-0.0583916768420067,0.6278584341742,-0.0492768106669814,-0.04499693204599,-0.0072797568479599,0.0166301977746701,0.224618815246298,1.4538692692763,-0.378470883993,1.0753983852833,2.27999999999997,2.34000000000003
2003-01-01,2003,1,0.0567498688819796,0.142515038052977,4.73231337705313e-05,-0.0030394110867995,0.00578541381642805,0.303031537497901,-0.0488501935590193,0.550417915113997,0.921322605997005,0.5362182849722,-0.439433541992912,0.0040425630499783,0.5924908646193,0.284372669862023,0.552546952982027,0.00321320109763956,0.0153766775518198,0.149297118246599,0.973552622594099,-0.331093825552998,0.642458797041101,2.43000000000001,2.38
2003-02-01,2003,2,-0.0167454832089788,-0.0685806285770241,9.30082974933098e-05,0.16367482151,-0.00666106554479307,-0.3583115935024,0.420016469041002,0.163335111521008,1.32073199015602,0.769174335878901,-4.93175013700966,-0.188845620643008,0.757165693466,0.747344813112022,0.168901595443003,0.00272691091192012,0.0242454114645603,0.2806883902284,1.4975689683861,-0.321761860149,1.1758071082371,2.56,2.49000000000001
2003-03-01,2003,3,-0.323155190982959,-0.0236668341149766,-3.79595562210403e-05,-0.320424947783199,-0.00792214543576497,-0.756274380849,-1.53688641271197,-1.15188668052502,0.928172928310005,0.705615354151298,-1.08556651299295,0.191932567597007,0.784156258501298,-1.40411165337201,-1.153525617556,-0.00186746072191024,0.00891325655620001,0.278595243602899,0.814781265063004,-0.134413696370899,0.680367568691999,2.53000000000003,2.47999999999996
2003-04-01,2003,4,0.00993243162304225,-0.0379235882359694,3.82884024060798e-05,-0.0788418856023974,0.00833436483992001,-0.171463803328805,-0.647079409529965,0.0206157503749864,0.700177193163,-0.248305793443301,-2.98170223899069,-0.0529321840899968,-0.3990705936978,0.0363846862690025,0.0200214643339791,-0.00927804342579996,0.000351394279579864,-0.0202951061296996,0.602344576998497,-0.6840583818399,-0.0817138048415984,2.65999999999997,2.63
2003-05-01,2003,5,-0.0906154225949649,-0.0379519812950093,3.11746934233987e-05,-0.0313788055122011,0.00464374143194191,0.532881973081103,0.0798598445539938,-0.136867207814021,-0.836362904020007,-0.419890646653499,10.6060701849929,-0.219161206086994,-0.475499123143898,-0.214766298684992,-0.143394429697025,-0.0139424518457001,-0.0198313912188999,-0.0555946989293989,-0.672810174423404,0.2880989213559,-0.384711253067501,2.83000000000004,2.81
2003-06-01,2003,6,-0.203989584610952,-0.333912847552028,-2.20565222375999e-05,-0.0852944618089992,-0.019330643883234,-0.721520094910403,-0.947303281816005,-0.767186832725997,0.180883769274004,0.0334992865557986,13.9121129150008,-0.165959370881012,0.151047457214197,-0.619436705195994,-0.765399568946975,-0.00763726574645007,-0.0025458374013998,0.161115610537109,0.464391310813397,-0.3260793128409,0.138311997972401,2.87,2.87
2003-07-01,2003,7,-0.0771158496269777,0.00233197170797439,5.90905340842e-05,0.2608275645057,0.012074426974013,-0.790756913399903,-0.0699870279269703,-0.371525038609036,1.048284158115,-0.0797246437842993,4.93880489500589,-0.293607493860009,-0.134152934147998,0.154880750019004,-0.378912292494988,-0.0112871205943499,0.00653149823920973,0.0423428490609101,1.2874633616113,-0.232255031831901,1.0552083297794,2.75999999999999,2.77999999999997
2003-08-01,2003,8,0.0988590243359795,-0.00624419358297246,0.000115659349007599,0.166010587050099,-0.00889519244421899,-0.468249445266501,0.535583427277004,0.622618693462982,1.08700336190398,-0.0142157441200013,-1.04715376300737,-0.208077042533006,-0.0366678848277004,0.634677457883981,0.619536586622019,-0.00741246931083994,0.0111642995852299,0.0335377795531695,1.2726282637293,-0.102176137447898,1.1704521262814,2.58999999999997,2.63999999999999
2003-09-01,2003,9,0.024036512802013,0.0517420957809804,0.0001171535174509,0.153254126924999,0.00616473598697997,0.221081144582499,0.847285970846997,0.299764977087989,-0.400516873166993,-0.1150083811381,-1.79909990300075,-0.173369732698006,-0.0541525587180978,0.320677199006013,0.294269560216037,-0.00318156951307991,-0.00249145468059986,-0.0485487724377993,-0.166291318048998,0.521113354969,0.354822036919998,2.41999999999996,2.47999999999996
2003-10-01,2003,10,0.128531192102002,0.334522244706022,6.45393674209016e-06,-0.146120647782499,0.0063641111989311,0.990764066136201,1.34874713255101,0.971153721726012,-2.74148318610102,-0.3358643832679,-2.75736043600773,0.0562904942879925,-0.203432489142095,0.424940063241024,0.966121460900979,0.0114128128117099,-0.0252131182627799,-0.2165476299745,-2.6653417862632,0.918774808485001,-1.7465669777782,2.41000000000003,2.44999999999999
2003-11-01,2003,11,-0.031456461747041,0.128734323359993,2.19635677252503e-05,0.0832133156471997,-0.010423190175855,0.395988859235196,0.574552925757018,0.0855389207740131,-0.806831714352001,-0.2342007784173,10.6700228050031,-0.0706163664899861,-0.0595783643099992,0.132498987386043,0.0887664743310097,0.0154833288021097,0.00661568008744995,-0.0611779518744999,-0.561592933754703,0.445281491927901,-0.116311441826699,2.37,2.41000000000003
2003-12-01,2003,12,0.242853131656034,0.337573805659019,-3.28662179333496e-05,-0.0386487416154004,0.014235907663836,-0.728129823353498,0.466881335777998,0.860751837065038,0.648710344153983,-0.101909998775302,5.29355559201213,0.0141698999539699,-0.321505461571995,0.459177716745955,0.861374337428003,0.00157144488125027,0.00794944793645991,-0.144128539739899,0.414944981403302,0.00832611939500083,0.423271100798402,2.25999999999999,2.27999999999997
2004-01-01,2004,1,-0.145701776305998,-0.106387245331973,6.44157121991971e-06,0.1196051259722,-0.0170002490480691,0.102441550630502,0.166405403303997,-0.431836843202007,-1.09323617665299,-0.235549190821299,7.48286638500576,-0.147798384133978,-0.232039765382702,0.0784090861569666,-0.430775025082994,0.00637287090131977,-0.00774047563610969,-0.0706234650222992,-0.941928367080401,0.0890581352660007,-0.8528702318144,2.26999999999998,2.29000000000002
2004-02-01,2004,2,0.0535263755259621,0.0775819100019817,-0.00010371201451328,-0.208638510346301,0.012241080700212,-1.1523416178191,-1.21760228505002,0.264652957795988,1.52520443666998,-0.217174336555999,1.20395599800395,0.221651546533991,-0.376465642046199,-0.617741559728984,0.256264875258012,0.00388797999814017,0.0197647139869899,-0.1251729006046,1.1442615846458,-0.608248807858999,0.536012776786798,2.25,2.25999999999999
2004-03-01,2004,3,0.123857540817994,0.285609415461977,2.13658985222e-05,0.216737618278998,0.00998188027423796,0.800487954548501,0.950332996483951,0.565729472484009,-1.44379442815898,-0.7097284981866,1.52178909399663,-0.198386544227986,-0.716463282202298,0.723662998802013,0.572022961312996,0.000213388900960787,-0.0178222911699901,-0.2282556028206,-1.2521426679467,0.232963486510901,-1.0191791814357,2.23999999999995,2.21000000000004
2004-04-01,2004,4,0.101772734333963,0.0199815384360136,7.55402962132005e-05,0.376776053375,0.00175906859269503,-0.0918287243906946,0.270874382806994,0.386875804509032,1.107742840198,0.102958258247298,2.44871348000015,-0.259400029369999,-0.149649923107198,0.914701720409994,0.384306507221993,0.00510155657693989,0.01989210753919,-0.0673320663546004,1.1145346882135,-0.646396634890099,0.4681380533235,2.09000000000003,2.10000000000002
2004-05-01,2004,5,-0.232562220440002,0.00178681310399043,-4.19107714509995e-06,0.3112587837239,0.011496164477597,0.922353278507899,-0.132696241873987,-1.10060717525198,-1.35415149323001,0.186676790321297,-1.85547086899169,-0.278468520881006,0.297259018127697,-0.22600828656897,-1.09911203526599,0.00722904050007012,-0.00855624547175005,0.0274277959389,-0.965100744542596,0.0948071846809988,-0.870293559861597,1.87,1.88
2004-06-01,2004,6,-0.0217604285560355,0.0529999176069964,9.65685542959893e-06,0.0653514253006975,0.024764679494291,1.1300199685117,0.585087337424966,-0.487156622944951,-1.92663982989001,-0.0551931606715996,-15.3817651129939,-0.0536648735679819,0.0760944130418011,-0.18737382508499,-0.493549161622013,0.00340463038809968,-0.0223257486409301,-0.0433809330105799,-1.7416873826086,0.766068623832801,-0.975618758775703,1.80000000000001,1.78999999999996
2004-07-01,2004,7,-0.296707238777003,-0.477374914889992,-7.03688896041988e-05,-0.2746915577385,-0.00835006700319096,0.702723141441901,-0.656630493928049,-1.23965844074496,0.0314585999609847,0.0210644243782987,-2.12862483800563,0.0824601730060124,0.136534094849601,-1.21926686759298,-1.24088637010101,0.00505242064284994,0.00742736618766004,0.05274632499464,0.0644680974262997,0.5614084443088,0.625876541735099,1.76999999999998,1.81999999999999
2004-08-01,2004,8,-0.268964739113983,-0.165120450726988,-6.85857324090999e-05,-0.2622651362074,0.014756690078408,0.900817245400702,-1.001256728832,-1.32955571800295,-0.845764245780003,0.0388899465931019,-5.43476804999227,0.184512610538007,0.135125513801498,-1.33358474747098,-1.327124261216,0.00777036059744018,-0.0053977296160399,0.0578147043803803,-0.934041289109601,0.334759475425898,-0.599281813683699,1.53000000000003,1.59000000000003
2004-09-01,2004,9,-0.169881379496019,-0.133716302303014,-7.52154069310999e-05,-0.0605415203728015,-0.00163873862152897,0.5913072218232,-0.409648612763021,-0.908541655031968,-0.597270137794993,0.211299384884597,2.59563612600323,0.124832154711015,0.2329189069652,-0.656663763058987,-0.907515723204028,0.0049323434603501,-0.00436730524193019,0.122049014281799,-0.700482770425403,0.248041082123901,-0.452441688301498,1.29000000000002,1.28000000000003
2004-10-01,2004,10,-0.175335289607006,-0.109678040329015,-1.1297699271889e-05,0.106679172864297,0.003362532926378,0.700148518593899,0.144397349779013,-1.04049624581603,-0.974221268848993,0.1392911067061,-4.48314051399939,-0.0505145919889856,0.2556009969488,-0.265248539046013,-1.04054222647198,0.00210052669080962,-0.0128807868796601,0.117617474257399,-0.807396786617296,0.409599908169,-0.3977968784483,1.36000000000001,1.33000000000004
2004-11-01,2004,11,0.0692316892340159,-0.169315603576024,-3.32926887197191e-05,-0.0816212424421998,0.00206179949766605,0.811031204187401,0.50946405315301,0.362724794353994,-1.43609606496,-0.222767418983299,-7.57228293799562,0.0297751921710017,-0.0536120467587011,0.0166481818289981,0.360261689894003,0.00395281272281078,-0.0172404189269799,-0.0673411046146999,-1.2967158849064,0.490352766864099,-0.806363118042501,1.55000000000001,1.5
2004-12-01,2004,12,-0.289419178303035,-0.342427200543,-4.37658833926137e-06,-0.00960852028369885,-0.00329104687703807,0.926569072759698,-0.341046986119011,-0.905540167255992,-0.543098168504002,-0.1946775082077,0.868756183001096,-0.0461117195519591,-0.154547332482203,-0.620039784154983,-0.906756864984004,0.00242044764959992,-0.00369833841778,-0.0675117785359998,-0.456856273226499,0.277776100307999,-0.179080172918603,1.65000000000003,1.60000000000002
2005-01-01,2005,1,0.175129313836976,0.241877257184967,3.15014029654403e-05,0.166913815458802,0.0193656515857961,-0.181593665499406,0.738696508476039,0.575821871616029,0.724882959129985,-0.290378551020101,-0.413252219004789,-0.18254567820901,-0.449687341366797,0.574973989447983,0.571986705193012,-0.0128456725809301,0.000999988853039646,-0.171715308657401,0.748119846992303,0.159887352604997,0.9080071995973,1.52000000000004,1.51999999999998
2005-02-01,2005,2,0.0163717370110135,0.0226766933210456,6.7497625379569e-05,0.239385821403701,-0.00456302905368899,1.76912197042289,1.91103475075101,0.297807097539021,-2.73560371145999,-0.214058115270699,7.06475314999989,-0.357602371606987,-0.118620588623301,0.857913599744961,0.301505755533981,-0.00561352888855993,-0.0353821374571197,-0.1269611134091,-2.2825638132056,1.056819809001,-1.2257440042046,1.53999999999996,1.54000000000002
2005-03-01,2005,3,0.0841052992939808,-0.149149478081995,-3.33508977190186e-07,0.0839195064556009,-0.009755169617503,0.175308974251202,0.487531964832044,0.497703093767996,-0.221158526056001,0.0646105278124018,-1.24945543101057,-0.155815846878028,0.203462615865796,0.442950847878024,0.491867765202983,0.00424435446306948,0.00330136293257999,-0.00644896110240012,0.0735094088753954,0.0387457883889972,0.1122551972644,1.71000000000004,1.70999999999998
2005-04-01,2005,4,0.0770985125510038,0.235784673838964,-1.77711238587997e-05,-0.1240591432203,0.00130313309325603,-0.397835617205203,0.34993492888799,0.528222747028963,-0.998281507845007,-0.385568223600298,-2.37535444600508,0.122555115404992,-0.274614041139905,-0.036335536230979,0.512871963684006,0.00287698607808995,-0.0116264378687698,-0.1108571874791,-1.0098824407896,0.370919681773998,-0.638962759015602,1.83999999999997,1.81999999999999
2005-05-01,2005,5,0.277949038793963,-0.0275649248599734,7.56731550952006e-05,0.035326674490701,-0.01636970695087,-0.5967032815959,0.978788384762993,1.46675302336098,1.29720298254801,-0.389827246527798,3.47219430700352,-0.0226747832199976,-0.528324425107897,1.243588313864,1.46943869492998,0.0043972438970501,0.0223859065682399,-0.118724813593401,1.1813805871879,-0.262114257531998,0.919266329655898,2.00999999999999,1.97000000000003
2005-06-01,2005,6,0.186062607587019,0.14652542139504,0.0001270071843857,0.503931433994801,-0.017896509825189,0.236703163445995,1.83295439203704,1.43970325910198,-0.94956070333501,-0.4915247701379,5.74008943099761,-0.357170886158997,-0.284746201845397,1.71536834734695,1.441633050262,0.0113936401781203,0.0045091819701697,-0.0741567620670001,-0.3856112488835,0.119515835850201,-0.266095413033398,2.09000000000003,2.05000000000001
2005-07-01,2005,7,0.327167786974996,0.636577936558012,0.000155434530538399,0.472951544137999,0.016123310567342,0.256010938831302,1.813640412506,1.51109554045098,-1.81754375534999,-0.369133597744199,-4.80176273699908,-0.300152458363016,-0.2349867642533,1.94788192686798,1.49045314742204,0.00762557713487011,-0.0162308508301598,-0.113868681265249,-1.3832444634961,-0.1548839073909,-1.538128370887,2,1.98000000000002
2005-08-01,2005,8,0.175452767005993,0.212941097243004,7.14359032805006e-05,0.369870223911899,-0.00155032150022694,-0.4202040902872,1.167346072675,1.05285587810198,-0.866423845492989,-0.211390162326001,2.39030344500497,-0.256715503307021,-0.196280941589297,1.23384669645998,1.03063505349803,0.00552764773568981,-0.00466120749059984,-0.0628273834040396,-0.594599121449299,-0.0887214483888989,-0.683320569838198,2.25999999999999,2.25
2005-09-01,2005,9,0.133199953745986,0.254679776973035,0.0001406548157436,0.4215936982724,0.00137950281676402,0.0238849875844025,1.306509139127,0.692580909160995,-1.599553343407,-0.0727084651874002,-4.23311364499386,-0.32361380789402,-0.0775896830064013,1.39776573542997,0.676450732826993,0.00567172286767992,-0.0152792635425301,-0.0679515237318,-1.28082075333199,-0.1073867726369,-1.3882075259689,2.38,2.40999999999997
2005-10-01,2005,10,0.215426649744984,0.190851758270981,6.20165265985198e-05,0.359284717881902,-0.00106266747934403,-0.686673096970701,1.10554064363896,1.03328732453502,-0.188477574198004,-0.225086182559998,3.53415959500126,-0.282077617027994,-0.262176387739601,1.09663495957699,1.02025825838103,0.00295710373976998,0.00724645992944017,-0.203160169412099,0.0565098376503954,-0.00412338209200058,0.0523864555583984,2.34999999999997,2.40999999999997
2005-11-01,2005,11,0.103264812978011,0.167342765414048,9.37085621258854e-06,-0.0251109915746,-0.00190768917365802,-0.696179276834698,-0.0353708122340208,0.287984272746996,0.0377341586320199,0.113710047662099,-7.30020986399904,0.0300727819129918,0.0202462030037012,0.201534961748962,0.261977720684001,0.00429326860428958,0.00205169035784003,-0.123372703107501,-0.085802467939402,-0.262912326045999,-0.348714793985298,2.32999999999998,2.36000000000001
2005-12-01,2005,12,0.236599089359004,0.0616765638779952,-5.28365773288294e-05,-0.0999517378861015,-0.00328516755319397,-1.6440432254272,-0.632395275475005,0.755632898147951,1.295863121959,-0.271095707605998,-3.26315357501153,0.0137656585629884,-0.431894894480301,0.209389759841997,0.732518742277023,0.00420464878670934,0.0192848679404602,-0.1418734278844,1.1212982765217,-0.864899191188002,0.256399085333701,2.34999999999997,2.37
2006-01-01,2006,1,-0.159709514028975,-0.179166589984959,2.64062257529854e-06,0.0741916733034991,0.011317581675775,0.108677435273904,-0.501114524734987,-0.647224235069018,-0.791664208279002,-0.3368466025521,-1.89428924200183,-0.0345119413379962,-0.264932060059202,-0.303450934723969,-0.681523438927002,0.0127604918584003,-0.00109203233067978,-0.0992072304656997,-0.6852377244481,-0.231962793868998,-0.917200518317099,2.62,2.58999999999997
2006-02-01,2006,2,0.094437037598027,-0.0530781140700469,5.42595444935606e-05,0.198419193802899,-0.00244184970685601,0.117459749275902,0.332815937946009,0.147490809107978,-0.265124956254994,-0.460644703468002,-1.96354822699504,-0.0962849894970077,-0.430582607919298,0.335863440846026,0.12111977770104,0.0117095479460598,0.00804925681767976,-0.1428774310544,-0.1387778712093,-0.0294185343069984,-0.168196405516301,2.71000000000004,2.64999999999998
2006-03-01,2006,3,-0.0749531416479954,-0.063658637646995,-1.13431171275286e-05,-0.0731989571462996,0.0190060607531251,-0.730388990971399,-0.472812679763024,-0.616916101611992,0.343960555651989,-0.3575335130963,-2.10000509399106,0.00827533300102345,-0.4621097619114,-0.48119857195303,-0.635482967200005,-0.00348847977494948,0.00132982271767013,-0.154208182253299,0.231108973835902,-0.010180973397997,0.220928000437901,2.5,2.46000000000004
2006-04-01,2006,4,-0.132069003392985,-0.228689562862996,-5.11903887178613e-05,-0.122953666314302,-0.000480250836734086,0.2365679691247,-0.594100244785011,-0.745763158551995,0.0677325622339993,0.0665186249756005,-4.55377181200311,-0.0192848296129853,0.101678691499302,-0.55844576073099,-0.747394725151992,-0.00472210902134007,-0.00322119281690014,-0.0176546898522005,0.1221774583707,-0.037286050654,0.0848914077167002,2.37,2.34000000000003
2006-05-01,2006,5,-0.124388623358982,-0.264583069981029,-0.000144932087179001,-0.360621169796403,0.00311569896832808,-0.359542856617203,-0.97224379935102,-0.496466059114994,-0.246206831639995,-0.2527946305005,-9.69516318700335,0.0950938966599892,0.0394218047551007,-1.23997484971102,-0.480778376746969,-0.00929430870105019,-0.0136548683277002,0.00245567003869951,-0.0490842930444018,0.283418732727998,0.2343344396837,2.21999999999997,2.18000000000001
2006-06-01,2006,6,0.00441135491399791,-0.0402551840190313,-6.87222563402999e-05,-0.177551010747099,0.015224526480731,-0.761907079967393,-0.99014160996802,-0.218675080107971,1.503347565588,0.437756725485201,-10.0898934610013,0.062670247824002,0.207513630401397,-0.362457209306967,-0.189018755496022,-0.0152843521098003,0.00194479315929996,0.0674654401904107,1.2104342226802,-0.598028076049101,0.612406146630999,2.16999999999996,2.13999999999999
2006-07-01,2006,7,-0.0775085367889687,-0.0662089243110131,-2.81820142438993e-05,-0.0370379942797001,-0.00765992120924996,0.396896993339396,-0.11757296474201,-0.516500714826009,-1.14263013564999,-0.0110180452332003,-8.5089753200009,-0.0471807927999919,0.0756333253212986,-0.396683502237977,-0.486641576303043,-0.01223201545666,-0.0257397372511101,0.0195532217324388,-1.0087979722955,0.308969676019,-0.6998282962765,2.11000000000001,2.13999999999999
2006-08-01,2006,8,0.0407416636539892,0.0355257342969821,1.24069202099997e-05,-0.0358939138080991,-0.00148162451868705,0.4538911625664,-0.127837165048959,-0.0843009970819821,-0.110926093601989,0.131197129743899,-9.18535760900704,-0.00177024499399181,0.104778828736197,0.161821350909008,-0.0719917672430483,-0.00961163158681977,-0.01060951207227,0.0308320814812895,-0.135574149615699,-0.277349286118998,-0.412923435734701,1.72999999999996,1.81
2006-09-01,2006,9,-0.0453437947279554,-0.00943981628103074,-7.18972786750999e-05,-0.1209422511469,-0.00347806497832903,-0.210475755099601,-0.875466899601975,-0.236988592310013,1.06069791317898,-0.00295862292219695,-0.835122996999417,0.0612014765940216,-0.0620696954240998,-0.564901211338963,-0.229757863945963,-0.00387497507799006,0.00914826303033012,0.00945063268470037,0.940385364083099,-0.303334959899001,0.637050404184102,1.88999999999999,1.96000000000004
2006-10-01,2006,10,-0.0687434365170247,0.0447464219259928,7.64656519323201e-05,0.202180875364,0.00785510214861496,1.5311639939272,0.638403370105038,-0.226142462398002,-1.771995702683,-0.141965913477801,-11.4239721229969,-0.153494020728999,-0.00330025112770471,0.35556392795803,-0.231771401737035,0.0102129525401606,-0.0160578895901904,0.0203126843836987,-1.4798360196039,0.277210502808,-1.2026255167959,2.05000000000001,2.06999999999999
2006-11-01,2006,11,-0.0426332447470372,0.0338735873249902,3.598737874232e-05,0.091184085679302,0.00219405377552606,0.355904767649399,0.116541450553996,0.0297557448290036,0.586425077982994,-0.146699115749399,-0.823703400004888,-0.118208701230998,-0.128419117850399,0.042276345054006,0.0202395692750201,0.01421997308708,0.0238561818352201,-0.0179792456267993,0.722913777113,0.0647489299459991,0.787662707058999,1.93000000000001,1.94
2006-12-01,2006,12,0.079933676428027,0.159177130448029,0.00012234714271394,0.3059648935624,0.015723981235453,1.51657192264371,1.48004073960396,0.408572861012999,-1.796499762851,0.0718540402129975,-9.11057793800137,-0.00750430759899245,0.146604395640104,0.613655242928019,0.384454147965982,0.0117174091605001,-0.0153989827846899,-0.1030608901668,-1.7142450998249,0.842266783629,-0.8719783161959,1.89000000000004,1.88
2007-01-01,2007,1,0.283612241370975,0.412036601992952,2.78190618483807e-05,-0.0662715245544021,-0.00861313147413001,0.685695078890099,1.13095014751798,1.12479275863598,-1.989461182338,0.308485307020501,-5.57040977700672,0.181911696150991,0.420762225109002,0.49953440552099,1.15100367961298,0.00472190761680036,-0.0280306428907102,0.1231776435759,-2.0590959604005,0.657626662974,-1.4014692974265,1.67999999999995,1.66000000000003
2007-02-01,2007,2,-0.10817897351501,0.0249002269000016,-8.10953183408795e-05,-0.349587902054999,-0.0101406654038959,-0.763996956746098,-1.25826624898002,-0.297703441316969,1.05234940906499,0.781202223132102,-6.5218173230096,0.251912960687008,0.5984159221385,-0.69345098584904,-0.278604998022047,-0.000517319502770341,0.00993889675866022,0.206438975392199,0.617650147384403,-0.545716819836002,0.0719333275484004,1.56999999999999,1.54000000000002
2007-03-01,2007,3,-0.0135106935809972,0.161508401546996,1.73965443821585e-05,0.0527715651655996,-0.0108767179072601,0.6263994904103,0.635411240092992,0.202562880309983,-1.24052409993999,0.457013325210799,2.24508613899525,-0.0101674312450086,0.505133211710501,0.294398101483011,0.208908226454014,0.00193641250335919,-0.0136138010441003,0.102027048954499,-1.1822367821953,0.347358484753997,-0.8348782974413,1.63999999999999,1.61999999999995
2007-04-01,2007,4,0.205425196914973,-0.0229424665930082,2.695417167356e-05,0.130279273631302,-0.0120311900066999,-0.1051916071318,1.10572978890303,1.03519539440799,-0.160460197716986,0.0278359239589001,0.710064466009499,-0.117416796694016,0.150313925824101,0.763128202730002,1.04716175451898,0.00124400973784988,0.00423729700192998,0.0240092521642996,0.0794346008422053,0.354567946284,0.434002547126202,1.57999999999998,1.58999999999997
2007-05-01,2007,5,0.104410885666994,0.273869102473043,0.0001287966320235,0.387631189782901,-0.0014798953468721,0.7631591521071,1.096140430535,0.129527352270998,-2.095044236451,0.5300933864883,-8.95690927600663,-0.109682443578976,0.459638983881895,0.974304610546994,0.107721471295008,0.00920945816853003,-0.01949972686409,0.0833526605065007,-2.0558161954784,0.100029939012,-1.9557862564665,1.48000000000002,1.50999999999999
2007-06-01,2007,6,-0.0755159930610034,0.19700722089101,2.31499613287008e-05,0.259918323214599,-6.32995432130468e-05,0.917022404181495,0.125844396994012,-0.479806800533026,-1.704156277609,-0.474800167746402,-2.23660392400052,-0.0739043970510238,-0.208405904781799,-0.0780405947500071,-0.512660266395983,0.00972911525439013,-0.0127987899674098,-0.08389691974849,-1.3638576175934,0.171031525880998,-1.1928260917123,1.49000000000001,1.54000000000002
2007-07-01,2007,7,0.0811189938379471,0.0874838130220041,5.51883299049899e-06,-0.0920378009005987,-7.97364630480413e-05,-0.4053384478025,-0.522829279938946,0.140270993138984,0.400304260095993,-0.2759881056563,1.12288586799696,0.0559810152890066,-0.475952650774001,0.0653261641060112,0.127193236029029,0.01123412956396,0.0118627781581901,-0.152196043455479,0.144358699689299,-0.601233201155001,-0.456874501465599,1.5,1.56
2007-08-01,2007,8,-0.05385290552897,0.206897274319999,2.44370494619991e-06,0.167229570868201,0.010536205599713,0.6694981538636,0.51794587255398,-0.429485146999014,-1.33687584820302,-0.425918028896799,-3.4640905999986,-0.231281673918005,-0.3827182617731,-0.00874436752803831,-0.425105671783967,0.00236990934720005,-0.01219673100577,-0.228366673672539,-1.0623944071613,0.531069715296997,-0.531324691864299,1.84000000000003,1.88999999999999
2007-09-01,2007,9,-0.128387299675012,-0.0579846893459717,-4.23290799994001e-05,-0.0784694317753001,0.0133144800657871,0.0956446394173014,-0.382511360936007,-0.561036992323011,-0.755079271853987,0.0401897291800992,-6.06399728100223,-0.0145356710100089,0.0499306012991028,-0.667151138640008,-0.554650953654004,-0.00127192599970982,-0.0103032917480901,-0.115648430140801,-0.730802728725003,0.291025816373001,-0.439776912352002,2.04000000000002,2.05000000000001
2007-10-01,2007,10,-0.0960142294089792,-0.209668694777008,-0.000175111023786291,-0.5620336619968,-0.00588252873168993,-1.4202218018628,-2.27198787889904,-0.71457635617503,2.30088672563801,0.562381010588702,-1.29845231900981,0.310125348690974,0.338295055879101,-1.71080647285999,-0.701617697728977,-0.0158506399417302,0.0135112132991102,0.0478858049180015,1.76667542223741,-0.548222747593002,1.2184526746444,1.99000000000001,1.94999999999999
2007-11-01,2007,11,-0.155576188226973,-0.157966902727992,-0.00013857254751978,-0.363495374642103,0.004053107427341,-0.379703181200099,-1.75877774133198,-1.17274243602799,-0.231594901866004,0.5960833598579,-8.22760035000101,0.151250240890988,0.434893933237596,-1.51626374707502,-1.13954435686202,-0.0192086223674801,-0.0234192802625999,0.142847441981701,-0.544034569377295,-0.209315915091,-0.753350484468299,1.99000000000001,1.94
2007-12-01,2007,12,-0.39396964032602,-0.161038090905038,-0.000176725394586519,-0.4341410789572,-0.0106131841588081,0.481469130731895,-1.18438322638298,-1.959424097404,-2.07061782354998,0.9775479938723,-5.35809072299162,0.117064968007014,1.5021724447614,-1.83885421173801,-1.912405366082,-0.00752131123133992,-0.0330497045388403,0.576108381412199,-1.6630583406679,0.701489716676999,-0.9615686239909,2.04999999999995,2.02999999999997
2008-01-01,2008,1,-0.67216832985099,-0.76789500534295,-0.000153617502762471,-0.355779110554099,-0.00721565840691107,0.0379577980515009,-2.96591659315499,-2.92907824685801,1.22257811764101,0.438059059428198,2.67988588601293,0.196015791976009,0.593845543116998,-2.80006298875099,-2.92099892184802,-0.00912374292968021,0.00801492204049037,0.2183780649142,1.1823488093538,-0.157774279394001,1.0245745299598,2.20000000000005,2.20999999999998
2008-02-01,2008,2,-0.379883157056042,-0.271970489468004,-0.000182629444485941,-0.435026134193301,0.017490328704222,-0.166697702047799,-2.12943136823202,-2.00275518989002,-0.424894955246998,-0.0192035044325998,0.824409335007658,0.348786152416011,0.172945121815204,-2.59637218231899,-2.00075637494496,-0.00436741418382969,-0.0160536242795204,0.0938277923123003,-0.581532481415202,0.468939629032,-0.112592852383198,2.19999999999999,2.23000000000002
2008-03-01,2008,3,-0.00350619305100963,-0.546593597480012,-0.00018272885757498,-0.410152101039198,-0.010750648734591,-0.0920554006135035,-1.48689716480499,-0.150715458291984,1.59319470591998,-0.272185980272599,-18.5450218719925,0.194427351971996,-0.365084114702697,-1.17225592771399,-0.138466592399027,0.00514223698629035,0.02423808901897,0.0075410214551006,1.30586921951789,-0.302392371198,1.0034768483199,2.14999999999998,2.17000000000002
2008-04-01,2008,4,-0.281888489105995,-0.288612621677999,-0.000208267978655769,-0.580442275815901,-0.000418834919063027,-0.238088990247697,-2.67198897198205,-1.40934010177097,1.234854273336,0.235890228124997,-14.3929667690099,0.424193557215006,-0.0598048626832011,-2.31079612481301,-1.402421942388,0.00616540093484996,0.0148724508115303,0.104267172305901,0.514965625312797,-0.354274687785999,0.160690937526699,2.25999999999999,2.29000000000002
2008-05-01,2008,5,-0.132640917869992,-0.439982704019997,-0.00020349213621724,-0.541594360663399,-0.0160696233893509,-0.532465814644098,-1.75108362541698,-0.345925067231974,2.53926408355798,-0.628688190200101,-0.7326803959877,0.191662373637001,-0.789912284142595,-1.544531198615,-0.337087320701016,0.00134745284325,0.0343358377794303,-0.136685178779301,2.1863776159785,-0.197714680270998,1.9886629357075,2.37,2.37
2008-06-01,2008,6,-0.167255432043987,-0.42136253929101,-0.000120704298233,-0.501415167956701,-0.017240215269295,-0.390906656292501,-1.49806953646004,-0.545964949251982,1.77880174447401,0.2194744754152,8.19707735499833,0.26820952812102,-0.312615331548798,-1.40115250073001,-0.544611071775989,-0.000648476952850086,0.0195271482181498,-0.0523358394858402,0.978502409389002,-0.0955631582539986,0.882939251134999,2.31999999999999,2.32999999999998
2008-07-01,2008,7,-0.0800310958129558,-0.35525656451,-0.0001128632975709,-0.270168943844102,-0.00340980527977297,-0.265703059627398,-0.802164328813035,0.0247343619740263,1.77359047437599,0.309565463056899,-0.0351058949891012,0.261740675759995,0.241943857847502,-0.998568809135008,0.0270815436209659,-0.000898427943179847,0.0218707312980797,0.0853902339683206,1.44422819340659,0.198751661969002,1.6429798553755,2.55000000000001,2.60000000000002
2008-08-01,2008,8,-0.126835002668031,-0.464446408537981,-4.49567667465001e-05,-0.121292104142203,-0.01670653779792,-0.647967920166906,-1.456889992453,-0.259372869332026,2.69574055962403,0.264537072744101,6.85135547199752,0.304919636155006,0.1092000406124,-0.938548101403967,-0.258557101972031,0.00433376979554989,0.0366315665932597,0.117652585232399,2.2354838913373,-0.517526123688999,1.7179577676483,2.46999999999997,2.5
2008-09-01,2008,9,0.0328317718769995,-0.0336212213310318,1.59820797052002e-05,0.0545376372375017,-0.012170823861543,1.545604802674,0.696372293544016,0.230170027720021,-0.820126680745005,-0.379047106921501,1.9320139229967,0.0820913816179996,-0.237378811730302,0.0637128374730196,0.22705687806598,0.00494260504669963,-0.00441567955983002,-0.0735992094199993,-0.760549767171796,0.629546306417001,-0.131003460754798,1.85000000000002,1.80999999999995
2008-10-01,2008,10,0.0222737498580159,-0.109147154854952,0.00010231306652435,0.4129929928961,-0.000693902170932015,0.7830963536599,0.961657432148002,0.405423030532006,-0.897641122892992,-0.310394811405502,6.9988964570075,-0.0208788045599988,-0.271281437755697,0.772477166676993,0.407061317145974,0.0133693466975897,-0.000479597325679926,-0.0799309384966005,-0.837648944683203,0.190818552085002,-0.646830392598201,1.56,1.49000000000001
2008-11-01,2008,11,0.0671048797460116,0.132401004263954,9.91325417786411e-05,0.4666601899848,-0.000502371374537014,0.7378177727064,1.59480824565298,0.562113200969975,-1.50635534632201,-0.4011823943253,4.18449942200095,-0.0490606022210045,-0.0816464530042964,1.14358872205901,0.559834414074032,0.0227106540494004,0.000692657292509669,-0.00267146550770114,-1.13775880278001,0.448940736698002,-0.688818066082,1.73000000000002,1.66999999999996
2008-12-01,2008,12,0.0606679460710211,0.0886332782970385,2.38031593541091e-05,0.190190290640498,-0.015357222191413,-0.0253645181376001,0.126417213438003,0.680622195288038,1.43377231726399,-0.662645088749599,9.15429290800239,0.0589038986359469,-0.856576302672799,0.502338871148027,0.683454641672995,0.0143445088482403,0.0300398869674399,-0.2724757321845,1.1809372047048,-0.373089211325098,0.807847993379799,1.81,1.78000000000003
2009-01-01,2009,1,0.492719474159003,0.326453726953957,3.18620773751103e-05,0.167420553564501,0.00154479985857203,-0.482752280236802,0.994586969367958,2.15676151076804,1.13202233122999,-0.316257741466998,-6.13575174400466,0.00132058800699042,-0.615700239180903,1.502537181734,2.16312089354801,0.0119208793109395,0.0264101814528197,-0.469486717224099,0.831259245509102,-0.501590829586,0.329668415922999,1.79999999999995,1.77000000000004
2009-02-01,2009,2,0.306369167531045,0.179181975947017,0.00018122091987007,0.729422723346502,-0.00911696479049406,1.1673323864621,2.26835419557204,1.45001318447999,-0.749523190763,-1.1260415334823,3.71651447100157,-0.477280808227022,-1.32873710743731,2.28392270854403,1.45762591972397,0.0138474646005298,0.0107688902108203,-0.770828487286,-0.474937956491004,-0.00795577772800016,-0.482893734219001,1.74000000000001,1.70999999999998
2009-03-01,2009,3,-0.139695044530981,0.325500317898047,9.14373796697815e-05,0.387913564150299,-0.003507622534758,0.8630835441176,0.734949003143981,-0.492838341690003,-1.51976246557399,-0.850917746943601,21.385639553002,-0.248167190550987,-1.0169098330427,0.348432806434971,-0.489982877466957,-0.00845058637838036,-0.0230890123943297,-0.5481890140641,-1.4375873611221,0.389371660931999,-1.0482157001901,1.56,1.54000000000002
2009-04-01,2009,4,-0.0061819727760053,0.207008810286027,0.000184338347530569,0.418571772218801,0.00790784159662505,0.6369174840749,1.27884821455405,0.151835991558983,-1.994353943166,-0.942861518069698,18.0009039730066,-0.318234336183991,-0.986621743492996,1.01921739572197,0.154463090421984,-0.0104808615129399,-0.03257260767105,-0.3815209688818,-1.7198798324053,0.262257917694999,-1.4576219147101,1.46000000000004,1.44999999999999
2009-05-01,2009,5,0.0235684173139816,0.271294943993951,0.000175513335461841,0.401648620621899,0.0187916462198879,-0.267865659242496,0.566302911632988,-0.006157610141031,0.445463784531,0.462430666242401,10.2366498109914,0.0140328179529945,0.309668190033598,0.868443264800021,0.0101722868320167,-0.00086137788159979,0.00603871000839007,0.0615436481250011,0.278668490369199,-0.285810456194,-0.00714196582480042,1.45999999999998,1.49000000000001
2009-06-01,2009,6,0.0672172176599588,0.040099538291031,0.0001291518566409,0.308474259357702,-0.00304603041051099,0.127478100577704,0.997538583185019,0.471480417866985,-0.126669924837017,0.377052861054501,4.53458321100334,-0.0268550142600077,0.836431760793396,1.04533519025802,0.47526787452199,0.00905138966090036,0.0101759228435703,0.24341352959398,0.359563989161899,-0.0440091504179989,0.3155548387439,1.38,1.43000000000001
2009-07-01,2009,7,0.0454464197329685,0.447583440736025,0.000136842010351501,0.465891850282201,0.003292690460869,0.5297480535761,1.177090925622,0.0227041093449998,-0.876492821269011,0.4542046904206,5.74054281999997,-0.0612082326599932,0.733041569917699,1.11256248551598,0.0210841147980432,0.00730022090430982,-0.00285616716691983,0.237061936270688,-0.536447709111897,0.0629084455589997,-0.473539263552897,0.909999999999968,1.00999999999999
2009-08-01,2009,8,0.0645736621600008,0.232720137659953,0.0001193661876956,0.2799954484816,-0.00330789414009103,-0.909638693560396,0.483789182064982,0.338147797458021,0.61496250498999,0.572264950992299,11.5123172580061,-0.0330264309669985,0.486559000127002,1.17310106863602,0.336594784155011,0.00682692384072014,0.01468882302495,0.22149115872676,0.562282985091699,-0.6908648998741,-0.128581914782302,0.860000000000014,0.930000000000007
2009-09-01,2009,9,0.0147056500649683,0.274053415843014,0.0002062385331063,0.6772073625948,0.00959684810216999,-0.536463817467201,1.14260845771599,0.0867338138759806,-0.207366820993002,0.5045583522149,11.1178534840001,-0.309121748632009,0.586259755778801,1.63842767052296,0.0899924192760295,0.00623931493877006,0.00530100609977024,0.323412073111401,0.183456331202898,-0.492560607406901,-0.309104276204,1.38999999999999,1.37
2009-10-01,2009,10,-0.122655384156985,0.110730216745992,2.07883153399997e-05,-0.0774439183383997,-0.00453317641401507,0.1073477080079,-0.0647826832889677,-0.479598044834972,0.689895067047985,0.445835685413599,-2.61987234899425,0.0319390509490063,0.675345521991197,-0.285158528893021,-0.475158428678981,6.15420741203465e-05,0.01335623760338,0.2656805198601,0.887465852676598,0.224815461759999,1.1122813144366,1.81999999999999,1.77000000000004
2009-11-01,2009,11,0.000601130071004263,0.0803989793330402,8.45770918728884e-05,0.129035555091701,-0.000394200732971028,0.136444757054299,0.125868643483045,0.375754683193009,1.85619287741301,0.471601757381599,-0.0372727070061956,-0.0808107470539881,0.456560944927098,0.469023100155027,0.37564997726696,-0.00772412164802994,0.0213264329885701,0.1074604317423,1.9219628120125,-0.343259162598002,1.5787036494145,1.75999999999999,1.72000000000003
2009-12-01,2009,12,0.0899196761369581,-0.0690366528580171,0.00013849169460033,0.190249125094901,0.00352457961362207,-0.371980743746199,0.0303129995130007,0.738994974606953,1.55151772952399,0.432921399117301,-3.92871335400559,-0.108890813553955,0.259870184174197,0.953119491148982,0.732205772377029,-0.00341896091665994,0.0193145710451001,-0.0570894626967,1.4873573281349,-0.929595693865899,0.5577616342689,1.56999999999999,1.53999999999996
2010-01-01,2010,1,-0.0752767377209693,0.433245256354041,0.00010346389918975,0.363609982514401,0.032131874248684,1.0363911125557,-0.0428694704739883,0.223803054196992,3.18302527038603,0.782885555340197,-10.3689300730039,-0.202955740180983,0.441432603164905,0.962067978070024,0.216948069675993,-0.000560347313949272,0.04869685729656,0.1738261111896,3.0445280583917,-1.0117924330651,2.0327356253267,1.59000000000003,1.63
2010-02-01,2010,2,0.121217649177993,0.368546222520024,0.000144672499011801,0.540469777210298,0.028786724060337,3.56831794179389,0.61230545917698,1.17982663192703,3.417346886019,0.6368479921932,-20.0627508850012,-0.279373276913987,0.435919761641699,1.76236297910401,1.17329998395604,-0.00157241484904969,0.05062858276187,0.244440298948099,3.4957919323815,-1.156584167898,2.3392077644835,1.84999999999997,1.88
2010-03-01,2010,3,0.263044013110004,0.490367625604961,0.000205632450136979,0.659324240434998,0.04627787381975,2.7890408455751,0.724933244949,1.46577467819401,3.339964880861,0.5548502645944,-28.3072402400139,-0.214206372183014,0.158850263427897,2.06563614148001,1.463125055126,0.00398500092530085,0.05069414466307,0.119990065432599,3.1581712518775,-1.343352519599,1.8148187322785,1.97000000000003,1.97999999999996
2010-04-01,2010,4,0.166116034242009,0.283673901641976,0.0002128059621045,1.0433914208614,0.0231744371221829,4.2560287677399,1.78876420089597,1.26836201131101,2.18086222835501,0.3159018658021,-14.9418372240034,-0.567065410915006,0.157741546923496,2.57690873468601,1.26459699864205,0.000827448944200171,0.0401452723083899,0.0841883558657983,2.5897673203914,-0.791909546458999,1.7978577739323,1.99000000000001,1.99000000000001
2010-05-01,2010,5,-0.0123537176679633,0.56339011941003,0.000204612841539,1.0017711675865,0.030348955711461,4.6967144906377,1.92316515691198,0.395293933998005,-1.568330778964,-0.426250497525302,-13.1092917850037,-0.711630038018995,-0.288321537769299,1.94192811410801,0.380767269030002,-0.00947717521134006,-0.0189139018237103,-0.0264471688248005,-0.718771781188998,-0.033289622164002,-0.752061403353,2,2
2010-06-01,2010,6,-0.0559209362409661,0.550658445549971,9.26559981451001e-05,0.7293777656947,0.0268034400038509,4.0158801198588,1.06590039804001,-0.0716160379379858,-0.107085408506975,-0.150670163248702,-13.693838310006,-0.493258850500013,-0.2384294038416,1.15700449511701,-0.069165781007996,-0.0117412141281403,-0.00380348418111032,-0.0292593694176304,0.298414201400099,-0.0886538401469998,0.2097603612531,2.05000000000001,2.06
2010-07-01,2010,7,-0.225590023248969,0.10708292401597,5.91232735003e-05,0.7095725169514,0.031415824554837,4.0553269761707,0.471659615576016,-0.429991275635984,0.465165444165024,-0.0361322149660985,-8.68267420001212,-0.551809839529,-0.2391605671537,0.642138850444042,-0.423099988122033,-0.00982358792761007,0.00589914837523997,-0.00537453590355952,0.813946931506401,-0.163587947354102,0.650358984152398,2.34000000000003,2.31
2010-08-01,2010,8,-0.137471486700974,0.282486752093007,-4.49651366577989e-05,0.365869754594602,0.040136631748009,3.3303070430256,-0.354849398494991,-0.433560061051992,1.54701561449301,0.0483586275827008,-19.4791541380109,-0.275139249412007,-0.0633239795614031,-0.000536884504015234,-0.428489167993973,-0.00838939100369007,0.0167410939317501,0.0211748950922406,1.7104722567609,-0.349241620932901,1.3612306358279,2.60000000000002,2.54000000000002
2010-09-01,2010,9,-0.155458636398976,0.0387911847370219,-0.0001630120833665,-0.2146226386376,0.026189088097211,2.0180035528711,-2.010505542072,-0.701089716447996,3.94589914638601,0.2015497418232,-25.4346874479961,0.0552720728840086,-0.0993931477498009,-1.088392939811,-0.691712452659999,-0.0117029626087,0.0414937367771198,-0.00293371474060145,3.589684183929,-0.912735338472999,2.676948845456,2.76999999999998,2.75
2010-10-01,2010,10,-0.0562297669210352,0.0295495376099666,-3.87706067310895e-05,0.260908200712599,0.03160882418372,2.3641572206486,-0.788131237647008,-0.332833937225018,2.31199366869902,0.342333245711302,-16.7623749140039,-0.240911807743004,0.0241976317011989,0.20319847136102,-0.328811981803028,-0.0106201772408001,0.0227615731553898,0.0748589035364002,2.2347698624319,-0.987307753585998,1.2474621088459,2.75999999999999,2.75999999999999
2010-11-01,2010,11,-0.0612136586680094,-0.0637235609880236,-0.000133566214952759,-0.1574910861262,0.022998620042073,1.9479018698935,-1.22376043769805,-0.475982990409022,2.20742268682699,0.638535228625802,-21.8377631249896,0.0728306324419918,0.334374040681602,-0.748119172203985,-0.465721023627964,-0.00600343549436033,0.0246324989440101,0.0755313662233998,1.8304308664408,-0.465379298713,1.3650515677278,2.68000000000001,2.68000000000001
2010-12-01,2010,12,-0.218429399592992,0.0810284935760137,-0.000219966180963739,-0.215729820280799,0.023078393297396,2.3007472232711,-2.17492944680203,-1.33693198416995,2.666175866803,0.7403430762662,-20.2207945069968,0.098805758476999,0.621252519417901,-1.58331324853799,-1.33017255731602,-0.00539212055016058,0.0313918200673702,0.200988991684701,2.4482795514777,-0.584856771410102,1.8634227800676,2.5,2.52000000000004
2011-01-01,2011,1,-0.41593346975003,-0.687692643181038,-0.00016242243785269,-0.190162461644501,-0.012846322906418,1.8342948490383,-2.95562646449997,-2.13471435093101,2.540157335082,0.322524759348202,5.89117454900406,-0.0467876460560035,0.203687814005001,-1.89395666123301,-2.14167481547798,-0.0114719265641305,0.0189700983098899,0.470176825583199,2.4681080357948,-1.0686302678139,1.3994777679809,2.23000000000002,2.20999999999998
2011-02-01,2011,2,-0.505853473496984,-0.544649933832034,-0.00024686834981081,-0.8086011732704,-0.00013538863690199,-1.4757123233861,-4.03543521754801,-2.49679651186301,3.21743850480999,0.915648909725398,-5.81014904599579,0.328294836591994,0.758368600761706,-3.094975438848,-2.49969008534305,-0.0199088285214,0.0178505270840099,0.617609919148801,2.73186335925431,-0.9433533521801,1.7885100070742,1.96000000000004,1.92000000000002
2011-03-01,2011,3,-0.440736315956997,-0.812311691828995,-0.00025835830233951,-0.6097204690873,-0.012715758570242,-1.5273039997343,-3.85882357158999,-2.19059342247505,4.52096751406899,1.5754540023488,8.33005151800171,0.458466325801993,1.6240478686856,-2.80562803102902,-2.199505250144,0.000925400044109459,0.0522553349018398,0.753057110373001,4.1110950546038,-1.0621073682299,3.0489876863738,1.98000000000002,2
2011-04-01,2011,4,-0.284241777477007,-0.501738263108962,-0.000280337411612409,-0.802184182347702,-0.00264641096793494,-0.493490565753099,-3.59190742059599,-1.58870934068602,3.617647681254,0.830804614343698,-12.0346277899953,0.581943594079007,0.780299287507503,-2.58700954509396,-1.59064711911304,0.0154789646623801,0.0506417011127898,0.277124292780901,2.9851987603388,-1.006835653929,1.9783631064098,2.06999999999999,2.06999999999999
2011-05-01,2011,5,-0.243590117607994,-0.573443774845998,-0.000290480035953101,-0.716471182166799,-0.0170826216551579,0.0856094335708946,-4.29438345820699,-1.40571395704899,5.077834376895,0.757477655136903,-5.91297395600122,0.509336985641994,0.0943523200203984,-2.47310567438103,-1.41172840382603,0.0189507988261299,0.0697368693209803,0.0328826383625991,3.9053720561365,-1.827292230603,2.0780798255335,2.13,2.09999999999997
2011-06-01,2011,6,-0.0699331031190127,-0.155846022596961,-0.0001552902435684,-0.605631056337,0.005468867558997,0.0160077229549955,-2.77260848606699,-0.557719435918045,2.34200217418399,0.0915417959291993,-5.33440862799762,0.347617050660006,-0.464849389513297,-1.47785362868603,-0.556646205673985,0.01607283195822,0.0318150318179904,-0.141966035632539,1.4379939380815,-1.2936816271369,0.144312310944599,2.13,2.12
2011-07-01,2011,7,0.0768561175029845,-0.236490865127962,-0.000183589320375099,-0.855232044823101,-0.00029837672047206,-0.815715152960308,-2.95115865587201,-0.193377104733997,3.58068324502398,0.142108316088201,-10.3440640349872,0.493360577673997,-0.290858304188301,-1.35431948944,-0.198789759476995,0.0201758802393202,0.0528763543854698,-0.1220417946137,2.6543560470735,-1.602251821175,1.0521042258984,1.84999999999997,1.81999999999999
2011-08-01,2011,8,0.00862029541997344,-0.200354250982002,-0.000100551935993301,-0.570642325519501,-0.00201732875728899,0.183361228082198,-2.13354587077299,-0.346032795919996,2.06576513572199,-0.0203951529467012,-9.12393475099816,0.25094844302501,-0.304297090553497,-1.03925139230302,-0.347770618537993,0.0124101651880797,0.0302436947346503,-0.1277975024403,1.5309147550902,-1.096032301088,0.434882454002199,1.63999999999999,1.60999999999996
2011-09-01,2011,9,-0.064347941622998,-0.337228717861024,-0.0001314039502431,-0.601233603185701,-0.011203795475179,-0.924015631207205,-3.17853185586301,-0.432688012553001,3.88503135538897,0.265906440002201,-3.3907329240028,0.371447848387987,-0.234442289005599,-1.448454019358,-0.438294669020024,0.0103055870821103,0.0503016700232202,-0.0744383844432992,3.0132347779932,-1.7356844929721,1.2775502850211,1.56999999999999,1.58000000000004
2011-10-01,2011,10,-0.0883814797720106,-0.288887255622001,-0.00010755345176253,-0.576565858045299,-0.0170553184542189,0.222338154922902,-2.99896521856402,-0.499765769176008,4.120617192559,-0.115260877136301,-1.50432732800255,0.253523344086005,-0.386156844662594,-1.479866100881,-0.501924439335994,0.00895609357811988,0.0557685368566401,-0.0700007932454003,3.5961978809467,-1.521257787843,2.0749400931037,1.57999999999998,1.62
2011-11-01,2011,11,-0.328752454580012,-0.209846965666998,-7.35095609176502e-05,-0.336822202939199,0.00134571706033904,1.2518526949761,-3.35287223826299,-1.57952986368394,3.871091631349,0.130004128646998,9.6469631499931,0.147670228234006,-0.134157674128005,-1.63114511523202,-1.588594937979,0.00462068714379971,0.0468721674740999,0.186647254112,3.45925960034,-1.730792197326,1.728467403014,1.56999999999999,1.62
2011-12-01,2011,12,-0.0652644106269804,-0.142062284890017,2.33250079154958e-06,-0.1111387856003,0.00113712584677395,1.72266176891,-0.986212202583999,-0.617465205204041,0.384063527161004,0.0691356063342994,0.493444880994502,0.0584037101650097,0.0944551775506,-0.568050200095001,-0.616591917123969,0.00510943563550015,0.00204815268284975,0.210370631801199,0.350979388212302,-0.417288714408901,-0.066309326196599,1.68000000000001,1.70999999999998
2012-01-01,2012,1,-0.0402768096880095,-0.233419571393995,-0.000151645140988699,-0.711295793456699,-0.013557437507427,1.0719903488822,-1.42580033582902,-0.201309920708013,0.165207444205976,0.338790475790699,-12.6428551179997,0.621356116253992,0.459925791243499,-1.56814328090803,-0.187869192827009,0.0231685947748499,0.0129050921488201,-0.0684163049626996,-0.335013356595198,0.155783672959998,-0.179229683635199,1.75999999999999,1.74000000000001
2012-02-01,2012,2,0.0115046535970009,-0.313119498216963,-0.00015186989745344,-0.284263856315199,-0.0220795335230299,1.2044982558858,-1.636533423054,-0.193054802429003,2.73246037213701,0.468872743421802,7.63973891299975,0.460403061884989,0.362845735299594,-1.04049450737602,-0.185135228507988,0.0223146661494198,0.0494365319028902,0.0453300597738995,2.1660303021298,-0.588119341756901,1.5779109603729,1.90999999999997,1.92000000000002
2012-03-01,2012,3,-0.0531879176900247,0.0833514074230379,-6.48173362367693e-05,-0.2833049066735,0.00472334610462999,2.52519787885281,-0.593136280316003,-0.415716949247951,-0.597573049083991,-0.0854676545522999,-6.39482014998794,0.138088772678003,-0.0412019141086972,-0.674998886970002,-0.410736048483045,0.00813869646288978,-0.0035074557343,-0.0511271366265014,-0.691396081318402,0.086843507418898,-0.604552573899401,2.06,2.05000000000001
2012-04-01,2012,4,0.0687313937310137,0.190513824793982,-6.94519968837803e-05,-0.0233000702277977,-0.00241068101248698,1.0631566567615,-0.00381722602799073,0.292266146574036,-0.0126054063240133,0.191022642776399,-2.88174810700002,-0.124411361807006,0.168866854315098,0.181011837034987,0.298594711413045,-0.000800523125110253,-0.00025077220597991,0.0953293832770008,0.0896501670216949,-0.178500498224,-0.0888503312023001,1.94,1.94999999999999
2012-05-01,2012,5,0.252245241642981,0.013727717823997,-6.67020365030004e-06,-0.0674933377249012,-0.00182278623828802,-1.1759980351026,0.455203931902986,1.32311470405403,1.228542460016,0.0450620776893977,-4.03220559799229,-0.0242578137739997,0.136775853704698,0.68103553755202,1.32155752637601,-0.00594036990199998,0.0132843380239098,0.0622991740392003,1.3445140498053,-0.2273887833271,1.1171252664782,1.80000000000001,1.81999999999999
2012-06-01,2012,6,0.0908159164960125,-0.101839589842029,-2.30134713522998e-05,-0.1781719884195,-0.00119018234563895,-1.990299714499,-0.616376920137043,0.487549114883052,2.50430089210099,-0.1163090473915,-1.74484455000493,-0.00372707810498696,-0.3911390086623,0.0931027361170322,0.487625672981949,-0.00657326103017963,0.0257201997859098,-0.0434876905075612,2.2331980089352,-0.7094030981552,1.52379491078,1.69999999999999,1.72000000000003
2012-07-01,2012,7,-0.0443966746399838,-0.231419281169053,5.85846223586997e-05,0.1728401566,-0.00873955434646101,-0.491525093814495,-0.289064237474975,-0.0357294970480098,1.03363237519602,-0.3067066200577,7.73564271398936,-0.131838580302997,-0.476032397623101,0.142750812838983,-0.027261200300984,-0.00839016009313021,0.00572145161142013,-0.0694464621163497,0.996145177933599,-0.4233467535669,0.572798424366702,1.80000000000001,1.86000000000001
2012-08-01,2012,8,0.0523848445060366,-0.131484265414997,-2.80265848130005e-05,-0.182780534194201,-0.00794240746888597,0.0120238583858026,-0.116567756945017,0.309800185877975,1.22288406629099,-0.116046460887201,2.66855207900517,0.148374375031011,-0.2030792266434,-0.114164635174006,0.316839632421988,-0.000137669732789725,0.0156558769786397,-0.0655526476431891,0.987476925503799,0.00463632477299925,0.992113250276798,2.01999999999998,2.08000000000004
2012-09-01,2012,9,0.111305221967996,0.122272758292013,4.51110694162007e-05,0.0349328333716024,0.00471699308601203,2.05078689133821,1.287359323776,0.766807064723025,-1.10407146079299,-0.232349992480302,0.512167469001724,0.0146068637810117,-0.0986965132358009,0.652880770905995,0.77352063435103,0.00294918051811965,-0.00993860391431989,-0.158262425200899,-0.985024845329498,0.641192122498001,-0.3438327228315,2.28000000000003,2.27999999999997
2012-10-01,2012,10,0.199355853031022,0.254842399652034,4.26667583379604e-05,0.176465456763299,-0.00708341164665105,1.10804335725589,1.18937372024402,1.04011701798498,0.193871995042002,0.00182237706090049,-3.02767377899727,5.30480930081012e-05,-0.0179543474032045,1.20640341972597,1.04764979241099,0.000515321961330528,0.00310379147164008,-0.0682420147616991,0.1740422224849,-0.00949692505599842,0.164545297428898,2.33000000000004,2.28999999999996
2012-11-01,2012,11,0.281810296935021,0.120058612502021,9.12394919640493e-05,0.374090403516099,-0.017054028430655,1.1683541417443,1.99164783299301,1.57063091155095,-0.174963544522001,-0.375431487137099,-0.598017782001989,-0.302722833481994,-0.395217272161901,1.90195871327501,1.57672217731499,-0.0117065052878296,-0.00862326816646997,-0.0940956910892989,0.107973503935206,0.0957803854820014,0.2037538894172,2.37,2.31
2012-12-01,2012,12,-0.0377246866830205,0.114030617581989,8.7392552706839e-05,0.322417675021899,-0.00252341273825596,1.3814391145317,0.465786610808038,0.424835933541033,1.46277882048301,-0.325306157620698,7.24046817200724,-0.351157652225027,-0.564671548553598,1.00554185968701,0.423367489246971,-0.00649499528300979,0.0218378925696801,-0.012434931304,1.5745710817751,-0.541223693172999,1.0333473886021,2.37,2.31
2013-01-01,2013,1,0.248520036136995,0.831423333762018,0.000134600161814128,0.590273540862899,0.017628161866195,2.30333214060551,2.94967993364099,1.19597160844103,-3.287914750635,-0.728681769360797,-2.14811031600402,-0.547921558663006,-0.467952069116201,2.26357808731103,1.19410446095702,-0.00707758304307937,-0.0430585596364801,0.0425833155768007,-2.4792634917274,0.684234698846002,-1.7950287928814,2.45999999999998,2.52999999999997
2013-02-01,2013,2,0.148988518698957,0.412570693184989,0.00011395339168138,0.263645376679101,0.00811888130761795,0.538616643215306,2.19451424547299,0.909148357384026,-2.64622492276001,-0.355624539975501,-7.65836568600207,-0.294678236383987,-0.171635507383598,1.439285606363,0.909542677955983,-0.00233316474277956,-0.0334803067270601,-0.0349517461892006,-2.1675576537841,0.755622959681901,-1.4119346941022,2.49000000000001,2.54999999999995
2013-03-01,2013,3,0.132406495614021,0.245698860698951,9.04055829223788e-05,0.431497966301201,-0.022397435865219,-0.311094016221801,0.787074475131988,0.917532812459967,0.0869687362779814,0.0585177779849992,-5.61146147501131,-0.15842926577298,0.0304346603492007,1.28602639031601,0.918108287681036,0.00706411404142049,0.00962787474685012,0.0550969919015003,0.217314884415202,-0.498376439963,-0.281061555547801,2.55999999999995,2.58000000000004
2013-04-01,2013,4,-0.127611480453993,0.0533735879359938,2.04278021464204e-05,-0.240680521334102,-0.0150901161443731,-0.311342873415896,-0.807413791213037,-0.523845987871994,0.351516598643002,0.622234989827501,3.49365192500409,0.360154571105994,0.841465854479402,-0.827799310972011,-0.529110390711026,0.00663977432688023,0.0054328095349101,0.211701741175,0.210592892188906,0.0151211169199996,0.225714009108898,2.75,2.74000000000001
2013-05-01,2013,5,-0.176951377627006,-0.00132896403101768,2.62125965636e-05,-0.0537222524307985,-0.00155830151748804,1.66629785928991,-0.0616055101539814,-0.753234797400012,-1.56165890663999,0.0732963617974995,0.73791746799543,0.0266747284520079,0.136853299654604,-0.511966482011019,-0.752544547113018,-0.00229428760472006,-0.0220752948062501,0.0310286805688005,-1.52477669723491,0.451051222144102,-1.0737254750908,2.87,2.86000000000001
2013-06-01,2013,6,-0.0240243039349934,0.0829330125840215,3.78719898516001e-05,0.1633665693304,-0.00527882254772105,2.1257432737109,0.501823149209031,-0.351072166649033,-1.14312956171997,0.445981120301202,-1.64279161699233,0.0109072241199897,0.475213480892499,-0.00598151501600341,-0.356547626447991,-0.00542808441932019,-0.0190070677554299,0.110143200297681,-1.1248044252487,0.502329204426101,-0.622475220822601,3.12,3.09999999999997
2013-07-01,2013,7,-0.132685918719005,0.106543300017051,-7.90995393610064e-06,-0.016939499313299,0.00097055608894403,0.846098469089,0.23776611048396,-0.652176673514987,-1.48654665511401,0.0967311495722001,-7.51949274499202,-0.0718137369869964,0.342522187450701,-0.363519964353998,-0.658828092708006,-0.0100205457759799,-0.0250626678210599,0.11546150695499,-1.1689418802485,0.594634655644899,-0.574307224603601,3.48000000000002,3.40999999999997
2013-08-01,2013,8,-0.0387767946360214,0.00321002910499146,5.58388617235006e-05,0.0396044444469013,0.00288196018517795,-0.1605091691223,-0.335940378477005,-0.136425566486992,0.707797994007024,0.417253112896702,-6.90866907600139,-0.0439149370910172,0.3764367161587,0.0376744440790162,-0.137204275696035,-0.00464227524241023,0.00368697938147022,0.223689032306879,0.710896534359996,-0.374393531765001,0.336503002595002,3.35000000000002,3.26999999999998
2013-09-01,2013,9,0.0950289789320209,-0.0163835814429945,6.14558743711989e-05,0.2128099098517,0.00299277493066696,-0.835538928642805,0.0852436316549756,0.287563868134953,1.19825516675601,0.249679560935601,-9.96009917900665,-0.146474018140992,0.301740398266201,0.590671764277033,0.288941640669975,0.00212621465517016,0.0192528023640097,0.274451354717199,1.3967900222276,-0.504050360087003,0.892739662140599,2.65999999999997,2.62
2013-10-01,2013,10,-0.170753764227982,-0.0585191166630352,1.31046495191692e-05,-0.0109672283324009,0.00992262280980505,-0.127904250286591,-0.600983854065021,-0.894356513231969,0.239967864673986,0.425791108184601,-5.32760682300432,0.0442512481450024,0.357320767645199,-0.57082149704496,-0.897997070005999,0.00662783834681946,0.00699890116613,0.2122931169396,0.127246275989599,-0.0338029137941014,0.0934433621955009,2.33999999999997,2.35000000000002
2013-11-01,2013,11,-0.0138749548220289,-0.104552889138006,-1.08937857259388e-05,-0.168520312713401,0.011232994533812,-0.612810806539301,-0.0426815917180079,-0.0257533034009612,-0.685431539723993,0.254003090438999,-15.5450004459999,0.173793181253984,0.391442977011302,-0.521362568974041,-0.0263265270839952,0.01126756829089,-0.00134297227643021,0.0298788036059996,-0.721784834405703,0.478107753572999,-0.2436770808327,2.39999999999998,2.41999999999996
2013-12-01,2013,12,0.175820831500005,0.0268327847110186,-1.2326670955189e-05,-0.1561880340941,-0.000176971480960075,-1.1387519004203,0.415255189633001,0.533763726946006,-0.0217801601069993,0.303718971641899,-9.42666548200941,0.168070682623011,0.446596356622294,0.209595901733962,0.534666869970977,0.00554904938896961,-0.000292499356389975,0.0160472940079011,-0.0469734577495942,0.206562430923999,0.159588973174401,2.48000000000002,2.53000000000003
2014-01-01,2014,1,0.0130570900460043,-0.281041408171006,1.23805969068913e-05,-0.185533365774301,-0.008732695765998,-2.5032991478501,-1.01982307904501,0.147062919928999,3.507565565818,0.5142324078587,-2.72122171599767,0.0909448889109967,0.182636673000999,-0.191250834481025,0.14228653296999,-0.00396455558113029,0.04292622052564,-0.0397151810840004,3.0850249420493,-0.833348631523002,2.2516763105263,2.44,2.37
2014-02-01,2014,2,-0.104764951020968,0.143571492539991,-3.79366111894971e-06,-0.277825506782801,-0.00398729527311192,-0.53422165817841,-0.975122521871981,-0.525795803280005,0.575599655790995,0.203670277787502,5.61873941899103,0.106515876553999,0.128186355839304,-0.694231546922992,-0.529209056599996,-0.00736506722250052,-0.00118108084285984,0.0281741196777006,0.393599857288798,-0.284304228269001,0.109295629019801,2.28000000000003,2.20000000000005
2014-03-01,2014,3,0.102172199752999,-0.0669538808089669,1.54586532889901e-05,-0.196084534451099,0.010090649079072,-0.0754457712283028,0.722168454473035,0.463653543081023,-0.584939105570982,-0.5073824235232,3.94512449200556,-0.135194828921016,-0.539806968880903,0.251819120139032,0.46558323674401,-0.0122137225232199,-0.01727791577144,-0.215626426004899,-0.482168822007701,0.472279027997001,-0.00988979401070011,1.99000000000001,1.94
2014-04-01,2014,4,0.180826584953991,0.00929835138197177,9.39092634969392e-05,0.350731669548402,0.00939687218017904,-0.193890763878912,0.795549661422001,1.01218209833797,0.119161291123987,-0.692131842860999,-2.25050468200061,-0.38978171382098,-0.919229323620002,1.24802464555199,1.012188865925,-0.00960192897554002,-0.00398650213521012,-0.1868401285997,0.281845524185997,-0.452468216543,-0.170622692357,1.88999999999999,1.83999999999997
2014-05-01,2014,5,0.176107171535989,0.372625879855036,9.11714354877007e-05,0.273249372266399,0.00729044065635298,0.104130140448689,1.28935608878101,0.840728017363006,-0.805112608222004,-0.3453325098492,2.45367092599918,-0.261490975555006,-0.181292132943,1.21390982041402,0.837954367344992,-0.000750441548150071,-0.00899133797721996,0.00788652016299984,-0.379581255760797,0.0726726183489994,-0.306908637411899,1.94,1.89999999999998
2014-06-01,2014,6,-0.00729413551300695,0.162400262625965,8.37590021345001e-05,0.2565190846537,0.00409212483127508,-0.471935851365103,0.604086037579009,0.281157320028001,-0.501112250636027,-0.0987188703801998,3.74374568999337,-0.168856787951995,0.106956380889102,0.570870457802016,0.283504497002014,0.00445634580658005,0.00131801117451991,0.03645670184709,-0.126580211414705,0.0355627567509984,-0.0910174546636995,1.76000000000005,1.71000000000004
2014-07-01,2014,7,0.139527867722961,0.177996529873951,3.18506339741006e-05,-0.0801656436861009,-0.00311827413071597,0.143618855105998,0.392611934747038,0.675155916036999,0.238643995029008,0.0944138687912996,4.70488714499515,0.0353515164309783,0.0581758276653019,0.413641407179966,0.674400838785971,0.00543876011763,0.00755582506804009,0.00553023037732991,0.167054437471997,-0.0217845496839004,0.1452698877881,1.64999999999998,1.61000000000001
2014-08-01,2014,8,0.108806344208006,-0.0324862505650003,4.36902787200009e-05,0.2507761885939,-0.0063604925851789,-1.1217558051328,0.712323971507033,0.86041410810401,0.497851893426002,-0.0223052313083016,11.539367505,-0.202422064296002,-0.0230555329511013,0.781727264774986,0.858095418923028,0.000656076221150048,0.0112915536789098,-0.0083490295447195,0.699523656079201,-0.0717219824489987,0.627801673630199,1.77999999999997,1.82999999999998
2014-09-01,2014,9,0.0219688778479963,-0.113280807793046,5.65391122652002e-05,0.0369511256043005,-0.00575802834275096,-0.320567134157599,0.231899557825045,0.319521172744999,0.0301131586769827,0.0413483040896985,13.4418979080074,-0.179930686653023,0.0254305869552987,0.337740063000012,0.316147390733988,-0.00599522870043012,-0.00276945309917975,0.0197386446670009,0.194126128195599,-0.109214287185999,0.0849118410095997,1.91000000000003,2.00999999999999
2014-10-01,2014,10,0.143556438835958,0.12005197866705,5.03353748491902e-05,0.171320006440499,0.000140575687889943,-0.363279272883602,1.06022637985103,1.05997137795498,-0.400121957120007,-0.210105567461103,10.7201432989968,-0.265794831047003,-0.078486042415399,0.947905512423972,1.05913494193902,-0.00762077676724982,-0.00638301348481018,-0.00505980659380079,-0.00270760102729639,0.1114844314111,0.1087768303838,1.88,1.96999999999997
2014-11-01,2014,11,-0.0985729808969609,0.316859228560986,3.11646979073987e-05,0.1400788529476,-0.00861496945972706,0.580772581328404,-0.185594220031987,-0.399304990746998,-0.259701005843993,-0.107231029336798,17.6219745620037,-0.234901679274998,-0.186229062594997,0.292822469039038,-0.395032172525021,-0.0066305534887201,-0.00624305907464962,0.00389701447240043,-0.103797359827198,-0.474143870848998,-0.577941230676199,1.90000000000003,2
2014-12-01,2014,12,0.0926238303400169,0.0676123968199818,9.4664211761469e-05,0.381720996492799,0.00270271041010006,0.511441536361104,1.17218679957,0.613847049845958,-0.541411042930008,0.00889998267219738,13.2340759530052,-0.210875332045021,-0.0871694516986992,1.005740363793,0.617117995200033,-0.0067987230946196,-0.00993560806402005,-0.0660392840664006,-0.426605145255905,0.1697173811311,-0.256887764124802,1.95999999999998,1.98999999999995
2015-01-01,2015,1,0.0617987536419946,0.183144584182003,2.79928775895593e-05,0.0547599442547018,0.00209589884695693,0.679087055035495,0.528873866129004,0.219478807168969,-0.713023785063996,-0.0216043528963006,3.01957993599353,-0.00184212299299702,0.0934442591379963,0.184330868012012,0.223189584322995,0.000185909027160314,-0.00928496013608981,0.00361669900370032,-0.596133050036698,0.348253775271001,-0.247879274765701,2.05000000000001,2.06
2015-02-01,2015,2,0.317735231129973,0.0157574700839973,2.89551390899295e-05,0.343929265956699,0.0033066169454179,-0.00923396840489943,1.77360548252199,1.73746329045599,-0.128618513292992,-0.427086640805001,-5.04340874899935,-0.365361929433988,-0.4825340500579,1.54938748277397,1.73995407741205,-0.0080356092723699,-0.000631990840260332,-0.173689491242101,0.181296006888104,0.226708786704101,0.408004793592202,2.14999999999998,2.14999999999998
2015-03-01,2015,3,0.113558897080964,0.199557550312988,2.06716557066711e-05,0.102332074048999,0.00408056611824004,0.0565338336253944,0.845711787132984,0.689723047374969,-0.927616981784013,-0.373688509858699,0.168591155001195,-0.162197441673982,-0.265265095055803,0.612645116717999,0.689464222361948,-0.00683069712991013,-0.01548967593068,-0.0544692538008,-0.656996125307096,0.232807845402,-0.424188279905199,2.30000000000001,2.25999999999999
2015-04-01,2015,4,-0.0399094058519722,-0.0801689630839633,-3.81442208181003e-05,-0.2349773924334,-0.00655831842710097,-0.0691923745611973,-0.163557767329962,-0.05093242323602,0.391892489254019,-0.0190929330791008,3.90751756999816,0.123005763585979,-0.0611518980200998,-0.443042342758986,-0.0572343082869793,-0.0039079861287501,0.00381140640803013,-0.0445165026762009,0.226827760726998,0.273182690378,0.500010451105101,2.32999999999998,2.31999999999999
2015-05-01,2015,5,0.0222932886269973,-0.0737569540790446,3.40449824528001e-05,-0.0396341050592994,-0.011103872779624,-0.893956769416896,-0.491822106421978,0.255984371662009,2.20941116702201,0.202722804966601,3.23364817500988,0.0872188161399947,-0.123102714469503,0.150813827676018,0.249503769443038,-0.00583269252729979,0.0228862985643401,-0.0168707016445993,1.7963668314459,-0.649116536316999,1.147250295129,2.22000000000003,2.24000000000001
2015-06-01,2015,6,0.138734215118006,-0.0417459631759698,7.14302218675997e-05,0.0633090173959978,-0.00892619760745705,-0.148991145492005,0.464824134564992,0.821424521536983,1.19366819949002,-0.1710162293199,6.05811832500331,-0.12114672936201,-0.369000392442199,0.723772424316962,0.812420015582006,-0.00658096708876021,0.0115468104223702,-0.0872768205746812,1.1168307657297,-0.267952795707,0.848877970022798,2.33999999999997,2.33999999999997
2015-07-01,2015,7,0.104282903492049,-0.150774794741949,8.64582214477987e-05,0.212799360314602,-0.01650632304221,-1.6311751015117,0.632874519359007,0.835989174055953,0.413824157068007,-0.0646753307623023,5.51845314500679,-0.187060575258982,-0.146576243624402,0.764342814558006,0.836286889530015,-0.00478696725084982,0.00529371036925985,-0.0373693936856085,0.5189838194649,-0.131170579724898,0.387813239739998,2.25,2.20999999999998
2015-08-01,2015,8,0.100240116549969,0.172676222063046,0.000114140583883499,0.353156806608801,-0.002468287218372,0.825586598322097,1.71164219460496,0.626617501263979,-1.415840992797,-0.293198513613298,6.1458855390083,-0.336603254663999,-0.211715060984801,1.15926986476398,0.62958078144402,-0.00696081855987973,-0.0180880712691898,-0.136739427544001,-0.997754285504499,0.555335610021,-0.442418675483498,2.05000000000001,2.02000000000004
2015-09-01,2015,9,0.107048104821956,0.100796711774024,9.70780336177011e-05,0.4780752050833,-0.019177705932105,-0.590718286259396,1.186361969112,0.958662985686999,0.000373541455019222,-0.4067819575478,13.1265187829995,-0.286888313091993,-0.449746523195198,1.26487394768196,0.967540862483986,-0.000965057604719988,0.00295879114666997,-0.2135486441388,0.244297288899602,-0.0696341017729978,0.174663187126701,2.21999999999997,2.25
2015-10-01,2015,10,0.296257957122009,0.299690322825995,0.00018928402026684,0.6147157863643,-0.000674865162083038,-0.987004096005201,1.64155754794899,1.579496944342,0.482909157216,-0.189001727336798,10.4951308340096,-0.263496501820015,-0.295725985744099,2.03072366384998,1.586829708864,0.0129359367923696,0.0202238268242101,-0.0842692394879005,0.639681400628696,-0.381833351378997,0.257848049249802,2.42000000000002,2.47000000000003
2015-11-01,2015,11,0.381394398114992,0.10917741632403,0.00025445297836304,0.894404500308902,0.00599786662538604,-0.935902151259413,2.67065786806199,1.97887644110295,0.116970455713982,-0.314016792964601,8.68929328800004,-0.382700535249995,-0.208137568713099,2.68970977687701,1.97082467246099,0.01954470050417,0.0245871962652999,-0.0140148593585998,0.605550215215501,-0.0271036774570028,0.578446537758499,2.5,2.53000000000003
2015-12-01,2015,12,0.349022432387983,0.315923314480983,0.000211884946651732,0.614531468855002,-0.001176120615902,-1.0229498569949,2.102895802408,1.73800045403203,0.233940209872998,-0.663877583260497,5.43375713900605,-0.392401876950004,-0.623317396790895,2.235714883063,1.72988123232398,0.00794423116814968,0.0176194679295802,-0.150962723063101,0.6669022732926,-0.1409383023631,0.525963970929499,2.83000000000004,2.83000000000004
2016-01-01,2016,1,0.387557348183009,0.321344408870971,0.00023139994570979,0.756814012127901,-0.011845441804363,-0.290582458992603,2.68628987391202,2.06532542111501,-1.61967704310999,-0.6383295000334,12.6410472810094,-0.497457392402993,-0.614170752339398,2.84588136864602,2.054157494354,-0.00120600972441043,-0.0171820507416602,-0.1172241738905,-1.09806090301301,-0.170759421494999,-1.268820324508,3.05000000000001,3.06999999999999
2016-02-01,2016,2,0.501450709034032,0.829446495493983,0.00027364727422941,0.765956444773902,0.0152972146215411,0.298588262250803,2.80344552023399,1.99895834831102,-1.76913006102899,-0.3267551365205,10.7508253730048,-0.257556701612998,-0.412777727927505,2.84363181458701,1.98991853509597,0.0131937899378602,-0.0120707177053601,-0.152251998820899,-1.597595950823,-0.0492261075679998,-1.6468220583911,3.12,3.16000000000003
2016-03-01,2016,3,0.434107234419002,0.658601348759021,0.000288438432383239,0.992786699997001,-0.016797176267444,1.3058449155931,3.55853180001202,2.252210408476,-1.77442849267899,-0.445593639194602,2.21437752600468,-0.576899587636007,-0.333190190978598,3.33839128830198,2.24753309747001,0.0184796495848598,0.000162977016359811,-0.157898126252,-1.085125456827,0.215463200704001,-0.869662256122901,3.25,3.30000000000001
2016-04-01,2016,4,0.45056813182299,0.847236851506977,0.000267079465793331,0.831806939286199,-0.00360447628174299,0.446826959020598,3.433458118705,2.14618126250701,-2.220703978438,-0.496769847710301,4.2495020560018,-0.591024290124977,-0.389376320301402,3.37491606025498,2.14770445576801,0.0132397601911598,-0.0128274296135702,-0.1686059509237,-1.52228616090409,0.060065251711098,-1.4622209091931,3.38,3.39000000000004
2016-05-01,2016,5,0.242750853396046,0.373175687897003,0.0001119383286875,0.5784041641922,-0.0104884591875599,0.862154617772198,2.48071638993196,1.04261211986795,-2.40127944931302,-0.690703559122198,2.51526313000068,-0.455666627325002,-0.3171845055953,1.76353483515396,1.04488092438402,0.0143785417521998,-0.0122907831663999,-0.1725404435697,-1.5720937684611,0.719450359293997,-0.852643409167101,3.5,3.49000000000001
2016-06-01,2016,6,0.076686583318974,0.0378107630230033,3.93071990522995e-05,0.278597074652701,-0.00696226420151802,-0.241039182310594,0.238705395963962,0.37598711911005,0.856959866324985,-0.118615183625501,2.84992715300177,-0.255474182327987,-0.298675942935102,0.893035617711007,0.376532217134979,0.00954765083534026,0.02092844526338,-0.0704579373711791,0.932373289343403,-0.653785123722098,0.278588165621201,3.56999999999999,3.54000000000002
2016-07-01,2016,7,0.223546471789973,0.300265966300969,0.000120623577702201,0.445433747546499,0.012843688801931,0.2294982197282,1.14285450124197,0.82020127061304,0.602410631418991,-0.0722801305094976,4.17280524599482,-0.239831212050007,-0.208134211030501,1.66759043357399,0.817826676208995,0.0124360143728297,0.01726352959512,-0.0551312329998108,0.706387762948005,-0.527110526736099,0.179277236211902,3.73000000000002,3.67000000000002
2016-08-01,2016,8,0.150993149913006,0.287463468310989,7.65913108635007e-05,0.1140946831731,0.017289019611075,-0.697840674041899,-0.368276500698983,0.338310749914001,0.753350514895999,0.0470874762625968,-0.104165641008876,0.0980168931590129,-0.111582951107899,0.618567492307022,0.330655096246005,0.01393043872817,0.01548751745417,-0.0276340498980598,0.496663194366498,-0.994499646674001,-0.4978364523074,3.73000000000002,3.67999999999995
2016-09-01,2016,9,0.0874013853670021,0.348968015669016,7.18301863724003e-05,0.108192256847097,0.00952302756845902,1.1083986612639,1.06787956585896,-0.102065450439,-1.421525443392,-0.1325347097467,-9.32195905900153,-0.0480509238289812,-0.0742996042167015,0.583220807779014,-0.119980749069953,0.00690857764605024,-0.0122011146411003,-0.0858087591532009,-1.315239414033,0.466743459448999,-0.848495954584099,3.63000000000005,3.63
2016-10-01,2016,10,-0.110140589097966,-0.00602867826501097,-0.00013086432898746,-0.575763729155199,-0.00489648033425993,1.5092680029509,-0.760333562490018,-0.971510225862971,-1.12575012099299,-0.5140516162813,-5.55588311800966,0.261698325032,-0.370793329478801,-1.40517557364899,-0.982411685572004,-0.00766453517777954,-0.0238651298152899,-0.211057587238699,-1.2441901592225,0.633940551449999,-0.610249607772602,3.61000000000001,3.63
2016-11-01,2016,11,-0.0255024713030139,0.0365023316740007,-0.00022661134805934,-0.898868034650899,-0.0231842665412461,0.419626617295108,-1.89092628131402,-0.57663566551696,0.766909138755011,-1.2148210078048,-7.31380018999334,0.270573038229998,-1.737648728635,-1.605882928467,-0.579275914501011,-0.0204126848323005,-0.015321655018,-0.4718054434625,-0.026491620305201,-0.287683601831098,-0.314175222136299,3.41999999999996,3.42000000000002
2016-12-01,2016,12,-0.153672244672975,-0.351225747689,-0.000174162202549491,-0.698899865967302,-0.012440135349601,0.0130208493136905,-1.91130278910504,-0.850546610565004,0.51417563770201,-1.146042120637,-6.99519138500909,0.0882471605420108,-1.6870159822063,-1.66550371664999,-0.848436763459972,-0.0132423611470598,-0.00782351422378991,-0.322729308141199,-0.115045384409299,-0.24368922535,-0.358734609759299,3.01999999999998,3.02999999999997
2017-01-01,2017,1,-0.143773479027004,-0.335747599969977,-0.000152477947684001,-0.604754857487301,-0.00564890094982495,-1.5795711536156,-2.18348165117601,-0.862573735882961,3.18332243314001,-0.194396496579202,-0.727184755000053,0.171191087855988,-0.655175640211802,-1.71479530723002,-0.854514186564984,-0.00779526574283995,0.0333688548403104,-0.0911059566616998,2.5513522016514,-0.460626794628002,2.0907254070234,2.70999999999998,2.65000000000003
2017-02-01,2017,2,-0.191513746731005,-0.638655449559963,-0.000122586990539091,-0.438767647116002,-0.021845064868117,-0.537396176707006,-1.42284997392397,-1.00458859534405,1.56365632325,-0.0852749489998992,-7.4709772799979,-0.0517432620100067,-0.0363252034559949,-1.12334019552696,-1.012642327805,-0.00791581504738037,0.0136304445019704,0.0438936389019009,1.6643493308039,-0.307563510857999,1.356785819946,2.67000000000002,2.62
2017-03-01,2017,3,-0.112842248514994,-0.699161481993997,-0.00014537801547149,-0.6842334331552,0.00965625200011799,-1.90562790196839,-2.33593987766102,-0.905109642517971,3.242241024929,0.156760685458401,4.78395393499522,0.288341045029,-0.132404718893902,-1.742843744109,-0.909158946410002,-0.0148518127074997,0.0268540010932203,-0.1467114368161,2.6647345755477,-0.597145437444002,2.0675891381036,2.49000000000001,2.46999999999997
2017-04-01,2017,4,-0.180488861143999,-0.585324219363997,-0.000102927805587801,-0.642814213663399,0.00113546099617989,-2.48816046799939,-2.64873704751801,-1.20672821835296,3.04823535723398,0.363114046988802,-3.55289122799877,0.377343553273988,0.159467027081703,-1.93258998898301,-1.20727054471701,-0.00964392828219962,0.0275152991366001,-0.0226667328969992,2.46724478405289,-0.716689384899098,1.7505553991538,2.26000000000005,2.25
2017-05-01,2017,5,-0.0235725034230541,-0.0955583032790059,-1.26944479382999e-05,-0.2852740712711,0.0182351679556629,-1.68581985117179,-0.471204722450977,-0.332517495481,0.75923363735501,0.6554312704654,-6.19906132300093,0.186909348733991,0.606942754178505,-0.413915764112971,-0.336491542678004,-0.00361600751055979,0.00371084319915971,0.1023778311645,0.523835772334103,-0.0612630055349968,0.4625727667992,2.22999999999996,2.23000000000002
2017-06-01,2017,6,-0.0174700866130024,-0.0783336877649958,-1.43042040069881e-06,-0.1470531705605,0.00402272844643103,-0.698229690580405,0.114798437507034,-0.155521311449036,-1.18089109093299,0.0674294073009989,-1.62282935599796,0.179522555375002,0.419209948269902,-0.405891166366018,-0.150938369931964,0.000718281004770116,-0.01754919086732,0.0348870132514101,-1.0086331053391,0.525272545390198,-0.483360559948899,2.20999999999998,2.22999999999996
2017-07-01,2017,7,-0.0686641787709732,-0.07880000143399,-6.22516414600996e-05,-0.229386985060298,0.00299316275391304,-0.5726346297837,-0.998194335837013,-0.415215641669022,0.450816285027003,0.0286546370534992,-6.14848531399912,0.159713328852007,-0.0576172523458993,-0.862968082069983,-0.417541150325007,-0.00645699758044005,-0.00116043931457988,-0.0980402386278492,0.204831066775597,-0.137551762423001,0.0672793043524997,1.99000000000001,2.05000000000001
2017-08-01,2017,8,-0.0831674012529788,-0.0144043855569862,-1.37381344861003e-05,-0.0139194823183999,-0.014035936415385,0.964151216341499,0.952973990321027,-0.398959566104963,-1.87209599998002,-0.314154070421797,-1.65442026799428,-0.151586874702019,-0.218738262431202,-0.247973989574007,-0.39939985916601,-0.00714547965015999,-0.0254160108260701,-0.20495284167743,-1.6250933172874,1.200507686834,-0.4245856304535,1.75,1.84000000000003
2017-09-01,2017,9,-0.102731744291987,0.0916280704580004,-0.000119381786392701,-0.2561603701858,-0.00247626142081603,-0.0764476416908977,-0.713209449594956,-0.569353579458948,-0.996386273775016,-0.2554047232383,-1.01363223500084,0.0234442257829812,-0.262139195429199,-1.01945593210701,-0.56152260577602,-0.0120507855941701,-0.0248058078543298,-0.1380114286998,-1.0265649717489,0.314077456195001,-0.712487515553899,1.65999999999997,1.70000000000005
2017-10-01,2017,10,0.014317576658982,0.19824605912396,4.48945681823607e-05,0.2718663624632,0.00651642234716998,-0.7488631686182,0.226774538743996,-0.298217280886035,-1.08746756396101,-0.267345121857701,-4.57492957399518,-0.378084266628974,-0.435418644463198,0.400794356488007,-0.29747703382202,-0.0206021794810201,-0.0310122638218702,-0.0933947417696004,-0.8774568199375,-0.173279570680002,-1.0507363906175,1.73999999999995,1.73000000000002
2017-11-01,2017,11,-0.127300903612024,-0.0796651128890176,-3.4678191666096e-06,0.00344526513389809,0.00439802866227601,-0.799831241178609,0.0583470986880457,-0.621991576475011,-1.76679179537001,0.1441503137866,-8.15377924300265,-0.177676910511991,0.444171152492999,-0.487460261713011,-0.627923572136979,-0.0196377868072695,-0.0364331151032999,0.0538240221683992,-1.2890940461516,0.5398753647391,-0.749218681412501,1.92000000000002,1.89999999999998
2017-12-01,2017,12,0.00469670641700759,0.287409951046016,-7.54795537476188e-05,-0.138156586183499,-0.00210593758628208,0.423301203478104,-0.158264526108951,-0.386278544874983,-1.738279712946,0.209266396518,-8.52618538099341,0.081493019739014,0.326921901717505,-0.283592008580001,-0.386864491031019,-0.01047260554936,-0.0370586498165002,-0.0364350938127007,-1.70211722748549,0.124741536315,-1.5773756911705,2.07999999999998,2.04000000000002
2018-01-01,2018,1,-0.146332786404002,-0.0109406222400139,-7.1075039034859e-05,-0.138474658616101,0.009804577266324,0.513984912142497,-0.701300439139004,-1.10774055727404,-1.368009281262,-0.115559599366897,-11.4241352520039,0.0601190551460036,-0.176865925611196,-0.765216575728004,-1.11313606965501,-0.00863362954363023,-0.0274359082098603,-0.2192461948652,-1.4894346626523,0.0585206242080005,-1.4309140384443,2.20999999999998,2.24000000000001
2018-02-01,2018,2,-0.187010191962997,-0.159464984278031,-8.36544555183685e-05,-0.0317509599617978,-0.00413108942993201,2.47609053224821,0.222487635972982,-0.999889767616992,-3.10133819497599,-0.559332098662502,-4.35377130900451,-0.104947399817007,-0.380959021886305,-0.836240371836027,-0.987835396637024,0.0023630676932207,-0.03654464559972,-0.269851078551401,-2.81801771838281,1.070782378789,-1.7472353395938,2.32999999999998,2.38
2018-03-01,2018,3,-0.23426912252296,0.0605827139110033,-7.45096281125485e-05,-0.367823539471999,-0.00268174755439698,-0.0571742933411983,-1.25938634732501,-1.35152219807702,-0.793055055817007,0.179769079143497,-14.9322540650028,0.203787165066984,0.187768721810201,-1.11410575581402,-1.34295594772396,0.000502301997689969,-0.01348998492039,0.128707945196899,-0.988842578217302,-0.136714341157997,-1.1255569193752,2.46999999999997,2.49000000000001
2018-04-01,2018,4,-0.011753154095004,-0.063703997454013,-7.74668290280996e-05,-0.0788236624274994,0.00158351436034709,-0.284279430509798,-0.118987832947994,-0.321763085691032,-0.263505124196001,-0.00266804392650144,-10.227594461001,-0.0138811971359871,-0.126012177404,-0.0714474996689773,-0.32058090382003,-0.00687363809332009,-0.01066012564235,-0.0381896858252002,-0.372968060537495,-0.0463581514080005,-0.419326211945501,2.47999999999996,2.51999999999998
2018-05-01,2018,5,-0.159455836811958,-0.301867916402955,-0.0001017162528179,-0.3119620629084,-0.00770173280748498,0.169894558829299,-1.85339258637902,-0.836039046098961,1.34444558862,0.184000734611399,-7.71407500401256,0.142304989547995,-0.183823603533106,-1.19288364699798,-0.833828623220029,-0.00632781639037017,0.00965589098340036,-0.0295968364324999,0.834316260927494,-0.6582985165021,0.1760177444253,2.29000000000002,2.31
2018-06-01,2018,6,-0.0636438063430091,0.000789130862983711,-0.000123652392670001,-0.345408186099601,-0.00351077204990402,0.00949248802110247,-0.99075801480501,-0.74579795267698,-0.116282734613009,0.0800932400883987,-16.3418002840044,0.0530795200010061,0.0283485116222977,-0.803470955228988,-0.750367827203036,-0.00546635864967016,-0.00778620804371011,0.0213435061798499,-0.221106983080105,-0.191856934102098,-0.4129639171822,2.22000000000003,2.19
2018-07-01,2018,7,-0.0898450466080476,0.110177468139966,-5.85788796387005e-05,-0.0446642264719017,-0.00104795885961506,0.423116893250004,-0.268310344048984,-0.790555963941983,-0.467829644508015,0.231001674544,-14.1981201140006,-0.0465847626919924,0.387953152194502,-0.344528161516962,-0.797366486691999,-0.00482216428663973,-0.01022840134477,0.168101369448879,-0.2642934041655,0.0694072947178981,-0.194886109447502,2.38999999999999,2.39999999999998
2018-08-01,2018,8,-0.180840996573011,-0.185662217905019,-9.23173636159999e-05,-0.280389656944301,0.00558392415956599,-0.635524493071301,-1.15746634939501,-1.20328852310604,-0.187528167826002,0.175909734449299,-16.1857474360004,0.0653703101840222,0.325395343052602,-0.927591720658995,-1.20363912191704,-0.00442168000297016,-0.00857252998677982,0.25306622568692,-0.103412869406696,-0.230225227547002,-0.333638096953703,2.57999999999998,2.60000000000002
2018-09-01,2018,9,-0.140394431385005,-0.466043731522007,3.66429783730041e-06,-0.1487395381738,-0.00649117485495199,-0.935536139167105,-1.266477595504,-0.670982228913033,2.178656251712,0.600713899612501,-10.4020075330045,0.119613022770011,0.484389496754702,-0.466800952828009,-0.677034559511981,0.000849554254399809,0.0284180875337099,0.313667224131001,1.9427188260842,-0.805728973274903,1.1369898528093,2.56999999999999,2.56999999999999
2018-10-01,2018,10,-0.0672214425230209,-0.492110720951985,7.62229895300351e-07,-0.0523752103728015,-0.013192487250575,0.314903713901103,-0.156530802468978,0.171982694028998,0.880947679526003,0.721737730872899,-3.93459816499671,0.110063704106977,0.760383843984499,0.0857073835269944,0.165572266927995,0.0142294180922202,0.02328645878735,0.214838637786,0.8095300885306,-0.248648613097,0.5608814754336,2.51000000000005,2.47999999999996
2018-11-01,2018,11,-0.0562750939669741,-0.103553306869003,0.000105568332361699,0.274435174953499,-0.00473989875539294,0.741271197979813,0.144617697474985,-0.250703510636015,1.01702912456702,0.868352324437001,3.59350085399637,0.00826650255498862,1.071896503223,0.542771413661967,-0.249575222053011,0.02524405328474,0.0371807101957198,0.3198143825778,1.212306800798,-0.397025427604,0.815281373194001,2.42000000000002,2.33999999999997
2018-12-01,2018,12,-0.0503184846610338,-0.289941287031013,0.00010237443748342,0.3115051691918,0.005689867295117,-1.2598144424578,-0.273896916090052,-0.00351836434401775,2.31257850823198,0.888495156858401,3.23557313399215,-0.0545350389780026,0.855704136893095,0.355019933628,-0.0134878907849725,0.0150993370078298,0.0460186515289598,0.289829389001099,2.33432252724469,-0.638886376159,1.6954361510857,2.43000000000001,2.36000000000001
2019-01-01,2019,1,0.0194366281360203,-0.0164802056709732,9.79355040326094e-05,0.364858226957701,-0.016606920747094,1.0850502746986,1.13742686549404,0.478694416208043,-1.03770153235601,0.201559959824998,1.97450473500066,-0.0626717912190031,0.444348730373299,0.815580620987987,0.477360447598016,0.0182292633028105,0.00401302758817002,0.1695480361685,-0.732240970588698,0.320512275896,-0.411728694692599,2.40000000000003,2.43000000000001
2019-02-01,2019,2,-0.02205625082604,0.161167556557984,8.20215311469995e-05,-0.0767272953724998,-0.00599415780080703,-2.3983787525554,-1.32699817237295,0.055019622144016,3.406299721225,0.904927636909303,4.56811259999813,0.360167554274,0.686575357269,0.0284719443150152,0.0443462209060499,0.00668675441734923,0.0440577732898797,0.3442777086955,2.8277798873107,-1.366143517926,1.4616363693847,2.11000000000001,2.14999999999998
2019-03-01,2019,3,0.209612230027005,0.0419490996639524,7.64942532187098e-05,0.299788461113998,-0.013302929487841,0.312934093796194,1.08110503502002,1.03263367616,0.665906123689012,0.00476950218050121,2.54703831100778,0.00269430483601241,0.0832637377153986,1.16932100014304,1.02269015860298,0.00882516741121986,0.01642025565631,0.0819761118631011,0.741706054387905,-0.0981594826799999,0.643546571707901,2.12,2.13
2019-04-01,2019,4,0.0742071393439687,0.327263402317044,0.000116186972870001,0.343441558238798,-0.00748704779034803,1.7912422304707,1.70667755036999,0.45163405138203,-1.46405738466299,-0.382192589686401,0.483456431989907,-0.13685837717901,-0.255516918708899,1.07882984558699,0.44364300094901,0.00910569096873992,-0.00740588099922013,-0.0263685242526996,-1.2005233365065,0.619856654349999,-0.580666682156499,2.27000000000004,2.26999999999998
2019-05-01,2019,5,0.0405974415319861,0.135609924003973,8.30161222345003e-05,0.2763718997772,-0.0210021741327699,0.402918677256402,1.226772709057,0.181722324681971,-1.70762315757401,-0.789593696348099,7.61191182601033,-0.139417536821981,-0.458730906410594,0.876596547081988,0.176851335115032,-0.000169212751999659,-0.0202037706104901,-0.0658433323738006,-1.2373428308145,0.3453051724081,-0.8920376584064,2.43000000000001,2.42000000000002
2019-06-01,2019,6,0.115690799012043,0.32663595381797,0.0001830667932592,0.603675177821799,0.00635040060692205,0.340758062261202,1.80112303057001,0.627369258545968,-0.501145757607986,-0.360591638671497,4.74248719900788,-0.269739164002004,-0.4132645257686,1.70706619838199,0.619160044744035,-0.00586869993211003,-0.00720076411549986,-0.10180761358742,-0.284079480703099,0.0858476183861008,-0.198231862317101,2.48000000000002,2.5
2019-07-01,2019,7,0.0747644954740281,-0.0209124053309893,6.74564235528998e-05,0.137615163237299,-0.0241271006523199,-0.917689116477405,0.516983623462977,0.313907017885981,0.11842383305401,-0.1417383860001,4.26593438499549,-0.0511074146470207,-0.274580593389402,0.744701641549,0.316749043688048,0.00033437168819983,0.00426254137184978,-0.0980977617681997,0.0366890403116997,-0.224875992283899,-0.188186951972199,2.38999999999999,2.40000000000003
2019-08-01,2019,8,0.158743105362021,0.124516611543015,9.77640557789997e-05,0.2790827520904,-0.014214529655818,-0.838670609281394,0.230946292743965,0.761406752964035,1.84609442296701,0.126579846157899,5.37716741999611,-0.0142344318770142,-0.137487990559201,0.947517724693,0.752169938650013,0.0029754778426998,0.0265202608175801,-0.0934662773619799,1.5962610181269,-0.725808246263,0.870452771863903,2.50999999999999,2.50999999999999
2019-09-01,2019,9,0.160119588771011,0.356826451480003,5.33061077488996e-05,0.2970436211465,0.00278484894285091,0.193690891831302,0.835673495691992,0.635108121461997,0.724768606524009,0.0415091512169994,1.0646184310026,-0.162096580102997,-0.143931500933402,1.27454850861903,0.630873185439953,0.00915977641205989,0.0179852710419501,-0.0841795601255004,0.701424534476601,-0.4431099489491,0.258314585527497,2.73000000000002,2.72999999999996
2019-10-01,2019,10,0.0839223728989964,0.0294881453990001,4.11676102594991e-05,0.139278167359802,-0.00150170386419601,-1.5605796780017,-0.0926942757300253,0.128781667676037,2.26126621563,0.0156458562299022,-0.638393034998444,-0.157757203093979,-0.0986361484219032,0.470707124498006,0.127823644579053,-0.0130607365021205,0.02079737826933,0.0537467742824003,2.3047414140722,-0.564359423324998,1.7403819907472,2.77999999999997,2.76000000000005
2019-11-01,2019,11,0.133726547080983,0.125652511913017,3.62372326024978e-06,0.0152311638375018,0.00215712041190297,-0.794048640281403,0.277265074586012,0.601502131312031,1.55424647030401,0.226678777011699,0.24116446399421,-0.0925329687810006,-0.100258897248899,0.592772939343035,0.601804691318023,-0.0175869049853299,0.00438203196880016,0.0309804833302003,1.3198417648244,-0.315205304751,1.0046364600734,2.75,2.70000000000005
2019-12-01,2019,12,0.173174463118016,0.287036895915037,4.84300744324501e-05,-0.0970292879426999,-0.0110234734890919,-0.00393625549651233,1.15444407739705,0.697913100028018,-0.349778736333008,0.00336752814479979,0.255420455010608,-0.103462203020001,0.1879139620332,0.93209125353701,0.695191680834,-0.0128448092272402,-0.0121004410866896,0.0388979325146011,-0.0617700994245993,0.219631404666,0.157861305241401,2.56999999999999,2.54999999999995
2020-01-01,2020,1,0.323015891444982,0.200170042064997,0.000166785999166131,0.516889014817899,0.00603497226702099,-0.104879469521407,2.569380660251,1.04959728479696,-1.01428427004001,-0.00753462179219966,1.29787575799855,-0.471599068830983,0.209306329559595,1.86426644762702,1.05027837292596,-0.0221444346410999,-0.0249886328024398,-0.1358740421215,-0.325844249857205,0.705795300753,0.379951050895698,2.5,2.42999999999995
2020-02-01,2020,2,0.348841400222,0.423841141324999,0.000127832358750579,0.528962817738599,0.010223702112117,-0.6293255674099,2.71854231491699,1.21871917791401,-2.61898939367802,-0.4706238921116,-1.05552836199058,-0.499970313691989,-0.3228900677179,1.84950810091198,1.22740524813599,-0.0259026692530693,-0.04993976273028,-0.386287550256901,-1.9712852555923,0.877720284226999,-1.0935649713653,2.59999999999997,2.57999999999998
2020-03-01,2020,3,-0.0373539527150228,0.213157047701031,6.9261934180229e-05,0.312491587058201,-0.00860627717169504,-0.639386939406194,1.296892018341,-0.0667539161669879,-2.48413912412801,-0.3717190448039,6.12281280099705,-0.388252334366001,-0.306875478474694,0.52504117639495,-0.0579818419660114,-0.0174436174894801,-0.0424051765048903,-0.304024622273301,-2.0310432234328,0.780622916146999,-1.2504203072858,2.54000000000002,2.56
2020-04-01,2020,4,0.044908865306013,-0.0656915544080334,2.11299064559883e-06,0.164792543043401,-0.00258266610510804,-1.2021346274913,0.18185356834897,0.110740867698951,0.189217101476999,0.169695224636001,4.71950272200047,-0.0737300050890042,0.281473424050795,0.303876445381036,0.120418821151986,-0.000800555306669892,0.0021330452511199,0.0342736164176998,0.374725305980796,-0.112344923578998,0.2623803824017,2.50999999999999,2.53000000000003
2020-05-01,2020,5,0.0814196182499813,0.308576532014001,7.25529472856007e-05,0.1306518791603,0.0223147945940719,-0.529584359058703,0.555601879145001,0.116231234471002,0.0462054247440165,0.285563279849899,-4.93580229399959,0.05449460900698,0.492372417156595,0.606426126099961,0.120322879058961,0.01415915226307,0.0125362750427498,0.1055019558779,0.1985199530437,-0.0467326023670012,0.151787350676701,2.44999999999999,2.46999999999997
2020-06-01,2020,6,-0.0102110103269979,-0.091560518064,-2.27274089099998e-05,0.076034761089101,-0.00210841793211902,-0.138486587564898,0.256890131789987,-0.209427399066954,-0.319508727721995,0.350653623505,-1.19805180300318,0.00943911552298005,0.5638739829397,0.150992560126042,-0.206476058478017,0.0184998659971001,0.01267751921245,0.17704003665145,-0.115727483810296,0.1088489122528,-0.00687857155729787,2.33999999999997,2.39000000000004
2020-07-01,2020,7,-0.0178141300660286,0.172383183085003,4.32335952303999e-05,0.2659927096357,0.017534734385388,0.800082111689498,0.778340800944022,0.108542111280997,-1.06766671983399,-0.2355099991636,-1.97266950800258,-0.036876522715005,0.1052709245157,0.442659899481953,0.107416109314954,0.0130186061972002,-0.00295160573051989,0.0806926582748808,-0.690009273439699,0.334554899496002,-0.355454373943701,2.29000000000002,2.34999999999997
2020-08-01,2020,8,-0.0691935997230075,0.137329383272004,9.97420174020033e-06,0.0898437564238996,-0.00906822883693592,0.0628018429152988,0.187384087214014,-0.118260263390027,-0.810275764902997,-0.00784932196230059,0.148078550002538,0.117085784593996,0.155561610509302,0.169714171052021,-0.11566249241298,0.0101209016639401,-0.00512301490519018,0.1113603572303,-0.763950617025401,0.0202676871390004,-0.743682929886401,2.09000000000003,2.13999999999999
2020-09-01,2020,9,0.077817411871024,0.0303952997689976,2.8442663556701e-05,0.1883032244309,-0.00886089533208201,-0.855795559886502,1.09640973968999,0.287719053769024,-1.53676439383699,0.206331840581502,-2.76956241299922,0.160961422058989,0.5095232910177,0.401597259595974,0.28785277704003,0.00630696594631042,-0.0158098660102999,0.171565979779601,-1.3945343654598,0.694946203365003,-0.699588162094798,2.06999999999999,2.08000000000004
2020-10-01,2020,10,-0.070315556124001,0.303284420084026,-6.39020942443998e-05,0.0935843227102993,-0.00658145863725701,0.587680990278301,0.534116438595049,-0.468934578236997,-3.051803951278,0.5225347700101,1.48176886599686,0.37538625189498,0.760631913362403,-0.324024951486024,-0.461568604861043,0.0232457406529698,-0.0248133887386102,0.0798880611325998,-3.1890930598207,0.865507363456999,-2.3235856963637,2.22000000000003,2.20999999999998
2020-11-01,2020,11,0.136388865591016,0.194271224562954,-6.57970659851594e-05,0.00607324794469832,-0.00298558107217406,-0.444103525473309,0.987454492052962,0.462558488713,-2.475144278328,0.608716360529101,15.4568125299993,0.399728372862,0.9671361365438,0.0349840963939982,0.466641306475992,0.0382119383171897,-0.0020355548298201,0.0709577848984999,-2.5164528751753,0.956553213421898,-1.5598996617533,2.38,2.32999999999998
2020-12-01,2020,12,-0.192480205465984,-0.163586022578045,-0.000132586216648431,-0.0327362555268991,-0.00403385684423807,-0.276804573818197,-0.67198810398304,-1.00443473095703,-2.32195225904297,0.468010557958301,23.560133351988,0.413345663454976,0.811321245188203,-1.34749213778201,-0.991772057779997,0.03333240589963,-0.00747736118848019,0.0390546410504999,-2.391987235268,0.688166706976002,-1.703820528292,2.38,2.31
2021-01-01,2021,1,-0.277262936337991,-0.275703510019014,-0.000242310197132081,-0.663015386364599,-0.00860353505278499,-1.10846373378679,-3.11712759319403,-1.22851484034896,0.72748643315802,0.383019652815801,23.881487909006,0.806116567022002,0.2533091275697,-2.37076730467703,-1.21407960448801,0.0279664632888794,0.0204774556029501,0.0549131993393992,-0.2083406591101,-0.731925052655999,-0.940265711766099,2.30000000000001,2.36000000000001
2021-02-01,2021,2,-0.461757197606971,-0.458349483404959,-0.000264546698732819,-0.785333382262699,-0.0136837097749239,-0.271775382469798,-3.55785002217704,-1.99679027993,1.81203468556902,0.409479157136598,21.3863624339865,0.673287715806993,0.231351776990202,-2.88981727413596,-1.98553797943401,0.0207986942280494,0.0330775164174701,0.0919926780915006,0.960619589615597,-0.656780447545099,0.303839142070601,2.25,2.31999999999999
2021-03-01,2021,3,-0.251360813635984,-0.45659469681101,-0.000264783437082109,-0.700410708679101,0.000792378272285066,-1.22851194610691,-2.87980799003998,-1.152735094994,2.184025260407,0.328695262766399,17.1285084499978,0.606123012338998,0.140772493197495,-2.42298328506098,-1.14136054503598,0.00660701319761969,0.0278396156468799,0.0993545233358013,1.3899794784991,-0.445450155021,0.9445293234781,2.05000000000001,2.08999999999997
2021-04-01,2021,4,-0.293521790322018,-0.445674142090979,-0.00024020856955315,-0.6196887230134,-0.00753074714698498,-0.750584463683396,-2.52741348888998,-1.12737967693096,0.833694085567004,0.0750294921760997,27.1185086659971,0.41781887183501,0.0257948436820001,-2.27368452082004,-1.12470544148101,-0.00583850293149002,0.00161760048787007,0.0513608940523991,0.366640565237901,-0.251054732619998,0.115585832617899,1.94999999999999,1.96999999999997
2021-05-01,2021,5,-0.169562071854955,-0.470133384062024,-0.0001755269435827,-0.434955629724801,0.00415806403823804,-1.0075129986114,-1.32956996714699,-0.401654007982017,0.609445421532996,0.2780058154976,26.5441511579993,0.221882476404005,0.160503484007805,-1.32947013578598,-0.399435628764991,-0.01132217281158,-0.00548280882984997,0.0601797165657008,0.270060613639203,0.00211854785599996,0.272179161495199,2.19999999999999,2.22000000000003
2021-06-01,2021,6,-0.103292794669017,-0.391470094993963,-0.0001283710630421,-0.456426460340101,-0.016023341685509,-1.0919069818597,-1.60587659553102,-0.0849086788199997,1.89585556946599,0.3268433629217,23.0816317290009,0.289417519632025,0.250132484552502,-1.10543929291003,-0.0827122039049755,-0.00933143369290024,0.01378961050884,0.0748387110179394,1.5297271714648,-0.498240827705899,1.0314863437588,2.31999999999999,2.33999999999997
2021-07-01,2021,7,0.076129859473042,-0.196217382642999,-3.20070249166995e-05,-0.145462692135901,0.00289183393174197,-1.6232816491126,-0.666069483685988,0.388848352125024,2.16453564660898,0.525749425117798,28.6468326750037,0.143194842566004,0.251041863459502,0.00166060549702252,0.388688236818041,-0.0126960713819702,0.0158465739334401,0.101486931624359,1.7466332423847,-0.66789020449,1.0787430378947,2.27999999999997,2.30000000000001
2021-08-01,2021,8,0.0883398191909919,-0.18237429422004,-0.0001149926615322,-0.212317231734101,-0.00473287335918304,-1.0090634770511,-0.389608671046005,0.420390994668992,1.19551903086901,0.309428456905401,16.8356686609914,0.0707118856300042,0.2217717232685,-0.281085775652002,0.421125481459967,-0.0115102104437299,0.00699894153455993,0.10874023495076,1.0371504116021,-0.107788408603,0.929362002999099,2.41999999999996,2.39999999999998
2021-09-01,2021,9,0.0122650377659852,-0.138527492774983,-6.15269393834002e-05,-0.154240895816297,0.00494018588745704,-0.456148555845395,-0.222534668026015,-0.0363435753760086,0.173861813541976,-0.0992323155323014,19.195691365996,0.0155625730480153,-0.0867281903750019,-0.417729795130015,-0.0456192855299946,-0.0155456365913302,-0.00923593075569995,0.00703898894319899,0.170803365651295,0.18591941695,0.356722782601299,2.38,2.34999999999997
2021-10-01,2021,10,0.113626931168028,-0.0673725926300222,6.53596859869973e-06,-0.220813166688899,0.00357851098890405,-1.7252833369997,-0.272426004241026,0.461286745675977,1.03336435474901,-0.411621720225103,15.1250514790008,0.0805038116490095,-0.561255437518497,0.0333551305160427,0.450071918720994,-0.00943395724505969,0.00465215132749019,-0.0932848025703006,0.803226825806604,-0.316995961711999,0.486230864094598,2.16999999999996,2.12
2021-11-01,2021,11,-0.06294908046101,-0.457821528404963,-5.79237699564923e-06,-0.180682566764098,-0.00632046448133894,-1.54275495030729,-1.06824282531596,-0.202848295238027,1.173710191933,-0.665523444889899,-5.8319047089899,0.0599385622720092,-0.882119877189005,-0.462529033805993,-0.203535822117999,-0.0166238701797603,-0.000590738069210062,-0.204735701239699,0.897175197361896,-0.606401318389899,0.290773878971901,2.32999999999998,2.25
2021-12-01,2021,12,0.178022231683997,0.0329093510330267,6.23869082902791e-05,0.118532151735398,0.00334743583035502,-0.220498330772202,0.962653993931042,0.903737790566993,-0.113834555956998,-0.820750290370501,-16.5346144979994,-0.123387928904975,-1.0397923487689,0.962782075244036,0.905882305936984,-0.0186258648739095,-0.0154962976083,-0.278360793026,-0.209488685450502,0.00201643405700125,-0.207472251393501,2.46000000000004,2.41000000000003
2022-01-01,2022,1,0.113152372896991,-0.153323278420999,3.06251324735992e-05,-0.176916413681802,-0.00186463355100897,-2.2188887930333,0.144407033036998,0.644183229169982,2.493736296446,-0.232449184836799,-13.0481397460098,-0.0881760139980088,-0.463049513019698,0.491283986506005,0.635409763488042,-0.0190680097915799,0.0201621976472897,-0.109732375343899,2.3513119822611,-0.355650419151001,1.9956615631101,2.44999999999999,2.37
2022-02-01,2022,2,0.247590892804965,-0.187273529250035,4.78116570762702e-05,-0.127478518687901,0.00708846031009591,-2.6225354981211,0.430342355251014,0.950932658077988,1.71690019143099,-0.0892880525004998,-9.00596273299016,0.0737016321720034,-0.252538488383699,0.535819617546963,0.944311097856996,-0.0131923383621499,0.0124700965989,-0.115362259282801,1.4799481233758,-0.112098822516902,1.3678493008588,2.44,2.33000000000004
2022-03-01,2022,3,0.331708214917001,0.179440059984017,0.000138259139982279,0.137075173511402,0.012061991948237,-1.4783392723229,0.722847222916982,0.932008339327979,0.916629663809999,0.029416841371301,-10.8389186080021,0.0821814516650079,-0.158506313219696,1.45920989149198,0.929868179441996,0.00454822168809077,0.01215071340898,-0.116335939269101,0.646525057554001,-0.738502828460902,-0.091977770906901,2.67000000000002,2.64000000000004
2022-04-01,2022,4,0.19064760207101,0.310682770068979,0.00013636578609575,0.1512382458296,0.011536061390611,-0.910717969105406,1.60312411856398,0.495067666197997,-0.439780738540009,0.220859542537802,-11.5528514479956,0.0118045507919931,0.112616302259504,1.35030779016802,0.49941894790004,0.00693759300017982,-0.000497779783479757,-0.0278120239039001,-0.5598285296103,0.257167610097998,-0.3026609195123,2.76999999999998,2.74000000000001
2022-05-01,2022,5,0.054927909157982,0.0479506771970364,-8.29016342590062e-06,-0.284751940273999,-0.014780944821716,-1.671070562784,-0.099772846457995,-0.0660573997959659,-0.186297470575994,0.111248055025001,-13.2367319070036,0.253838415670003,0.177431608147195,-0.306371424620977,-0.0626056920060023,0.00273475332880002,-0.00307697825709985,0.0176072125528997,-0.373952333123803,0.210050285952999,-0.163902047170799,2.44,2.41999999999996
2022-06-01,2022,6,0.143395757370001,0.0927006855719696,-3.60541612716009e-05,-0.390069417614299,0.00905747814796198,-1.6894342506618,-0.0496834791769629,0.358681158583977,1.30381885470101,0.190794321142498,-12.1599151210103,0.28092607960599,-0.161048567746402,-0.214868576166964,0.362082428457995,-0.00200334862682983,0.0122333805993997,-0.0904633653968396,0.671049886206099,0.168586366863998,0.839636253070102,2.22000000000003,2.24000000000001
2022-07-01,2022,7,0.0552576142549697,0.26017473354699,1.71487793760999e-05,0.0505909404161997,0.00126385175397303,0.399120030732306,1.24963048197299,0.0441740184039645,-1.95243994386999,-0.0147138049425983,-9.21900912199635,-0.0308819577229826,0.0161352068556972,0.198375947958993,0.0434745720149863,-0.000769024512279781,-0.0254976403902401,-0.111706559692839,-1.8907089743487,1.050555087625,-0.840153886723698,2.21000000000004,2.22000000000003
2022-08-01,2022,8,0.0213982044330123,0.137422885432045,9.24651596934997e-05,0.171235289184203,0.00686276627433802,0.626167574327802,1.396909885225,-0.0137774418689673,-1.67363869437301,-0.206636466301898,0.901819992010132,-0.0973548993000009,-0.069979310990302,0.62569534646201,-0.0186009347359573,-0.00116917830959018,-0.0208409659217401,-0.100494378998301,-1.4396266397614,0.766391045896,-0.6732355938654,2.24000000000001,2.25999999999999
2022-09-01,2022,9,0.0103552085229808,0.0194839255059946,-6.36843366589972e-06,-0.207679820969503,-0.00708054219092702,-0.643969699207801,0.0164555543229881,0.104302990915016,0.295178693280008,-0.214765939153001,0.426862882013666,0.0518083893269932,-0.243980222356697,-0.0272530452799629,0.11124032347999,0.00438206177785005,0.00693944693350979,-0.0979466105256996,0.2141560207493,0.0506459321678996,0.2648019529172,2.24000000000001,2.28000000000003
2022-10-01,2022,10,0.0169676647079768,-0.0590620638340056,-3.28762424250499e-05,-0.1512049268783,0.00180217624908396,-0.170047399203199,0.179396696976028,-0.0248346231080063,-0.0223433306190088,-0.0685336045344975,-1.22352380999655,0.0662091302619956,-0.0377140661530007,-0.116139536950016,-0.019722508152995,0.00558257503695003,0.00358369769889988,-0.0193883105512995,-0.057732922499504,0.300648348881001,0.242915426381501,2.31,2.31999999999999
2022-11-01,2022,11,-0.187213735423995,0.117570197926,-7.41501364802406e-05,-0.241795723267,-0.00169473184694302,-0.4516181598785,-0.723250965728994,-0.952032717944007,-0.0558837469900197,0.111436097129598,-2.27648756200506,0.0865488530749872,0.262680391147605,-0.792224885040014,-0.952657708089987,0.00192819802896071,-0.000213528381579842,0.0961405174106993,0.00881169395299963,0.0683489291650012,0.0771606231181003,2.25999999999999,2.32999999999998
2022-12-01,2022,12,-0.119005218399991,-0.297702607513997,-6.9254739814539e-05,-0.3088813934956,0.00213382592476608,-1.64827361681149,-1.54066021646804,-0.805872560378987,2.31762057192799,0.105254783445002,6.61514427801012,0.126613906122969,-0.0959391001705043,-0.844446386658035,-0.814702407311984,-0.00638054653177988,0.0221231220376699,0.0190412593106988,1.9898127821895,-0.705043676743003,1.2847691054465,2.31,2.38999999999999
2023-01-01,2023,1,-0.0771282813630023,-0.155791588807006,-1.87628982778187e-05,0.0139209253695007,0.00288820239348697,-0.395994715400803,-0.644172541352987,-0.703853600425987,-0.0854129117700211,-0.0491271994700995,0.653759878012352,0.046649612860989,-0.215762236983899,-0.314264089120968,-0.708359976938993,-0.00460886049236997,-0.00812309981649006,-0.0829930425138006,-0.298697562144802,-0.334414828745,-0.633112390889799,2.19,2.19999999999999
2023-02-01,2023,2,0.00339610889903952,-0.0749433987009525,3.15705867515396e-05,0.232320301533001,-0.000280912360557939,1.6095002444711,0.121643262863984,-0.037660439337003,0.259727834262009,0.0217170798049011,-3.36129900600645,-0.0667886044680017,-0.0825472945403973,0.449869195040037,-0.0339644221900244,0.00521253767031027,0.00841511068734002,-0.0275572049649,0.222252064384698,-0.3245299150291,-0.102277850644402,2.00999999999999,2.00999999999999
2023-03-01,2023,3,0.00917833163197201,-0.127021441814009,1.05097093604407e-05,0.00531133377450033,-0.018686889317415,0.111704316819704,0.567261664829971,0.326911750875013,-0.114956045995996,-0.102976567810298,0.878702109999722,-0.157499466869012,-0.0514268288654023,0.362572216276021,0.317332826244012,-0.00496586591265036,-0.00249358599472993,-0.00838743660709973,0.094093159817902,0.195110523922899,0.289203683740801,1.81999999999999,1.81999999999999
2023-04-01,2023,4,-0.00898867722401064,-0.17946999946497,2.48238216797002e-05,0.193958297648901,-0.00896432105509803,0.0847430895497041,-0.42017049928495,0.0142127815639697,1.47598626932901,-0.0140026622697,5.89434601299581,-0.0756664922679988,-0.102249372713302,0.00185252807096958,-0.000338775855027507,-0.00838858517311003,0.01440592725092,-0.0185989464303997,1.4634060511534,-0.436574584774899,1.0268314663786,1.91000000000003,1.91000000000003
2023-05-01,2023,5,0.143242778665012,0.199519191190006,0.000174274950714001,0.939522586849598,0.00190475723510697,1.7601172137535,1.60140602625899,0.649191587485973,0.804868690467998,-0.123198005930401,12.7221947380021,-0.50018807076799,-0.280707733899597,1.99490472133897,0.646578260981983,-0.0147918283136304,0.00571357383128968,-0.0784073808775005,1.1475470332668,-0.396112021583999,0.751435011682799,2.12,2.13
2023-06-01,2023,6,0.194348803596995,0.198278581999034,0.0002217643726638,0.739861241264801,-0.00937356526130895,0.827057248202799,1.72157889981798,0.960176785170006,-0.399986227041012,-0.0637334986580989,9.02881612100464,-0.300079177722012,0.0920522122920993,2.00908534081697,0.96304057149797,-0.000767780603689872,-0.00143254727847975,0.0138350090183099,0.0558786616311977,-0.284642654671,-0.2287639930398,2.15999999999997,2.15999999999997
2023-07-01,2023,7,0.325631901267002,0.085259169078995,0.000166703708048801,0.425833758556401,-0.00438865142269707,-0.0281271157657059,1.27673370205298,1.73708284187404,1.95357666448899,0.115630716776998,4.95742705400335,-0.171058942432012,-0.0572312867772986,2.086080514603,1.74033247698799,-0.000685675172100275,0.02863513028732,-0.0486317141362509,1.9517736033667,-0.806097177436001,1.1456764259306,2.25999999999999,2.25999999999999
2023-08-01,2023,8,0.331562145924977,0.237835368254991,0.000180969118794901,0.380324134331698,-0.00740949989730699,-0.774247602844305,0.880148162305034,1.80747670445601,2.43770595335201,0.167956781784298,4.70658666700183,-0.214254931322984,-0.197741225022099,2.08951503267298,1.81311643846499,-0.00305850049047995,0.0300297279527904,-0.109991305862509,2.2862628778686,-1.203727136359,1.0825357415096,2.38999999999999,2.38000000000005
2023-09-01,2023,9,0.475232432016014,0.488557506783991,0.000287404890461699,0.8869886861903,0.00108876625410104,-0.364934781832098,2.17389240184605,2.21754578563798,1.03994865846201,0.0377271739402012,4.0962123379868,-0.467907154588005,-0.278622682837302,3.28589739503201,2.22060205778803,-0.0115702524060199,0.00592787641851,-0.127854060256301,1.1915059562725,-1.1089487210359,0.0825572352365995,2.56,2.56
2023-10-01,2023,10,0.319975159162027,0.553962656812018,0.00025624641329205,0.679392606529099,-0.020915184528024,0.367459229043,2.48424488608396,1.82486521108802,-0.545027922119004,-0.236709292949502,6.05391678199521,-0.587555630363994,-0.297464770954001,2.81448698343797,1.82712681034201,-0.0203523230723399,-0.0166237578369199,-0.0766157997827008,-0.0182277697594984,-0.327980498100001,-0.346208267859499,2.69999999999999,2.70999999999998
2023-11-01,2023,11,0.581218588040997,0.719429185887009,0.000340416984394189,1.145399608584,-0.00201089335347704,1.0904910006903,3.990035018296,2.79240868070599,-1.27509794478698,-0.444940980000201,12.4357971379941,-0.796773279983,-0.510768915777803,4.03336857896596,2.79031584459699,-0.0231049535125001,-0.0254287912093103,-0.1251346443507,-0.544152600581597,-0.0454263967789004,-0.589578997360601,2.56,2.56
2023-12-01,2023,12,0.516285515324,0.812672177892978,0.000308395385304999,1.0008623015558,-0.0116323454224431,1.97914038759569,3.74086033982002,2.61401405187002,-1.893736760189,-0.00465281169710252,2.99315580599068,-0.512028153260985,0.0571450586375022,3.56479047378303,2.62059182198499,-0.00897802827154059,-0.0251304154441501,-0.0394083270774992,-1.3199107365934,0.182647636152002,-1.1372631004414,2.58999999999997,2.57999999999998
2024-01-01,2024,1,0.389498986429032,0.996000470062995,0.000301178163039388,0.927950422804599,-0.00475472924168396,3.1541627525035,3.81944796462301,2.32021205934296,-3.30023405651198,-0.108724299105802,9.21761548098584,-0.516190288155997,0.272757041886202,3.15071366626302,2.32725709260598,-0.00170877089005028,-0.0372028720301398,0.054353095660101,-2.402562427364,0.675779331623001,-1.726783095741,2.83999999999997,2.83000000000004
2024-02-01,2024,2,0.415997934738982,0.949333985599992,0.000304453502439661,0.9859917331029,-0.00757042149717302,1.5459427125797,3.74102537329503,2.18339096758797,-2.85147884897302,-0.367050341380402,11.2846098959999,-0.627402571300991,-0.205041418131202,3.46488869033595,2.17877333335002,-0.00558811424312999,-0.0364218576527202,-0.0472083742916993,-2.06206735442279,0.271519048721203,-1.7905483057016,3.15000000000003,3.14999999999998
2024-03-01,2024,3,0.17083767098103,0.846811464335985,0.000275405421785989,1.147205227709,0.010875235552476,2.9293068877302,3.221308116655,1.032357371616,-2.86896966026799,-0.350990639674603,14.0881415490003,-0.696789114436996,-0.1877846266744,2.60955178265601,1.02626751545796,-0.00580621174956963,-0.0344070039861197,-0.0421635268318994,-2.00897453283081,0.605666477840902,-1.4033080549898,3.43000000000001,3.43000000000001
2024-04-01,2024,4,0.295923985874026,0.982585666615989,0.0003080157151755,0.8609802985554,0.00615072929097404,1.9474566298482,3.45044590927398,1.51287552071,-3.260830674956,-0.5233525711275,4.83278545200301,-0.782479771151003,-0.303799807711798,2.96543846927904,1.51397450862999,-0.0181180658590501,-0.05085931282628,-0.0536232794952003,-2.2587981403893,0.486106427914901,-1.7726917124744,3.38999999999999,3.38999999999999
2024-05-01,2024,5,0.18513373414396,0.538406662018986,0.0001286594636867,0.300852115768901,-0.00145249638440104,0.352290643240103,1.52203856779704,0.993883391497036,-1.81529738205901,0.0613137492420002,-0.730315990003874,-0.297271060347015,0.144772009722196,1.24453191725502,0.995207065294039,-0.00983122426347993,-0.02901068722448,0.0440182581557007,-1.4345680612318,0.278830324339001,-1.1557377368928,3.37,3.36000000000001
2024-06-01,2024,6,0.076730839494985,0.466550291820965,5.52249720596996e-05,0.259249552085301,0.0107708854088729,1.1782261714087,1.54203620360403,0.636647881724969,-2.286924562975,-0.2605785227212,3.46158913499676,-0.343977284080978,-0.0201775216767999,0.863480410581985,0.637791818646008,-0.0186183865031699,-0.0412894007583602,0.0145838252623403,-1.7025462778496,0.679699729943099,-1.0228465479065,3.64000000000004,3.65000000000003
2024-07-01,2024,7,-0.118466823510005,0.189523841898051,-2.36839490406014e-05,-0.0598343567891,-0.00237617321176198,0.671717920982303,-0.479827517285003,-0.531134886697032,-1.27752946775598,-0.2281676931938,-5.29728466900997,-0.00422139999901106,-0.0979164868204982,-0.586164079294974,-0.530341788713997,-0.0110534665103499,-0.0290416577473702,0.0182897042958601,-1.14305686138371,0.107129659992999,-1.0359272013906,3.68000000000001,3.68000000000001
2024-08-01,2024,8,-0.00447103397397086,0.165263644072979,-1.29695698924005e-05,0.177524613627099,0.010618600632723,0.189510897161,0.0063830653789978,-0.39162385422901,-0.920592656361009,-0.1190137714729,-5.6074419850047,-0.0426441507230209,-0.0608794008132989,0.0104400498000246,-0.392071276785998,-0.00710338494041984,-0.0188820089506603,0.0290000391804703,-0.819814134978401,-0.00450440697800047,-0.824318541956398,3.49000000000001,3.5
2024-09-01,2024,9,-0.214713906433985,0.0726299108079616,-4.00444058006998e-05,-0.0299481404386981,-8.22153362980416e-05,0.463448075206898,-0.175559683803044,-0.901723426367028,-1.11246192300101,-0.0777580508744009,2.99560365300567,0.0545628677670038,0.143633434880801,-0.611701636627004,-0.898019600044051,-0.00365964288643994,-0.0172704545522597,0.0762853446510015,-0.945633305012798,0.439845779146999,-0.505787525865799,3.40999999999997,3.40999999999997
2024-10-01,2024,10,-0.0404071068829808,-0.0592720828129814,-4.21194917336991e-05,0.00943749752520162,0.012474350657088,0.2844532679688,-0.352106792317954,-0.317540236359036,0.205280275268024,0.169802472123802,2.4474850550032,0.131786846069986,0.114701614503396,-0.313598010867963,-0.319360052607976,-0.00451085988001987,-0.00456810233528016,0.00346756013160032,0.0183925715775999,-0.0403285976989025,-0.0219360261212991,3.5,3.5
2024-11-01,2024,11,-0.160974585113991,-0.178785897422017,-8.62776707147e-05,-0.368751075552801,0.008733754529199,-0.448851306250603,-0.878834869871014,-0.893423463225986,-0.198062134991005,0.357868468737603,-5.99939151899889,0.376504476613007,0.2661892448372,-1.24849980458799,-0.894916834871026,-0.00501832055460039,-0.01413807378625,-0.000779259301300073,-0.666245835504398,0.3681715630719,-0.298074272432501,3.66000000000003,3.65000000000003
2024-12-01,2024,12,-0.0953094044480167,-0.127006442570007,-0.000126522432132859,-0.252992292614103,0.00605784704329404,-0.563907820419693,-1.17785792645498,-0.848045746537025,0.69669990655899,0.290609848265401,-0.218205768993357,0.162996731197012,0.375580967330102,-1.22201338845002,-0.852559100452993,-0.00788623735786942,-6.38987169097049e-05,0.0965503362959996,0.618674294426697,0.0396421080791001,0.658316402505697,3.70999999999998,3.72000000000003
2025-01-01,2025,1,0.0625079476930068,-0.433338644692981,-0.000173286702561328,-0.496798038598399,0.000741252935813952,-2.58652139899559,-1.62329535618102,-0.143991117972973,2.76277825638999,0.224841574524099,-13.1887042549934,0.156327438586004,0.0283939454285971,-1.07602470697003,-0.149586868529013,-0.0187360489926496,0.0180280093094098,0.0386661507483002,2.4100031887085,-0.552866399767002,1.8571367889415,3.83000000000004,3.83999999999997
2025-02-01,2025,2,-0.163073606351986,-0.397662431369042,-0.000181967599867302,-0.563808682600499,0.00668049315291896,-1.4552699717263,-1.60721290396299,-0.93408229365798,0.644735725518018,0.261062648928302,-8.89710859800107,0.192023606630983,0.367217577342402,-1.82884008866597,-0.935496523504014,-0.0188483678346296,-0.00920485204210975,0.1205841083372,0.558867047301099,0.220212954856898,0.779080002158,3.64999999999998,3.65000000000003
2025-03-01,2025,3,-0.0131253312000013,-0.365561919998981,-0.0001381494787635,-0.493253528013199,0.006228148646932,-1.5752582300942,-1.53965732008095,-0.241293483469008,1.293658477929,0.00591663681430177,-9.38149089299259,0.239332064494988,-0.148365731205196,-1.061025608021,-0.222426574790973,-0.00565767498594028,0.00682207760339981,-0.0973921305612002,0.900044045414504,-0.459764803381901,0.440279242032599,3.16999999999996,3.18000000000001
2025-04-01,2025,4,-0.0237070088219866,-0.441642138101997,-0.000170404261917301,-0.396053782587302,0.00217235594612497,-0.545515452809298,-0.787081596937014,-0.194811124189982,-0.209863950709007,-0.178622747351302,-13.7817508699954,0.219255917840002,-0.262753166203105,-1.12735953494001,-0.183610324246956,0.00766264016887996,0.00164435116135975,-0.1739271888018,-0.513250287400801,0.351478737946,-0.161771549454802,3.05000000000001,3.06
2025-05-01,2025,5,-0.0664090488400007,-0.33937301212103,-0.0001127015048268,-0.299380982652998,0.01437797821428,-0.6360949420541,-0.660153002285028,-0.403890321600045,-0.0535622354049963,-0.4777703571086,-7.7510341659945,0.12453962420301,-0.472455433777995,-0.918743131376004,-0.398238075807001,0.00745239407260989,0.00453361994015022,-0.145027175639301,-0.172786936277404,0.264242374883999,0.0914554386065998,2.95999999999998,2.97000000000003
2025-06-01,2025,6,-0.152239477858018,-0.217588845904004,-0.000138868273971899,-0.414998417209002,-0.012553458972669,-1.1590057887969,-2.02165420574102,-1.08376201813496,1.57422402644701,-0.074244655184998,-11.8239198879892,0.21746951742,-0.472405114968797,-1.68830496386198,-1.08029061178502,-0.0039607600325402,0.0145015841849503,-0.0976186939352903,0.958594049243203,-0.3298778355291,0.6287162137141,2.63999999999999,2.63
2025-07-01,2025,7,-0.227485167091004,-0.478978130146004,-0.000176723386986599,-0.5565973970145,-0.032220675143532,-1.3873996783948,-2.03452267583299,-0.810866003329011,2.226681416823,-0.0407176550954986,1.46217272301146,0.263534257982002,-0.347457134864502,-2.18727957575601,-0.808368110705999,0.00126294617296985,0.0333195458646802,-0.13403818103804,1.656407679072,0.155254792546,1.811662471618,2.62,2.62
2025-08-01,2025,8,-0.227552653231044,-0.381842489996018,-0.000262920273201701,-0.838660634720597,-0.043178928169142,-0.326178449577398,-2.20630824083503,-0.772136095295025,1.89557093685701,0.116837417439999,-4.19381024599716,0.400471001846,-0.1020741236687,-2.80797637168905,-0.77571965507201,0.00272365276485997,0.0289152783001301,-0.13878431422139,1.2761883939024,0.598084571076999,1.8742729649794,2.77000000000004,2.75999999999999
2025-09-01,2025,9,-0.0782798181580233,-0.409091247335994,-0.0002366304395637,-0.9085966361272,-0.0309615809847149,-0.528875655056702,-2.66947943147596,-0.19349343246796,2.653623016019,0.137651474048599,-8.91458699699433,0.434937251844985,-0.219105613529901,-2.425104187648,-0.195754269275994,0.00706354837547973,0.0398217399646699,-0.1437490556405,1.8619286765955,-0.246636080635998,1.6152925959595,2.56,2.56
2025-10-01,2025,10,-0.10428601631105,-0.237293206968047,-0.00024660704629814,-0.781379051528003,-0.015979716183334,-0.999910467127798,-2.35897796503605,-0.321635146578956,2.55863067540699,-0.282627849734801,-6.59798389500065,0.260356248445021,-0.584809299454101,-2.37879634298599,-0.313290768171044,-0.00876168064142036,0.0298218665331,-0.1945989500861,1.9960929772427,0.0281627563578013,2.0242557336005,2.38000000000005,2.37
2025-11-01,2025,11,-0.0140371919720224,-0.382111917960003,-0.00029420584530976,-0.8716431023274,-0.0407994622615059,-0.660836325586899,-2.97512426717299,0.0945228041489941,3.67196435837499,-0.307451235890603,-1.7906481569953,0.250220225687997,-0.7755567790499,-2.13588995811097,0.116912985789043,-0.0165654485272997,0.0373975131497102,-0.1495817614251,2.9536385895277,-0.816844127422002,2.1367944621057,2.41000000000003,2.41999999999996
2025-12-01,2025,12,-0.240960802505015,-0.538336185727985,-0.000242155865367331,-0.9860494397964,-0.039838004393153,0.818044489767495,-2.42116058204601,-0.249557076421013,2.98686308797201,-0.173635886502101,-3.00219233600365,0.368294426179972,-0.546791834310604,-2.54281167730602,-0.230263929562,-0.0120991088920901,0.0323304100468298,-0.1471108430271,2.24541271398351,0.140944242119001,2.3863569561026,2.14000000000004,2.13999999999999
