"date","year","month","T2m","T500","SPFH2m","PWAT","APCP","TCDC","DLWRF","ULWRF","DSWRF","USWRF","PRMSL","CSDSF","CSUSF","CSDLF","CSULF","CDUVB","DUVB","ALBDO","CRE_SW","CRE_LW","CRE_net","co2_avg","co2_trend"
1979-01-01,1979,1,NA,NA,NA,NA,NA,NA,NA,NA,NA,NA,NA,NA,NA,NA,NA,NA,NA,NA,NA,NA,NA,NA,NA
1979-02-01,1979,2,-0.0380674695219909,0.164002495823979,0.000125644622619209,0.0595703835354016,-0.00365085835156498,0.2104579000219,0.966220781295021,0.350351400526961,-2.112214522594,-1.3841912814566,11.0136196890089,-2.601573213297,-1.249912989004,0.505150419160998,0.34449449562203,-0.0470811289522608,-0.0358804895162601,0.7348149374904,0.623636983155599,0.455213457229,1.0788504403846,0.730000000000018,0.339999999999975
1979-03-01,1979,3,0.897833795742031,0.0495444069110249,7.85750477374399e-05,0.3722104077473,-0.00268404230193497,0.345683991705798,3.74480889446301,4.01037550301402,-2.30324491485501,-0.4680473765928,-3.99584717600374,-3.846185572953,0.2383994356165,3.21775356955499,4.021187464511,-0.0890362144476393,-0.0594546356080397,0.473156904060701,2.2493874703073,0.537867286405003,2.7872547567124,0.589999999999975,0.25
1979-04-01,1979,4,0.913075549430005,0.277521129182958,9.30645109492902e-05,0.0156462933749992,-0.0043737712175711,-0.481126729515701,2.60185586843096,4.07439350636201,-1.06355681054498,1.3439504031989,-10.5574579410022,-3.86303952066299,1.613066096899,2.829027920307,4.085195280096,-0.0997088094183103,-0.0577929731134801,-0.388945248847701,3.0685984038181,-0.216370278142001,2.852228125676,0.439999999999998,0.210000000000036
1979-05-01,1979,5,1.08269170954196,0.689431183903025,0.000248630977018851,0.900626632917,0.021715613961362,0.378613834406899,5.59915921881304,4.89693671523497,-4.494916352199,-0.881562358755197,-10.5002933710057,-4.16791776665201,-0.884026370814098,5.30124359583601,4.91960959096798,-0.0746970560979401,-0.0852575199113401,-1.5283357005202,-0.329462597605904,0.320588498709999,-0.00887409889589819,-0.0600000000000023,-0.0100000000000477
1979-06-01,1979,6,0.841433307203999,0.82361773481199,0.00021118750356657,1.0487446571846,0.011809018336525,0.0248446038311059,4.64349589407897,4.23483883160503,-4.64664335164102,-2.5045794455703,0.260969888011459,-3.27939883655498,-2.6120428210129,4.84993515122602,4.23291698758999,-0.03778495785172,-0.0603111787411401,-1.23228743577337,-1.4747078905286,-0.208361101162097,-1.6830689916907,-0.870000000000005,-0.089999999999975
1979-07-01,1979,7,0.220969761171034,0.456537607183975,0.000124763973780799,0.557526273836501,0.00192945699410796,-0.1202110319214,2.13313498617202,1.35232640985799,-2.329365567091,-2.3553092509409,-2.02595020200533,-1.480879460431,-2.7583687355265,2.223772533302,1.34711194337399,-0.00384524339650971,-0.0205975775981897,-0.325809059451871,-1.2515455912456,-0.0958520136139001,-1.3473976048596,-1.81999999999999,-0.20999999999998
1979-08-01,1979,8,-0.0364097048590111,-0.32595001403098,9.37842033900058e-06,-0.285289327965199,-0.012318706533772,-0.162116079476803,-0.222161977852011,-0.0337934064260139,0.707831999498012,-1.4905182525179,5.79526893800357,1.750781385382,-1.7156530424498,-0.77197700625004,-0.0375080603799915,0.0243005667743597,0.0175961269857297,0.49346119284302,-1.2680841758159,0.546100374443999,-0.721983801371799,-1.19999999999999,0.25
1979-09-01,1979,9,-0.60077355740799,-0.673211380503972,-0.00029973522358275,-0.923727966296003,-0.00632305869875194,-0.574506062364698,-4.17760501752298,-3.245161416717,4.207751606838,0.9183945514906,3.22287946299184,4.519717801502,0.744796398894302,-4.01616745016997,-3.24213896628697,0.0507180413111303,0.0555485541755902,0.99513355125662,-0.485564347260294,-0.158415116922999,-0.6439794641833,0.649999999999977,0.75
1979-10-01,1979,10,-1.03783721185903,-0.61324778532105,-0.000317731894107611,-1.0321631913701,-0.020433272267959,0.897002845339301,-5.26161436191404,-5.11277511963698,4.86366095954301,3.3356129068474,-5.11627355999372,5.913615888545,3.5643272740703,-5.63664371031098,-5.11261108311999,0.0985076510476799,0.08586292379437,0.7391637000164,-0.821240561779106,0.375193384913999,-0.4460471768651,1.34000000000003,0.299999999999955
1979-11-01,1979,11,-1.19106448078401,-0.661344019257967,-0.00024277866772025,-0.548417260259999,0.015102168655949,-0.433474043622503,-5.721702187566,-5.80460295916203,5.25763324727097,4.2353997156298,10.3990509089926,5.30400335292998,4.2575155872554,-5.38904562574703,-5.81165089849003,0.10312345527844,0.09584792085036,0.214785533356801,-0.0242542340333998,-0.339704501147001,-0.3639587351804,1,-0.0299999999999727
1979-12-01,1979,12,-0.463150044767985,-0.158855329540984,-5.34750052025388e-05,-0.1691863543255,-0.019966577460094,0.306084954327801,-2.01576967575699,-2.32556639662602,2.51633544811401,0.0841640751270987,-7.09728888698737,2.58384922130304,-0.211363664207994,-1.56577077162501,-2.346779609365,0.0614349448361597,0.0555694581517399,-0.652864143032701,-0.363041512524099,-0.471212116870998,-0.8342536293951,0.529999999999973,-0.0199999999999818
1980-01-01,1980,1,-0.393320490709016,0.0729009834719818,2.45200595129485e-05,0.0374733285859001,0.018815188040007,0.0186263563588014,-1.40786354103898,-1.53064475675598,-0.777128751850995,-1.1543599867507,9.89226986099675,-0.562979196806026,-1.3888867262117,-0.823402794238007,-1.55059620285198,0.0114446868034204,0.00481783820924031,0.272824540053001,-0.448676294506001,-0.604412192896902,-1.053088487403,0.680000000000007,0.279999999999973
1980-02-01,1980,2,0.32061331598004,0.363842293684002,0.0001315312923202,0.2943285335413,-0.00881722493691506,-0.284396855855306,1.90778169800495,1.57806808830298,-2.703504331077,-1.5502625188864,3.10155846198904,-2.746946642578,-1.2441149995258,1.70680123874303,1.571269589292,-0.04309726883863,-0.0419618991115103,0.760738402283199,0.349589830861603,0.194181960250901,0.543771791112597,0.689999999999998,0.29000000000002
1980-03-01,1980,3,0.622835033252954,-0.127895361008996,0.00012270385959566,0.273499153061501,0.00498081151631102,-0.173861720805697,2.747549542245,3.06211086961201,-1.269044883384,-0.2784595380833,2.16088161000516,-4.20297218780502,-0.0158378881572006,2.37829442082898,3.04796935458,-0.0822782263729804,-0.0371564597676999,0.294353191791101,3.1965489543471,0.355113606383998,3.5516625607311,0.340000000000032,0
1980-04-01,1980,4,1.00266399479602,0.393865385740014,0.00015202065151192,0.649750246377799,-0.00104319593628199,0.591264148660201,4.15041597629499,4.68558052605499,-2.40483529475699,0.854565413143298,-4.24517044400272,-4.118718612984,1.352879189002,4.18155666092201,4.744267918557,-0.0986696786835197,-0.0720786788255499,-0.462274403892401,2.2121970940857,0.0275467078750005,2.2397438019607,0.399999999999977,0.169999999999959
1980-05-01,1980,5,1.09756222690299,0.695549793829002,0.00020261561640952,0.643954999475501,0.0130239607942381,0.0108015282078,5.28242728211603,5.087516088933,-3.647766551703,-0.217280192002299,-17.9949691609945,-3.98684418189498,-0.062747090042798,4.90635763032003,5.12550312850198,-0.0762530945451698,-0.0721510322486303,-1.2296754337672,0.493610732151502,0.414056691365001,0.9076674235165,0.439999999999998,0.490000000000009
1980-06-01,1980,6,0.57904505324899,0.746302760955984,0.0001080270559712,0.499251202240799,0.014545647509997,-0.160473300160803,3.25462540885002,2.98839357157698,-4.45426801878102,-2.377919739802,2.89922488199954,-3.00567759812802,-2.5128013782506,3.10678976953699,2.979050666327,-0.0445934389757903,-0.0698469010700897,-1.14756208156826,-1.5834720591016,0.138492734063,-1.4449793250386,-0.449999999999989,0.340000000000032
1980-07-01,1980,7,0.357570194282005,0.405823000271994,0.0001592227672511,0.6341818791599,0.000261945911232964,0.451739551915203,2.88394768823599,1.71541306417402,-3.802917301127,-2.3563440398176,-15.743431106006,-1.484675444743,-2.4147365547948,2.62327297862197,1.70763144100698,-0.00361653649230975,-0.03901433523537,-0.213844048468111,-2.3766343713612,0.252893086446999,-2.1237412849142,-1.55000000000001,0.0499999999999545
1980-08-01,1980,8,-0.18271132627001,-0.180800619824993,-3.8189660844009e-06,-0.261804658401001,-0.00208763737113404,-0.0254264148556018,-1.02369892065303,-0.967006622286988,0.874613213453017,-1.3465484343863,12.187603052007,1.745740958759,-1.897490963816,-1.052333124011,-0.974614786700954,0.0228313638220796,0.0136521965013396,0.510012857703531,-1.4220702747357,0.0210260389440009,-1.4010442357917,-1.21999999999997,0.220000000000027
1980-09-01,1980,9,-0.708284946123968,-0.669368107134005,-0.00032737833703002,-1.2185668499325,-0.01333387388999,-1.710771645186,-5.30672162017601,-3.60799458398003,6.431104585794,1.1413317115196,1.70272933600063,4.77693112664102,0.819158819560702,-4.843451230992,-3.598807655016,0.0583584419900802,0.0897477605396801,1.04093293971324,1.3320005671941,-0.454083460220001,0.877917106974198,-0.170000000000016,-0.0600000000000023
1980-10-01,1980,10,-1.12514189206701,-1.02127561297698,-0.000344078597619429,-0.877336464319598,-0.00755434367470398,1.1214932189714,-5.25779074046096,-5.55652058093796,3.879682944428,3.5228629078685,7.06542244399316,5.87972944947799,3.8874182328646,-6.00302740367999,-5.55712429083303,0.10042163406566,0.0764553340876399,0.703560992478099,-1.6354911800539,0.744632953324,-0.89085822673,0.769999999999982,-0.269999999999982
1980-11-01,1980,11,-1.05261454647899,-0.480402232504048,-0.00022650806602127,-0.735266916121603,-0.005367594378619,-0.00811063900459885,-5.68209246953001,-5.03476829965302,6.05995735634599,3.967652589711,-1.66862565599149,5.20518129049401,3.8774342898654,-4.72564754316301,-5.06252811718701,0.10562365650829,0.10793147212773,0.0768667540485009,0.764557766006398,-0.984204743901,-0.219646977894598,1.11000000000001,0.089999999999975
1980-12-01,1980,12,-0.683282785084998,-0.242657828233973,-7.22305184297396e-05,-0.172324469920099,-0.00904122024472398,-0.175436303188,-2.99449178357798,-3.18262049003101,2.66377108410001,0.3174866700449,1.88516760799394,2.72501607745102,-0.0499384971280961,-2.54447264359698,-3.21461766985794,0.0584289363049102,0.0538101899250103,-0.5491052359588,-0.428670160524,-0.482016319807901,-0.910686480331901,0.70999999999998,0.139999999999986
1981-01-01,1981,1,0.108034370810969,0.245868960842984,7.48691147919502e-05,0.205604444595402,0.022003000582824,0.125229865584096,0.773506142580004,0.386086838159997,-1.703630755696,-1.8816022133688,3.90671557199676,-0.811312857154036,-2.0017788041137,0.883487920352025,0.381643917214944,0.00103017480345002,-0.0151180952426202,0.0755024807776987,-1.0124944892869,-0.114424698717098,-1.126919188004,0.54000000000002,0.150000000000034
1981-02-01,1981,2,0.104179061520028,0.248316843970031,0.00017428279064741,0.5770723766712,0.00397013783234501,0.816736947753498,2.09063849839396,0.551783363241043,-4.01387713185201,-1.9357544900654,7.4679106859985,-3.05838055929999,-1.5397512172512,1.47262502021795,0.563249444831001,-0.0441937914505797,-0.0524842255595002,0.654791203904601,-0.559493299737795,0.629479559766001,0.0699862600281982,0.569999999999993,0.159999999999968
1981-03-01,1981,3,0.730858018101003,-0.0312194030470323,0.00015622357649599,0.257894261628799,-0.017679793297123,-0.818113658974198,2.62585769664503,3.671740650044,-0.391829238832997,-0.308883870778402,-10.5291258090001,-4.118790065475,-0.0314081072752046,3.12309521773602,3.68752644846103,-0.0922913521247302,-0.0371422705473399,0.4698506162974,4.0044365901452,-0.481451722674002,3.5229848674712,0.629999999999995,0.310000000000002
1981-04-01,1981,4,0.821952083751,0.151910000148007,8.984138081467e-05,0.204253785566301,-0.00280452030211309,-0.297463704944299,3.01765380682298,3.97080548366898,-1.511353346097,1.0578959850265,12.0760278750095,-3.95083282126501,1.3224144394712,2.90422170398199,4.00916968882501,-0.0983228580006701,-0.06100253565462,-0.4874009450792,2.7039979296127,0.151796307997,2.8557942376097,0.300000000000011,0.0600000000000023
1981-05-01,1981,5,0.922798476424987,0.760461692156014,0.000126142340317449,0.560548830333399,0.016956904930178,0.0591857718326025,4.31794232168698,4.36170324390099,-3.277608838113,-0.0533551205381997,-17.0960770329984,-3.836087306926,0.104392331433601,4.028517012809,4.38225623325997,-0.0689052731708202,-0.0654092187936302,-1.1851018519554,0.716225920784794,0.309978298237002,1.0262042190218,-0.25,-0.199999999999989
1981-06-01,1981,6,0.770725558614004,0.565508767805966,0.00017185378187869,0.556774485376899,0.008726813823834,-0.0060796332922024,3.93373439541705,3.93035867174598,-4.05681379260702,-2.4200266375903,-16.1136077330011,-3.05976230056498,-2.4985609989653,3.84308939568103,3.92388880006303,-0.0394101710505401,-0.05679109260825,-1.17500209416818,-1.075585853417,0.0841751280529976,-0.991410725364,-0.800000000000011,-0.0199999999999818
1981-07-01,1981,7,0.18689010624098,0.669301137293019,0.0002026951083686,0.902526482124202,0.016722260124283,0.886687477978597,2.79804314379595,0.87561925171002,-4.429638278353,-2.100364591888,-2.54846718000772,-1.59540811537701,-2.1422234207007,2.687791064436,0.869445442605013,-0.00287475166219986,-0.0473093125775397,-0.13816086809587,-2.8760889917887,0.104078270255002,-2.7720107215337,-1.39999999999998,0.20999999999998
1981-08-01,1981,8,-0.0390262527849927,-0.186169903461973,-7.60265336860987e-05,-0.690820230839602,-0.009379885597811,-1.377071285491,-1.92191257804598,-0.228816244281973,3.15285040404302,-1.2310006345385,-1.23526689299615,2.078642451332,-1.8745283411995,-1.30790969688701,-0.233713475278989,0.02474505622446,0.0425691047146199,0.495374346820299,0.430680246049995,-0.618900112156002,-0.188219866106,-1.15000000000003,0.300000000000011
1981-09-01,1981,9,-0.71685613388297,-0.820276704951027,-0.000247889191712021,-0.881686406021,-0.00780084429818895,-0.904781513171599,-4.845329527557,-3.74509072731701,5.68415966488499,1.1202376534534,4.58330260400544,4.61095684216301,0.861787163455102,-4.49797400240101,-3.75338710101403,0.0539164394544702,0.07737439572246,1.00768072798755,0.8147523327237,-0.355651898852997,0.459100433870699,-0.109999999999957,-0.00999999999999091
1981-10-01,1981,10,-1.17219827462202,-0.867819590736019,-0.00039629911360046,-1.1261633670902,-0.00784202224132002,0.834139327969801,-5.77234444436601,-5.75126765738599,4.03662826733401,3.7103981330581,13.6065318679903,6.03418200821301,4.0155453942737,-6.45722690698,-5.756035212109,0.0953658498938399,0.06911875669029,0.781871480254601,-1.6924064796634,0.680114907890999,-1.0122915717725,1.09999999999997,0.0600000000000023
1981-11-01,1981,11,-1.20451491532503,-0.497266234567974,-0.00026317279871234,-0.603692993083101,-0.00492473702472096,1.4385697564338,-4.65375573153199,-6.05956836570203,1.373117219298,3.6525418696116,7.22155003000807,5.20594264388899,4.0886150183117,-5.31091172450999,-6.07471580038703,0.10762892128576,0.0490625957900801,0.1411263550032,-3.3967522758909,0.642008558293,-2.7547437175978,1.10000000000002,0.0799999999999841
1981-12-01,1981,12,-0.491732126916986,-0.116001106612998,-5.61352458831807e-05,0.0722062918736022,-0.00396058522635401,0.0557112646316966,-2.283056245377,-2.19187581478201,2.27230320511899,0.520080868582198,-6.19093888399948,2.56228262922102,0.126558072326496,-1.54864470793802,-2.19603102193298,0.0669497338582499,0.0570710385508399,-0.442342168317801,-0.683502220357703,-0.738566744590003,-1.4220689649477,0.569999999999993,0.00999999999999091
1982-01-01,1982,1,-0.596976106324007,-0.137287341911019,2.2128989825114e-07,-0.201545360153002,0.00482700063907293,-0.399399490089294,-1.86780941770701,-1.99518717191796,0.396081885257018,-1.7315710783257,11.0096090159932,-0.618963954463993,-1.85448086687489,-1.466229221552,-2.00413305535602,0.0110517233246901,0.0213779083713499,0.2269268098173,0.892136051171796,-0.410526079592998,0.481609971578802,0.620000000000005,0.230000000000018
1982-02-01,1982,2,0.31269948108104,0.179482444363998,0.000164024317827329,0.556752929351802,-0.000575032216271976,1.1567502815596,2.54370986527402,1.14749222198498,-2.63091783813201,-1.4010617872453,7.80982565600425,-2.98209270933103,-1.1928290512122,1.96391552630399,1.14499950621405,-0.0558107888881398,-0.04554799497771,0.7623229787313,0.559407607232103,0.577301623199098,1.1367092304312,0.589999999999975,0.170000000000016
1982-03-01,1982,3,0.483594160130963,0.0574988335729927,0.00013089246144864,0.271301908056799,-0.00138708181598102,0.0453077230448002,2.728190223301,2.604858607442,-3.275710678824,-0.3480706573297,4.94276928900217,-4.194736652719,0.186791480170697,2.18058875037804,2.60468772768098,-0.0945683597579898,-0.07549434244339,0.4306688127208,1.4538881113954,0.547430593161902,2.0013187045574,0.28000000000003,-0.07000000000005
1982-04-01,1982,4,1.10329929842004,0.337360709121015,8.36514258190906e-05,0.349404747188501,-0.00863479560112401,-0.439360533444301,3.94462932175799,5.19348046856203,-1.943357459456,0.311433585603002,-16.0566742230003,-5.218097664564,0.657490329512598,3.93678949407899,5.20816608737397,-0.12370389396851,-0.0721532739234299,-0.6561932390383,3.6207969490176,0.0225254464908993,3.6433223955085,0.289999999999964,0.07000000000005
1982-05-01,1982,5,1.07598040296597,0.624986676891012,0.00022443327426973,0.616537564855999,0.00652232050863499,-0.676295382898097,4.24344753171499,4.84051601075697,-2.93841051023702,0.100070724460501,-19.1122406930081,-5.17894327179499,-0.319840378952499,4.86464277326797,4.84905789145205,-0.10169213928779,-0.0751935686882699,-1.3315934596474,1.82062165814499,-0.612653360857898,1.207968297287,-0.149999999999977,-0.0900000000000318
1982-06-01,1982,6,0.739737664564018,0.742719414204998,0.00017405415940086,0.626542807469999,0.0243438502355421,0.166951796153498,4.49185605237,3.59851509342201,-4.77409569685199,-2.6894883331187,-23.4835685029975,-3.56870654711901,-2.6817943791993,3.87937622462999,3.60231337405298,-0.05562402554026,-0.07253278809995,-1.28180835837962,-1.19769519581359,0.616278108370999,-0.581417087442601,-0.879999999999995,-0.0999999999999659
1982-07-01,1982,7,0.334127269757005,0.269991465968985,0.000157925129359599,0.725336873978602,0.00484582306654102,-0.796664487530101,1.62258607520499,1.60273232935799,-2.08347831336201,-2.3029362934956,-4.45404658200277,-2.31302390043399,-2.8048235114473,2.55734495285901,1.60250358907797,-0.0214977019603504,-0.0263560006954404,-0.28394986122148,-0.272341630879701,-0.934987617933999,-1.2073292488137,-1.74000000000001,-0.110000000000014
1982-08-01,1982,8,-0.224833255402018,-0.0197260225209561,2.57725263379995e-05,0.0293584917915979,-0.00683081799172303,1.0645977226194,0.183777512601011,-1.06162123301198,-0.901789323906002,-1.5367649833395,14.7180481190007,1.49838515509899,-1.7566970373226,-0.679620668776977,-1.06564467291099,0.0261615580447803,-0.000650960988179961,0.46989829110213,-2.6201065329881,0.859374741478998,-1.7607317915092,-1.63999999999999,-0.210000000000036
1982-09-01,1982,9,-0.607360796221997,-0.883482167345051,-0.000317652795441659,-1.355061431246,-0.022389129404304,-0.9731713866409,-4.587496535019,-2.95089370932601,5.03500218381402,0.874197277772897,2.9092215730052,4.717278424244,0.7832672130404,-4.75421703585999,-2.94635982231296,0.06115365270669,0.0750535560377901,0.94795313661287,0.226793694837504,0.171254387853999,0.398048082691602,0.0500000000000114,0.140000000000043
1982-10-01,1982,10,-1.07739843857502,-0.961739478732966,-0.000381721151707311,-1.287709407756,0.00268049163871298,0.1496869617391,-6.65043088872198,-5.36199224025899,6.77637622519498,3.6675579902216,10.0783136099926,6.01580726614802,3.7984594027272,-6.31738798712604,-5.35741667155901,0.1041496084405,0.11255481519877,0.8850504445337,0.8914703715526,-0.328467332896,0.5630030386566,1.44999999999999,0.430000000000007
1982-11-01,1982,11,-1.13044659295196,-0.284051535634035,-0.000173444177679449,-0.258814660796002,0.000142610412424027,0.773619453150296,-4.64656488669101,-5.65513056036701,2.950190851191,3.7309716282522,5.74246396200033,5.11233748885599,3.8858986194002,-4.50788085983697,-5.66030178564404,0.10909955552925,0.07099027090156,0.0411332050562994,-2.007219646517,-0.143855252130997,-2.151074898648,1.33999999999997,0.299999999999955
1982-12-01,1982,12,-0.468123477936047,-0.0829347037779939,-7.71444615719295e-05,-0.1908796453307,0.00116108347095001,-0.287609305296598,-2.06242982395901,-1.97922277269703,3.33594227359401,0.460157278279802,-0.698764488988672,3.00348078200099,0.0840051410914029,-1.74722973959103,-1.98648456614598,0.0696982429639497,0.0703382966041701,-0.513021347144299,-0.0436906455954045,-0.322461877817002,-0.3661525234123,0.819999999999993,0.259999999999991
1983-01-01,1983,1,-0.193094740852985,0.359880361331022,8.4755475086129e-05,0.169946062585801,0.00657172893357205,0.155679337086504,-0.301820646655983,-0.637815062459993,-1.70948513023799,-1.3336931243847,6.20883866099757,-0.444307829773976,-1.435387217294,-0.100553683182,-0.650952488615019,0.0131579990596098,-0.0114222971393301,0.259699589627701,-1.36687139337329,-0.214404389628999,-1.5812757830024,0.600000000000023,0.180000000000007
1983-02-01,1983,2,0.26152545620198,-0.301104191316028,0.00018105936553532,0.549100677631401,-0.00664123074438405,-1.0415841247831,1.36471590048001,1.51002215718603,-0.499835613135019,-1.2935076496716,8.84583674499299,-2.727511797316,-1.2464504888292,2.264403562045,1.50230236984999,-0.0399218285732292,-0.00909078112057005,0.827319517156699,2.2747333450234,-0.907407448901001,1.3673258961224,0.370000000000005,0
1983-03-01,1983,3,0.60766705928404,0.566361748637007,0.000103018199927181,0.228469150619798,-0.017847692808539,0.468903324650697,3.44992133876997,2.75837234982902,-3.20498204648499,-0.307390625934801,15.5024458170083,-4.01396321745901,0.242532624687804,2.37513792591602,2.75697875632102,-0.0805791352295304,-0.0629410530881898,0.4637011320292,1.3589044215966,1.0733898193459,2.4322942409426,0.300000000000011,-0.00999999999999091
1983-04-01,1983,4,0.880006928366981,0.169796186255041,6.41617811860794e-05,0.159711007704601,0.012127564943289,0.466924604493002,3.389758294052,4.24672948221996,-2.20247980564901,0.450000682739702,-15.5244587390043,-3.85278581454401,0.901011236305095,3.11079105477097,4.25472469909101,-0.09657692761931,-0.0684351172049,-0.603531717528201,2.1013165624604,0.2869624561521,2.3882790186124,0.46999999999997,0.240000000000009
1983-05-01,1983,5,1.152060926834,0.763703506893989,0.000264649113448531,0.833782032567701,0.014485833458004,0.414603531428099,5.562867034639,5.09908120905902,-3.557232169587,-0.0395402014872026,-29.493735829994,-3.91830978975599,-0.156693809086498,5.23252817987805,5.11528910342901,-0.0747330271412898,-0.0700335705741399,-1.3380656796891,0.2439240125697,0.346546749131001,0.590470761700699,0.329999999999984,0.360000000000014
1983-06-01,1983,6,0.623745129458996,0.381793348853989,0.00014157222747541,0.610679534298299,0.00712110563871993,-0.4931337558276,3.19655112166299,3.40724917058799,-3.54110351727499,-2.4085253149953,2.29602542398789,-2.94236414299101,-2.4887673337455,3.456410303334,3.41484534553797,-0.0420041010068801,-0.0576135278844703,-1.20595205669932,-0.678981393034199,-0.252263006721101,-0.931244399755199,-0.339999999999975,0.409999999999968
1983-07-01,1983,7,0.196515808251036,0.694735178737972,0.0001831784349717,0.879990508546598,0.0096021845984281,0.853309745604498,3.16272371973105,1.11858039051299,-3.88862589005302,-2.4607315080277,3.58176435000496,-1.342656765063,-2.5560037915372,2.80584216267999,1.11707544692604,0.00248657587532986,-0.0347123025473097,-0.258660924080161,-2.6412414084995,0.355376613464099,-2.2858647950355,-1.36000000000001,0.189999999999998
1983-08-01,1983,8,0.00797836186796985,-0.0854053542449833,-2.92138263049968e-06,-0.129634753932997,-0.00891307515508,-0.803581433268796,-0.63074302298304,-0.238783445933962,2.08536166187201,-1.294765509727,-5.60764820300392,2.09510065420599,-1.6886494235756,-0.647067985919989,-0.246854623886009,0.0328036911465301,0.0382848618064999,0.50030425909334,-0.403622906182598,0.00825378498490181,-0.3953691211976,-1.51999999999998,-0.0499999999999545
1983-09-01,1983,9,-0.621251217711972,-0.920445263765998,-0.0003055306124463,-1.3556962246686,-0.00653295303855606,-1.3446114894091,-5.198256172838,-3.234630266897,5.604375359811,1.1415033481287,-5.98341824299132,5.12467835493402,0.953052467912599,-4.82017964727203,-3.22549391814204,0.06307820390301,0.0766514334154,1.05610379738624,0.291246124660894,-0.368940176811002,-0.0776940521501004,-0.0900000000000318,0.089999999999975
1983-10-01,1983,10,-1.287977456953,-0.844161518426006,-0.00041069335781403,-1.2673076456468,-0.017512228515809,0.418493751208501,-6.92783465265097,-6.43971245865703,5.07184132325901,3.5888017900222,18.1136149419908,6.36200947478,3.8521352272051,-7.21121431132798,-6.43800505155599,0.10241541359414,0.08533588414558,0.830387758761301,-1.0268347143381,0.2850870657781,-0.7417476485601,1.22000000000003,0.20999999999998
1983-11-01,1983,11,-1.04187230946604,-0.619976264385002,-0.0003020931505026,-0.727117466422602,0.00390121289072698,0.441669253541299,-4.80613894459299,-4.91109367801499,4.30467387122499,4.0077794084236,-0.36874648698722,5.523636910102,4.1529648660024,-4.65591365524403,-4.91654406208198,0.11452300102747,0.0890896489241597,0.150122395517799,-1.0737775812982,-0.155675673415999,-1.2294532547142,1.07999999999998,0.0400000000000205
1983-12-01,1983,12,-0.789165809542965,-0.374431525865987,-8.53294348832894e-05,-0.242621347105999,-0.00178185245804097,-0.372570489423403,-3.92537612413702,-3.66014907831703,3.76495953039799,0.865301323421299,7.42603823999525,3.00553419135301,0.528371792288397,-2.98388129907397,-3.66935699496702,0.0720046256338405,0.0753739791554202,-0.3195498649249,0.4224958079121,-0.950702741713002,-0.528206933800899,0.660000000000025,0.0699999999999932
1984-01-01,1984,1,-0.20942187361004,0.0163216103189825,4.81836329822606e-05,0.0393655684216014,-0.00844540920168901,0.152433630345705,-0.35765280922999,-0.917834389241989,-0.394248097325999,-1.5799791718756,18.3619919060002,-0.615675607374015,-1.8593011307722,-0.408918403331029,-0.927730861224006,0.00404559395532011,0.00729563032226999,0.0858557173456997,-0.0578944488486002,0.0413691221190007,-0.0165253267295995,0.829999999999984,0.400000000000034
1984-02-01,1984,2,0.107940716215012,0.265787317609011,0.00011953136641122,0.397254457878297,0.00928972061566002,0.362705369062596,1.46778279839998,1.03464083342402,-2.753082235166,-1.2839539557295,3.61591914200108,-2.70477066506899,-1.0484020846276,1.31529007555105,1.02993287315201,-0.0481323696573304,-0.0450406152170699,0.8018201079588,0.187240301004898,0.147784762577,0.335025063581799,0.5,0.159999999999968
1984-03-01,1984,3,0.866093709612016,0.180126405363012,0.000171810902870589,0.3767946135378,-0.00295384548632904,0.813701023038206,4.36777810456101,3.87972738048802,-3.02245056930798,-0.3842127597221,-13.8859815110045,-4.28848162633301,0.443717120961601,3.64094728891899,3.87265826208602,-0.0796300516858004,-0.0570659056105702,0.4863213556782,2.0939609377087,0.719761697239999,2.8137226349488,0.139999999999986,-0.21999999999997
1984-04-01,1984,4,0.866083988184982,0.18577506885299,0.000140624396965921,0.450945275234499,0.000128242652098098,-1.0117906338414,3.30542048811998,4.089891675221,-1.88974430284,0.526455549516399,-7.29195909800183,-4.06878183637599,0.684122856675302,3.36254578519197,4.10296125166502,-0.10880188619829,-0.07513149994376,-0.6955097129827,2.3367048406949,-0.0440557206279983,2.2926491200669,0.230000000000018,-0.0400000000000205
1984-05-01,1984,5,1.286380615246,0.827559381076014,0.00020628282271656,0.744365193299501,0.0144583834917049,-0.00570443727270487,5.44338864388601,5.71952211121999,-3.17359273648401,-0.808954820599801,-19.0445307549962,-4.039370647993,-0.920754572498602,5.64928823098603,5.73329470385499,-0.0769867623868299,-0.0666686082665899,-1.4643876369713,0.753978159610199,-0.192126994464999,0.5618511651452,0.139999999999986,0.21999999999997
1984-06-01,1984,6,0.412392402291005,0.625411063226011,0.00012626232261417,0.5312087055893,0.00730041662341607,-0.331687201200701,2.48678428024499,2.25040604783101,-4.45485361446501,-2.2576988974636,4.41515939499368,-2.92019480836902,-2.3242357263816,2.63566086246698,2.25319548768596,-0.0355048506234303,-0.0626369222977701,-1.13471964346294,-1.601195635014,-0.146087142367001,-1.7472827773811,-0.759999999999991,0.0200000000000387
1984-07-01,1984,7,0.270845661042017,0.338446261797969,0.0001668666183685,0.518534287224199,-0.00249698780818208,1.0298590070998,2.91261575470003,1.569780093313,-2.25730816444198,-2.3344427385368,-9.32831121499476,-1.32844691070599,-2.583723895751,2.258816689811,1.564769615415,-0.00152382800779982,-0.0138934995689399,-0.227284107882021,-1.1781424109502,0.648788586991,-0.529353823959099,-1.37,0.21999999999997
1984-08-01,1984,8,-0.0292239781250032,-0.150711638463974,-2.45551229355011e-05,-0.2288207630925,-0.00423455531241501,-1.3706248649576,-1.306773540949,-0.251102853695045,2.87668055233999,-0.9884823710848,9.38270073999593,2.01884137747399,-1.5284838695948,-0.663806335287006,-0.250633404832968,0.0274124555609903,0.0428253386334001,0.55697849823714,0.317837676356007,-0.642497756799898,-0.324660080443898,-0.990000000000009,0.490000000000009
1984-09-01,1984,9,-0.655051600468028,-1.11367553710801,-0.000324614259795519,-1.208298293056,-0.0179117119437909,-0.699554776742097,-4.898986937649,-3.18887358656997,5.30339383323499,0.917422543518398,4.2330942539993,4.78743386941201,0.9016084277253,-4.85195323511101,-3.18197947272,0.0562519430034398,0.07367964672417,0.98660787532582,0.500145848029895,-0.0401395886881026,0.4600062593418,-0.0799999999999841,0.0600000000000023
1984-10-01,1984,10,-1.06696022844,-0.348680607616018,-0.000293326382130921,-0.757424204785497,0.00786388827817497,1.6415344735704,-4.56329897592701,-5.644836672233,2.531753594371,3.6222985434941,10.5034033850097,5.941206948759,3.9587952147101,-5.37198110054595,-5.63630195633203,0.10544221391248,0.0554108827199098,0.807124061443401,-3.07295668317199,0.81721684052,-2.2557398426521,0.860000000000014,-0.199999999999989
1984-11-01,1984,11,-1.28352722197297,-0.675947781369985,-0.000268406367727259,-0.744402523047302,-0.005232875144631,-0.603954550400601,-6.63306083186399,-6.02030941852803,6.224046965952,4.3831542065681,1.98121868100134,5.376196405191,4.3176754008322,-5.63425852153301,-6.03213105364097,0.1131333018345,0.11643118685109,0.256361745917099,0.782371755025096,-1.010623945444,-0.2282521904188,1.17000000000002,0.089999999999975
1984-12-01,1984,12,-0.769015407122993,-0.104433618917994,-8.47359082683016e-05,-0.185765409529399,-0.00622910486918093,1.9454005136943,-1.79140224035802,-3.31661239736195,-0.504282293765982,-0.0559852505536007,14.1587073789997,2.665693424441,-0.0105539818454972,-2.7336808275,-3.33030966795303,0.0642083807113298,0.0200076890841898,-0.513490066660099,-3.1245444494989,0.9285813165509,-2.1959631329479,0.839999999999975,0.260000000000048
1985-01-01,1985,1,0.0836389727280107,0.00537707485199235,2.97783763040915e-05,0.0865458818760985,-0.00969568864141107,-1.2017361746998,-0.649129636780003,0.411054005690971,1.290545973338,-1.3772864962961,-12.312683066004,-0.931208913951991,-1.8266743498029,0.735852342225996,0.406558677591022,0.00237132685114982,0.0258085915871002,0.2482161534033,1.7723670337832,-1.3894773071059,0.382889726677199,0.350000000000023,-0.0600000000000023
1985-02-01,1985,2,-0.20887274492901,0.0347535236650174,9.10728511210688e-05,0.0725826870518027,0.000225462694843026,-0.477753454995401,0.0439443584859873,-0.660006575118985,-2.104958372396,-1.1338426722595,19.6330289239995,-2.499707477225,-1.0060394389317,-0.350740225296988,-0.665671708926027,-0.0533788536058299,-0.04199839035405,0.7617093656675,0.5225523381568,0.389019449975898,0.911571788132701,0.449999999999989,0.119999999999948
1985-03-01,1985,3,0.932698034589009,0.103452504472955,0.000226925773594251,0.8246683474961,0.007239484250737,1.0816812785174,5.14821414481202,4.29182930648699,-3.87421850036202,-0.2716650492608,-1.90426791200298,-4.497112498484,0.518962591186899,4.30391395257499,4.29605694495604,-0.0789657414271501,-0.0684346714444803,0.507195911727599,1.4135216385697,0.8485278307061,2.2620494692758,0.839999999999975,0.53000000000003
1985-04-01,1985,4,0.941242344069963,0.44456022492102,0.00010411088052069,0.392489368427999,-6.22118288630125e-05,-0.2451114064366,3.71682908087803,4.15034288946902,-2.306823154168,0.403558433493899,-15.4461059119931,-4.17995551775601,0.596998384451901,3.65852643083298,4.15489216716298,-0.10302490151216,-0.0725592936291299,-0.737518845541199,2.066572314546,0.0628519277390005,2.129424242285,0.300000000000011,0.0199999999999818
1985-05-01,1985,5,1.06314102343299,0.528215299745,0.000163242022961269,0.4504011637937,0.014891503539882,-0.190903713328602,4.29267638646797,5.21900988896999,-1.93587416760698,-0.425554115914998,-3.85591564601054,-3.89618098597398,-0.380023005003203,4.41621899986899,5.23168685534898,-0.0784973338065598,-0.0520985814705499,-1.3080154361655,2.0058379292788,-0.110865647021999,1.8949722822568,-0.160000000000025,-0.129999999999995
1985-06-01,1985,6,0.747158131542051,0.656933875303025,9.28775227160197e-05,0.306603406168801,-0.000174686597383955,-0.785632411726901,2.93095487821103,3.43985359568597,-3.92535835342599,-2.9826134945521,-27.4899374659872,-2.82088038560502,-3.1823344066421,3.21293683056803,3.44117824776703,-0.0458927072995801,-0.0669870291531498,-1.41970201421383,-1.304198879911,-0.280657300276001,-1.5848561801869,-0.519999999999982,0.270000000000039
1985-07-01,1985,7,0.181648553917967,0.371335874898989,0.00019012699985931,0.797621374751998,0.010293724719503,0.9995827674922,3.41888146084597,1.25317154888603,-2.98276669758101,-2.3157846404778,3.9644671749993,-1.63735367418698,-2.6143687865643,2.590506958726,1.25292320300701,-0.00637576886181002,-0.0251966880867602,-0.30610598115852,-1.6439971694805,0.828126156241002,-0.815871013239601,-1.33999999999997,0.279999999999973
1985-08-01,1985,8,0.0277250427429863,0.174974031985016,0.000103386940225901,0.1627524893951,0.00967330972949298,-0.210396308051401,0.127791870322028,-0.26014168428901,-0.323958608703009,-1.0009040248122,-0.303812054000446,1.65719673611301,-1.4087575208206,0.359096346108004,-0.261508911636042,0.02965840547105,0.00454683767598008,0.62247078388622,-2.3890088408244,-0.232671703133001,-2.6216805439574,-1.50999999999999,-0.00999999999999091
1985-09-01,1985,9,-0.754826855330975,-0.828856763352007,-0.000334628408944831,-1.1936542743119,-0.01766896393933,-0.584328704311503,-4.89432287950501,-3.67847039621603,4.280273911417,0.9196012696558,11.0167431519949,4.816557312481,1.0112177300705,-5.26967702680201,-3.67239339215297,0.0610266773179,0.06255311890212,1.02338738568233,-0.444666940649299,0.381431151360001,-0.0632357892893012,-0.0400000000000205,0.0799999999999841
1985-10-01,1985,10,-1.14199870986499,-1.00810106906602,-0.000360449038134359,-1.1364034645782,-0.0118586427587589,0.0938173114287011,-6.37004928884301,-5.57772580475898,5.48413723337802,3.7861334030386,3.75958306000393,6.041210933733,4.0312534615916,-6.26510402408496,-5.576456347381,0.10901141959571,0.10010963706537,0.8705063306307,-0.311953641801999,-0.10367580738,-0.415629449181999,1.26999999999998,0.20999999999998
1985-11-01,1985,11,-1.07870438129902,-0.474375340337986,-0.00024996081380824,-0.677787538732002,0.00298556898087499,0.3810666044077,-5.18347382204701,-5.15918894593,5.718756001949,4.3291804398335,4.02472534499248,5.431478390607,4.3691490079779,-4.801717167834,-5.16546965687201,0.11602433348749,0.11079490923539,0.2786485179568,0.327246179486394,-0.388037365155,-0.0607911856685988,1.15000000000003,0.0800000000000409
1985-12-01,1985,12,-0.608118131968979,-0.0691899628860142,-9.4876785664371e-05,-0.1942000415401,-0.00615077074721104,0.0323527837156021,-3.54198801951799,-2.947962912398,2.168645182197,0.542671742574299,-2.000675082003,2.64848868692201,0.191825866252699,-2.33197610682004,-2.951425633871,0.06202840960065,0.0465674260341902,-0.4988160976011,-0.830689381046597,-1.213474634171,-2.0441640152176,0.759999999999991,0.139999999999986
1986-01-01,1986,1,-0.0813417752250416,0.19599299821698,9.80939400153803e-05,0.246434588629899,0.00817231399486307,-1.112260713331,-0.0382671477719896,-0.299871890216025,-0.63262971873101,-2.1617285754505,-6.18137346299773,-1.01348418959901,-2.607888947195,0.341317825323017,-0.306556227607985,-0.00396005213626083,-0.000480058260829974,-0.199696624192299,-0.0653059008765027,-0.386269310486902,-0.451575211363402,0.560000000000002,0.170000000000016
1986-02-01,1986,2,0.313467104160054,-0.0745249921949949,5.80502252010302e-05,0.0212302948241003,-0.014104642520642,-0.372578103743002,1.20612722503597,1.85945688764201,-0.667421528221013,-1.5211490815373,10.152687934009,-2.82232773953999,-1.3650752502023,1.39421466732,1.85348314013396,-0.0658732723090392,-0.0311462286915303,0.776564191871399,2.310980042654,-0.194061189792098,2.1169188528618,0.229999999999961,-0.0800000000000409
1986-03-01,1986,3,0.564281444815947,0.205951821702001,0.0002064683849293,0.5740021229199,0.016651539881711,0.813426307753502,4.10504114629504,2.81122223826799,-3.172127614912,-0.2796980418494,13.8265792909951,-4.29112446250002,0.3740465008052,2.91681187128097,2.81418659916403,-0.0885663819969809,-0.0648655154864199,0.522082591408701,1.7727413902426,1.1911936359101,2.9639350261528,0.370000000000005,0.0400000000000205
1986-04-01,1986,4,1.05430514764504,0.401849376951986,0.00018966296310124,0.634559984410302,-0.00923233586863703,0.325420436368098,4.44349151834996,4.79424194680104,-2.98795583587,0.0221131183921024,-5.51747436399455,-4.321813532747,0.338652860713296,4.45913937498403,4.80395315778901,-0.10138349219596,-0.0796962650227599,-0.706123989584901,1.6503974391982,-0.00593664564610208,1.6444607935521,0.510000000000048,0.230000000000018
1986-05-01,1986,5,0.960653010440012,0.619025277502033,0.00010187095717043,0.328766271996599,0.00622325316732808,-0.342524861000904,3.70782998434402,4.61355989954001,-2.140036445269,0.315228278341799,-15.0607445659989,-3.76769111021397,0.240909229573802,3.87880461136501,4.62496393865297,-0.0685261606846499,-0.0491656212965101,-1.1804514427229,1.553335616177,-0.159570587908,1.3937650282689,0.0999999999999659,0.139999999999986
1986-06-01,1986,6,0.657108161850999,0.816111385494992,0.000182677457063981,0.953232327647598,0.023668884142431,0.886936148006704,4.76748041291,3.468158515087,-5.80112615209498,-2.3828850277796,-4.26693436100322,-3.08786008147601,-2.3317588506979,4.16582781172099,3.46442070312003,-0.0389545462935601,-0.0813622464485597,-1.17505298993447,-2.6621398935373,0.597914789222003,-2.0642251043152,-0.560000000000002,0.240000000000009
1986-07-01,1986,7,0.28099425143597,0.232005291084022,0.000139810244736539,0.456047835077303,-0.00725233929701297,-0.656804010892102,1.99066774491098,1.31347144054996,-2.626258471081,-2.3001804784327,-4.86339908700029,-1.40177229367299,-2.6122588857424,2.111187025768,1.30756982973401,-0.00667527458715966,-0.0260611218979103,-0.26335880366463,-1.5365645847177,-0.126420891673,-1.6629854763907,-1.46999999999997,0.159999999999968
1986-08-01,1986,8,-0.129385450031009,-0.268700303350045,2.24830871508996e-05,-0.181644944096501,-0.000422670543814063,0.0760278783046999,-1.00430840603798,-0.76355022628195,1.64432822058998,-1.2158408183027,1.8325789669907,1.756792805495,-1.6264535774267,-0.874441510533018,-0.759672131126024,0.0292866523403497,0.0330395505133501,0.552420011755411,-0.523077344028998,-0.125988800349003,-0.6490661443781,-1.37,0.07000000000005
1986-09-01,1986,9,-0.723500627844999,-0.717635631944972,-0.000271517903731859,-0.990005219377199,-0.00968762879252394,-1.1209791550098,-4.71904706246403,-3.596510226639,4.60936882036702,0.8490955765091,6.10967321300996,4.56005201191599,0.8349730330692,-4.564620506403,-3.58736233592998,0.0510986731127101,0.0589726838887703,1.04602877321579,0.0351942650110999,-0.145278665351999,-0.110084400340803,-0.0600000000000023,0.0399999999999636
1986-10-01,1986,10,-1.03297883986301,-0.745872469285985,-0.000345306206165271,-1.2466894427835,-0.00918882238158003,-0.216603737342901,-5.72058614905495,-5.15556049718401,5.26742070939699,3.5081589007509,1.55492419199436,6.02825598453902,3.6825386475121,-6.00514220193497,-5.15597199116002,0.09631715314167,0.0871916190344599,0.746583630880199,-0.586455528380803,0.284144558904,-0.3023109694768,1.16999999999996,0.139999999999986
1986-11-01,1986,11,-1.125696387978,-0.436328667553994,-0.000220256014773929,-0.356732100335901,0.005165174411354,2.1633542825973,-3.99639735600704,-5.51305005905999,2.32884215549601,3.5508127879976,19.0901208040013,5.11248164879899,3.7565782332323,-4.600495645568,-5.518019815152,0.10902913978274,0.0673795667692301,-0.0203390798034988,-2.5778740480683,0.5991285334689,-1.9787455145993,1.27000000000004,0.220000000000027
1986-12-01,1986,12,-0.695550537597001,-0.0167531474619977,-6.27177773875713e-05,-0.0311003267809973,0.00427663659349597,0.0302132910318988,-3.39559894719599,-3.22558343492204,2.590037585321,0.913368435649598,-8.00616545199591,2.71941791333401,0.576362178086796,-2.34633337709602,-3.23545481951697,0.0689437034783005,0.0563864009060198,-0.3833996967504,-0.466386585575798,-1.0591369546949,-1.5255235402708,0.45999999999998,-0.160000000000025
1987-01-01,1987,1,-0.147523619014976,0.372908624530965,7.16627599237803e-05,0.0847925067514979,0.00400289739621207,-1.548494202317,-0.325576555994985,-0.271468218449968,0.433032860573007,-1.3395565568026,2.72023564200208,-0.520451333007003,-1.6586574688606,0.172340788835015,-0.288938219176032,0.0181939234913804,0.02569111090465,0.295999489050599,0.634383281521998,-0.515387345556,0.118995935966002,0.25,-0.21999999999997
1987-02-01,1987,2,0.323607578994995,-0.0358285201060085,0.000171134719099091,0.486967987771301,-0.014837311527733,-0.423762989205002,1.84907867370697,1.76842659938598,-1.51178928479501,-1.8922049526368,9.9389559259871,-2.82272860601802,-1.6863267721821,2.18622137015899,1.76969235297202,-0.0455827207839903,-0.02450919171355,0.647916040958901,1.5168175016777,-0.335876942866001,1.1809405588117,0.560000000000002,0.230000000000018
1987-03-01,1987,3,0.490952883789987,-0.237892859818999,8.56790234717089e-05,0.196743089835,-0.019850984836843,0.335387687251902,2.31374162687604,2.58514214015099,-1.07563211940101,0.148388000382798,0.772017896000762,-4.127963765863,0.541168418295797,1.84951583493302,2.58447847034302,-0.0991939085062103,-0.0477332204811001,0.581063235020499,3.445112064375,0.463562122135002,3.90867418651,0.720000000000027,0.409999999999968
1987-04-01,1987,4,1.06746783476899,0.710728700413995,0.000136934853646731,0.430508125319999,0.00934220216041498,0.186163558313197,4.32961432111097,4.718058934824,-3.26507430607299,0.318551879669602,-8.77090033599234,-4.16096139292398,0.556255143985801,4.09762741844895,4.726876737775,-0.11086367250902,-0.0952576250926098,-0.6836914210286,1.1335903511672,0.240804705613098,1.3743950567802,0.689999999999998,0.410000000000025
1987-05-01,1987,5,1.03425825963905,0.392689112996038,0.000243624177533059,1.0251310134633,0.010113924415463,0.0608658615568061,5.35446597401602,4.91961229785704,-3.11980109027499,-0.294526800302201,-4.51102735899622,-4.28695286128601,-0.232876001711197,5.28644765427805,4.93256067430195,-0.0773169446264101,-0.06166278315153,-1.3170948680487,1.228802569602,0.0809666961828022,1.3097692657849,0.279999999999973,0.399999999999977
1987-06-01,1987,6,0.820828190380951,1.000701906507,0.000197120336756361,0.627805604930199,0.021749883669272,-0.0462026617942044,4.01063411185601,3.78466057924999,-4.85135667259402,-2.468474960721,-19.0583946400002,-3.02395615578399,-2.3435396884547,3.98546534261197,3.78487309352704,-0.0429788888493299,-0.0735957459199703,-1.20953552274249,-1.7024652445437,0.0253812835210994,-1.6770839610226,-0.800000000000011,0.110000000000014
1987-07-01,1987,7,0.342865846413019,0.246531225221986,0.0001769502705405,0.629737785919701,0.004192298719632,0.481495627210698,3.474483902619,2.23163749407001,-3.248683211432,-2.2446206268491,9.64393836598902,-1.56732130075002,-2.5039187426211,3.07310197395299,2.240835178032,-0.00451920257619998,-0.0303520207615398,-0.240635465065431,-1.940660026454,0.410579612627998,-1.530080413826,-1.62,0.0299999999999727
1987-08-01,1987,8,-0.311948823117973,-0.257404124998004,-6.43569434950059e-06,-0.210932213789501,-0.00648804519186197,-0.0456921275223934,-0.898689107166035,-1.31633387977303,0.737588118697005,-1.3321731617908,0.719085022006766,1.73719350443602,-1.605984795513,-1.50485221457598,-1.32378114957703,0.0258172417282099,0.01992631659241,0.52835334698084,-1.27341701946121,0.598715837606001,-0.674701181855301,-1.22999999999996,0.170000000000016
1987-09-01,1987,9,-0.532069715715011,-0.724878549850018,-0.000258528482194599,-0.888433709318601,-0.0200307583121521,-0.894961073101605,-4.90017359317,-3.001706437113,5.24347944981702,1.1608763648806,3.23916079899936,4.674092747098,0.995737512197099,-4.11732610749601,-2.99041903568798,0.0635998781068299,0.0759560943481801,1.10730705127158,0.404247850035503,-0.771560084249,-0.367312234213401,0.089999999999975,0.149999999999977
1987-10-01,1987,10,-1.16706045098999,-0.589041672878011,-0.0003884024724093,-1.1105712994479,-0.00476787784578703,0.698863506681604,-5.58176095128596,-5.91628831498701,4.28986291778799,3.6081158050378,3.56387345200346,6.05268460783199,3.8532879993406,-6.23978955389902,-5.92574599408999,0.10968009033579,0.0862976140986498,0.719852344152001,-1.5176494957412,0.6485709235101,-0.8690785722311,1.27000000000004,0.200000000000045
1987-11-01,1987,11,-1.17792451471104,-0.49655218688298,-0.000182162618587171,-0.443220782427201,-0.00383686147303397,0.490614530015897,-5.050303761343,-5.55782093217596,3.33930225608299,3.5059286847026,15.4106532839942,5.190049526249,3.7244771481346,-4.69418031194198,-5.55956799633304,0.11716182602131,0.0834845585929003,-0.00911173723859982,-1.632198806734,-0.357870513558098,-1.9900693202922,1.27999999999997,0.21999999999997
1987-12-01,1987,12,-0.451511013414006,0.126859215086029,-6.21018784751799e-05,-0.3237845927633,0.012662592537774,0.546914955943301,-1.99665355744503,-2.37599622267101,1.90346661746301,0.512482394876297,-2.19663293499616,2.84632025895098,0.347586582310399,-1.80935298556699,-2.38247224709198,0.0614977370554604,0.0399575488910697,-0.4523723182177,-1.1077494540539,-0.193776596299003,-1.3015260503528,0.95999999999998,0.310000000000002
1988-01-01,1988,1,-0.146326368194991,-0.0531045038709976,0.000109174365661669,0.556373291211099,-0.00833099775259005,0.142617646774703,0.200433605091007,-0.441843136719001,-0.330648806917992,-1.5526952165342,0.0745272469939664,-0.905138257486982,-1.892551262926,0.452512117618994,-0.453804107714006,-0.0036253355796303,0.00584673560268012,0.1005280231113,0.234633404177202,-0.264039483523,-0.0294060793458009,0.710000000000036,0.259999999999991
1988-02-01,1988,2,0.030846924911998,0.0125651834179621,4.39845182568909e-05,-0.1123193377707,-0.0121718904606979,-1.2304448394429,-0.0926947859929896,0.746927038504964,-0.593536730628017,-1.3050866626277,17.4565005150071,-2.51236813262699,-1.2597367715121,0.291774525302003,0.742037960521031,-0.0533142575922501,-0.0262960957174601,0.8881290193686,1.9641812931146,-0.389358389279,1.5748229038356,0.550000000000011,0.230000000000018
1988-03-01,1988,3,0.781551553656016,0.212188033628991,0.000153099733538959,0.3668278216172,0.012460999865644,0.00269525271909998,3.33139936405797,3.35340982370201,-1.668954296593,-0.126279481404502,-2.568354033996,-4.19265140898301,0.467251731282801,3.00815257269397,3.35986687706401,-0.0797237588553301,-0.0410077732686598,0.5776129511521,3.1172283250773,0.329703844726001,3.4469321698033,0.379999999999995,0.0199999999999818
1988-04-01,1988,4,0.993330874124013,0.18140586128402,0.000113509963697861,0.512465563110602,0.00258568950537397,0.0705443336531033,4.08775866933303,4.70274079142001,-2.07092790510998,0.313246904472603,-11.0591952280083,-4.24287974742899,0.460113491588899,3.98857988692703,4.70385908449498,-0.10446796310941,-0.0695254935583303,-0.749986838500801,2.3188184294353,0.100297075480999,2.4191155049163,0.449999999999989,0.129999999999995
1988-05-01,1988,5,0.995097556924009,0.575341748649009,0.000154374629855561,0.411187570137397,0.014876636337833,0.333206545931695,4.35128528025899,4.385322950881,-3.803467422143,-0.100956867354501,-13.7355978309934,-3.897137818071,0.035071812205004,4.05055814648097,4.39804001989802,-0.0771371289160498,-0.0749280941798598,-1.2556512538404,0.229699075487495,0.313444202795001,0.5431432782825,0.159999999999968,0.310000000000002
1988-06-01,1988,6,0.702510651294006,0.768272421197992,0.000135906266135809,0.643959379246901,0.0140557608554051,-0.0730072198665965,3.86296798544697,3.676639372328,-4.93636661654202,-2.6808624319089,-6.50531830301043,-3.14867252867202,-2.5230578653467,4.04543612243702,3.67828712387399,-0.0443401931394201,-0.07490420918678,-1.17053891019567,-1.6298895213078,-0.180820385444001,-1.8107099067518,-0.699999999999989,0.240000000000009
1988-07-01,1988,7,0.191134639838992,0.57513943882401,0.0002581998986788,0.845100119135399,0.0181558297507469,0.381569601491002,2.97841774502905,1.13116697137599,-2.81091302893998,-2.2750819589155,-0.396490878993063,-1.51801958047298,-2.756201642775,2.72054222118402,1.12962694453302,-0.00395412378763993,-0.0289396477230102,-0.29578508970647,-1.7740131323265,0.256335497002002,-1.5176776353245,-1.49000000000001,0.189999999999998
1988-08-01,1988,8,-0.116805479007041,-0.219585899950005,-2.21890571865998e-05,-0.216114210108898,-0.012191351871006,0.100649147130298,-0.624816017924047,-0.665294863337976,0.0362424145329783,-1.2996876822901,2.85797204599658,1.830480281993,-1.4934191884609,-1.066143571873,-0.666791550088021,0.03295481747235,0.0141962229474699,0.572627757730869,-1.9879693736309,0.4398308671989,-1.5481385064319,-1.18000000000001,0.29000000000002
1988-09-01,1988,9,-0.610489981175988,-0.646053009400987,-0.0003177108650584,-1.208281759135,-0.0122868511956881,-0.7656766846872,-4.56836461922796,-3.36219251582401,5.28637856263802,1.2414725392898,2.3676359539968,4.782612024728,0.932820632611801,-4.54797515572704,-3.35109662508603,0.0529213479297201,0.07025281280213,0.99044351468077,0.195114631232101,-0.00929357276289977,0.185821058469102,0.180000000000007,0.240000000000009
1988-10-01,1988,10,-1.11301319013501,-1.03604743888303,-0.00042520153584364,-1.3752181101677,-0.021603099965148,-0.881484192084201,-7.38587122402402,-5.676594108534,7.00942982539999,4.0515679069035,3.57784774100583,6.19375738604001,4.0183371453173,-6.795908243822,-5.67484077780296,0.0959957445378898,0.10612297936771,0.821255022308401,0.782441677773804,-0.588209649471001,0.1942320283028,1.17000000000002,0.0699999999999932
1988-11-01,1988,11,-1.36355761281197,-0.417911888769993,-0.000394124972821489,-0.849851124108103,0.00944140614962496,1.3241733987232,-5.95511080961597,-6.54211350738899,2.538159531709,3.8067050087374,-11.1207899150031,5.35986426016498,4.11418576284471,-6.32217272404097,-6.54958663952902,0.10345353048866,0.05692661792036,0.110969105779299,-2.5142239743487,0.359588782284998,-2.1546351920637,1.18000000000001,0.120000000000005
1988-12-01,1988,12,-0.538191380006026,-0.253203907822012,-5.298407113794e-05,-0.0780003476090982,-0.00371234680891397,0.880574600877203,-1.97674085632104,-2.62984159759901,0.770508408518992,-0.0325268179389013,-1.37647821199789,2.52170586094402,0.0692503407437997,-1.92577401234701,-2.6392780434,0.0626914905442604,0.0344072218166702,-0.5021548710054,-1.6494202937423,-0.0604032897749995,-1.7098235835174,0.850000000000023,0.189999999999998
1989-01-01,1989,1,-0.430755224823997,-0.0997497992829608,5.52042586168394e-05,-0.124814139038499,-0.00510346724367694,-1.3606147565906,-2.23570011154897,-1.50043741125,2.25705008349502,-1.3502999597849,17.6920969519997,-0.412713067529012,-2.0474362209963,-1.30244339332302,-1.51426107978699,-0.000941717512840334,0.0341676473749297,0.0920796523993008,1.9726268898126,-0.947080386762998,1.0255465030497,0.539999999999964,0.0199999999999818
1989-02-01,1989,2,0.472325651288998,0.0581977847079997,6.53920143981399e-05,0.222471688953998,0.00396505505380396,0.853336090827199,2.275431834556,2.164753968941,-2.47121430540301,-1.7719962338721,7.02009670299594,-2.75249216053501,-1.5577742490191,1.84089034793499,2.16458138657197,-0.0465965041929,-0.04021041715297,0.6947111064332,0.495499839985001,0.434368904251997,0.929868744236998,0.460000000000036,0.149999999999977
1989-03-01,1989,3,0.628012827157022,-0.112585873643013,0.000172995247836811,0.301654222643499,-0.015708286856226,-1.3480002314246,2.59237403514101,3.27486580511498,-0.846649064128002,-0.500864865813,-1.12546993300202,-4.21625145709601,-0.0428765100865007,2.95055017705999,3.27263779096,-0.0887341546619398,-0.0376337702138101,0.479492277997199,3.8275907486945,-0.360404156073997,3.4671865926205,0.539999999999964,0.240000000000009
1989-04-01,1989,4,1.03182928679297,0.483846512056971,0.00021085085806517,0.611520277072401,0.0223702896728,0.916312932720302,4.63600564197696,4.61241516694201,-2.41599318620101,0.980709224483402,-11.0914968659927,-4.13509953905998,1.255525266414,4.29423126582105,4.62090933628804,-0.10182444884104,-0.0732921696986999,-0.561203338624798,1.9939223947896,0.350268545501997,2.3441909402915,0.370000000000005,0.0200000000000387
1989-05-01,1989,5,0.847721592241044,0.427252236665026,0.000147328731537321,0.539914096158,0.000976986622563958,-0.0340743832571988,4.30632600276903,4.215235760604,-3.98542337014399,0.0118745109325005,-14.4268598350027,-3.93089132521902,0.381163983361205,3.94396284251599,4.22446612648696,-0.0678597172114799,-0.0694303875019799,-1.1003184393866,0.3147574275037,0.371593526136003,0.686350953639799,-0.189999999999998,-0.0900000000000318
1989-06-01,1989,6,0.718362973360001,0.721579751563979,0.000172974033866189,0.6298247348034,0.0121563182497401,0.432914912057996,4.24194747099398,3.65397933576298,-4.19004049387701,-2.4863030521643,3.20293769999989,-3.160331696328,-2.5520386946114,4.03197576627201,3.66239924862003,-0.0415856154080498,-0.0605542626753102,-1.21544842531997,-1.0954444399961,0.218391617578998,-0.877052822417099,-0.920000000000016,0.0699999999999932
1989-07-01,1989,7,0.425809205738972,0.518193845943017,0.000209680524008301,0.891658867817601,0.011086990879134,-0.745187237558,2.54863005347801,2.13851674059799,-1.74933085090299,-2.221566866931,-0.543260878999718,-1.61247710549497,-2.7987450020655,3.29611885047399,2.13499270397398,-0.0073763161218503,-0.0157945552484797,-0.31371113284516,-0.7140318805425,-0.751012833619999,-1.4650447141625,-1.69999999999999,0.0300000000000296
1989-08-01,1989,8,-0.175070943705975,-0.0956012283500058,3.63702132393003e-05,-0.153275703174,-0.00887606213162606,0.381406779980004,-0.504338027262975,-0.981565186125977,-0.048986203666999,-1.3991823653613,0.681109274999471,1.73653803232298,-1.7359559480747,-0.721100529891999,-0.979125945996998,0.02617285601122,0.00699804180308972,0.506192406878691,-2.12229781870339,0.219201742757999,-1.9030960759454,-1.34999999999997,0.110000000000014
1989-09-01,1989,9,-0.613324374754029,-0.506885643846999,-0.00036323094723828,-1.1605170740657,-0.013361143642758,-1.0586446465257,-4.73165998641201,-3.12588325365499,5.39204737789601,1.1868019742274,-5.22138338399236,4.84598465115801,0.930369372803099,-4.77463758359704,-3.11547825548996,0.0551561330333299,0.07313893230496,0.96810278810664,0.2896301253137,0.0533825953501008,0.343012720663801,0.349999999999966,0.389999999999986
1989-10-01,1989,10,-1.06546103413899,-0.79436275004997,-0.000320136113741151,-1.0017128423236,-0.00460629105604504,0.382295837738795,-5.48574933293798,-5.52773966967499,4.256332625266,3.5284404439455,-0.719600551004987,5.999077562607,3.9017824325152,-5.990540216554,-5.53341551430805,0.10743163572279,0.0833934182464002,0.7996758759767,-1.3694029487713,0.4991150389829,-0.870287909788399,1.29000000000002,0.180000000000007
1989-11-01,1989,11,-1.22945001781801,-0.65182961814304,-0.0002275045895016,-0.470147420776101,-0.012198150077731,1.041689015469,-5.23145523997704,-5.71320715072301,3.749365971196,3.6529471153707,12.2528817819984,5.08936772042401,3.85892799219391,-4.99400251960299,-5.71867419514098,0.11037410776285,0.08383766562687,0.0686628932709006,-1.1340208724048,-0.242919764791999,-1.3769406371968,1.18000000000001,0.0999999999999659
1989-12-01,1989,12,-0.502075332202992,0.08246292687204,-0.000132296107895839,-0.3794906388366,0.000533035590349007,0.1176604023293,-2.18010231635498,-2.519268432074,1.06098736660701,0.4855221796706,-5.44128245499451,2.73086956626901,0.302105897586294,-1.95165725943497,-2.53218730706499,0.0633846696545106,0.0335239705892301,-0.442508118872,-1.8532984817463,-0.241363931911003,-2.0946624136573,0.870000000000005,0.199999999999989
1990-01-01,1990,1,-0.243629848562989,0.0394526547279952,0.000160632891995659,0.597866843428399,0.018819315387934,0.1120082663776,0.427798132642977,-0.807258122053042,-1.52846067845601,-1.9993149295103,14.973666646998,-0.997509229556016,-2.0578633398946,0.422674479196985,-0.812249497580012,0.00778720451717962,0.00122098988074004,0.0604405913276995,-0.589499859284295,0.000132277919000501,-0.589367581365298,0.569999999999993,0.110000000000014
1990-02-01,1990,2,0.246445647850976,-0.0981997136819928,0.00014550727963503,0.233257084907603,-0.0277580769342921,-0.950914063382804,0.990090336985986,1.580968795312,0.171558588691994,-1.328260752003,6.98866807400191,-2.69895425021801,-1.4221760240542,1.304676181937,1.57565364322397,-0.0532414362428302,-0.0122722982639103,0.795167971834001,2.7765975668588,-0.319900997038999,2.4566965698198,0.399999999999977,0.120000000000005
1990-03-01,1990,3,1.01062446085302,0.358074837843958,0.00015746373412358,0.437850134611999,0.0181617227367361,0.125668051056699,4.170882112328,4.44826068598701,-2.43919918602998,-0.833177531903299,-6.41801159900206,-4.29881321132999,-0.400254345958601,3.70798234949899,4.45186902004804,-0.0976510591550799,-0.0654011831849299,0.285983593184799,2.2925372112447,0.466508096889999,2.7590453081347,0.319999999999993,-0.0500000000000114
1990-04-01,1990,4,0.852110647735969,0.242097694361007,0.00014539683931381,0.401921626938901,-0.00440716887294901,0.064589710421501,3.49352126303603,4.15241223689702,-1.79697132763701,0.631915650219501,-0.861248297995189,-3.96154267031801,1.0224454379047,3.603325779702,4.16242511798498,-0.0899337459365301,-0.0579210692774002,-0.5551993488035,2.5551011303662,-0.0997916355779971,2.4553094947882,0.310000000000002,-0.0299999999999727
1990-05-01,1990,5,0.942381869412998,0.694373377247985,0.00019066135008949,0.585745981393998,0.0160577449981519,-0.750749210516396,4.18810691855998,4.39203127452299,-3.00286379658201,-0.152845423342399,-7.9426858730003,-3.93490044693499,0.0266741291849044,4.29588554486202,4.40785211142799,-0.07173618045229,-0.0611550701010999,-1.2271047153571,1.1115562028803,-0.0919577893971031,1.0195984134832,-0.0999999999999659,0.00999999999999091
1990-06-01,1990,6,0.575520703352026,0.596088719765021,9.48673595485006e-05,0.436040130677501,0.010095427654902,0.0860186468875952,3.36457756251002,2.99849935997298,-4.949407522097,-1.9594648050769,1.39373820699984,-3.12826440123001,-2.2625745349096,3.26639586332999,2.98810151984804,-0.0443106272846596,-0.0747826293001599,-1.11324701169303,-2.1242528506997,0.0877838590551008,-2.0364689916446,-1.08000000000004,-0.0799999999999841
1990-07-01,1990,7,0.320472408356977,0.317976218194985,0.0001859851429138,0.643755153421999,0.00243747466236899,0.145257533780104,2.23791698702001,1.58023505616802,-1.52820937326598,-2.2438942525159,-4.84068923001178,-1.51281342996,-2.6042586832526,2.693895263912,1.58504922198398,-0.00843895637941028,-0.0145074937925402,-0.278233262286639,-0.375760374042699,-0.451164111076,-0.826924485118699,-1.62,0.139999999999986
1990-08-01,1990,8,-0.196245556714985,-0.180130039860956,-2.76882982169005e-05,-0.283189483186298,-0.0108470518455029,0.0327862185046968,-0.744072034164049,-0.703073521142983,1.44485841648799,-0.9373811881898,0.0155368640116649,1.84698149579202,-1.4113761559054,-1.39316029032,-0.704538695317012,0.0279634955342303,0.0310637801679001,0.56462120413725,-0.876118047019602,0.647623081981902,-0.228494965037701,-1.13,0.29000000000002
1990-09-01,1990,9,-0.685018745246964,-0.686984221262037,-0.00032557301021773,-1.0324519069487,-0.01280790688982,-0.621820020075795,-4.41410150542396,-3.610195847152,3.66822863695501,0.949316254121701,-10.0039138300053,4.72396691583,0.9804155718227,-4.60619890886403,-3.60367350542697,0.06080886726948,0.0538271529414902,0.995593615226019,-1.024638961174,0.1986197451651,-0.826019216008902,0.210000000000036,0.20999999999998
1990-10-01,1990,10,-0.938844786401035,-0.578317705233985,-0.00028709180404792,-0.8950650774464,-0.00228112298076499,0.0413400873099974,-5.41316436109202,-4.866613615186,4.93893919024001,3.6336498741047,4.59264044900192,5.88554144464098,3.7824707290161,-5.12914307424501,-4.86918419245904,0.1037782138614,0.0874096868319798,0.7944500875402,-0.797781399489601,-0.286591864120002,-1.0843732636096,1.39999999999998,0.279999999999973
1990-11-01,1990,11,-1.12166200225801,-0.281548045421005,-0.000247746280155789,-0.690763187362698,0.000142756184103976,1.2880930284261,-4.59009178408502,-5.31095314335602,2.98579734206999,3.5567951720796,1.62591254799918,5.27913375989701,3.832949105447,-4.97513260737895,-5.30976576880897,0.11420431707321,0.0787346251958403,0.0570923417191995,-2.0171824844596,0.386228197841,-1.6309542866186,1.25999999999999,0.110000000000014
1990-12-01,1990,12,-0.756154934878964,-0.238456017683973,-0.000123995536656461,-0.1693880085408,-0.011067136376696,0.203779360798301,-2.86449116787099,-3.36310416075298,2.28961989935399,0.510368281899201,7.29793565999717,2.73321562576399,0.324008658747395,-2.67386347977401,-3.37315829106302,0.0660656444525696,0.0538149192417499,-0.4516095459909,-0.629955349561804,-0.200681818407098,-0.830637167968899,0.740000000000009,0.0600000000000023
1991-01-01,1991,1,-0.247942589526019,-0.184178796618028,0.000110750090938709,0.276546007127198,0.00828113013954002,0.032378126970805,-0.864202350747007,-1.21198150191805,-0.928713587966996,-1.4751538145012,9.67950732199824,-0.789703764785997,-1.6351250059468,-0.135628635612989,-1.22985175962998,0.00512330079725043,-0.00385972812288005,0.214814440578101,-0.298981014626598,-0.746443972845899,-1.0454249874725,0.569999999999993,0.199999999999989
1991-02-01,1991,2,0.388000073131991,0.191579529936007,0.00012817499928165,0.195363831118499,0.00432782206021798,-1.3765557608633,0.979389910190037,2.09264657481503,1.23129532788201,-1.6457266876653,-1.79408529600187,-2.620679786446,-1.8153182353615,1.59209429760296,2.09199322037,-0.0554132838073702,0.00408569299129002,0.6406052991863,3.6823835666318,-0.613357741858,3.0690258247739,0.430000000000007,0.140000000000043
1991-03-01,1991,3,0.49635829331703,0.377685005862986,9.14384279448698e-05,0.136740625365302,-0.013877288507019,0.485668355909901,3.25226954498197,2.450471281435,-4.82102704295102,-0.440181392260303,4.7111176699982,-4.27276254154998,0.131173129662201,2.361875528008,2.456316321624,-0.0983515564782298,-0.10054388730752,0.5278046806504,0.0230900205215008,0.896239057162997,0.919329077684402,0.5,0.149999999999977
1991-04-01,1991,4,1.13559822936099,-0.263111345311017,0.000132792659924901,0.515605549905899,0.001426087660442,-0.732862408806298,3.587240309028,5.29680861299698,0.249603028008011,0.684539268204301,-5.65847013899474,-4.120505251927,0.9316630975162,4.14268875229402,5.30696475919899,-0.10301287303496,-0.0379758474105301,-0.566656322005999,4.6172321092469,-0.545292297063998,4.0719398121829,0.5,0.199999999999989
1991-05-01,1991,5,0.895496583586009,0.781444025218036,0.00018507767527296,0.577327607684101,0.014062764660641,0.590670017709996,4.58663190861199,4.41399458605099,-4.34194095383799,-0.328831642700898,-8.55105640400143,-3.995233280729,0.0123292720457968,4.092975295114,4.42680392634799,-0.08181614606143,-0.0876019230199798,-1.24510308168,-0.0055467583622999,0.506465953795001,0.500919195432701,-0.0799999999999841,0.0400000000000205
1991-06-01,1991,6,0.915558959538998,0.92368069503101,0.000273160691913011,0.925538716086699,0.014276588532785,0.686758918345106,5.61212138954801,4.23363382517601,-5.75826299064801,-2.3612583965867,-14.5209679120017,-4.094484876801,-2.4817254919577,5.309328460524,4.23247097245104,-0.0604078211056001,-0.0856531742312701,-1.25888631699017,-1.784245209218,0.301630076298999,-1.482615132919,-0.930000000000007,0.0699999999999932
1991-07-01,1991,7,0.18981644539798,0.242992433703989,8.09196491532993e-05,0.533275472834699,0.00197464514092194,-0.975259327036305,1.21760697559398,1.30292193442602,-1.71086679640601,-2.0375287960753,7.0597711050068,-2.50237905225902,-2.8080850269159,1.73015647640102,1.30449055744799,-0.0322320926319097,-0.0272893795313003,-0.35299029997195,0.0209560250124028,-0.510980877785101,-0.490024852772603,-1.65000000000003,0.100000000000023
1991-08-01,1991,8,-0.180478859351979,0.0889709191289967,2.49024286299963e-06,-0.0412495586767996,-0.005225424112968,0.431332210685504,-0.522162303946004,-1.20010168396703,-1.36655131208099,-1.4653161698471,0.233862843000679,-0.0940924025029801,-1.7269858771821,-0.90205110871301,-1.20002922847402,-0.00998373440991029,-0.0208494005026401,0.507599906522231,-1.534128616913,0.379961260260103,-1.154167356653,-1.46999999999997,-0.100000000000023
1991-09-01,1991,9,-0.703982857838014,-1.05456877183002,-0.00038179965988196,-1.6451487207638,-0.0199792677172189,-1.5084341855497,-5.81305418930299,-3.39530765951099,5.75632656154698,1.1908025387948,14.4261316619959,3.691811390787,0.7534263735153,-5.56966133934202,-3.38611388829599,0.03050609010901,0.0699598250139504,0.92036221308978,1.6271390054805,-0.234199078746002,1.3929399267345,-0.129999999999995,-0.110000000000014
1991-10-01,1991,10,-1.10847651443203,-0.83285182290598,-0.00040066581987255,-1.0733174219083,0.0025007649350669,0.921877500332698,-5.50983155958801,-5.73575224407801,3.183515931719,3.2333547264068,-8.77677774199401,4.88242952301201,3.5153347694261,-6.03131710419501,-5.73770658049801,0.0768803112543601,0.0540678904930396,0.773636463864211,-1.4169335482737,0.519531208187001,-0.8974023400867,1.07999999999998,-0.0500000000000114
1991-11-01,1991,11,-1.14959277433098,-0.567620310913981,-0.000220508680340339,-0.5498943307731,-0.00373013696269497,1.07425500259981,-5.42068896714795,-5.72136243218,3.537460312403,3.5056602057291,2.68233711599896,4.45990046217298,3.6746652935351,-5.09321049612998,-5.72767512986798,0.0895076761221603,0.0693467949120001,0.0511110422361991,-0.753435061964005,-0.333791168705901,-1.0872262306699,1.15000000000003,-0.0299999999999727
1991-12-01,1991,12,-0.692571207729031,-0.11024491293,-6.09226042981408e-05,-0.0927339090540009,-0.010451292577398,0.945796111304297,-2.12625904478205,-2.83771323723897,1.533931423822,0.485205503719499,8.85476536799979,3.230904810677,0.370002324715102,-2.19539249540099,-2.84574896635598,0.0862146716588601,0.0597409624421301,-0.385190212806,-1.8121765658594,0.0610977215018984,-1.7510788443575,0.789999999999964,0.120000000000005
1992-01-01,1992,1,-0.126601552169973,-0.013159563331044,-3.76153310542304e-05,-0.175578207162101,0.00504768861198301,-0.899671847102503,-0.985413425592981,-0.629516399292015,-0.027046137663973,-1.6350935610124,-7.66163026400318,-0.695543051853008,-1.95286316166111,-0.59918004422201,-0.64665932129202,0.00476501534015927,0.00776656742948978,0.0552235194676012,0.350727313540297,-0.403376303370997,-0.0526489898307005,0.590000000000032,0.230000000000018
1992-02-01,1992,2,0.193274981705997,0.0882229965359898,0.00017627363360664,0.276258441352603,0.016948540372728,-0.765131908512195,0.558421948656985,1.15806253446101,0.0244369586039852,-1.4632981262149,12.5154091599979,-2.64423339959498,-1.5036013827993,1.39188226561203,1.15187374270198,-0.0545274953795696,-0.0178693584437899,0.759278565400999,2.6283671016146,-0.839649108714102,1.7887179929005,0.349999999999966,0.0699999999999932
1992-03-01,1992,3,0.697927450817986,0.274896425638019,0.00021413192089997,0.711357696556799,-0.024529202673202,0.491626332166298,4.03110480761001,3.28158626788996,-3.511408915348,-0.345135108913301,-1.06199583600392,-4.193646731093,0.185341622685698,3.52315138095798,3.285285683457,-0.0783084796664402,-0.0659025890479898,0.4937985447299,1.212714547344,0.5116528422191,1.7243673895631,0.379999999999995,0.00999999999999091
1992-04-01,1992,4,0.793891381456035,0.0206557346680256,0.000105845964888499,0.3899727042722,0.015663567081206,0.571677665575002,3.48551976720501,3.97185180908502,-1.48244425106401,1.1589923752136,-6.23730960699322,-3.797648038728,1.413914914808,3.11809937987101,3.98449807790502,-0.0861928611620399,-0.0483087086254099,-0.458610596501,2.5701263272584,0.380066656154003,2.9501929834124,0.490000000000009,0.170000000000016
1992-05-01,1992,5,0.992405360941973,0.648464674449997,0.000206374288899401,0.764378540677498,-0.001103870951362,-0.596917121465204,4.32463442325599,4.55522088850603,-2.65561861113198,-0.0500320187741004,2.20905091600434,-3.90194681602901,0.234364455519,4.72478191807897,4.56943048642802,-0.0688177848887399,-0.0560984710275503,-1.1785685542225,1.5307246791901,-0.385937896901002,1.1447867822891,0.0699999999999932,0.21999999999997
1992-06-01,1992,6,0.706834191536018,0.689982085500958,0.000101938381021129,0.249483565414902,0.0244086552578531,0.446223397306902,3.91204390377402,3.28208728571798,-4.85055341675002,-2.1124242649842,-13.8120618760004,-2.03314530750899,-2.092858913485,3.22778970259503,3.284047196475,-0.02082974164483,-0.0630123098832498,-1.13628102944502,-2.7978427577418,0.686214111936,-2.1116286458058,-0.95999999999998,0.089999999999975
1992-07-01,1992,7,0.118088972224996,0.23194959316703,5.44215026164804e-05,0.274422963029899,-0.00875174697355607,-0.776376866903298,1.14445317124603,0.761360000907018,-1.931446270062,-2.6196710908753,-1.5628262500104,-1.213014257308,-3.1137393325501,1.18227464790999,0.760538548500961,-0.00598993267078995,-0.0196729765545403,-0.39917542653021,-1.2125002544288,-0.0386429290700008,-1.2511431834988,-1.68000000000001,0.0600000000000023
1992-08-01,1992,8,-0.158100758033015,-0.233154677736991,5.30554832642999e-05,0.105522269675301,0.0034927339045111,0.0248725641326004,-0.751381501108028,-0.724232615734024,1.58684937722199,-1.2391541589629,4.99276134801039,2.005977456506,-1.5753294483074,-0.620122050174984,-0.730381515303975,0.03589597168919,0.0332251882879002,0.56957447689763,-0.755303368628496,-0.137408350502998,-0.892711719131501,-1.52999999999997,-0.119999999999948
1992-09-01,1992,9,-0.731122121194971,-0.668103340395987,-0.00028349813515955,-1.0903790875523,-0.00951593849324106,0.109733313032201,-4.08007220816899,-3.69115172156501,3.26209400291401,0.978524891248099,6.46479691399145,4.94572353939299,1.0137579992954,-4.80263963597804,-3.68942076677098,0.0688565498684501,0.0563690416785598,1.0129315568899,-1.6483964284317,0.724298382603099,-0.9240980458286,-0.0800000000000409,-0.0900000000000318
1992-10-01,1992,10,-0.963143388833998,-0.589854916893046,-0.00040479500899368,-1.2882962457418,-0.0137495150303399,-0.284422099856606,-6.231763762995,-5.141284325409,6.091610255033,3.7062874180473,-3.86367568599235,6.412767405159,3.8071592471229,-5.84607785422298,-5.13365210444505,0.11497278693964,0.10699958963776,0.838186443145801,-0.220285321050397,-0.378053687808098,-0.598339008858499,1.23000000000002,0.0799999999999841
1992-11-01,1992,11,-1.13660634803904,-0.464936210665996,-0.000225488645743309,-0.542197372242001,0.00106824808145189,1.6375343883307,-4.32927461638303,-5.39573183592699,2.55255826384399,3.2806912543359,-1.40818669500004,5.39604115887701,3.7242351542752,-4.99466002749699,-5.40562151363997,0.11537372698469,0.0743279348111101,-0.0247413146906013,-2.39993899509371,0.655495733400997,-1.7444432616927,1.18000000000001,-0.00999999999999091
1992-12-01,1992,12,-0.564477978821969,-0.164922605676963,-2.44907815623811e-05,-0.133120016346599,-0.000378741497811919,0.354572705476102,-1.91360123280697,-2.54942239044601,2.68468828988901,0.485474939694399,6.10760462899634,3.31195907331099,0.242283248193203,-1.62330164223602,-2.56868341789999,0.0692454818553898,0.0536283306453802,-0.446241173831,-0.870462474923194,-0.3095606180249,-1.1800230929481,0.75,0.0699999999999932
1993-01-01,1993,1,-0.047142275126987,0.0822846834749953,0.00011113260469852,0.148576391568298,-0.000267967514624989,-1.6302119521245,-1.32703471062899,-0.033726736336007,2.34004910731699,-1.4820089281644,3.49167103499349,-0.525048676453991,-1.8478021026524,0.0621346545819961,-0.0374436930380284,0.00265090144376945,0.0362284852658497,0.172297102770401,2.49930460928299,-1.3928863219131,1.1064182873699,0.45999999999998,0.0900000000000318
1993-02-01,1993,2,0.281508940170966,0.116322641196973,5.42510780011506e-05,0.321861455430803,-0.00438110986541401,0.130349978550399,2.008495653392,1.39310590077901,-2.464268605543,-1.5408566495873,-1.07163244399999,-2.51697779267602,-1.3617963669508,1.72234976956304,1.38751454721802,-0.0435998577848693,-0.0401738255769999,0.704658153016499,0.231769469769503,0.280554530268002,0.512324000037502,0.340000000000032,0.0299999999999727
1993-03-01,1993,3,0.580622072804033,-0.252817800007961,0.00012688894947966,0.2037827358626,0.00145996751067196,-0.846737205809198,2.27283149500897,3.147340553589,-0.214143461683989,0.0420732670527002,8.01582582200353,-3.749132338111,0.348189166010997,2.22516813940598,3.15517660945397,-0.0734497614167102,-0.0182968143661202,0.515227923467,3.8411047753853,0.0554994114679985,3.8966041868533,0.399999999999977,0.110000000000014
1993-04-01,1993,4,1.00899925352797,0.455594194533944,0.00022154152730316,0.880075358441598,0.00753280112184307,1.1770196003206,4.779017845211,4.42281400180701,-3.66978595508999,0.6482952969702,-8.65933672699612,-4.09372346162999,0.906557944033402,4.74207673142797,4.42939432211602,-0.08895898371332,-0.0828981162034998,-0.602490982948,0.682200153603205,0.0435214340919998,0.725721587695201,0.470000000000027,0.139999999999986
1993-05-01,1993,5,0.950221641154997,0.82451221007301,0.000212170399921099,0.824277200578202,0.0163204216474969,0.291096766005502,5.37554120360403,4.621923162256,-4.22263906899502,-0.496613933706701,-5.11654294600885,-4.00676971565301,0.0818825546144026,4.784819598095,4.63659754308202,-0.0696377005870499,-0.0720902112333599,-1.2016162670865,0.3626271349791,0.6053959863351,0.968023121314198,-0.0300000000000296,0.0900000000000318
1993-06-01,1993,6,0.655204679493011,0.79990043559701,0.000136649752478431,0.2491268785754,0.00760601938550498,0.1758125102291,3.53592364730599,3.18674605046903,-4.69029940910198,-2.3752414646601,-15.1863191269949,-2.63439619527298,-2.4789559578327,3.06359724402205,3.18770484598497,-0.0393062594339399,-0.0712658847474001,-1.23852144577361,-2.1596177070016,0.4732851987999,-1.6863325082017,-1.04000000000002,-0.0500000000000114
1993-07-01,1993,7,0.250940652633972,0.452647569871999,0.000196293874776599,0.9070645089074,0.0110718292206431,0.747818871464695,3.02274493062799,1.34756814733197,-3.80733522042502,-2.349452080913,11.1961813950038,-1.581264113142,-2.8335508269265,2.87400321243399,1.34646549275203,-0.0052215190731002,-0.0402240628053598,-0.35769275240472,-2.7101698532965,0.147639063614001,-2.5625307896825,-1.63999999999999,0.0400000000000205
1993-08-01,1993,8,-0.123771564243953,-0.319423562026998,-7.26244913584993e-05,-0.482495143859399,-0.019686177649045,-0.954839844545198,-1.93489121636901,-0.622046410054963,3.00739323829302,-0.8270589704236,-3.04114696499892,1.98019237037798,-1.2798544525166,-1.39209505883304,-0.616987797999002,0.02359369223139,0.04210583400199,0.615775127750052,0.574405385821997,-0.537737545480002,0.0366678403420018,-1.28999999999996,0.159999999999968
1993-09-01,1993,9,-0.709591509578047,-0.867920399711977,-0.0003435511203638,-1.1779676138169,-0.00733638700519501,-1.2577578967004,-4.99910663255599,-3.57602446778202,6.00820780976198,1.26469329359,2.04441416000191,4.86566889794702,1.1316982965002,-5.13791704190896,-3.57208240507902,0.06144108482192,0.0894299326714298,1.07495934408228,1.0095439147252,0.142752472056003,1.1522963867812,0.0600000000000023,0.170000000000016
1993-10-01,1993,10,-0.915500952814,-0.503464183781034,-0.00027928258142783,-0.663349516200402,6.95898618350288e-05,0.445663060288595,-4.83197410376403,-4.72535150723002,4.07078204053101,3.5678816459349,6.81922991600004,5.81422937159198,3.8758789795257,-4.79305091898505,-4.72696647309903,0.11032148377915,0.0828045424852002,0.841919428966701,-1.4354499974702,-0.0405381506480005,-1.4759881481182,1.25,0.149999999999977
1993-11-01,1993,11,-1.27379756402399,-0.463200717228005,-0.00017100501631722,-0.511333935017099,-0.00339827194148601,1.56000658453731,-4.82703741401997,-5.97500276555701,3.21167394202598,3.695232428463,11.8386645680002,5.23456941575603,3.9725604169272,-5.01450431000899,-5.979477182582,0.11306563316445,0.0793992932373597,0.117808212712399,-1.74556748526579,0.182992478964,-1.5625750063018,1.23999999999995,0.100000000000023
1993-12-01,1993,12,-0.536310738253007,0.0899346862870516,-2.26013477689201e-05,-0.0704270656847008,-0.00215032920777503,0.0895851455677956,-2.08468424579604,-2.669415389704,1.352621514563,0.399860034178399,-2.49054993600294,2.91578154035898,0.118386888851603,-1.76942892126999,-2.67858969663598,0.06697458652891,0.0372682925254701,-0.5174098407405,-1.8446331711228,-0.324429631457999,-2.1690628025808,0.910000000000025,0.199999999999989
1994-01-01,1994,1,-0.215921764727,-0.119432974552012,-3.50557505016981e-06,-0.170689202960798,-0.00591503981193797,-0.793642133245399,-1.35071455048597,-0.561765175556957,0.753306986954016,-1.3829709309468,2.74092528599431,-0.476276171299986,-1.733655076057,-0.583210010819982,-0.567761312728976,0.00467500375018925,0.0174420307598999,0.164952083231201,0.878899013143801,-0.773500676838001,0.1053983363058,0.610000000000014,0.120000000000005
1994-02-01,1994,2,-0.0240537086280028,0.103087058679989,6.44448082274002e-05,0.2854289131099,-0.00507499048920307,-0.605479510972401,0.214520610963007,-0.0824198223240273,-1.45075661410399,-1.3364758429192,9.22815035399981,-2.72114224293699,-1.2856041955353,0.411838900100008,-0.091385933694994,-0.0648761401373799,-0.0418085395834797,0.817698002187299,1.3212572762169,-0.206284400508,1.1149728757089,0.519999999999982,0.230000000000018
1994-03-01,1994,3,0.926906168814014,-0.0773111639600188,0.000126594570368739,0.171945644459299,0.00306794934710503,-0.447300897951898,3.56047150214198,4.63510677162003,-0.302442079616014,-0.394735156285801,-4.23886219099222,-3.96750070775801,0.00675550098160471,3.35942246002099,4.63537027384598,-0.0900191335648701,-0.0335832154943301,0.4413509030109,4.0665492854094,0.201312544347001,4.2678618297563,0.360000000000014,0.0600000000000023
1994-04-01,1994,4,1.12538404444803,0.35163846016502,0.00016785089137644,0.571659509914799,0.00606528572879605,-0.688852410634297,4.24453180169502,4.89099470072199,-1.22951886410598,0.704408315625201,-15.7596650110063,-4.154496012946,0.887706699469597,4.583287533803,4.90665491457099,-0.0944147075362998,-0.0511550278998101,-0.5882984086708,3.1082755326844,-0.323095518259002,2.7851800144255,0.349999999999966,0.0199999999999818
1994-05-01,1994,5,0.89734497063796,0.661987164349,0.00018152110250067,0.724560458571901,0.00999013740129595,0.58280264687,4.84074375054598,4.52178386188996,-4.81798249960701,-0.246936249360502,-5.46613825499662,-3.96334209982001,0.0893014947262003,4.28578791432,4.53268999497402,-0.07500664256251,-0.0874179059607298,-1.2582273557354,-0.518402655700307,0.565861969309999,0.0474593136096999,0.0300000000000296,0.129999999999995
1994-06-01,1994,6,0.74879203818,0.860165589139967,0.000171068070466091,0.587508756857698,0.012025916889926,0.451279599624698,4.30729121802102,3.42160725708004,-5.30812438091999,-2.4767629852952,-8.63388094599941,-2.954278931022,-2.3513546293658,3.95002101803396,3.42423583332396,-0.0395291788765499,-0.0759201030494303,-1.2032040868761,-2.22843709396859,0.359898776231002,-1.8685383177376,-0.939999999999998,0.0400000000000205
1994-07-01,1994,7,0.236985536055045,0.464335128814014,0.000176258280888799,0.798691088339901,0.00482156725686089,-0.297017568310103,1.95456890559797,1.35400811175401,-1.843973457988,-2.3592685404547,3.60677637599292,-1.60298682581899,-2.939077204523,2.49718271696901,1.35294734294399,-0.00889943019267969,-0.0191255048011998,-0.312761407092621,-0.8207952962373,-0.543674580181101,-1.3644698764183,-1.53000000000003,0.159999999999968
1994-08-01,1994,8,-0.198527025681017,-0.333052448604974,-1.20662055673997e-05,-0.154378938586298,-0.0167406858776079,0.499409121756599,-0.325452420243948,-0.717863140439022,0.678530446497007,-1.1289695976856,-1.7080274179898,1.73890728985199,-1.4679801227929,-0.99846486890101,-0.715611721416963,0.0272983777991298,0.0210342219473798,0.535207602981821,-1.3993873684623,0.675263867679199,-0.724123500783197,-1.20999999999998,0.300000000000011
1994-09-01,1994,9,-0.499619622790021,-0.594172766185011,-0.00029769289619163,-1.2836774833914,-0.00506280215820809,-0.812721851775699,-4.54893281969305,-2.84490063608001,4.95026307942098,0.994248553257602,-1.6170306080021,4.852737166656,0.988692504389,-4.41350095985297,-2.83959073474,0.0629771658927898,0.0720856896901902,1.0379614237026,0.0919698638963951,-0.130121958500098,-0.0381520946037028,-0.0400000000000205,0.110000000000014
1994-10-01,1994,10,-1.04093857147996,-1.13693256873,-0.00027470990634512,-0.813448981276402,-0.014569143686248,0.299278780461599,-4.99232960205796,-5.17963072152401,5.27304935722401,3.5654018179022,11.6213674839964,5.788044500018,3.7426804470671,-5.21739688599399,-5.18356045523802,0.10252163768153,0.0970729870025298,0.755642941021,-0.337716513629097,0.221137550222,-0.1165789634071,1.25,0.129999999999995
1994-11-01,1994,11,-1.12065062969504,-0.157473087274013,-0.00023209092698611,-0.688620744624799,0.00960952581652197,0.2463702668473,-5.41829917289203,-5.42994639988501,5.214862796088,3.7948823767346,7.35321515699616,5.298162863491,3.8393195475968,-5.04668450886203,-5.43959516480498,0.10726332433821,0.0978014040564701,0.0548604032682007,-0.0388628965407989,-0.38126342895,-0.420126325490799,1.42000000000002,0.229999999999961
1994-12-01,1994,12,-0.730000967679985,-0.0184605438129779,-8.17396872714992e-05,-0.173353085608898,0.00353323090217106,0.3804987585088,-3.06866844129996,-3.449291869631,0.623087295474988,0.645528039279,-0.144016432997887,2.83258795925897,0.514373511474901,-2.77324513236897,-3.46441753989001,0.0614720696952205,0.0257473494372902,-0.447841029066,-2.34065519158811,-0.310548979190003,-2.6512041707781,0.850000000000023,0.110000000000014
1995-01-01,1995,1,-0.136332499072012,0.00808575853000093,7.66511435423608e-05,0.3725214309327,-0.00481842474242,-0.568492447117301,0.610886611910985,-0.555358649484958,-2.308184117407,-1.6714679278342,2.69378515600692,-0.754516140539977,-1.8099432898858,0.343211959215012,-0.563245098455013,0.0129096121891399,-0.0114522631118001,0.149750537488899,-1.6921433389186,0.259788203725901,-1.4323551351927,0.579999999999984,0.129999999999995
1995-02-01,1995,2,0.465060454292029,-0.0997692069919935,0.00014728753942069,0.268174872252398,-0.016179141266971,-0.528919591009796,1.886711203272,2.42225792843499,0.686480570626003,-1.9111431406932,10.0862652399956,-2.84666343803499,-1.9042849359958,2.22647802541599,2.41755827046404,-0.0544112221895698,-0.000775311253829791,0.6616227644207,3.5400022133584,-0.3444664801149,3.1955357332435,0.490000000000009,0.25
1995-03-01,1995,3,0.370940719822954,0.141939329015997,0.00011147641330592,0.3533475392518,0.012240740330193,0.189879285285201,2.40067625403498,2.20905737048901,-2.76125386914399,-0.2494896806501,6.9223122169933,-4.07729904512601,0.343373373380501,1.93764575280596,2.20757581043597,-0.0808632621645398,-0.0581419056841401,0.558627342375301,1.9089082300126,0.461548941176002,2.3704571711886,0.46999999999997,0.189999999999998
1995-04-01,1995,4,1.12599868308502,0.552911049207978,0.00014244006274344,0.442254246392,0.005600365757508,0.6379047839443,5.01623081656703,4.98968274032796,-3.77185825694701,0.319704066161499,-10.1651473419915,-4.147080868584,0.705807211134797,4.40339248877001,5.00550341108601,-0.0903529411001305,-0.0827596527107199,-0.6714601123471,0.761325756610304,0.628658998555,1.3899847551654,0.470000000000027,0.140000000000043
1995-05-01,1995,5,0.78537186199901,0.453556094182034,0.00014945757610507,0.390166995381001,0.00636790174743596,-0.0611613708698044,3.14608635855097,3.765961675163,-3.069086493497,-0.448812191459599,-14.6393017020018,-3.815576656259,-0.353966225676899,3.296294199626,3.77534513034601,-0.07810263632707,-0.0710381532939399,-1.33110833297703,0.841336128544697,-0.140824385892003,0.700511742652601,-0.0900000000000318,-0.0100000000000477
1995-06-01,1995,6,0.862346212088994,0.751820844847998,0.00023639470888218,0.823794651971998,0.0194934614880871,0.177980670722199,4.60385679159805,4.38234498197801,-4.303655774178,-2.0603979244499,-11.3157644010062,-3.183906148989,-1.9708421976018,4.84064635371601,4.38748779009796,-0.0405884450262497,-0.0611157424441502,-1.04766237047425,-1.0301938983409,-0.231646753998,-1.2618406523389,-0.849999999999966,0.0800000000000409
1995-07-01,1995,7,0.276271403145017,0.394088765478955,0.000200856585449201,0.946500473505502,0.00605896618474999,-0.225079324451499,2.37908500379297,1.30467509149804,-1.91783131877401,-2.1666599048449,1.67392274500162,-1.646953759094,-2.6346983369895,2.87994445450403,1.30326214728905,-0.00788151291094019,-0.0147484634894601,-0.281087927822389,-0.738915991824598,-0.502272394919999,-1.2411883867447,-1.59000000000003,0.0999999999999659
1995-08-01,1995,8,-0.105572293976991,0.237451569947041,-6.84572291330052e-06,-0.142641640524502,0.00239627611472493,0.444673516783901,0.174764320582028,-0.236326519024033,0.021053873292999,-0.9827908983425,4.47755484200025,1.71421714740899,-1.5117354528755,-0.420007005193042,-0.233023544104014,0.0207026788789402,0.0013975687536103,0.511644211337218,-2.222107828649,0.598074300695099,-1.6240335279538,-1.25,0.220000000000027
1995-09-01,1995,9,-0.750113519654008,-0.680139464019021,-0.000352001382042,-1.193763251129,-0.020392126405292,0.3856000087128,-4.04504394746903,-3.97663106498601,2.68199418419999,0.962895708299101,9.9389060800022,4.71834576982403,1.227208384983,-5.13267984416399,-3.967925791798,0.0552552711131398,0.0410811116987397,1.09869982324215,-1.7720389089401,1.0963411698829,-0.675697739057203,0.300000000000011,0.420000000000016
1995-10-01,1995,10,-0.986829013043007,-0.938490703192997,-0.000363893807768731,-1.3799585727757,-0.00833380672032802,-1.081532757776,-6.69079462600297,-5.15155121938699,7.31242448033601,3.7204383890236,4.89245829700667,6.30578858913498,3.7878268352442,-6.48121146347097,-5.15537321468804,0.11187936549548,0.1244425150627,0.7625617908169,1.0740243374216,-0.213405157833002,0.8606191795886,1.35000000000002,0.229999999999961
1995-11-01,1995,11,-1.16993992347301,-0.33345071164598,-0.0003096358147018,-0.647314556932301,-0.000107543417600997,0.450159986008096,-5.85684227359502,-5.80253251091301,4.03402252768299,4.2503914661922,-2.98329900800309,5.40675144642202,4.2821082221719,-5.36808409458502,-5.81223021691,0.11574919730287,0.0869200433666899,0.293131735244399,-1.34101216275931,-0.498455885007001,-1.8394680477663,1.33999999999997,0.139999999999986
1995-12-01,1995,12,-0.874275904743001,-0.511776402754037,-8.8862972974519e-05,-0.131120972772401,-0.0108819950384179,0.932340292216701,-2.66944842089401,-3.76767512497099,0.580519016175998,0.5004022444922,3.77680849000171,2.60203103071396,0.648551670674699,-2.73639195155403,-3.78197110293098,0.0619956597676694,0.0312729944771899,-0.2757126930128,-1.8733625883555,0.0526475527000017,-1.8207150356554,0.889999999999986,0.170000000000016
1996-01-01,1996,1,-0.246814783805007,0.0223867600280414,4.68154916802594e-05,-0.0367599152958,0.00231741282880393,-0.254378873235602,-0.97625596267801,-0.988307208582967,0.328392673537024,-1.6325418498401,17.9328581049922,-0.526167272841974,-2.1237606349159,-0.484536226950013,-0.999064156480017,-0.000827069095310051,0.00724026115116994,-0.0644843327113005,0.363341161303204,-0.502476683625002,-0.139135522321901,0.490000000000009,0.0300000000000296
1996-02-01,1996,2,0.443040322631987,0.167725215637972,0.00015687695224146,0.367616189518202,0.003095884162576,-1.0404540900146,1.50799928568699,2.22850333493,0.399402752923976,-1.6405937218062,1.6945876480022,-2.881452148238,-1.6998909230675,2.05033533872,2.22884655032101,-0.0641307190557594,-0.0144412404062697,0.694820315497999,3.2215576999007,-0.541992837641999,2.6795648622587,0.360000000000014,0.0999999999999659
1996-03-01,1996,3,0.62225268787904,0.215445403849003,0.000189367058566,0.556441760545798,0.000414571807946018,0.874701201766705,3.84531046723004,2.78821221029295,-3.35739172569299,-0.286761953899003,1.16039744000591,-4.266815578777,0.413293865216495,3.03544450359203,2.78714518726798,-0.0844971128353205,-0.06758237201554,0.500756988535501,1.6094796721995,0.808798940613002,2.4182786128125,0.319999999999993,0.0699999999999932
1996-04-01,1996,4,0.926546931917983,0.0755053299529891,9.48863149413913e-05,0.2720613952634,0.00784033929746797,-0.7689253066509,2.38460910171898,4.085489452898,-0.327585498806997,1.0771219557805,-15.8093422090024,-3.907781976569,1.2431292365019,3.19971166681398,4.09427624686401,-0.0926665729575595,-0.04378240895318,-0.508033585910201,3.7462037584834,-0.806315771129,2.9398879873544,0.319999999999993,0.0200000000000387
1996-05-01,1996,5,0.86651890871002,0.424531586697015,0.000199585305153339,0.471662290319003,-0.000582481539229018,0.918070697706995,5.05431340825203,4.547939067627,-5.58787961108499,-0.624306405222899,-4.67110898099781,-4.061854281275,-0.0303923060442983,4.22307160680799,4.56138922849902,-0.0743183572479902,-0.0940018574224504,-1.2468569711887,-0.932111230631399,0.844691962316098,-0.0874192683152977,0.150000000000034,0.259999999999991
1996-06-01,1996,6,0.722688304965004,0.757535359470012,0.0001734262335579,0.866304185021598,0.019142018343232,-0.235628537630099,4.22978853609897,3.51597830975101,-4.85937260992,-2.6074394899815,-10.3106060970022,-3.26621302802101,-2.6878695324927,4.20922635638999,3.51791342366397,-0.05127653531274,-0.0765229586492997,-1.24093251822487,-1.6735896244102,0.0224972936218997,-1.6510923307883,-0.410000000000025,0.550000000000011
1996-07-01,1996,7,0.374935807376971,0.422623312404994,0.000110030833373902,0.329181165118502,0.00383162944335103,0.227631734758297,1.95223830798301,1.84415318753503,-1.11190742952402,-2.2234852331458,2.70393678999972,-1.238034424652,-2.8313994466559,2.18445713255704,1.84383568238002,0.00312491738618981,-0.00102214002087031,-0.331852671596891,-0.481787218382102,-0.232536329728998,-0.714323548111199,-1.31,0.370000000000005
1996-08-01,1996,8,-0.00178834379397586,-0.121764321030014,-7.67677710801148e-07,-0.0944466121723018,-0.012936723126549,-0.930722333647296,-0.346586264685016,-0.278941444417001,1.65555735251502,-1.1860712931814,-1.73836360599671,1.79036199302701,-1.7598557559468,-0.318892134007001,-0.277864055248017,0.0259454936500401,0.0303973075084101,0.546480423523141,-0.708589103277397,-0.0266167415091019,-0.7352058447864,-1.5,-0.0300000000000296
1996-09-01,1996,9,-0.819925888688033,-0.479668392866017,-0.00032064524801354,-1.2224607271147,-0.00125317923885293,0.0413595396374973,-4.90372348167699,-3.93560915154802,4.19289671954698,1.1475138424591,-0.63416544800566,4.83280280878702,1.0685795644073,-5.17559621243402,-3.92540214088996,0.0574953581992501,0.0583431595434303,1.10685687201342,-0.718840367291804,0.2820797414151,-0.436760625876701,-0.370000000000005,-0.259999999999991
1996-10-01,1996,10,-1.17867993425898,-0.739262693527962,-0.000324856799287839,-0.915428515862999,-0.011259755254389,0.261610666830705,-5.55136695752998,-5.94234809939201,3.71390839466002,3.6244869776197,12.385977457001,5.928484445995,3.9682452945376,-6.15930422095198,-5.94599732227601,0.10147983760955,0.0723297007553598,0.829303059059999,-1.87081773441709,0.604288040538002,-1.2665296938791,0.970000000000027,-0.160000000000025
1996-11-01,1996,11,-0.893476553105984,-0.488519653720004,-0.000276439743859901,-0.780390036511001,-0.00430548379953999,0.0906429573525998,-5.49985524555501,-4.58572785725596,5.952413881203,3.7023202771376,5.00530505299685,5.43090668257898,3.6965632295831,-4.80254806572702,-4.59856912521502,0.11426500359243,0.11295943457351,-0.056378522838699,0.515750151069497,-0.710148447787002,-0.194398296717498,1.10999999999996,-0.0699999999999932
1996-12-01,1996,12,-0.692273698636029,-0.258301927791024,-6.623257583834e-05,-0.0504310980465981,0.00607164141469696,0.231985628004296,-2.55092879252197,-2.89114819395701,1.90100221280599,0.429242073056503,-2.19484391799779,2.59685845106299,0.000803324775695557,-1.98712530571999,-2.89599626929601,0.0592903853067002,0.0438801319380198,-0.5373119178174,-1.1242949865378,-0.568651562141,-1.6929465486788,0.850000000000023,0.110000000000014
1997-01-01,1997,1,-0.319096469901979,-0.000667704265993052,6.76267714528091e-05,0.2611599448914,-0.00782962889599692,0.238544332355502,-0.56549931409802,-1.18640420468301,-0.993338429331999,-1.4176363968607,3.56226940600027,-0.828815850185947,-1.4198366009828,-0.252610252677982,-1.20318914815999,0.00203324610008959,-0.00613618827715978,0.320031036036399,-0.166722783268099,-0.329674004896997,-0.4963967881651,0.639999999999986,0.149999999999977
1997-02-01,1997,2,0.285564502810985,0.186223385692017,0.000161873431536681,0.3675007669449,0.0110317625879219,-1.1525086285633,0.669279145522012,1.23423577626801,-0.471166930880997,-1.6603802130847,3.40925080499437,-2.75443575542002,-1.7656852893957,1.42139773793195,1.234891588035,-0.0621737247828094,-0.0280877572248199,0.5859639371303,2.177963748228,-0.751462780643003,1.426500967585,0.350000000000023,0.110000000000014
1997-03-01,1997,3,0.847796066195997,-0.0705261918379847,0.000149876072151339,0.2528534021084,-0.019671285444836,0.126331579977503,3.87791382423001,4.13942803295902,-2.39828773027301,-0.571409424835,-9.66218228198704,-4.17919499110201,0.018839968500501,3.34117779804103,4.14340003730899,-0.0869324146079506,-0.0579681288372602,0.452936196614701,2.3711566541645,0.540708030539001,2.9118646847035,0.399999999999977,0.160000000000025
1997-04-01,1997,4,0.773258363650996,0.0365860937519642,5.27142134566505e-05,0.3433652558967,0.0154597275217701,0.541816806194902,3.60093090147399,3.724803883942,-3.220971470096,0.2966394209691,-0.735603225009982,-4.17461610104999,1.0278375548492,3.06568991805096,3.72981635970501,-0.0925927042856998,-0.0737752792101198,-0.5908389730966,1.6848427648341,0.540253459186001,2.2250962240201,0.480000000000018,0.199999999999989
1997-05-01,1997,5,1.00180251606298,0.704807899866012,0.000280958665566889,0.6560984434707,0.011720920142126,0.654721851822401,5.20485701303699,4.81668125541199,-2.804707459691,0.231250958736098,-8.69346110199695,-3.959594638471,0.119763815346097,4.84816784920901,4.82986126777104,-0.0716373530371199,-0.0562358534638099,-1.2263784022262,1.04340003539,0.369869176186999,1.413269211577,0,0.120000000000005
1997-06-01,1997,6,0.893614193908036,0.608774369579976,0.000182763034406052,0.6767195031447,0.00513400339019199,-0.843666354250701,3.983004131271,4.427422918812,-3.14220904314499,-2.2836028328195,-17.368518340998,-3.103408737374,-2.5400965789246,4.70820891247001,4.43212048707198,-0.0454995981924302,-0.0506706325288504,-1.18948600502142,-0.295294051876098,-0.720507212939001,-1.0158012648151,-0.910000000000025,0.0299999999999727
1997-07-01,1997,7,0.116794626202989,0.684296102396047,0.000211880035483799,0.991109144724099,0.00567656569873498,0.0316045188760938,2.17758500727803,0.955530706140962,-2.84070816236201,-2.2689470384181,17.3820875669917,-1.65538609601199,-2.8500209333923,2.26722526647399,0.950529145400992,-0.0124466841004298,-0.03235777366642,-0.32572965241083,-1.7663959613242,-0.094641819935898,-1.8610377812601,-1.64999999999998,0
1997-08-01,1997,8,-0.0897069634249874,-0.175520165677028,-3.50976524597993e-05,-0.265048330170501,-0.013539052436929,0.109423475703807,-0.421198044085997,-0.376470046666952,0.661622227809005,-1.1759441034581,3.61943897001038,1.780384786421,-1.5554022142734,-0.734556427663961,-0.369055081202021,0.0277831733282099,0.0170002983716602,0.584120807460319,-1.4982206694273,0.320773349042899,-1.1774473203844,-1.51999999999998,-0.0600000000000023
1997-09-01,1997,9,-0.529975802642014,-0.764948804166011,-0.000274995916518901,-0.964673998812398,-0.00843789030977904,-0.806975529977102,-4.20696344434003,-2.67633593813605,5.05586107317299,1.1908080699297,2.60794475999137,4.77725609780799,1.1342915669154,-3.910688409329,-2.66732687533096,0.0689005235627902,0.07923100134379,1.07601116674673,0.222088472350706,-0.287265972206001,-0.0651774998552987,-0.00999999999999091,0.110000000000014
1997-10-01,1997,10,-0.98694432796799,-0.566781946212984,-0.00030742891663427,-0.858533323720202,-0.00795548069537599,0.961231551019601,-4.55508153379498,-5.140459449937,3.587749585392,3.7741140831392,13.3356358780002,5.86741485025499,4.1198861159197,-5.328548518594,-5.14623993317304,0.10743348538354,0.07492798407075,0.771915239412799,-1.9338932320825,0.767686501563002,-1.1662067305195,1.52999999999997,0.400000000000034
1997-11-01,1997,11,-1.06274065867001,-0.43598287207999,-0.000189148139073539,-0.503972788999999,-0.00206764227218603,-0.2991318650975,-5.391676969331,-5.32047849436799,5.377181192954,3.7356045656329,5.08129778700822,5.19186460246502,3.8906965602704,-4.71266340373802,-5.33065224354101,0.11176325869417,0.10723731223875,0.0197208566600011,0.340408585126504,-0.689187314766002,-0.348778729639498,1.68000000000001,0.489999999999952
1997-12-01,1997,12,-0.76579072420202,-0.0186651174830104,-2.50882727674019e-06,-0.00769883051669851,0.01180851223166,1.51277609367339,-2.026899804859,-3.443814303826,-0.108517343233984,0.332032022177803,-5.5319737480022,2.66413225205997,0.389060202377898,-2.31258177765397,-3.45546169467997,0.0642282467603295,0.0206629421609801,-0.436920012344101,-2.7156214150939,0.274034581941002,-2.4415868331529,1.06999999999999,0.32000000000005
1998-01-01,1998,1,-0.323200560109001,0.374821703147006,5.17833240991691e-05,0.167224594474,9.83346487409831e-05,0.307101264546503,-0.456837896638035,-1.28455811640299,-1.591270668492,-1.8069764055983,20.3620424940018,-0.655300490094987,-2.0776350123829,-0.359652637905015,-1.29914413042502,0.00412826809040023,-0.0114943624259101,0.112676527057101,-1.2066287851816,-0.111771272755,-1.3184000579366,0.5,0.0399999999999636
1998-02-01,1998,2,0.478923667887045,0.289706728114993,0.0001366976438959,0.210680322021798,-0.004280252551768,-0.835716921144403,2.17409495944503,2.500049290128,-1.84132348167901,-1.9170644857717,-8.97021062600834,-2.89567020699198,-1.7166322892259,2.30304626783197,2.50018382987599,-0.0669019440912404,-0.04860704221828,0.717111932920501,1.25477892185879,-0.128816768639002,1.1259621532198,0.28000000000003,0.0500000000000114
1998-03-01,1998,3,0.498634184622006,-0.133911302847991,5.17844886915707e-05,0.221910295517901,0.000779811854310086,0.371162401918404,2.14801358894698,2.25397421516698,-1.87252436766099,0.0597577347284997,15.1554325220059,-4.08777097384501,0.395281357123601,1.65229570481199,2.256726793018,-0.0939313582105195,-0.0580400685992899,0.558655855841598,2.5507702285791,0.498470461986003,3.0492406905651,0.45999999999998,0.230000000000018
1998-04-01,1998,4,1.166426934453,0.582815533993994,0.000238432428335111,0.713677581324301,3.21858460780033e-05,-0.759555921372005,5.00082099397804,5.37973969002002,-1.544648591981,0.7501491274455,-16.9975057690026,-4.37738016476101,0.899519750342904,5.37182031671603,5.39168489855302,-0.10431769493777,-0.0621675407484998,-0.5906264363026,2.9821021956774,-0.359054114205001,2.6230480814725,0.649999999999977,0.370000000000005
1998-05-01,1998,5,0.988922244860987,0.472895966307988,0.000151912715258599,0.476616168200497,0.00938633657598198,0.284824974911601,3.95046832837295,4.62834371660102,-2.751765605397,-0.238126263488699,-16.5597662469954,-3.836243285027,-0.0482498767815045,3.76684602104899,4.645607950277,-0.0795126525134,-0.06283823264702,-1.2788288637343,1.2743540663372,0.200886540999999,1.4752406073371,0.28000000000003,0.419999999999959
1998-06-01,1998,6,0.721008872237007,0.538821498268021,0.0001337731298943,0.488248163391802,0.011051481896436,-0.2617813846798,4.02630569388702,3.564852275752,-4.763468226448,-2.8797670809182,0.770495253993431,-3.21822332751401,-3.0084353560128,3.932117331874,3.56577949013297,-0.0435476865700304,-0.0687761737049901,-1.32254649731348,-1.67391317402861,0.0951155763940008,-1.5787975976346,-0.600000000000023,0.340000000000032
1998-07-01,1998,7,0.23591266096696,0.34482043915699,0.000190683684943599,0.864481585786599,-0.00113644307721006,0.0690261959789993,2.49226803112202,1.44884415026297,-1.59205861589501,-1.9511004393827,8.54709699300292,-1.59115643374398,-2.5382064787702,2.79292102921102,1.44647870739504,-0.00551681216112998,-0.0110863767307499,-0.23565834946419,-0.588008221538495,-0.303018440956901,-0.891026662495502,-1.43000000000001,0.199999999999989
1998-08-01,1998,8,-0.0977325636729915,-0.126630734398987,2.47355179506005e-05,-0.2650683689019,0.00166031389411603,-0.497955628169798,-0.785213648355011,-0.626587822119006,1.36355349863899,-1.2991766202427,-2.3435037570016,1.84337549502598,-1.5743400503909,-0.808946323659995,-0.628605055484002,0.0240908910566202,0.02304376452406,0.567416781650559,-0.754985426535207,0.0217154419399002,-0.7332699845952,-1.03999999999996,0.399999999999977
1998-09-01,1998,9,-0.881190486681987,-0.635213031992009,-0.000381872215802799,-1.3317700248555,-0.012713641987142,0.807857891069403,-4.53336876288103,-4.49095807997799,2.13007750414502,1.1964473288172,8.13254772599612,4.85537613824002,1.3789238719397,-5.72454831053403,-4.486526536979,0.0660878324956498,0.04141404515474,1.09748019527691,-2.5428220909725,1.195611090652,-1.3472110003205,0.239999999999952,0.340000000000032
1998-10-01,1998,10,-1.10875131554599,-0.727969642935989,-0.000326649766653461,-0.9988620881619,0.000838138782237929,-1.1270750508824,-6.94262147348996,-5.89272866053898,7.24769035406098,4.4579075273089,-5.23344453499885,6.08698305628999,4.4372572640214,-6.07322647284695,-5.889139360434,0.11460385107462,0.12401728453155,1.0184796498412,1.1400570344835,-0.865805700538001,0.2742513339455,1.31,0.169999999999959
1998-11-01,1998,11,-1.05585880476804,-0.585769091480017,-0.000216383408583438,-0.108767192169402,0.015492556815848,0.805015811766502,-4.50534174413303,-5.301303734523,2.52376128273201,3.6215590035011,-14.1231546889903,5.02086460004401,3.9177180577633,-4.25555881322504,-5.31213382798103,0.118832225827791,0.07642857267536,-0.0208233007448992,-2.2009442630498,-0.260613024365998,-2.4615572874159,1.26000000000005,0.07000000000005
1998-12-01,1998,12,-0.552035819137984,0.00966811466997797,-8.64023150741709e-05,-0.1454387613854,0.00932153858587303,0.767597862437597,-1.68013752906597,-2.72968632216003,0.423733807578003,0.0498828650327994,1.76281877300062,2.65413605734201,-0.0142628747939,-2.02345759725699,-2.73354455902398,0.0634632222131195,0.0272056666672102,-0.572620786063101,-2.2945479895907,0.3394618313271,-1.9550861582636,0.870000000000005,0.120000000000005
1999-01-01,1999,1,-0.356940140434972,-0.193550679574003,1.920521792282e-05,0.00914611512510177,-0.013001511034454,-0.511283619393801,-1.62532230730801,-1.21453414350498,0.832874322049008,-1.7066697813348,19.2320523999952,-0.531883929249034,-2.1250959347089,-0.860257665957988,-1.23062070002203,-0.00378156449276013,0.01118385947581,0.0716795375599002,0.9463320979239,-0.7811511978671,0.1651809000569,0.639999999999986,0.20999999999998
1999-02-01,1999,2,0.477988904592962,0.090194706074044,0.000136185656985231,0.472967921848298,0.00739603196136096,-0.376243152478295,2.27343161243698,2.39058993516397,-0.716339638631013,-1.9667846877636,-2.57156040899281,-2.96743179264598,-1.9050100648778,2.54186735751898,2.38462505845001,-0.0609042908239292,-0.0255810484868002,0.684613097782801,2.3128667769008,-0.274400621796001,2.0384661551048,0.399999999999977,0.189999999999998
1999-03-01,1999,3,0.320655067176006,-0.300175907365031,0.000108200368837859,0.243521828464001,-0.013435408588894,-0.421480273110298,1.27934396293,1.82129381831101,-0.334983926787999,0.376393488200101,10.9199699169985,-3.98649073527901,0.578453882621403,1.51018076077901,1.81831258992798,-0.0862605869607806,-0.0306758215195297,0.6103233494736,3.85356720291229,-0.233818026232001,3.6197491766803,0.389999999999986,0.149999999999977
1999-04-01,1999,4,0.961365160493983,0.276101331440998,7.88255285648007e-05,0.1447433891332,-0.00725580852574592,-0.493637585766606,3.87563654000303,4.31455364213804,-2.99253593137701,0.425806526576899,-11.5465002320125,-4.100709976118,0.9328865569152,3.02492622069803,4.34475919041301,-0.10204070676513,-0.08206341703174,-0.609872011150701,1.6152540750793,0.880915867580001,2.4961699426592,0.390000000000043,0.129999999999995
1999-05-01,1999,5,0.917841150209028,0.477144608967023,6.97901381642302e-05,0.123965492380599,0.012612155106042,0.300737128250802,3.99842251641201,4.46477270992096,-3.418954027372,-0.1628802597386,-16.5247719179897,-3.721432152707,-0.0105236999955025,3.55807363914698,4.49300458658104,-0.0785448726949602,-0.0726507776666203,-1.2296954167827,0.454834685078104,0.468580753925099,0.923415439003199,-0.0800000000000409,0.0500000000000114
1999-06-01,1999,6,0.841432439159007,0.538567259869012,0.00015173517570773,0.591566706649601,-0.00375760322226404,-0.524151932753298,3.41872877182095,4.07203698090399,-2.968476140853,-2.0924689746753,-9.73683028900996,-3.09603428181401,-2.2888941436448,4.14267151028099,4.07445349589,-0.0401639646158296,-0.0438518783059698,-1.14892582297942,-0.0688670280085049,-0.7215262234741,-0.790393251482501,-0.849999999999966,0.0900000000000318
1999-07-01,1999,7,0.304563146586986,0.769146487927003,0.000260438947660301,1.1646913859881,0.019090051392055,1.2295745185465,4.421044581996,1.68448530422904,-5.10534688817,-2.8259480844533,-1.9727093459951,-1.90621614211599,-3.1214289187698,3.67452051208301,1.66376626693796,-0.0113613416464502,-0.0580269195843099,-0.4176099571837,-3.4946115803705,0.725805032621903,-2.7688065477486,-1.67000000000002,-0.0500000000000114
1999-08-01,1999,8,-0.156104473441985,-0.222817134300044,-5.09538224585e-05,-0.3873921830432,-0.012619713871092,-0.636749900071102,-1.40996718758299,-0.884847834996037,1.72204367281799,-1.2005148523868,-9.80995365499984,1.877636982664,-1.5855079528285,-1.36548342867303,-0.891410520796001,0.02862590242772,0.03062575373289,0.533117183644579,-0.540586410287702,-0.0510464447099004,-0.591632854997599,-1.36000000000001,0.0399999999999636
1999-09-01,1999,9,-0.635450977878008,-0.574887105389962,-0.0002592635842133,-0.950155457802101,-0.00344759236482706,-0.107795006845798,-3.749473199097,-3.11891676591296,3.72803497082,1.0823907652666,9.98493501999474,4.61916906717698,0.977208218772002,-4.19780958801698,-3.11291917070196,0.0599481591079098,0.0572243781019801,0.98826565453534,-0.996316642851596,0.454333984131001,-0.541982658720599,0.110000000000014,0.210000000000036
1999-10-01,1999,10,-1.06981141234303,-0.665516043855007,-0.000332119225656761,-1.0083427611598,-0.006304962884775,0.129562156959899,-5.735652064448,-5.61468166767003,4.344524464042,3.7846048150179,3.66650365100941,5.93775701877601,4.202542848949,-6.03822954879001,-5.62877163207401,0.10914509618287,0.0867079171085998,0.8497931227558,-1.1752945208029,0.288487519937998,-0.886807000864902,1.31,0.189999999999998
1999-11-01,1999,11,-1.11571838915296,-0.525369575466016,-0.000278771308412759,-0.773221285851999,-0.0110281156826689,0.475567926088502,-5.801375047021,-5.46655803290798,4.711621435561,3.8631939722993,4.00291432399536,5.43519749157201,3.9686697669616,-5.51129376743796,-5.48543468080601,0.11701105036646,0.10096857037181,-0.0617721104406002,-0.618100261348701,-0.308957927481,-0.9270581888298,1.29000000000002,0.089999999999975
1999-12-01,1999,12,-0.593204148227017,-0.101540281528003,-6.41032446209097e-05,-0.157237852685601,0.00449665726924298,0.4462139241705,-2.01686045311999,-2.81762799545504,0.374298558618023,0.295325436953302,5.33655349499895,2.80167525330299,0.267566902955899,-2.12485783979702,-2.84825523866601,0.0636358707646103,0.0239079288145501,-0.5460493733931,-2.4551352286824,0.0773701434659984,-2.3777650852163,0.839999999999975,0.0800000000000409
2000-01-01,2000,1,-0.365687652424015,-0.261291230852976,2.80217496027597e-05,-0.0733209556246983,-0.00141521090874097,-0.140042643306401,-1.324449710652,-1.098102167577,0.741110485855984,-1.7922846456337,4.98757576700882,-0.710282480958028,-2.3435385545568,-0.784639676891004,-1.06314608905899,-0.00752446819031061,0.0090421226678199,0.1250166415163,0.900139057890897,-0.504853955243,0.3952851026479,0.509999999999991,0.120000000000005
2000-02-01,2000,2,0.50096939928801,0.368910919348991,0.00024242838553867,0.655335921481097,0.009811100421936,-0.460611043576101,2.30280620493102,1.91879231440402,-1.19125340191999,-1.9996691684852,0.548346058989409,-3.02706704145697,-1.8450165122524,2.89666514245101,1.91056738555602,-0.0646000632675099,-0.0375063801139501,0.684905299106299,1.9904662957698,-0.602083866367998,1.3883824294018,0.259999999999991,0.0399999999999636
2000-03-01,2000,3,0.616515645464006,0.0699497814969732,0.00010775635315303,0.186012805910103,-0.00593621055735705,-0.862077217816797,2.34383265717901,3.19892837779702,-0.425593030596985,-0.279853093350997,6.46309295701212,-4.07303971871301,-0.0419090455633011,2.35184289080797,3.20857320056695,-0.0891412704045695,-0.0339196141396498,0.505632764675299,3.88539073590371,0.00163458914099834,3.8870253250447,0.32000000000005,0.0600000000000023
2000-04-01,2000,4,1.04991085175698,0.212916357478036,0.000182130899278991,0.689991542988,0.00890542831944396,0.942184617291801,5.20138120896996,5.118192176717,-3.08159877641501,0.775196173261797,-5.63516305800295,-4.37331949814899,1.3266603847725,4.81236992696904,5.14219185612603,-0.0958164543300102,-0.0733000721264103,-0.4044420451714,1.8431849332447,0.413010961409903,2.2561958946546,0.379999999999995,0.100000000000023
2000-05-01,2000,5,0.747746493655029,0.591191327508966,9.00022634745604e-05,0.266791261993898,-0.00131553109173299,0.671461760956497,4.196481054434,3.57846146686296,-4.72383026906002,0.3094947233303,-14.7516836170107,-3.658900809165,0.7317979256092,3.23946025910698,3.60201208306501,-0.0671231310558298,-0.0818370600370497,-1.0442764841346,-0.642626257616101,0.980571411529098,0.337945153913001,-0.110000000000014,0.0500000000000114
2000-06-01,2000,6,0.715222193773968,0.751721578832019,0.000106585444146819,0.458446652327201,0.005504796895761,-1.260058063231,2.54560660580302,3.42018385173105,-2.347945875394,-1.9823431913545,-4.59311236599751,-2.942160870121,-2.3834643736718,3.53937605164498,3.43041060166996,-0.04172222505305,-0.04042946307333,-1.15358513429705,0.1930938124097,-0.983542695903001,-0.790448883493301,-0.930000000000007,0.0599999999999454
2000-07-01,2000,7,0.291998833352011,0.139380784737,0.000119364211906999,0.635655827604499,-0.00362447862960802,0.496780752619401,2.324380446558,1.80559733048699,-2.174961702709,-2.5798502447257,5.66069955800776,-1.54918904659002,-3.1685610119768,2.43132908452901,1.76979751422903,-0.00852479685348007,-0.0190261340426603,-0.396717026050041,-1.2144834233701,-0.142748454228997,-1.3572318775991,-1.39999999999998,0.270000000000039
2000-08-01,2000,8,-0.0946867476739612,-0.124623560132989,6.16523151737002e-05,0.0109173197874028,0.00398064377678509,-0.741835705981501,-0.704173513754995,-0.428478119164993,1.615068758136,-1.1123342904861,1.63222697499441,1.688144178995,-1.5900990993339,-0.369858035136986,-0.431650892381015,0.0264271365073201,0.0292053096823301,0.61332042885499,-0.5508402297068,-0.337488251834102,-0.888328481540803,-1.15000000000003,0.20999999999998
2000-09-01,2000,9,-0.642316301937001,-0.501505418556007,-0.000295290644961949,-1.083094716155,-0.0103905160343231,0.126741744537597,-3.89792345395199,-3.36213985950604,3.457989414011,1.214639023707,-1.68559872900369,4.77202238694301,1.3139698882566,-4.577632831443,-3.365585040761,0.06792797087867,0.0582445601547699,1.0517063687541,-1.2147021083824,0.676264196236101,-0.538437912146399,-0.0500000000000114,-0.00999999999999091
2000-10-01,2000,10,-1.17333948708801,-0.608321543889019,-0.000279367298356391,-0.735677597596698,0.00676790168353003,1.4962026566477,-4.75478063054402,-5.90869710291497,2.69192602918002,3.6415879800142,16.820637872006,5.81230702541799,4.1264029876592,-5.67379930276803,-5.91310852107097,0.10539270729069,0.0632834418000403,0.7511112686239,-2.635565988593,0.914607254067999,-1.7209587345249,1.20000000000005,0.0600000000000023
2000-11-01,2000,11,-1.02574070182999,-0.516036361326996,-0.000219204703985849,-0.715737265001099,-0.00846079119973597,0.0918506913167008,-5.49350174422597,-5.12153193851003,5.01788929292198,3.8528891783633,0.120057081992854,5.26405822055901,4.0324700118639,-4.89572407256497,-5.13867268721299,0.11169903785892,0.10103404800819,0.0200605492312,-0.0665880941363994,-0.6149184203639,-0.681506514500398,1.36999999999995,0.129999999999995
2000-12-01,2000,12,-0.663277304068004,-0.100276180838989,-3.8079517457941e-05,-0.256339521394203,5.4552081147019e-05,-0.625151737865998,-3.67954584695502,-3.14114461968995,3.698076047093,0.742294471796601,1.97603595400869,2.836206986175,0.152430854212504,-2.56338492445701,-3.13671488087505,0.0681597570493997,0.06957699102851,-0.520390542649601,0.272005443333903,-1.1117311836831,-0.839725740349301,0.82000000000005,0.100000000000023
2001-01-01,2001,1,-0.0238667337899869,0.129989441024975,4.76955969777298e-05,0.210381636820703,-0.00425348379220902,-0.5100452481011,0.195623135913024,0.174150645750956,0.440599579358008,-2.1007178202756,-2.48317736800527,-0.797236816905979,-2.2775934469297,0.429609438690989,0.166862307726035,-0.00791613474954023,0.00952494164874995,0.0449951261460999,1.0609607696099,-0.241274640802903,0.819686128807,0.589999999999975,0.25
2001-02-01,2001,2,0.125735328485973,0.211867321803027,0.00018644662329668,0.673214306494199,0.0111123177015769,1.0955424525059,1.83245199820499,0.765871343949016,-4.65189907662401,-2.2852079980703,15.0181900309981,-3.11659692400102,-2.0209160920951,1.71050410690304,0.759595211166982,-0.0531949484546095,-0.0734547144150097,0.6349832725429,-1.2710102466478,0.115671758519902,-1.1553384881278,0.490000000000009,0.239999999999952
2001-03-01,2001,3,0.803604409543027,-0.0041982018549902,0.00016180667522094,0.406691932699999,-0.000508808674169026,-0.322265003421599,3.73853774586399,3.94966417824003,-1.34140779543,-0.2894086203396,-3.94326155100134,-4.22680431274699,0.220614712536999,3.52190085802897,3.96456937535999,-0.0998244978249403,-0.05278484898004,0.600608719666599,3.3954198501936,0.231542084954999,3.6269619351485,0.399999999999977,0.140000000000043
2001-04-01,2001,4,0.924280571569,0.397203574986008,9.3060035949841e-05,0.2778916668268,0.00772564911687301,0.734737451895903,4.53951296508399,4.33973663079496,-3.40211051245799,0.789582022535701,-8.05669408499671,-4.066717692937,1.1882306426292,3.559112258553,4.36711813548601,-0.10600270648189,-0.0902381116894202,-0.538128183075699,1.0632558005725,1.007782211222,2.0710380117946,0.319999999999993,0.0399999999999636
2001-05-01,2001,5,1.02517373049199,0.490205647962,0.000106407350195639,0.3607222088906,-0.00521391497321,-0.460091217888504,3.86227424174302,4.93506534869903,-2.42266359192999,0.1858479036033,-18.1038007210009,-3.75642655291401,0.310114506344298,4.13675637461,4.95438755754003,-0.0674054883651198,-0.05053683433876,-1.1605022097813,1.458029563725,-0.255159924026,1.202869639699,-0.139999999999986,0.0300000000000296
2001-06-01,2001,6,0.636494773702964,0.463408151997953,0.000137686988937799,0.547864895274799,0.00784240103408307,-1.1744746115884,2.57642169149398,3.06975046156197,-1.91599765933,-2.028758886204,-10.0705483209895,-2.96543807402099,-2.5095456408379,3.32763931914502,3.07938711047296,-0.0412364916614401,-0.0335360733238899,-1.19879273165615,0.568653660057102,-0.74158097874,-0.172927318682898,-0.930000000000007,0.0600000000000023
2001-07-01,2001,7,0.367550000682002,0.522233857607034,0.000235892438284301,1.0670448060239,0.010412292914044,1.2066042118307,4.04113907136201,2.04458556827103,-4.80819375723601,-2.8678030789261,2.1306056209869,-1.87786292726,-3.1512967804401,3.67545361519097,2.00950213044501,-0.00951243217694975,-0.0530356649033301,-0.402040149790389,-3.21382453149,0.330602018345001,-2.883222513145,-1.38,0.269999999999982
2001-08-01,2001,8,-0.147557530925951,0.190263958361982,3.3810707958699e-05,-0.0428374179751998,0.000734478966760932,-0.318111153943995,-0.139711284739974,-0.604397277225985,0.683708499851008,-1.1672590542088,6.53564126401034,1.65708360003899,-1.497896414399,-0.36182819032598,-0.596984753630011,0.0250470287918199,0.0166434874845001,0.62963700427327,-1.3040124603782,0.229529429181998,-1.0744830311962,-1.13999999999999,0.220000000000027
2001-09-01,2001,9,-0.73570121359802,-0.970920164722997,-0.000319384783157,-1.1597161408039,-0.0134682090484579,0.000716320619297051,-4.61174745906101,-3.89161758400701,3.85220984185,1.0889998736342,-0.737502834002953,4.73419042664901,1.1604252963772,-5.156426098005,-3.89387012555301,0.0630464374291102,0.0613443031435499,1.09021362825207,-0.810555162055998,0.542426097398,-0.268129064658002,0.0500000000000114,0.0999999999999659
2001-10-01,2001,10,-1.02379147843101,-0.374542805394015,-0.000293672328575899,-1.0571941796612,-0.00508132221274205,1.5409547897293,-4.67190457490204,-5.40341940970103,2.315968756751,3.393441017726,-5.31722695799544,5.93458862572299,3.9365058618687,-5.79737510557101,-5.40832190725598,0.10683391580319,0.05762939285336,0.6906546561043,-3.0755550248293,1.120568033114,-1.9549869917153,1.34999999999997,0.220000000000027
2001-11-01,2001,11,-0.883134377198019,-0.515289303344957,-0.00021383739082039,-0.434454066430998,0.00209923905513199,-0.764607858459499,-5.20724655121796,-4.580134648154,5.97066116361199,3.9245815619017,6.83744858999853,5.23709876991799,4.0154238370291,-4.25824105065101,-4.580779681217,0.11276534012391,0.11421124274711,-0.00548864653529968,0.824404668821401,-0.949650533629999,-0.125245864808601,1.35000000000002,0.149999999999977
2001-12-01,2001,12,-0.77388417631397,-0.166691091849998,-3.09903531678802e-05,-0.013260472208902,0.00456105779295402,1.4633341662623,-1.95906255243699,-3.48414146467297,-0.763959491372987,0.203434575754901,6.57461136199709,2.59372524170402,0.324850057544097,-2.295232859387,-3.49554538390703,0.0678631426453897,0.0166668024880599,-0.439318816983199,-3.2362692512878,0.324766387716,-2.9115028635718,0.920000000000016,0.199999999999989
2002-01-01,2002,1,-0.131692180618984,-0.0160097972490121,7.18161821331928e-06,-0.0989665982190999,-0.00960942630935502,-1.019361622899,-0.920172701947024,-0.585049210416003,1.36525340883699,-1.7762063541631,1.69692490999296,-0.712909195831003,-2.3573885007054,-0.309052562299996,-0.593482948054998,-0.00548991834701962,0.0204910717037903,0.0385849735083994,1.4969804581257,-0.619553877286002,0.8774265808397,0.529999999999973,0.100000000000023
2002-02-01,2002,2,0.166754458755975,0.154123483254011,0.000146598018186351,0.28324721605,0.00181348675902104,-0.186713067143401,0.823033077445018,1.20915042730098,-1.53077167335101,-1.9100960105923,8.40496584901121,-2.71820121846901,-1.8599859334371,1.20264184879198,1.20683660808601,-0.0611102826945906,-0.0441888846272103,0.6314367455557,1.2375396222732,-0.381922590561999,0.855617031711201,0.400000000000034,0.089999999999975
2002-03-01,2002,3,0.873931325042975,-0.00318890304504293,0.000181837183527619,0.4545271105941,-0.000333219773874016,-0.409869967693503,3.43846543286998,4.13126152379203,-0.0399352093949972,-0.125490674002599,0.207593718994758,-4.22740668438601,-0.00734647493519702,3.61940462837902,4.13593831509104,-0.0874392722300099,-0.0241414455373796,0.483604876754701,4.3056156740584,-0.17626240421,4.1293532698484,0.46999999999997,0.210000000000036
2002-04-01,2002,4,0.656456672273009,0.337219031415998,2.77872543386001e-05,0.257743063402799,-0.00847719555472304,0.422995741503605,3.85368075033199,3.43336096954397,-3.46020619516199,1.0432552221101,-4.03763436700683,-4.009397076249,1.7108227931761,2.65051421599298,3.444458609028,-0.0946494649460297,-0.0797672812245702,-0.3876725146868,1.216758452153,1.214264173823,2.4310226259761,0.350000000000023,0.0999999999999659
2002-05-01,2002,5,1.11514539282899,0.541965453617024,0.000129723982800081,0.267046937893102,0.00734824664393907,-1.3556339472476,3.03550563512204,4.94504166432,-0.963041491365999,0.2826723969144,-20.0352566249931,-3.553900691808,0.278393179534199,4.12902282356299,4.96135327249499,-0.0691870650646003,-0.0396523462796199,-1.1794186260752,2.5865799830618,-1.0772055802659,1.5093744027958,-0.0200000000000387,0.180000000000007
2002-06-01,2002,6,0.711464803772003,0.715641586900006,0.0001954287106901,0.7114899943568,0.02341241683506,0.603774306510203,4.300390412007,3.75617634334998,-4.42254283474099,-2.7274936304119,-6.02086141100153,-3.25121162522299,-3.0573152520697,4.29112560717402,3.75700251314998,-0.0485510912278198,-0.06692899371098,-1.34717951128801,-1.5011528311758,0.0100909746328988,-1.4910618565428,-0.870000000000005,0.160000000000025
2002-07-01,2002,7,0.253086685732001,0.326701345450999,0.000165615247363499,0.802358513338799,-0.010968173881951,0.170094613394902,2.32141722657798,1.59760285423005,-3.014322699422,-2.0987197459149,5.87518909299979,-1.638608113109,-2.5292814923135,2.73189582129197,1.60336964906998,-0.00411039330178031,-0.0283424562614898,-0.199670484688561,-1.8062763327116,-0.404711799873997,-2.2109881325857,-1.42999999999995,0.240000000000009
2002-08-01,2002,8,-0.205082599918967,-0.139719780565031,-2.91589515503989e-05,-0.0697637505574988,0.00816084489643598,-0.0992359287873015,-0.289996674834015,-1.05550601262303,0.0852447636339946,-1.4915371258784,4.14063226200233,1.589242877629,-1.7352776493626,-0.863562634384948,-1.061623877442,0.0239582081481999,0.00815554836890975,0.523674290009851,-1.74773863747919,0.567448094731898,-1.1802905427473,-1.06,0.349999999999966
2002-09-01,2002,9,-0.572311489228014,-0.626861264450952,-0.0002693010102673,-1.097842783506,-0.012334831641713,-0.681102668914001,-4.45974042695798,-3.13683718382299,5.44403604794599,1.2408105241654,0.892590927993297,4.704979375341,1.1672660208005,-4.34933574524905,-3.133907341488,0.0612637960914202,0.07820778090018,1.09711859347332,0.665512169240095,-0.1074748393739,0.558037329866199,0.319999999999993,0.400000000000034
2002-10-01,2002,10,-1.11174601681898,-0.853926612366024,-0.00026529431555514,-0.868231124531,-0.00925387027441305,-0.106632240710901,-6.06433965852301,-5.73758080245699,6.01556303748302,4.1568719861005,4.74693488101184,5.881596551397,4.3857720279327,-6.036535944874,-5.74182724376698,0.0980840921425101,0.10043878470865,0.9819752802241,0.3628665279182,-0.0320501549589984,0.330816372959198,1.27999999999997,0.149999999999977
2002-11-01,2002,11,-1.07859569927399,-0.336294897366997,-0.00020834736488415,-0.525787097594002,0.015068892215893,1.4487773300059,-3.94954856228202,-5.35849246912602,1.75834751601798,3.7858313812593,-1.94942969700787,5.167285761204,4.0695331962777,-4.55914945602899,-5.36943843990503,0.10347648544056,0.0525558210389399,-0.0143248454296003,-3.1252364301676,0.598654922967999,-2.5265815071996,1.32999999999998,0.139999999999986
2002-12-01,2002,12,-0.747090560980041,-0.153224450730022,-4.49529878163192e-05,-0.175348789382198,-0.0171890628532829,1.0973567444807,-2.51816197435295,-3.24584480602101,0.283114243712021,0.373221786346402,5.3701369939954,2.71013836266201,0.562666519276497,-2.55624541302296,-3.25367604830899,0.0764751491412001,0.03980259869545,-0.403509962111601,-2.2375793860199,0.0302521963820013,-2.2073271896379,0.980000000000018,0.220000000000027
2003-01-01,2003,1,-0.00526310330297974,0.180080045939008,1.73873669375903e-05,-0.0424787011517012,0.00853788044603598,-0.6007793779007,-0.539555430963048,0.0120854066270226,0.765837100640994,-1.9931078251238,1.96570483200776,-0.650474955939018,-2.3927560702603,0.0245969182290082,0.00406093697301912,0.00500303959857984,0.01923755148094,-0.0367367234913001,1.0166638114435,-0.572176818846,0.444486992597501,0.680000000000007,0.139999999999986
2003-02-01,2003,2,0.0932591066650161,-0.05697218337599,0.00019228318190913,0.4499614486468,-0.0106329926022001,-0.848056198143702,1.29189974004504,0.822067623707994,-1.131362289192,-1.6771399596856,3.91264925399446,-2.91108940216199,-1.6953111045904,1.66561399204198,0.823191250546984,-0.0615965728803101,-0.0353201507144698,0.762828017537501,1.7615559680652,-0.372590625158001,1.3889653429072,0.53000000000003,0.199999999999989
2003-03-01,2003,3,0.567521617268994,0.0417248914170045,5.0869329813269e-05,-0.0295726586990988,-0.00159429966484592,-0.807832755040103,1.48156255111701,2.816039731746,-0.432494271241012,-0.189049655730201,4.05377734301146,-3.846628496146,0.0196440901001012,1.46794816189498,2.81351110209204,-0.0920336438638403,-0.0394736004457399,0.481511730129199,3.6228279707353,0.0110857595681004,3.6339137303033,0.439999999999998,0.199999999999989
2003-04-01,2003,4,0.989544294879011,0.322962277295005,0.00010403521296572,0.4993261255836,0.00777931472096194,1.0078063190238,4.74348775351399,4.60586340044398,-3.68820193030899,0.0893340745155022,-5.93377009300457,-4.25426182793601,0.527595940977001,4.091010555634,4.61800569091798,-0.102060047649919,-0.0883291435011904,-0.686562864419399,1.00432176408849,0.664619488353999,1.6689412524425,0.479999999999961,0.25
2003-05-01,2003,5,1.01459753861099,0.541937060557984,0.0001226102738174,0.314510017983299,0.00365762323596097,-0.651288170837695,3.76244488920599,4.78755870613099,-2.49958158854901,0.111087543704201,-6.4474842010095,-3.72012971380499,0.201964650088101,3.877871838609,4.79793737846398,-0.0738514734845004,-0.0598351317780996,-1.2147182188749,1.3114252316399,-0.1050482770701,1.2063769545699,0.150000000000034,0.360000000000014
2003-06-01,2003,6,0.598090641756016,0.419680720642987,0.000142197495029101,0.657574338060002,-0.000561968480115915,-0.650627761481303,3.27322728563701,3.125856718438,-3.40529616144698,-2.2741036972026,-2.71481868099363,-3.19800979001701,-2.4307686717116,3.88645520066302,3.13499737390003,-0.0422459051285697,-0.04964343989348,-1.1304692018215,-0.363951345939,-0.604087259563901,-0.968038605502898,-0.830000000000041,0.220000000000027
2003-07-01,2003,7,0.379960420715975,0.662946164711002,0.000246762303685298,1.1484805396535,0.0204368969752959,0.100857794905401,3.19873348046701,1.99326464834701,-2.146922310581,-2.211943676255,-3.09811892699508,-1.766256236088,-2.8144818836757,3.50621327650697,1.98985692552196,-0.00776024814968013,-0.0192651206208803,-0.31844324616476,-0.9832042819137,-0.310887518864998,-1.2940918007787,-1.53999999999996,0.149999999999977
2003-08-01,2003,8,-0.0291077259560097,-0.148295945855978,2.74098633730006e-05,-0.1645807280131,-0.012808774521796,0.223271539346101,0.315573780369959,-0.061362280551009,0.123963967422981,-1.4260282262141,-1.84532639601093,1.67477332895601,-1.6377926000423,-0.38376592651997,-0.0631749983249961,0.0278328594317099,0.0127883497149299,0.51486922050211,-1.7625737353612,0.6975269891159,-1.0650467462453,-1.23000000000002,0.20999999999998
2003-09-01,2003,9,-0.64713400076198,-0.568874975086999,-0.000267806841824,-1.1105992436311,0.00272509678948596,0.00822792093499913,-4.14803788338799,-3.45969090019798,3.95651581287501,1.1400178871473,0.140644787999918,4.739686685176,1.1497813469101,-4.66333600412702,-3.45917436789398,0.0654946958891802,0.0645520266343502,1.01503204148235,-0.773407412538198,0.515814653042998,-0.2575927594952,0.149999999999977,0.240000000000009
2003-10-01,2003,10,-1.00725133751899,-0.571146463440982,-0.00037599389626395,-1.1676058992385,-0.00905449506246192,0.663050680842801,-5.562878496819,-5.06619205781897,3.67459672454899,3.9360159839707,3.78867434800486,6.11125677838299,4.2364920975087,-5.93227308063899,-5.06997534308204,0.1126784744673,0.07771712112647,0.8139764226874,-2.136183940296,0.365611298557003,-1.770572641739,1.27000000000004,0.120000000000005
2003-11-01,2003,11,-1.23858335312303,-0.542082818713027,-0.00019283773390099,-0.296453134164302,-0.0017184091588931,0.854002123104898,-4.72374276907601,-6.24410727007802,3.692998987767,3.8874949861099,11.477953544003,5.04037890042602,4.2133873211098,-4.85159053188397,-6.24679342647499,0.10754700143096,0.0843846193891697,0.141044832670399,-1.0214875776591,0.125161606410899,-0.8963259712481,1.28999999999996,0.100000000000023
2003-12-01,2003,12,-0.472780967576966,0.0556150315690047,-9.97827734749192e-05,-0.297210846644798,0.00747003498640808,-0.0267619381079953,-2.62583356433197,-2.47063188972999,1.738656302218,0.505512565988401,-0.00633021899557207,2.79492462910596,0.300739422014502,-2.22956668366305,-2.481068185212,0.0625632652203407,0.04113636654446,-0.486460549977,-1.2610414708619,-0.406703176150899,-1.6677446470128,0.870000000000005,0.089999999999975
2004-01-01,2004,1,-0.393818011265012,-0.263881005051985,5.66951560908597e-05,0.115775166435899,-0.0226982762658691,0.2297919960833,-0.840031363437049,-1.28050327364002,-0.976109420165983,-2.1267470171698,4.1550156250014,-0.812443240026965,-2.303290374071,-0.356171712359981,-1.28808842553798,0.00980446561864934,0.00354762790837038,0.0367683512263,-0.340209537040202,-0.491444802975,-0.831654340015302,0.689999999999998,0.150000000000034
2004-02-01,2004,2,0.292487258496976,0.126996971957965,8.212959617593e-05,0.121717812328299,0.018608337146081,-2.1028393665933,-0.0921079483089784,1.51855742470599,1.48707832413098,-1.6587651054203,-2.36626113300736,-2.54163947149402,-1.8397369812539,0.969463346156033,1.51023115088799,-0.0640814637834897,-0.00781496109137025,0.7082785819552,3.8477459197914,-1.069897568283,2.7778483515084,0.510000000000048,0.169999999999959
2004-03-01,2004,3,0.637852782561026,0.249752396877,0.000175947242848749,0.3958034699262,-0.00385350009081997,1.1449968173275,3.64949783265098,3.11711624643402,-3.40149313606997,-0.681603817360802,4.37161043900414,-4.26666658690797,-0.320353550055998,2.80935272042598,3.12926918814702,-0.0957082349610197,-0.0770606056027199,0.378429027913199,1.2264237181428,0.852298053938,2.0787217720808,0.42999999999995,0.150000000000034
2004-04-01,2004,4,0.967459488394979,0.0573344002690419,0.000158209610656721,0.659364560679602,-0.000443496960580991,0.115489640084604,4.06402913983703,4.427009732469,-1.13666466195201,0.9020208309494,-5.00684570700105,-4.31527531307802,1.0944093000721,4.28204927724198,4.43028923682698,-0.0971718799739403,-0.0506147447920102,-0.5256393279534,3.3709991202487,-0.214740633047001,3.1562584872017,0.330000000000041,0.139999999999986
2004-05-01,2004,5,0.68026258383702,0.523742335225961,4.28789004590993e-05,0.248992748332199,0.013394719120863,0.362893832060898,3.35887426452501,3.30007572636998,-4.96147592197701,0.1948060757782,-10.7516685500013,-3.739198205316,0.648873591322996,2.73716183163003,3.314518835976,-0.0717239895613702,-0.0882834847890397,-1.1199583565814,-0.768210201116197,0.636155542500997,-0.1320546586152,-0.0699999999999932,0.139999999999986
2004-06-01,2004,6,0.808892433639983,0.470893825145993,0.0001560454276038,0.411666979636799,0.012706546536578,-0.442961071477498,3.99101086493596,3.73930727074503,-3.97778449810698,-2.5159736481955,-16.2411129249958,-2.97320614270399,-2.6519332767975,3.925089662147,3.74056024754401,-0.0460703152405402,-0.06341294306266,-1.20127793077098,-1.140537984005,0.0671741795879015,-1.073363804417,-0.900000000000034,0.129999999999995
2004-07-01,2004,7,0.105013610495007,0.132571332214013,0.000166736558651501,0.808437556614301,-0.012677849522186,-0.326439032164402,1.957015649114,1.240762830547,-0.188823880730013,-2.1356860912051,10.1550213479932,-1.630131189514,-2.7540422018679,2.47432023399898,1.24251971704297,-0.00611245789492987,0.0104879942077098,-0.22231598815954,0.822951198121196,-0.515547698389,0.3074034997321,-1.56999999999999,0.180000000000007
2004-08-01,2004,8,-0.00136522629298952,0.163958518307027,2.91930205680996e-05,-0.152154306482,0.010297982559803,0.421365643304902,-0.0290524545339963,-0.151259557808999,-0.753258878318007,-1.4082027039993,-5.15146960799757,1.776825766488,-1.6392011810904,-0.498083806397972,-0.149412889439986,0.0305507993863001,-3.67460887700233e-05,0.51993759988785,-2.7610831218971,0.470878020232998,-2.2902051016641,-1.46999999999997,-0.0199999999999818
2004-09-01,2004,9,-0.548050641144016,-0.537470826663025,-0.000274436516346,-0.908875627796501,-0.013670331910451,-0.301282102642503,-3.556429767319,-3.038676837227,4.20500992086002,1.3124273254388,8.17104896399542,4.680006229349,1.2475747400738,-3.98641501971503,-3.03956582988201,0.0626566787520901,0.0655824510084599,1.07926635138377,-0.539848893854,0.429096259741002,-0.110752634112998,-0.0900000000000318,-0.0699999999999932
2004-10-01,2004,10,-1.01270524762998,-0.547108201466983,-0.000312076188604739,-1.0003852060014,-0.00405322351455495,0.7718919776135,-5.00883253427696,-5.19814664860303,3.29764559349499,3.8640077057922,-3.29010229199775,5.93591003168299,4.2591741874923,-5.54085785662602,-5.20300184634999,0.109846657697759,0.0692036394887401,0.809544882662999,-2.24309795648789,0.527170124602101,-1.7159278318858,1.34000000000003,0.170000000000016
2004-11-01,2004,11,-0.994016374282012,-0.601720381960035,-0.00021483272334882,-0.484753549470799,-0.00301914258760505,0.9648848086984,-4.35867606570201,-4.84088622990799,3.23112419165599,3.5254364604205,8.38881112000672,5.12066868458601,3.9041742774023,-4.56969381100896,-4.84598951010901,0.109399287462961,0.0800249873418499,-0.0439137462016994,-1.5108066759482,0.205914465105998,-1.3048922108423,1.47999999999996,0.269999999999982
2004-12-01,2004,12,-0.831431835114017,-0.117496565397971,-7.08666730944614e-05,-0.225198124486298,0.00211718861170396,0.0887759304643012,-3.47634460360399,-3.73889685133997,2.631654198674,0.533602476763999,8.43470890200115,2.719037717383,0.199804136291,-2.86625464964703,-3.74808674009,0.0610309001471299,0.0546784470536599,-0.4866312238983,-0.421181859181999,-0.619279842706998,-1.0404617018889,0.970000000000027,0.189999999999998
2005-01-01,2005,1,0.0707304808749996,0.320423452675982,9.25731473955613e-05,0.2922975021784,-4.15778030349312e-05,-0.878370742175804,0.239712131158001,0.200858765231999,0.291871707468005,-2.2224480599822,2.87300722299551,-0.948877198684016,-2.5984303829556,0.838842061242985,0.190655144639038,-0.00546165461188064,0.00824595517919002,-0.0674351788951011,0.8647665831786,-0.609333550678002,0.255433032500601,0.560000000000002,0.0699999999999932
2005-02-01,2005,2,0.133729681671014,-0.0922035919059567,0.000118125818590059,0.194189818273198,-0.00532034349340404,-0.152123730671001,1.080230293966,1.24054265062898,-1.973408346459,-1.5824446696709,5.11174423599732,-2.716696164892,-1.5086702285104,1.25240295645301,1.23975020122896,-0.0568493200911195,-0.0441970874015296,0.753032777203501,0.817062259593499,-0.172965111886999,0.6440971477065,0.529999999999973,0.189999999999998
2005-03-01,2005,3,0.705586344843994,0.0779262254739592,0.00010811610849199,0.2403371549781,-0.00904564065463398,-0.448816178844197,2.22599504673201,3.317012242663,-0.887047950665988,-0.402935174277701,-3.94259814200632,-4.06488006217901,0.00172965443309891,2.39438996855904,3.31963119781602,-0.0858503516093903,-0.0383771052130202,0.4989411802199,3.5824969402238,-0.165775966674001,3.4167209735498,0.600000000000023,0.319999999999993
2005-04-01,2005,4,0.960452701652002,0.442268552190001,0.000140771995775111,0.451385911003701,0.010614805750178,-0.457654951371801,3.92643210389298,4.45752938572997,-1.91378764374102,0.4518420795367,-6.13274472199555,-4.036904350795,0.6163326430664,3.80276289313298,4.451293435308,-0.0985392483589198,-0.06554254559336,-0.630047554330099,2.2876072705837,0.117433260338,2.4050405309217,0.45999999999998,0.25
2005-05-01,2005,5,0.88111311007998,0.260392736527024,0.0001363231794131,0.408378566043201,-0.00427812092326307,0.164026167670201,3.98772772040002,4.238606002702,-2.66599143158399,0.1905470528507,-4.90411979699275,-3.88442810394099,0.395163207355004,4.01708568172501,4.27108556722197,-0.07020373174241,-0.05427114035203,-1.1278259826957,1.4230528268613,0.00312160319500165,1.4261744300563,0.100000000000023,0.29000000000002
2005-06-01,2005,6,0.717006002433038,0.644984171401006,0.000207379456894299,0.880271739140898,0.011179743662259,0.390445373564397,4.84517687221,3.71225750648603,-6.22454818399001,-2.6176711718056,-13.9732178010017,-3.30770224564299,-2.408355053535,4.39686969562996,3.71275460287603,-0.03907391895947,-0.0812896676607302,-1.15670987924458,-2.7075298200764,0.448804272970101,-2.2587255471063,-0.819999999999993,0.20999999999998
2005-07-01,2005,7,0.246118789882985,0.622623847376985,0.0001951639048042,0.777457666757499,0.021341970870345,-0.307131256779094,1.93770166958296,1.312155111896,-1.05680693274499,-2.0132949188114,-0.386830820003524,-1.57311276171802,-2.7042827642758,2.70683381352001,1.29133981420301,-0.00988052093818004,-0.0102520385926197,-0.262027907357789,-0.174682016491403,-0.789947441630101,-0.9646294581215,-1.66000000000003,0.110000000000014
2005-08-01,2005,8,-0.153080246261993,-0.259678321007982,-5.48056066897989e-05,-0.2552356267081,-0.00737564950776592,-0.2548493858136,-0.675346794364998,-0.609499220158,0.197861031538991,-1.2504592685811,2.04059657400649,1.820262721544,-1.6004953584264,-1.21211903680597,-0.609230983364,0.0284528699871198,0.01153289725079,0.570978897749059,-1.9724377798503,0.537040479234999,-1.4353973006153,-1.20999999999998,0.25
2005-09-01,2005,9,-0.590303454404022,-0.495732146932994,-0.000205217603882901,-0.857152153436001,-0.01074050759346,0.142806975229099,-3.417266700867,-3.39895180616799,3.47188042294601,1.4511090225774,1.54763187399658,4.61310792476201,1.3662659986567,-3.82249598074503,-3.39375015055305,0.0628007538840802,0.0549643949565297,1.07414221105601,-1.2260705257367,0.410430935493,-0.815639590243702,0.0299999999999727,0.089999999999975
2005-10-01,2005,10,-0.930478551630983,-0.610936220169037,-0.000390714477749819,-1.0626941863919,-0.006495393810663,0.0613338930583964,-5.209801029765,-4.857440233229,4.70872136270398,3.7116299884196,4.47717094799737,5.97744622254902,4.0745874827591,-5.841988632479,-4.85919432079595,0.10713203856985,0.0917293629607103,0.6743362369827,-0.905767365505504,0.630433515147001,-0.2753338503585,1.31,0.170000000000016
2005-11-01,2005,11,-1.10617821104898,-0.625229374816968,-0.000267478393734751,-0.869149258927301,-0.00386416428191905,0.955378628834403,-5.49958752157499,-5.58618928169602,3.45733592448602,3.8642326906426,-2.44555833899358,5.43281908352699,4.1865968681456,-5.46479380883699,-5.60427004780604,0.11073545232748,0.0748302177702498,0.0358737201028987,-1.653118981538,-0.0528744788480005,-1.705993460386,1.45999999999998,0.220000000000027
2005-12-01,2005,12,-0.698097558733025,-0.223162766934024,-0.000133074106635879,-0.300038870797799,0.000739710232168012,-0.859088018128205,-4.07336906684498,-3.27124822593902,3.88978316200098,0.148796721495902,12.4717651909887,2.702730594033,-0.252336961193002,-2.858399851554,-3.27754571849698,0.0609422803295496,0.0719116246362801,-0.505131948675199,0.785918885279102,-1.221266707849,-0.435347822569902,0.990000000000009,0.199999999999989
2006-01-01,2006,1,-0.325578122512979,0.0795802988130276,0.000148050347299689,0.466440913368,0.014561171425934,0.874349918525304,0.370992881898019,-1.20199836798497,-1.79565562277,-2.2881989549283,4.24187155600521,-0.997154798585001,-2.4314675485345,0.326001366677019,-1.22338703656499,0.00309418845981035,-0.01213094509195,-0.0247689814764005,-0.9417694177912,0.0236028466410012,-0.918166571150199,0.830000000000041,0.289999999999964
2006-02-01,2006,2,0.387876233298016,0.0338848840089554,0.000169744740508321,0.318417338772598,-0.0190797748760351,-0.143341416669003,1.91416075664699,2.03525769480598,-1.44686909443499,-1.7062427705868,5.04248525100411,-2.77846921305101,-1.6743207763705,1.89171733202301,2.042393417857,-0.05790026400346,-0.0350557982531701,0.709362576614801,1.3635221128323,0.0295791476750011,1.3931012605073,0.620000000000005,0.25
2006-03-01,2006,3,0.536196165597971,0.0673457018970112,4.25134468709006e-05,-0.0312809959710982,0.0124022698053471,-1.2966649190915,1.42036642902298,2.55260533194303,-0.277962438759005,-0.299823983905998,-4.07905500900233,-3.96031973968098,-0.0297974995590025,1.57732795575998,2.56302845291498,-0.1010483793304,-0.0450965393130298,0.487610429021,3.952383785269,-0.146538405765,3.805845379504,0.389999999999986,0.130000000000052
2006-04-01,2006,4,0.903336839907013,0.277237626973999,0.000100924724184779,0.401631201835698,-0.0088715058396811,0.509302008724298,3.80514453887099,4.32868232878997,-2.19001563715901,0.8758942176086,-8.5865114400076,-4.06446451340901,1.1801210964771,3.72551570435502,4.33938167735602,-0.0997728776053104,-0.0700935611279303,-0.493494061929001,2.1786757551185,0.0903281830819971,2.2690039382005,0.329999999999984,0.129999999999995
2006-05-01,2006,5,0.888793490113983,0.224499229408991,4.25814809519604e-05,0.1707110625611,-0.000682171118200903,-0.432084658071702,3.60958416583401,4.487903102139,-2.97993082545798,-0.1287662026254,-10.045511171993,-3.77004937766802,0.332906320610803,3.33555659274498,4.537701915627,-0.0747759314221201,-0.0647048158628301,-1.1077156228048,1.2517910754462,0.323826386577,1.5756174620233,-0.0500000000000114,0.129999999999995
2006-06-01,2006,6,0.845805980706018,0.869312057363004,0.000283589287733,1.0633418981902,0.023288571174662,-0.0119188497857934,4.827279061593,3.99004848549305,-4.47499378676201,-1.9271198158199,-14.3679480749997,-3.34012589447897,-2.2402632278887,5.27438733603401,4.00451422412698,-0.0450639623682201,-0.06569000617373,-1.09170010909287,-1.44801130435179,-0.432642535806998,-1.880653840159,-0.870000000000005,0.169999999999959
2006-07-01,2006,7,0.164198898180018,0.596670107085004,0.000235704146900601,0.917970683224897,-0.00154247681963604,0.851672816527696,2.81027031480897,1.01432947717797,-3.70278463398299,-2.4620696895298,1.19408732099691,-1.68296380234202,-2.8361630693559,2.672607520589,0.993716993395992,-0.00682818428503973,-0.0379365690030298,-0.309940125815761,-2.3939142114671,0.117050310438,-2.276863901029,-1.71999999999997,0.110000000000014
2006-08-01,2006,8,-0.0348300458190351,-0.157943662399987,-1.42166722358998e-05,-0.254091546236499,-0.00119735281720301,-0.197855216586596,-0.685610994671947,-0.177299502413973,1.229565073587,-1.108244093604,1.36421428500034,1.86567326935,-1.5713498550115,-0.653614183658988,-0.194581174304005,0.03107325385696,0.0266631224296301,0.58225775749791,-1.09921395717051,-0.0492784829029986,-1.1484924400735,-1.59000000000003,-0.0799999999999841
2006-09-01,2006,9,-0.676388912785967,-0.540697697511007,-0.000289521802768001,-0.942200490774802,-0.012736948053102,-0.521559942436902,-4.16489643542002,-3.55163940139602,4.64350442972699,1.3169532699113,9.8978664860042,4.67607964635002,1.1994174744964,-4.549218542993,-3.55151624725596,0.0685374103929099,0.0747221700591298,1.05276076225942,-0.150111012037897,0.384445261712997,0.234334249675101,0.189999999999998,0.240000000000009
2006-10-01,2006,10,-0.953878193420053,-0.556749981962014,-0.000242351547142399,-0.739571059880998,0.00483777331628099,1.8029736420852,-3.69593076005799,-4.84659410331699,1.876027746842,3.572622697864,-6.11167817800015,5.762750725226,4.1333569270555,-4.92152349318201,-4.86120785858702,0.121219966188,0.0665232103401898,0.685198288681699,-3.3259887491925,1.210978977854,-2.1150097713385,1.47000000000003,0.279999999999973
2006-11-01,2006,11,-1.080068019279,-0.63610220941797,-0.000307956666924751,-0.980146048611999,-0.00952521265500794,-0.219880597443399,-6.02144944112604,-5.33029107446902,5.81575670515201,3.859499488371,8.15471038399846,5.468104403025,4.06147800142291,-5.77808139174101,-5.35225907679398,0.1147424728744,0.11474428919566,-0.00241820990759933,0.549630815178901,-0.265336051710001,0.2842947634689,1.33999999999997,0.0900000000000318
2006-12-01,2006,12,-0.575530637557961,-0.0978592238109854,-4.67143426642596e-05,-0.0852580629147006,0.014269637692095,0.301579136866103,-2.70986977779501,-2.89243110975502,1.50685832116699,0.367349877458299,4.18489065299218,2.813434987665,0.0226865522975004,-2.28702095367998,-2.91333113980602,0.0584397164029697,0.0326564600163701,-0.5902135932152,-1.6512399916588,-0.443748854166,-2.0949888458248,0.950000000000045,0.139999999999986
2007-01-01,2007,1,-0.121899557570032,0.332439770357951,5.35222664341303e-05,0.0942044952511978,-0.009775941283649,0.0434730747716969,0.0219022898120329,-0.485778470361993,-1.988617042257,-2.0515676881208,7.78203971699986,-0.807738794835018,-2.1573097190656,0.21188052926999,-0.456837504917985,-0.00390131308388941,-0.0247626051979704,0.2014695522663,-1.2866202783668,-0.161037274013999,-1.4476575523808,0.619999999999948,0.0699999999999932
2007-02-01,2007,2,-0.00391498158796821,-0.353251491083995,6.08303603190606e-05,0.0351009612720006,-0.020607308805801,-1.5930334523052,-0.475055639851007,0.612761494853032,1.594941496968,-1.2335258544752,4.09107770500123,-2.70846794851499,-1.496667079341,0.698731940652976,0.612784740221969,-0.0631394911230307,0.00291374139620038,0.7926239084311,4.0402682206172,-1.173764335135,2.8665038854822,0.510000000000048,0.129999999999995
2007-03-01,2007,3,0.630864445531984,0.203953876544006,0.000141005309593939,0.371078471249501,0.0116662173019829,0.0937315280649003,3.31404391809599,3.05287165356998,-2.57083594776398,-0.624012881827301,4.68784845300252,-4.222400131613,-0.123080209987002,2.56517704309204,3.05054167739104,-0.09859464732427,-0.0686492371157903,0.3831985025833,2.1524968556893,0.746536898824999,2.8990337545143,0.45999999999998,0.20999999999998
2007-04-01,2007,4,1.12227273040298,0.092786758833995,0.00011048235147618,0.479138910301401,-0.010025977939121,-0.222289088817803,4.27546308768103,5.16131484288798,-1.109951734936,0.446716816356702,-10.1215331129933,-4.17171387885801,0.825301810590702,4.19424580560201,5.17763520542098,-0.10046528037082,-0.0522424630819001,-0.5715118587192,3.440347138156,0.0975376446120002,3.537884782768,0.269999999999982,0.100000000000023
2007-05-01,2007,5,0.787779178866003,0.521310798475042,0.0001444239413019,0.428062978712699,0.00986912354162695,0.436266101167199,3.59999480746598,3.58223506000201,-4.914514864192,0.373491259904,-19.7124849140091,-3.76231502455298,0.642231378668598,3.54673300056197,3.59826163240302,-0.06681048299144,-0.08844183972885,-1.0483722144626,-0.883459720874406,0.0692883793050001,-0.814171341569402,-0.149999999999977,0.0500000000000114
2007-06-01,2007,6,0.665879101978021,0.792450175780971,0.0001779426170382,0.9356290316219,0.024705166978321,0.141944402288601,3.85698302805201,3.38071433268902,-4.08410582792001,-2.9320133700546,-7.64764272299362,-3.30434784795102,-2.9083081165524,4.22204213073701,3.38413248643599,-0.04454430528236,-0.0589890692770498,-1.25894968934786,-0.756052726466798,-0.361640948938,-1.1176936754048,-0.860000000000014,0.199999999999989
2007-07-01,2007,7,0.320833885078969,0.487146699215998,0.000218073018562399,0.5660145591097,-0.00155891373947104,-0.470688035456298,2.16159663787602,1.63440727084998,-1.59832409627799,-2.2632576274397,4.55357711299439,-1.55307839000199,-3.1037098153481,2.81597427944502,1.633570495821,-0.00532316997546989,-0.0132750008774298,-0.37823924952275,-0.885697894184396,-0.655214416598,-1.5409123107823,-1.70999999999998,0.129999999999995
2007-08-01,2007,8,-0.169801945185952,-0.0385302011019917,-1.72918002801989e-05,0.00517582553230156,0.00941858924555805,0.876981385079503,0.35516415782098,-0.74705564255197,-0.507615034712018,-1.2581740168445,-3.22276218299521,1.57841058014299,-1.4781154660106,-0.727684715293037,-0.746880082117002,0.0222090336402001,0.00260361326566994,0.50608712728085,-2.3059670640211,1.083024433549,-1.2229426304722,-1.25,0.25
2007-09-01,2007,9,-0.750923306932009,-0.805579661176978,-0.000334294587713601,-1.1878994934183,-0.00995867358702796,-1.0954134568832,-5.06535366891001,-3.68319124672001,5.22530100607602,1.7830610279882,7.29795980500057,4.89282564925801,1.6320663375686,-5.20762531410497,-3.681061529126,0.0648955750460001,0.0766156093168098,1.16547900579116,0.1814806663984,0.144401362789001,0.325882029187397,0.389999999999986,0.400000000000034
2007-10-01,2007,10,-0.92150512315402,-0.70843398739305,-0.00037513349092929,-1.2231352901025,-0.014359235481196,0.287107200805096,-5.58540727802102,-5.00013346716901,4.93199374433399,4.0948139792726,-1.34613321600773,6.08741174492698,4.4217213816355,-5.96517882740199,-5.008174602662,0.10664125224598,0.0903377153873901,0.848732523740502,-0.828510598230096,0.371730413887999,-0.456780184342097,1.42000000000002,0.17999999999995
2007-11-01,2007,11,-1.13962997809699,-0.584400417368954,-0.00027141819065824,-0.781607761257302,0.000410423504022983,0.820638023219303,-5.50823930355898,-5.78845715432197,3.283275077648,3.8932018376402,1.22556235300726,5.30922929522501,4.1580768787814,-5.58353866595604,-5.79018573592703,0.11138449044865,0.0778137956339502,0.0925434271560999,-1.7610791764358,0.0735707807920001,-1.6875083956438,1.33999999999997,0.0800000000000409
2007-12-01,2007,12,-0.813924089657007,-0.100930411988031,-8.48671897309989e-05,-0.155903767229798,-0.000396653894054078,1.1627514487981,-2.135475262846,-3.67911277113103,-0.33216460051699,0.748814511472698,7.05440028000157,2.77924971478103,1.0899650638213,-2.60961141834298,-3.686192149026,0.0701270275391099,0.0230260357401297,-0.156952653784701,-2.7702637629494,0.467056777602,-2.3032069853474,1.00999999999999,0.229999999999961
2008-01-01,2008,1,-0.400098247095002,-0.274417144079962,7.66301582581785e-05,0.172566463654299,-0.006378415531752,-0.400038257908697,-1.75963107695998,-1.45543261981601,1.30457889893398,-2.5910566225649,15.8200163260044,-0.728787970866023,-3.06563662071,-0.749328247742994,-1.46543106068401,-0.0055037447822297,0.0163020213813603,-0.1562607642317,1.5587868716549,-1.020301270085,0.538485601569899,0.770000000000039,0.25
2008-02-01,2008,2,0.28837019120698,0.142673024790952,3.18184185955899e-05,-0.0441460623672008,0.00409867830533206,-1.7976889524045,0.36142958507196,1.53908455182102,-0.0525315759199998,-1.690788418336,2.23560115399596,-2.55569758807499,-1.9175675006428,0.902422747084984,1.53302728712504,-0.0583831623771802,-0.0211548049238104,0.668073635829201,2.2763869298482,-0.547050426708999,1.7293365031392,0.509999999999991,0.150000000000034
2008-03-01,2008,3,1.00724140953702,-0.0706692314680026,0.0001409058965049,0.395952504403603,-0.01657476013683,0.168373829499195,3.95657812152302,4.90491138516802,-0.552746286596999,-0.876995357667301,-14.6815827539976,-4.37675893205702,-0.661109446504902,3.98929329769703,4.91283145993697,-0.08908499615415,-0.0283575238172999,0.2969117317261,4.0398985566224,-0.024795101405001,4.0151034552174,0.409999999999968,0.149999999999977
2008-04-01,2008,4,0.843890434347998,0.350767734636008,8.49432303953908e-05,0.308848735524698,0.000305835876406979,-0.368322678451996,3.09037128050397,3.90269019940899,-1.46829216751999,0.954793024754299,-5.96947801001079,-3.941947673615,1.1305810626102,3.05570560850299,3.91367985543201,-0.0994421164222601,-0.0616081012893397,-0.474785707868399,2.6494435439509,0.0456553280240009,2.6950988719748,0.379999999999995,0.220000000000027
2008-05-01,2008,5,0.937026750102007,0.369940716133044,0.000149199783740429,0.466910893865201,-0.00578166492866095,0.141889276770797,4.52090015403104,4.645650094541,-3.61010505397002,-0.491087158421099,-6.05219854098686,-3.99484620813098,-0.0878760427907963,4.31299792675998,4.66359625409001,-0.07162843108304,-0.06897845276095,-1.2893245655478,0.787952269791298,0.225848386820001,1.0138006566114,-0.0399999999999636,0.129999999999995
2008-06-01,2008,6,0.631264587804026,0.811070340509957,0.000260730455022441,0.975808224328599,0.023534575098377,0.283503560640199,4.10999711700896,3.18067445066902,-4.84456816700398,-2.0838507044393,1.2821150279924,-3.227800693467,-2.4310111639586,4.36542082862201,3.17660873536101,-0.0465402350784601,-0.0737977588383303,-1.1746003500544,-1.9639279330563,-0.259489426921,-2.2234173599773,-0.910000000000025,0.159999999999968
2008-07-01,2008,7,0.40805822131,0.553252673997008,0.000225914019224499,0.797260783222299,0.012271496250051,-0.345484438791196,2.85750184552302,2.20510658207598,-1.60353536637601,-2.173166639798,-3.67860613699304,-1.55954724236301,-2.5491506259518,3.21855797104001,2.20526311121796,-0.00557312096579965,-0.0109314177975,-0.240513176068589,-0.419972110166803,-0.360899596374999,-0.780871706541802,-1.47999999999996,0.400000000000034
2008-08-01,2008,8,-0.216605852041027,-0.147720045129972,5.06147305442007e-05,0.1540526652342,-0.00387814327258895,0.494716524539996,-0.299561505818986,-1.03116287385802,0.414535050536017,-1.3032024071573,3.66369918399141,1.621589540538,-1.6108592832457,-0.667664007561996,-1.03251872771,0.0274412313789298,0.01736444856085,0.538349478544928,-1.5147113660904,0.366746647890999,-1.1479647181994,-1.33000000000004,0.149999999999977
2008-09-01,2008,9,-0.591256532386979,-0.374754473970029,-0.0002733557412619,-1.0120697520386,-0.00542295965065098,1.0981592659577,-2.91209138291299,-3.19364834966797,1.70943376570699,1.1394768483226,2.37861825599975,4.66999739472101,1.2854874852259,-4.20536437522799,-3.19544754908799,0.0655044102971498,0.03556836316372,0.974227211138761,-2.8145529921107,1.291473792895,-1.5230791992157,-0.229999999999961,-0.29000000000002
2008-10-01,2008,10,-0.932063145173004,-0.783959920916971,-0.00028880250411014,-0.864679934443899,-0.00288231379058501,-0.475401248209003,-5.32012213941704,-4.82488046435702,4.85447930218601,4.1634662747886,3.72074931800307,5.98444155874898,4.3878187556101,-5.25641449819801,-4.828170163582,0.11506799389687,0.0942737976215402,0.8424007946639,-0.905609775741503,-0.0669973404440007,-0.9726071161855,1.13,-0.139999999999986
2008-11-01,2008,11,-1.094798848209,-0.342852258250048,-0.000274598715403949,-0.727940564168602,0.000601954300417984,0.775359442265803,-4.875088490054,-5.63176698388401,2.67456085421898,3.8024142547204,-1.58883468199929,5.281047497564,4.3477118635328,-5.21242711057403,-5.63741263899897,0.120725797800461,0.0789860502521398,0.169802900144999,-2.0611890345326,0.331692965405001,-1.7294960691276,1.50999999999999,0.259999999999991
2008-12-01,2008,12,-0.820361023331998,-0.144698137954947,-0.000160196572155531,-0.432373666574101,-0.0152515047109301,0.399569157954097,-3.60386629506098,-3.56060377681297,2.60796306306901,0.487351817048399,12.024193766003,2.88721421563798,0.3150352141528,-3.25086126925396,-3.56257192142704,0.0617608823379499,0.0523732654150599,-0.4267569204615,-0.451567755464595,-0.354973170421101,-0.806540925885603,1.08999999999997,0.340000000000032
2009-01-01,2009,1,0.0319532809929797,-0.036596695423043,8.46890762791798e-05,0.149796726578302,0.010523606518233,-0.8574260200079,-0.891461321030022,0.0207066956639892,1.00282891289999,-2.2446692752823,0.529971673997352,-0.786371281494979,-2.82476055721811,0.250870062842978,0.0142351911910055,-0.0079273743195305,0.0126723158667401,-0.353271749271299,1.2091089124592,-1.1488028883459,0.0603060241130997,0.759999999999991,0.240000000000009
2009-02-01,2009,2,0.102019884579022,-0.00459872621598834,0.00018117726109055,0.517856107414801,-0.00656308634373404,-0.147604285705597,1.63519681127605,0.83233622553297,-1.93407709791299,-2.5005722103513,12.0878673690022,-3.034298984309,-2.6306043688992,1.68380827389501,0.827532313300992,-0.05645657708759,-0.0367960961658098,0.366731865767299,0.970189727848094,-0.0534153748509993,0.916774352997201,0.450000000000045,0.089999999999975
2009-03-01,2009,3,0.56117719747499,0.0756491104830275,5.11223563046115e-05,0.0544433452073996,-0.010965417881094,-0.135875012845304,2.42317292909496,2.96205985899803,-1.32298556140799,-0.601871571128601,2.98754232800275,-4.14764531438098,-0.349282172110296,2.05380339558798,2.96522266274604,-0.11138304713306,-0.0622154264224499,0.519551204948,3.0772491519913,0.372532337254999,3.4497814892463,0.229999999999961,-0.0199999999999818
2009-04-01,2009,4,0.977403506102974,0.232276227023988,0.000177844198256179,0.3395069435932,0.01172130000779,-0.594488738494697,3.63427049191404,4.54736453265798,-1.942883645112,0.862849253628202,-9.35421359000611,-4.01201481924801,1.1608691521599,3.72649019778999,4.55812582332095,-0.10147239155682,-0.07109169656606,-0.308117662686099,2.3671510726677,-0.0814584152129996,2.2856926574548,0.28000000000003,0.129999999999995
2009-05-01,2009,5,0.966777140191994,0.434226849840968,0.000140374771671701,0.449987742268299,0.00510213969460194,-0.762893866546598,3.80835485110998,4.48765649284098,-1.17028732627301,0.914205025891,-13.8164527030021,-3.66257905399399,1.2084138907358,4.16222379583803,4.51930545050004,-0.0620089474516998,-0.03036713508151,-0.846259948541,2.78650059256579,-0.322219987068998,2.4642806054967,-0.0400000000000205,0.170000000000016
2009-06-01,2009,6,0.674913388150003,0.579874934807037,0.000214368976201499,0.882633863064402,0.00169689846797805,0.678847320460399,4.54123278856099,3.65831247867703,-5.416701876372,-2.1692285096272,-4.41995157199563,-3.26868852568001,-1.9042475931988,4.54231275408,3.64170432305099,-0.0366274675359599,-0.0696605460031501,-0.992730468585421,-1.8830324342636,-0.0176881211449995,-1.9007205554086,-0.990000000000009,0.0999999999999659
2009-07-01,2009,7,0.38628742338301,0.960736576442002,0.0002336041729351,0.954678374146798,0.018610217121431,0.0567855142071991,3.03705418796,1.756330273554,-2.353358262808,-2.0960148104319,-2.4726465279964,-1.593900460763,-2.6525408168275,3.28578526629798,1.75107935149401,-0.00732428972239019,-0.0239635078079901,-0.24686476939188,-1.3159838084406,-0.253982000398,-1.5699658088386,-1.94999999999999,-0.0199999999999818
2009-08-01,2009,8,-0.197478609613995,-0.362583348206044,3.31389078882995e-05,-0.031843736566401,-0.010478727873549,-0.9446702225965,-0.992863249376001,-0.715719185745002,1.90599037679502,-1.1851421465856,9.43547362199752,1.64977134223099,-1.8573418530364,-0.607125424441961,-0.717008058353031,0.0269679343153402,0.0349094387527198,0.522778701001,-0.4159806718868,-0.387026697542101,-0.803007369428801,-1.38,0.0699999999999932
2009-09-01,2009,9,-0.641124544482011,-0.333421195786968,-0.0001864833958512,-0.614857837925399,0.00748178259161003,1.4713341420509,-2.25327210726198,-3.44506233325001,0.887104439723998,1.0717702495452,1.98415448199376,4.393902077056,1.3851882408777,-3.74003777334104,-3.44204991396697,0.0649168013951997,0.0261805462385403,1.0761481255234,-3.1933796459995,1.4897780853622,-1.7036015606374,0.300000000000011,0.149999999999977
2009-10-01,2009,10,-1.06942417939496,-0.947283120013992,-0.00047425272187644,-1.6193312153771,-0.0170123383067701,0.168410277266098,-6.527513280422,-5.39121232306798,5.75174119022699,4.1047436079873,-10.0169765149913,6.32550235833,4.4769045218225,-7.18000069761399,-5.39332101153701,0.10889022103222,0.10232902912515,0.784669241412599,-0.201600254267802,0.650378728722899,0.4487784744551,1.56,0.260000000000048
2009-11-01,2009,11,-0.971542333981006,-0.373183495663,-0.00021080993887106,-0.521461090738502,0.00474092998146203,0.804456491312202,-4.68443716328198,-4.77641425585603,3.840858664584,3.8281803266884,0.993764959988766,5.16829769956101,4.1289272864687,-4.45824548152598,-4.78660423305303,0.11294013407831,0.0869562456373298,0.0115828120271999,-1.0266920751967,-0.236381658953,-1.2630737341497,1.44999999999999,0.20999999999998
2009-12-01,2009,12,-0.731042477266044,-0.294133770146004,-0.00010628196942809,-0.3711600965709,-0.011332724364337,-0.108856342846401,-3.69942193903103,-3.19736348539902,2.30328791517999,0.448671458784101,8.13275311900361,2.85913414913801,0.118344453399899,-2.76676487826001,-3.20601612631697,0.0660660430693198,0.05036140347159,-0.5913068149005,-0.886173239342199,-0.941309701688997,-1.8274829410312,0.899999999999977,0.159999999999968
2010-01-01,2010,1,-0.133243132864948,0.465685213789016,4.96612808686004e-05,0.323157583997801,0.039130901153295,0.550945836293998,-0.964643791017011,-0.494485224745972,2.63433645376202,-1.8947051190594,-5.91024504500092,-0.880436208122006,-2.6431981382274,0.25981854976402,-0.50102251151003,-0.00506876071681983,0.0420546021182,-0.122356175384999,2.766279642716,-1.2309996275451,1.5352800151709,0.78000000000003,0.330000000000041
2010-02-01,2010,2,0.298514271477984,-0.0692977600500058,0.0002223858609126,0.694715902110698,-0.00990823653208106,2.3843225435326,2.29037174092701,1.78835980326301,-1.69975548228001,-2.6466097734983,2.39404655700491,-3.11071652104201,-2.63611721042241,2.484103274929,1.78388422758104,-0.0574686446226904,-0.0348643707004999,0.437346053525799,1.4214536018379,-0.198207109683899,1.223246492154,0.70999999999998,0.339999999999975
2010-03-01,2010,3,0.703003561407002,0.197470513567964,0.000112082307429789,0.1732978084321,0.00652573187831906,-0.915152109064095,2.53580071486698,3.24800790526501,-1.40036756656599,-0.683869298727402,-5.25694702701003,-4.08247840965001,-0.626351670324098,2.35707655796398,3.255047733916,-0.10582563135871,-0.0621498645212499,0.3951009714325,2.7396284714873,0.185763985554001,2.9253924570413,0.350000000000023,0.0799999999999841
2010-04-01,2010,4,0.880475527234978,0.0255825030610026,0.0001850177102237,0.723574124019603,-0.0113821366897771,0.872499183670101,4.69810144786101,4.34995186577498,-3.101986297618,0.623900854835902,4.01118942600442,-4.36487385798,1.1597604356555,4.23776279099599,4.359597766837,-0.10462994353792,-0.08164056892074,-0.3439193722529,1.7987471411816,0.469984557926999,2.2687316991086,0.300000000000011,0.140000000000043
2010-05-01,2010,5,0.788307388282021,0.713943067609023,0.000132181651106201,0.408367488993399,0.01227665828388,-0.322208143648794,3.94275580712599,3.61458841552798,-4.91948033359202,0.172052662563598,-11.9839072640025,-3.80714368109798,0.762350806043003,3.52724317526003,3.635475720888,-0.0723135716072401,-0.0894263092136103,-0.956895473231599,-0.5220385090146,0.436399937226,-0.0856385717885999,-0.0300000000000296,0.180000000000007
2010-06-01,2010,6,0.631346169577,0.567143260946978,0.0001024121328076,0.610240461172602,-0.00184861723963203,-0.00198705031850466,3.68396802968903,3.19140250674104,-3.95545650591498,-1.8936481753506,-5.00449809699785,-3.05031733816102,-1.8543554592711,3.757389135089,3.19177127301299,-0.0388915064527602,-0.0545501283605501,-0.995542669178251,-0.8658464516745,-0.0730523391279974,-0.938898790802501,-0.939999999999998,0.159999999999968
2010-07-01,2010,7,0.216618336375006,0.517161054908001,0.0002000714482903,0.934873125403499,0.0232226016724171,0.0962323705191039,2.442813405496,1.397955035856,-1.781107410136,-1.9814768621493,2.53851758199744,-1.65245144979198,-2.6532719801396,2.77091962162501,1.39714514437998,-0.00540666352185992,-0.0142608752516398,-0.22297993587781,-0.800451078334298,-0.328916107605103,-1.1293671859393,-1.65999999999997,0.230000000000018
2010-08-01,2010,8,-0.109360073066,-0.187179520129007,-7.09495022697994e-05,-0.3755464989232,-0.00175792068037706,-1.66969015574161,-1.81937226344701,-0.719287971161009,2.987840547123,-1.1006513040368,-1.36100631600129,1.92644193234798,-1.6815052654441,-1.24980115939002,-0.722397238224971,0.0284021312392602,0.0457513843092299,0.5493281319968,0.480544653367701,-0.572680371120899,-0.0921357177532975,-1.12,0.300000000000011
2010-09-01,2010,9,-0.659111694180012,-0.577116763142953,-0.000304530342559901,-1.1953502311576,-0.00646576105918795,0.159030651896401,-3.90892825083898,-3.71259198864601,3.285987971617,1.2249613637857,-3.97137882799143,4.72431339935201,1.3491190726893,-4.82789382864803,-3.70527319863299,0.0616032297901898,0.05093318908391,1.05203951569056,-1.3141677188314,0.926284367822102,-0.3878833510093,0.46999999999997,0.359999999999957
2010-10-01,2010,10,-0.970195309917017,-0.956524767141048,-0.00035001124524103,-1.1438003760269,-0.011592602220261,0.514563945043598,-5.30513897599701,-5.022956543845,4.11783571254,4.2455271118754,-1.34466398099903,6.02931847770299,4.6004953012735,-5.88840928644197,-5.03042054068004,0.10997300640012,0.08359686550342,0.862461859689601,-1.5565145757649,0.575806313609899,-0.980708262155002,1.55000000000001,0.270000000000039
2010-11-01,2010,11,-0.97652622572798,-0.46645659426099,-0.000305605547092729,-0.9398603775773,-0.00386927416018501,0.388201140557101,-5.12006636333302,-4.91956330904003,3.73628768271197,4.1243823096029,-4.08162325099693,5.482040139746,4.43910369544911,-5.40956312509098,-4.92351327487796,0.11755687582475,0.0888271714259501,0.0122552747141995,-1.4310310711878,0.285546795919998,-1.1454842752678,1.37,0.129999999999995
2010-12-01,2010,12,-0.888258218191027,-0.149381715581967,-0.00019268193543907,-0.4293988307255,-0.0112529511090139,0.243989010531202,-4.650590948135,-4.05831247915995,2.76204109515601,0.550479306424499,9.74972173699643,2.88510927517302,0.405222932136198,-3.60195895459401,-4.07046766000502,0.0666773580135196,0.0571207245949501,-0.465849189439199,-0.268324554305302,-1.0607871743861,-1.3291117286914,0.71999999999997,0
2011-01-01,2011,1,-0.330747203021986,-0.303035922968036,0.000107205023979649,0.348724942634099,0.00320618494948099,0.0844934620611966,-1.74534080871496,-1.29226759150703,2.50831792204102,-2.3125234359774,20.2017240109999,-1.02602961265501,-3.0607628436403,-0.0508248629309946,-1.312524769672,-0.0111485667307898,0.0296328803607198,0.146831658513499,2.7861081270331,-1.7147731239489,1.0713350030842,0.510000000000048,0.0199999999999818
2011-02-01,2011,2,0.20859426773103,0.0737449492989981,0.000137939948954481,0.0762771904847988,0.00280269773743491,-0.925684628891801,1.21056298787897,1.426277642331,-1.02247431255202,-2.0534856231211,-9.30727703799494,-2.73563403839401,-2.0814364236657,1.28308449731401,1.42586895771598,-0.0659055465799598,-0.0359839419263799,0.584779147091401,1.6852089252974,-0.0729301940501017,1.6122787312473,0.439999999999998,0.0500000000000114
2011-03-01,2011,3,0.768120718946989,-0.0701912444289974,0.000100592354901089,0.3721785126152,-0.00605463805502093,-0.966743785412298,2.712412360825,3.55421099465298,-0.0968385573069952,-0.0240642061039971,8.88325353698747,-3.95230692044001,0.239327597599797,2.64642396578296,3.55523256911505,-0.0849914027932002,-0.0277450567034201,0.5305481626567,4.1188601668368,0.0670099695042019,4.1858701363409,0.370000000000005,0.159999999999968
2011-04-01,2011,4,1.03697006571497,0.336155931781036,0.0001630386009508,0.531110410759201,-0.00131278908747001,1.9063126176513,4.96501759885501,4.95183594756401,-4.00530613043298,-0.120748533169202,-16.3534898819926,-4.24139658970299,0.316011854477402,4.45638127693104,4.96845589786795,-0.0900763789196497,-0.08325420270979,-0.819852189845001,0.672850846916603,0.5252562722279,1.1981071191446,0.389999999999986,0.210000000000036
2011-05-01,2011,5,0.828959048151034,0.642237555871986,0.000122039026765509,0.494080489174301,-0.00215955240334298,0.2568918556752,3.24027976951498,3.79758379916501,-3.45929363795102,0.0987257033568021,-5.86225343000842,-3.879750289535,0.0764038385558976,3.64114704597296,3.81439443617501,-0.0688417374434902,-0.0703311410054197,-1.2011371276499,0.398134786783096,-0.384056639448001,0.0140781473350984,0.0299999999999727,0.20999999999998
2011-06-01,2011,6,0.805003184065981,0.984741013196015,0.0002376019251923,0.721080587002401,0.0207028719745229,-0.0715887609344037,5.20574300182903,4.03939702787198,-6.69128870862599,-2.5595840345583,-4.42593276899424,-3.21203727314301,-2.4135571688048,4.752641180784,4.04685347116504,-0.0417694733206702,-0.09247196586354,-1.17039134317339,-3.3332245697295,0.460558264338101,-2.8726663053914,-0.939999999999998,0.180000000000007
2011-07-01,2011,7,0.363407556997004,0.436516212377001,0.000171772371483601,0.685272136917398,0.017455357392948,-0.7354905053962,2.26426323569098,1.76229736704005,-0.542426339296014,-1.9309103419903,-2.47113782499218,-1.50670792277799,-2.4792808948146,2.89445376087104,1.75500159057697,-0.00130361524075973,0.00680044731583962,-0.203055694858971,0.415911030657696,-0.6374863016432,-0.2215752709855,-1.94,-0.0699999999999932
2011-08-01,2011,8,-0.177595895149011,-0.151042905983047,1.20878821119989e-05,-0.0909567796195994,-0.00347687271719399,-0.670613774699099,-1.00175947834799,-0.871943662347007,1.47292243782101,-1.2631547730717,-0.140877032012213,1.684029797699,-1.6949440518093,-0.934733062253031,-0.871378097285969,0.0206364161880197,0.0231187246584104,0.5435724241702,-0.642896638615596,-0.0664608510338986,-0.709357489649499,-1.32999999999998,0.089999999999975
2011-09-01,2011,9,-0.732079931222984,-0.713991230021975,-0.0003353823568097,-1.2259415088238,-0.015652227777078,-0.948346207393001,-4.95391423592901,-3.79924720527902,5.10525419128399,1.5112629567346,1.76182299900393,4.84481280471499,1.4189738742372,-5.23709645570301,-3.79579724911503,0.0594986516842204,0.0709911643724799,1.10539863368756,0.168152304071597,0.286632175937999,0.4547844800096,0.399999999999977,0.330000000000041
2011-10-01,2011,10,-0.99422884806603,-0.908183304902025,-0.00032616074676046,-1.1191326308865,-0.0174441251993009,1.6609177311737,-5.12557233869802,-5.09003430046801,4.35342154971002,3.8643597947369,0.541741615001229,5.911393973401,4.4487807456165,-5.91982136796497,-5.09405031099601,0.10862351289613,0.08906373233684,0.8668994508875,-0.973551472811401,0.790233018738999,-0.183318454072399,1.56,0.310000000000002
2011-11-01,2011,11,-1.21689720053598,-0.387416304305987,-0.000271561656247849,-0.700116722471201,0.014531761354373,1.4177156806103,-5.47397338303199,-5.99932740354797,3.48676212150198,4.3696473153862,7.06966722699872,5.376187023894,4.69110286598369,-5.560842139442,-6.01018377352096,0.11322146939043,0.07993080204341,0.2689033220716,-1.5679693517945,0.0760123864370001,-1.4919569653575,1.36000000000001,0.129999999999995
2011-12-01,2011,12,-0.624770174237995,-0.0815970348049859,-0.00011683987372987,-0.2037154133866,-0.011461542322579,0.714798084465102,-2.28393091245601,-3.09624782068005,-0.724987009031992,0.4896107841118,0.596203467997839,2.79584275710403,0.633835783814803,-2.538864039457,-3.09846463915,0.06716610650522,0.0122967098036999,-0.44212581175,-3.376604766433,0.252716308530999,-3.123888457902,0.829999999999984,0.089999999999975
2012-01-01,2012,1,-0.305759602083015,-0.394393209472014,-4.67726178005994e-05,-0.2514320652223,-0.0114883784047199,-0.566177957966602,-2.18492894195998,-0.876112307010999,2.28946183908599,-2.042868566521,7.06542401200568,-0.463077206566027,-2.6952922299474,-1.05091794374403,-0.883802045375035,0.00691059240855996,0.0404898198266901,-0.1319552782504,2.1001153822256,-1.14170073658,0.9584146456456,0.590000000000032,0.0500000000000114
2012-02-01,2012,2,0.26037573101604,-0.00595497752397023,0.000137715192489739,0.503309127626299,-0.00571939827816803,-0.793176721888202,0.999829900653992,1.43453276061001,1.54477861537902,-1.92340335549,10.9753169930045,-2.89658709276301,-2.17851647960961,1.81073327084601,1.428602922035,-0.0667594752053899,0.000547497827690258,0.698525511828,4.1862525840224,-0.816833208767001,3.3694193752554,0.589999999999975,0.230000000000018
2012-03-01,2012,3,0.703428147659963,0.326279661211004,0.00018764491611776,0.373137462256899,0.020748241572639,0.353955837554707,3.755809503563,3.33154884783403,-3.426871978528,-0.578404604078099,-5.15130552600021,-4.27462120964699,-0.164720051808494,3.01191958618898,3.32963174913999,-0.0991673724797302,-0.0806890443406103,0.434090966256299,1.2614337833886,0.741972818680001,2.0034066020686,0.520000000000039,0.289999999999964
2012-04-01,2012,4,1.15888937713601,0.44331834915198,0.000158403940303789,0.791115247204903,-0.00844681620458698,0.444271395559994,5.55433665314303,5.65981904338599,-3.42033848767301,0.155741764159497,-12.8404178390047,-4.503896724188,0.526080622901198,5.31239200093603,5.67778665776405,-0.0990155985076497,-0.0799975191814699,-0.673395669941499,1.4538970952567,0.259912266585001,1.7138093618417,0.269999999999982,0.110000000000014
2012-05-01,2012,5,1.012472896063,0.465451448902002,0.000184820819998989,0.449887221677198,-0.00157165762914402,-1.9822628361889,3.69930092744596,4.82843235664501,-2.21814577161101,-0.0472348617301996,-7.01271092100069,-3.77959674150199,0.0443128379454976,4.14117074648999,4.83735725113797,-0.0739815842203799,-0.05679603077553,-1.2341673368877,1.65299866956671,-0.432944924551101,1.2200537450156,-0.110000000000014,0.0799999999999841
2012-06-01,2012,6,0.643573858919012,0.869173705529988,0.0002212586574903,0.610401936307802,0.021335475867172,-0.885890440330797,4.13416214978901,3.203831438701,-5.41553027654101,-2.7209551596392,-2.13857172100688,-3.191506537474,-2.9414720311718,4.16470837934901,3.21292161777097,-0.0424023644488498,-0.0800361041015401,-1.27617820772015,-2.4445406105996,-0.0214560504899985,-2.4659966610896,-1.04000000000002,0.0800000000000409
2012-07-01,2012,7,0.228194965861007,0.306936521049977,0.000253370465194601,1.0362842819369,0.00990598539212595,0.7632841152883,2.59157591835304,1.23901875510899,-2.01309485620098,-2.1213079146565,7.00934943900211,-1.634819424976,-2.5641742837754,2.944101837593,1.24011471729403,-0.0031205143037103,-0.01319830085865,-0.22901446646776,-0.821141800343902,-0.351429957054901,-1.1725717573988,-1.83999999999997,0.0699999999999932
2012-08-01,2012,8,-0.0808143760029907,-0.051107890228991,-7.45233250597013e-05,-0.4465774704138,-0.00267972583961895,-0.167064822498801,-0.829262997818034,-0.526413979421022,1.66217412891598,-1.0724946139012,-5.20796766699641,1.96424275303301,-1.4219908808296,-1.19164851026602,-0.527277264562997,0.0288889065483602,0.0330531500256299,0.547466238643361,-0.651564891045396,0.361522227306001,-0.290042663739403,-1.11000000000001,0.310000000000002
2012-09-01,2012,9,-0.673159553761025,-0.460234206314965,-0.000262244702580499,-1.008228141258,-0.00299282722217997,1.0904168255594,-3.54998715520799,-3.34224032643397,2.77829866420001,1.3949594251415,-0.394561610999517,4.71104529346499,1.5233565876448,-4.47005104962301,-3.33911624718598,0.0625855019351298,0.0453966834795203,1.01268885612985,-1.8043494667617,0.923187973663001,-0.881161493098698,0.660000000000025,0.529999999999973
2012-10-01,2012,10,-0.906178217003003,-0.775613663542003,-0.0003286050578387,-0.9776000074948,-0.029244529931964,0.718174197091393,-5.22355794223,-4.81672434720605,5.65136500554502,4.0985321642781,-2.99809963299776,5.896840157713,4.5295229114491,-5.36629871914499,-4.81992115293605,0.106189654339341,0.1021061277228,0.9569198613267,0.185515595002997,0.139543971184999,0.325059566187999,1.61000000000001,0.319999999999993
2012-11-01,2012,11,-1.13444275663198,-0.522200091456,-0.000222988922621761,-0.502491775718401,0.00456114457036905,1.47802646509871,-4.671699270283,-5.468813509982,3.11792658193798,3.9923934511882,9.499323223994,5.073411142319,4.313839941225,-4.86528684589297,-5.48111138861697,0.10099964214127,0.0682037424052999,0.243049645744,-1.6340380703442,0.181289696975,-1.4527483733692,1.39999999999998,0.150000000000034
2012-12-01,2012,12,-0.944305157856036,-0.0876250297250181,-0.00012068681298708,-0.2553881418808,0.00306907336981999,0.927883057252501,-3.80979213464099,-4.24204279868997,0.912755355973019,0.539736113628202,8.43468942200707,2.74740793836099,0.464381507423106,-3.43528089304499,-4.25181932721802,0.0723776165100398,0.0427578705398499,-0.360465051964701,-1.91000718859311,-0.384287770124001,-2.2942949587171,0.829999999999984,0.089999999999975
2013-01-01,2013,1,-0.0195148792629993,0.322999506708015,4.34991306690058e-07,0.0164238006186999,0.00866319619973099,0.355715068107202,0.298964380872974,-0.104976632111004,-2.46123173203202,-2.4462441782611,-2.32315447600558,-0.659841113004006,-2.59857275051,0.207118283879993,-0.113065073664984,0.00632800464849037,-0.0244066323794701,-0.0769370313695994,-1.9537191912769,0.0837576554390012,-1.8699615358379,0.680000000000007,0.269999999999982
2013-02-01,2013,2,0.160844213578002,-0.424807618100999,0.000117068422356991,0.1766809634425,-0.0152286788367451,-2.5578922192784,0.244664212485986,1.14770950955301,2.186468443254,-1.5503461261047,5.46506162300648,-2.64334377048399,-1.882199917877,0.986440789897983,1.14404113903396,-0.0620150569050901,0.0101257507371102,0.620990450061999,4.4979584219657,-0.745444947931102,3.7525134740346,0.620000000000005,0.25
2013-03-01,2013,3,0.686846124575027,0.159407828724966,0.000164097107358759,0.540990051879,-0.00976807560019799,-0.4957548218824,2.348369733222,3.33993330290997,-0.693678319490004,-0.164262286117598,-3.10440131500945,-4.13837223903599,0.0373501159243048,2.85866037014199,3.33819735886505,-0.0897700936955301,-0.0375808628667,0.524139704347,3.6463063215879,-0.5120265809649,3.134279740623,0.589999999999975,0.32000000000005
2013-04-01,2013,4,0.898871401067993,0.250993076389022,8.8426159527831e-05,0.1189367595696,-0.00113949648374101,0.4440225383659,3.959848386798,4.21844024305403,-3.15579062530799,0.719458976001999,-3.73530443898926,-3.98531288730902,1.3371118170314,3.19856629964801,4.23056797937198,-0.09943993822219,-0.0841925843934099,-0.516790920667999,1.4471751030304,0.773409823468,2.2205849264984,0.460000000000036,0.269999999999982
2013-05-01,2013,5,0.963132998889989,0.41074889693499,0.000190605614416169,0.636845490580502,0.011960156997741,-0.00462210348310066,4.44510920850502,4.59904354711699,-4.131321276894,-0.596173489760201,-9.76844537800935,-4.11307658415598,-0.660299716879301,4.45700357545098,4.61392309473598,-0.0829156461519802,-0.0843041351166902,-1.4148403974939,-0.0823709198571052,0.0029851806730008,-0.0793857391840991,0.00999999999999091,0.199999999999989
2013-06-01,2013,6,0.796500932611025,0.953435682145027,0.0002329180507783,0.827490758069001,0.017614954836939,-0.4264450259098,4.69759080915202,3.60599406945198,-4.99700093162099,-2.3482704011355,-4.51928080599464,-3.20727404180602,-2.6031118499339,4.67069334634402,3.608918538436,-0.0455361612634499,-0.0769678770507198,-1.19706368799127,-2.0445683386134,0.0298219317920001,-2.0147464068214,-0.79000000000002,0.319999999999993
2013-07-01,2013,7,0.119533351076996,0.330546808483007,0.0002075885214069,0.855978213293199,0.016155364028791,-0.516360689333602,2.32751887962797,0.937914248243032,-2.35651194959502,-2.4705578853855,1.13264831100241,-1.71754038608299,-2.6968655772172,2.586563388255,0.937834251034019,-0.00771297566036999,-0.01925390092428,-0.223696159810451,-0.865279255343701,-0.259124505836102,-1.1244037611798,-1.47999999999996,0.379999999999995
2013-08-01,2013,8,0.0130947480799932,-0.154441161141051,-1.07745094001001e-05,-0.3900335266536,-0.000768321743385036,-1.1736724607101,-1.402969486779,-0.0106628723930271,3.85651877803701,-0.7519726505767,-4.59714399800578,1.99214155292898,-1.3880763521216,-0.790454101833006,-0.00565344755102615,0.0342671770819298,0.0618027972281601,0.65569376399525,1.2282735235631,-0.6075059601039,0.6207675634592,-1.24000000000001,0.170000000000016
2013-09-01,2013,9,-0.539353780192982,-0.479827816862951,-0.000256627689932801,-0.8350226758532,-0.00288201247669095,0.415387066038896,-3.12880314507601,-2.91825089181202,3.268755836949,1.2273858731804,-3.44599171400478,4.60848621241502,1.4486602697523,-3.91705372942499,-2.91297033081997,0.0693539918327102,0.0609625064620598,1.06345117854017,-1.1184559788941,0.793531145340999,-0.324924833553101,-0.0300000000000296,-0.120000000000005
2013-10-01,2013,10,-1.17196096016301,-0.817749198762044,-0.00037695628269073,-1.2013771456789,-0.0223146820528259,1.42580887544761,-5.90978542795,-5.99864472857297,4.69307770346299,4.2746437115271,1.63439272300457,6.087565423999,4.5851032808281,-6.52779198046699,-6.00685986361202,0.11069127803099,0.0898522265249202,0.894761623549101,-1.084028151235,0.609791417477901,-0.474236733757099,1.29000000000002,0.0500000000000114
2013-11-01,2013,11,-0.977563947226031,-0.568233863930971,-0.000246987357866869,-0.660044860099401,0.00587151629437599,0.993119908845998,-4.11339700793599,-4.60021030015099,2.19252717754,3.8206054334426,-0.71807039900159,5.20295307542798,4.3479621505911,-4.81582791782205,-4.60944084569496,0.10563937208534,0.0598618689627397,0.0606353324103992,-2.4830691807395,0.693200364342101,-1.7898688163974,1.45999999999998,0.21999999999997
2013-12-01,2013,12,-0.754609371534002,0.0437606441240064,-0.000122119698216331,-0.2430558632615,-0.00834089264495208,0.401941963371499,-3.35185535328998,-3.682525768343,1.57640673559001,0.589451994831101,14.5530243859976,2.74168543973002,0.519534887034098,-2.70432242233699,-3.69082593016304,0.0666590976081194,0.0438083434598902,-0.374296561562799,-1.235195811937,-0.655833092773001,-1.89102890471,0.910000000000025,0.200000000000045
2014-01-01,2014,1,-0.182278620717,0.0151253138259904,2.51422591687703e-05,-0.012921531061501,0.000107471914693069,-1.0088321793226,-1.13611388780504,-0.491677439128011,1.06811399389298,-2.2357307420443,4.38228929000616,-0.73696690671602,-2.8625324341313,-0.193728452334994,-0.50544541066597,-0.00318560032160953,0.0188120875025599,-0.132699506461501,1.178279208522,-0.956153407007999,0.222125801514,0.639999999999986,0.109999999999957
2014-02-01,2014,2,0.04302217251103,-0.000194717390002097,0.00010089416433115,0.0843888224340006,-0.010483278343859,-0.58881472960671,0.289364769659016,0.474850786344007,-0.745497466773003,-1.8609082561759,13.8050227579952,-2.62777278284099,-1.9366502350387,0.483460077456016,0.472545549463973,-0.0654155685464604,-0.0339815506313896,0.6888797508237,1.8065333372052,-0.1964005446771,1.6101327925281,0.460000000000036,0.0800000000000409
2014-03-01,2014,3,0.893783275348994,-0.0511175446239918,0.000183349421766699,0.622731024210701,0.00430986875198591,-0.0369789349322929,4.04566070956702,4.329382649271,-1.85421708085198,-0.8753149874283,-4.77801624199492,-4.380082944511,-0.630643208795902,3.80471103720402,4.33298965220905,-0.0946187489962496,-0.0536776977952802,0.2803391586644,2.7705376422914,0.244556675301101,3.0150943175925,0.299999999999955,0.0600000000000023
2014-04-01,2014,4,0.977525786268984,0.327245308579961,0.00016687676973578,0.665752963569101,-0.00183327338263395,0.325577545715291,4.03322959374697,4.76696879831098,-2.45169022861302,0.5347095566642,-9.93093361299543,-4.23989977220899,0.957689462292301,4.19477182506097,4.77717360855297,-0.0968281446745101,-0.0709011707571801,-0.4880046232628,2.2111894492241,-0.151337421072,2.0598520281521,0.360000000000014,0.169999999999959
2014-05-01,2014,5,0.958413585471988,0.774076425408055,0.00018786778640693,0.559363193298498,0.00985372547391494,0.2933988008445,4.93891563586402,4.42758946614202,-5.05559517623999,-0.249374156748402,-5.06426977000956,-3.98478584589,0.0776374737977008,4.42288875031301,4.43968859615597,-0.0740641587245903,-0.0893089709587001,-1.2201137487312,-0.743797699803899,0.528126015565,-0.215671684238998,0.0600000000000023,0.259999999999991
2014-06-01,2014,6,0.613099625562029,0.743210064915957,0.0002255056174251,0.810760470456302,0.0144166390118611,-1.00251101772359,4.01232075795002,3.04642337211698,-4.69300057403501,-2.1016567616665,-3.22920604200044,-3.11463985420301,-2.3148633361018,4.02765398373202,3.05446866809302,-0.0403293739087198,-0.06665852789898,-1.16849350630718,-1.7915672942673,-0.0072879298060009,-1.7988552240732,-0.96999999999997,0.130000000000052
2014-07-01,2014,7,0.266355354312964,0.346143075730993,0.000155680153246501,0.519293484953398,0.00894496506679998,0.0991940171374992,2.116044776796,1.33191284425203,-1.61675570392998,-2.277425146214,2.09378976600419,-1.51333208170001,-2.745646130441,2.42933433763295,1.32873059281798,-0.00673056134932004,-0.0130160870307598,-0.254622631280212,-0.571644606456999,-0.316471812271001,-0.888116418728,-1.59000000000003,0.279999999999973
2014-08-01,2014,8,-0.0176267754349624,-0.364923941580003,1.06513534580029e-06,-0.0590916943735991,-0.00401054019784797,-2.4390471209489,-1.083257450019,0.174595319673983,4.11572667643401,-0.868691750676302,2.23733636199904,1.754367972202,-1.469307712738,-0.422368244237987,0.178041132586031,0.0294844931854499,0.0655385258390297,0.641814504073201,1.7607427421703,-0.657443392868998,1.1032993493013,-1.11000000000001,0.389999999999986
2014-09-01,2014,9,-0.626191246552992,-0.560622374090997,-0.000243778856387602,-1.0488477388428,-0.00227954823426302,1.2165757370141,-3.60922755875799,-3.45914382717103,2.80101710219998,1.2910394085784,-1.54346131099737,4.630977590058,1.4971463896587,-4.36104093119997,-3.45491835900901,0.06270268691113,0.0469014996839703,1.09153885275189,-1.6238535067777,0.756038840603999,-0.8678146661737,0.100000000000023,0.0600000000000023
2014-10-01,2014,10,-1.05037339917504,-0.584416412301948,-0.00038316002010674,-1.0670082648427,-0.016416078022185,1.3830967367216,-5.08145860592401,-5.25819452336299,4.262842587666,4.0231898399763,-1.08736188600597,6.00170127960502,4.4811866514574,-5.91762653104303,-5.26387231240699,0.10906572996417,0.0862386661392898,0.869963172288299,-1.2808618804579,0.830490136074999,-0.450371744382899,1.25999999999999,0.00999999999999091
2014-11-01,2014,11,-1.21969336695895,-0.371426614037034,-0.00026615803480866,-0.6912860135923,-0.00288402885324102,1.937171763058,-5.35921760781901,-6.05948666885297,2.33294812881601,3.9234799715669,6.18376086400531,5.23384622719999,4.2402191304115,-5.47091096120698,-6.063607960159,0.10662959536387,0.0600018233729003,0.0695921534766004,-2.5841589395394,0.107572062082003,-2.4765868774574,1.48000000000002,0.25
2014-12-01,2014,12,-0.563412560297024,-0.205486187616998,-5.86201843622604e-05,-0.00141371971630022,0.00297678722487504,0.3326109184042,-1.99407433368799,-2.66937372775004,1.294696698504,0.705583006840097,10.165125776999,2.76571178696,0.618594497930395,-1.99140452758303,-2.67867576243799,0.0664909280022199,0.0401157944705197,-0.4442328601016,-1.5580035973657,-0.0119718407929028,-1.5699754381586,0.96999999999997,0.189999999999998
2015-01-01,2015,1,-0.213103697415022,0.130657501188011,-4.15290750031393e-05,-0.339882583299598,-0.000499339648450059,-0.841186660648205,-1.77942682124603,-0.886045681805001,0.896501251758991,-2.2662350776128,-5.83220672700554,-0.527933697663997,-2.6819187232946,-1.01513794811598,-0.899373821543008,0.00379903180017038,0.0194627354304902,-0.0630435233914,1.00875130374121,-0.777617012868099,0.231134290873101,0.730000000000018,0.180000000000007
2015-02-01,2015,2,0.298958649999008,-0.167581831488008,0.00010185642583152,0.373558144135998,-0.00927256024539802,-1.27713575304711,1.534096386052,1.99283526963103,-0.161092195001999,-2.2663905440846,5.74203407300229,-2.99129258928198,-2.51262854423459,1.84851669221797,1.98931004255303,-0.0736370868459906,-0.0253285813355602,0.511573560577899,2.58396239413,-0.317945533244,2.266016860886,0.560000000000002,0.170000000000016
2015-03-01,2015,3,0.689606941299985,0.132682535604999,0.000175065938383441,0.381133832303,0.00508381792480805,0.028788867098001,3.11776701417801,3.28164240618997,-2.653215549343,-0.821916856481998,0.43398366200563,-4.176918456751,-0.413374253793805,2.86796867114805,3.28249979715895,-0.0934138368537898,-0.0685353828856998,0.399559396105701,1.9322455100962,0.250655733999,2.1829012440951,0.449999999999989,0.170000000000016
2015-04-01,2015,4,0.824057483336048,0.0475187951830094,0.000108060893211009,0.328443497086703,-0.012472157927975,0.199851337528699,3.02396003928402,4.0263133277,-1.13218075757499,0.889305133443798,-6.19200719799846,-3.95469656694902,1.161802659328,3.13908436558398,4.03047507790404,-0.09390543367335,-0.05160008841847,-0.478051872138201,3.09501333525819,-0.110962576096,2.9840507591624,0.389999999999986,0.229999999999961
2015-05-01,2015,5,1.02061627995096,0.780488434412973,0.000260056989677831,0.754706480672599,0.00530817112139192,-0.531365594011199,4.61065129677201,4.73450626104005,-3.238076498472,-0.0275584187027,-5.73813916499785,-4.02057279333599,0.0156866573482972,5.01674492074801,4.74642667388599,-0.07598886512314,-0.0702340788023901,-1.1924679476996,0.825741370915004,-0.394173211129999,0.4315681597849,-0.0499999999999545,0.180000000000007
2015-06-01,2015,6,0.729540552053038,0.775221055819031,0.000262890856839899,0.913703592911599,0.016594314184028,-0.257545393798701,4.96896699893699,3.61186352199195,-5.708743541567,-2.475395795953,-0.404735892007011,-3.32300539970501,-2.5607610140745,4.60061258037297,3.61738491423199,-0.0410776484701803,-0.0779980160409499,-1.23889962523726,-2.4711033599835,0.373875810803998,-2.0972275491794,-0.850000000000023,0.230000000000018
2015-07-01,2015,7,0.231904042687006,0.237114244165014,0.0001707081528267,0.668783827872002,0.00136483963204703,-1.3829899388822,2.28409516159002,1.346477496771,-2.396599746352,-2.1710842476564,1.55412458600767,-1.57924592759699,-2.5232219816232,2.469904727874,1.35259746676599,-0.00493656151140964,-0.0192691870838702,-0.204715204391139,-1.1694915527218,-0.179689596288899,-1.3491811490108,-1.68000000000001,0.149999999999977
2015-08-01,2015,8,-0.021669562377042,-0.0414729247750074,2.87474977815009e-05,0.0812657519206006,0.01002749562599,0.0177145788848989,-0.00448977477304879,-0.0347763531179908,2.286061526569,-1.0972149335273,2.86476875600056,1.60482529279699,-1.5344465300984,-0.0274411940320078,-0.0286649754999644,0.02731064187642,0.0421567442005801,0.542444470214809,0.244004637200902,0.0290627968769002,0.273067434077802,-1.31,0.200000000000045
2015-09-01,2015,9,-0.619383258281005,-0.632501884380019,-0.0002608414066534,-0.9239293403683,-0.018988966947996,-0.199729147567396,-4.13450778425096,-3.12709834274801,4.217231636452,1.1774559646439,5.43717193299381,4.68069253163,1.2591149274483,-4.25543684828199,-3.11695827796905,0.0686984478662898,0.06794836209983,1.01472963615709,-0.381801932373598,0.131069128810001,-0.250732803563501,0.269999999999982,0.289999999999964
2015-10-01,2015,10,-0.861163546874991,-0.385522801249977,-0.000290954033457601,-0.930367683561702,0.00208676274783692,0.986810926975799,-4.62626302708702,-4.63736056470799,4.74537820342698,4.2409700701873,-3.71874983499583,6.02509309087699,4.6352071889085,-5.15177681487501,-4.64458346602697,0.12296672436126,0.10350370181683,0.999242576939199,-0.885477768728805,0.518290886469,-0.367186882259798,1.46000000000004,0.230000000000018
2015-11-01,2015,11,-1.13455692596597,-0.561939520538999,-0.00020098907671246,-0.411597299647699,0.00378870293422806,1.98827370780379,-4.330117287706,-5.66010717209201,1.967009427314,3.7984649059391,4.37792331799574,5.11464219377001,4.3278075474425,-4.81192484817996,-5.67961299656201,0.11323835907567,0.0643651928139901,0.139846533605901,-2.61829012495259,0.462301736003997,-2.1559883889487,1.56,0.310000000000002
2015-12-01,2015,12,-0.595784526024033,0.00125971053995499,-0.000101188216073569,-0.2812867511702,-0.00419720001641299,0.245563212668714,-2.56183639934198,-2.91024971482096,1.41166645266301,0.355722216544201,6.90958962800505,2.75601044525999,0.203414669852599,-2.44539942139704,-2.91961920257501,0.0548904586661996,0.0331480661348,-0.581180723806101,-1.49665153928861,-0.125806465699,-1.6224580049876,1.30000000000001,0.490000000000009
2016-01-01,2016,1,-0.174568781619996,0.136078595577999,-2.20140759450808e-05,-0.1976000400267,-0.011168660836911,-0.108819262645909,-1.19603274974202,-0.558720714722028,-0.957116001223994,-2.2406869943857,1.37508341499779,-0.632989213116986,-2.6727720788431,-0.404971462532956,-0.575097559512983,-0.00535120909238973,-0.0153387832407503,-0.0293049742187996,-0.7562118725644,-0.807438131999998,-1.5636500045644,0.949999999999989,0.419999999999959
2016-02-01,2016,2,0.412852010850031,0.340520255135004,0.00014410375435114,0.382700576782,0.0178700961805061,-0.687965031803699,1.65125203237397,1.92646819682705,-0.310545212920999,-1.9548161805717,3.85181216499768,-2.75139189849199,-2.3112355198227,1.84626713815896,1.92507108329499,-0.0592372871837199,-0.02021724829926,0.4765457356475,2.08442734632001,-0.196412219317001,1.8880151270029,0.629999999999995,0.260000000000048
2016-03-01,2016,3,0.622263466684956,-0.0381626111299624,0.000189857096537269,0.607964087526099,-0.0270105729641771,1.0360455204403,3.87285329395604,3.53489446635496,-2.65851398099301,-0.9407553591561,-8.10246418499446,-4.49626134277401,-0.333786716844898,3.36272814486301,3.54011435953299,-0.0881279772067902,-0.05630168816398,0.3939132686746,2.4447160040922,0.515345042271001,2.9600610463633,0.579999999999984,0.310000000000002
2016-04-01,2016,4,0.840518380740036,0.236154297930966,8.67019266211008e-05,0.1674637363759,0.000720542057726092,-0.659166619043802,2.89888635797701,3.92028418173101,-1.57845624333399,0.8381289249281,-4.15688266800134,-3.968821269438,1.1056165300052,3.17560913753698,3.93064643620204,-0.09914532306705,-0.0645904950484,-0.4887596968099,2.6578526311811,-0.266360525088903,2.3914921060922,0.519999999999982,0.319999999999993
2016-05-01,2016,5,0.812799001524013,0.306427270802999,0.000104915852572,0.5013037055786,-0.00157581178442501,-0.116037935259598,3.65790956799896,3.63093711840099,-3.41865196934702,-0.221492130114598,-7.47237809099897,-3.88521513053601,0.087878472054399,3.405363695647,3.643603142502,-0.0748500835621,-0.0696974323552197,-1.1964024403456,0.775933763357997,0.2652118964529,1.0411456598109,0.07000000000005,0.279999999999973
2016-06-01,2016,6,0.563476281975966,0.439856130945032,0.000190259727204699,0.6138965033721,0.0201205091700699,-1.36073919388149,2.726956004969,2.94523852123405,-2.450504225929,-1.9033074204563,-0.0700718690059148,-3.122812954708,-2.5422524514143,3.73011336293001,2.94903620698295,-0.0459085393870398,-0.04477878761117,-1.13681711903874,0.0333636978210023,-0.999359672212098,-0.965995974391101,-0.78000000000003,0.28000000000003
2016-07-01,2016,7,0.378763931158005,0.49956944744298,0.000252024531476601,0.835620500765799,0.021170792635496,-0.912452536843404,3.18824426686803,1.79069164827399,-2.65114898125799,-2.1247491945404,2.87700267900073,-1.56360295731901,-2.4326802497186,3.24445954373698,1.79389192584,-0.0020481979739202,-0.0229341027521301,-0.189388500019771,-1.3954770791172,-0.0530149993028992,-1.4484920784201,-1.51999999999998,0.279999999999973
2016-08-01,2016,8,-0.0942228842540089,-0.054275422764988,-1.5284769057199e-05,-0.250073312452798,0.014472826435134,-0.9096243148852,-1.515620776714,-0.51666687381703,2.43700141004601,-0.977847326755203,-1.41220213100314,1.94267339800601,-1.4378952701758,-1.07646413529898,-0.515836555462954,0.0288050662317603,0.0403807320596301,0.56994165331656,0.0342800686193954,-0.438326323061002,-0.4040462544415,-1.31,0.20999999999998
2016-09-01,2016,9,-0.682975022827009,-0.570997337021993,-0.0002656025311445,-0.929831766694303,-0.026754958990612,1.6065101877384,-2.69835171769301,-3.56747454310101,2.042355678164,0.9978337786346,-3.78062148499885,4.53462471464201,1.2963982743395,-4.29078353281,-3.56759412328501,0.06167658678417,0.0402597300045597,0.95655492690195,-2.1937045407731,1.592312234933,-0.6013923058402,0.170000000000016,0.240000000000009
2016-10-01,2016,10,-1.05870552133996,-0.740519495184003,-0.000493648548817461,-1.614323669564,-0.012332745154882,1.3876802686628,-6.454476155436,-5.50680534013196,5.04115352582599,3.8594531636527,0.047326105996035,6.33484233973797,4.3387134636464,-7.14017319630301,-5.50701440252902,0.10839361153743,0.0918396866426403,0.873993748853701,-0.814428513918301,0.68548797847,-0.128940535448301,1.44,0.230000000000018
2016-11-01,2016,11,-1.04991880817101,-0.519408510599987,-0.000296736095784339,-0.7347016051434,-0.0144990832727581,0.898632322148003,-5.46071000653001,-5.265232611746,3.859668687062,3.0976955144156,2.62000624601205,5.12351690696801,2.9609521482863,-5.01263220299796,-5.27647722549102,0.10049020942115,0.07290866761128,-0.1209013226179,-1.4005915860353,-0.4593224172771,-1.8599140033124,1.36999999999995,0.100000000000023
2016-12-01,2016,12,-0.723954299393995,-0.386468368823046,-4.87390705637206e-05,-0.0813185824866025,0.00654693117523208,-0.161042555312704,-2.582212907133,-3.18416065986901,1.15893295161001,0.424501103712,7.2281984329893,2.573684567572,0.254047416281296,-2.50502020958004,-3.18878005153397,0.0620607823514403,0.0406462069290101,-0.432104588484799,-1.5852053033927,-0.0818120892179017,-1.6670173926106,0.900000000000034,0.0999999999999659
2017-01-01,2017,1,-0.164670015974025,0.151556743297022,-3.29821079590037e-07,-0.103455031546698,-0.00437742643713501,-1.7014112655752,-1.46821161181299,-0.570747840039985,1.712030794214,-1.2890413703279,7.64309004500683,-0.550045285803009,-1.6409317368486,-0.454263053112982,-0.581174982617995,9.58863118301068e-05,0.02585358582335,0.202318377260699,1.9101857134963,-1.024375701278,0.8858100122183,0.639999999999986,0.0400000000000205
2017-02-01,2017,2,0.365111743146031,0.0376124055450191,0.00017399471149605,0.548687787153298,0.00167393226221402,0.354209945104891,2.41188370962601,1.78445333736596,-1.930211322811,-1.8456946329924,-2.89198036000016,-2.97432624835798,-1.6923850830669,2.43772224986202,1.76694294205498,-0.0593578364882603,-0.0399556586376,0.611545331211101,1.1974244754725,-0.043348935546998,1.1540755399255,0.590000000000032,0.230000000000018
2017-03-01,2017,3,0.700934964900966,-0.0986686435639967,0.00016706607160487,0.362498301486902,0.0044907439040579,-0.332186204821092,2.959763390219,3.63437341918103,-0.979929279314007,-0.698719724697799,4.15246702999866,-4.156177035735,-0.429866232282805,2.74322459628098,3.64359774092799,-0.0950639748669095,-0.04307813157273,0.2033081929566,3.445101248836,0.225763115684998,3.6708643645209,0.399999999999977,0.159999999999968
2017-04-01,2017,4,0.772871768111031,0.349991560560966,0.000129152136504791,0.208882955867701,-0.00780024894621201,-1.2416991850748,2.58608918812001,3.61866560589601,-1.77246191102901,1.0444822864585,-12.4937278309953,-3.87981876119301,1.39748827598081,2.98586289266296,3.63253483789504,-0.09393743864175,-0.0639291970050202,-0.3647149928908,2.4603628396863,-0.385904472543999,2.0744583671424,0.29000000000002,0.100000000000023
2017-05-01,2017,5,0.969715359244958,0.79619318688799,0.0001951492102215,0.858843847970899,0.015523895175058,0.686302681568002,5.83544189306599,4.50514784127296,-5.70765368922599,0.070825093362,-10.1185481860011,-4.07564933507601,0.5353541991512,4.92403792051704,4.514382144541,-0.0688221627904602,-0.0935018882926602,-1.0713578762841,-1.16747524836079,0.920638275817002,-0.246836972543701,0.0399999999999636,0.259999999999991
2017-06-01,2017,6,0.569578698786017,0.457080746459042,0.0002015237547423,0.7521174040827,0.00590806966083801,-0.373149033290105,3.31295916492701,3.12223470526601,-4.39062895421699,-2.4913092836207,4.50616009799705,-3.13019974806699,-2.7299852573229,3.73813796067697,3.13458937972899,-0.0415742508717099,-0.0660388216776497,-1.20430793695183,-1.4991051798522,-0.412824121286903,-1.9119293011392,-0.800000000000011,0.279999999999973
2017-07-01,2017,7,0.327569839000034,0.499103133773986,0.0001912033104172,0.753286686266001,0.020141226942978,-0.786857476046698,2.07525149352398,1.53099731805401,-1.019441605298,-2.1635239647879,-1.64865327900043,-1.583412183842,-2.9095074503344,2.78738262803301,1.52728914544696,-0.00922347655913036,-0.00654535119939004,-0.32231575189903,-0.182012907002502,-0.715839307116099,-0.8978522141187,-1.73999999999995,0.100000000000023
2017-08-01,2017,8,-0.108726106736015,0.0101201931120158,3.32287379168003e-05,-0.0346058097109001,-0.00255627273416403,0.627161531239999,0.435547549444038,-0.500410798252972,0.114089125038987,-1.3206560342305,3.08186291500169,1.63137319445198,-1.5990162802611,-0.461470042803001,-0.497695264303957,0.0281165841620403,0.0161251605481398,0.463029050266979,-1.7956443154436,0.899733126196001,-0.895911189247499,-1.55000000000001,0
2017-09-01,2017,9,-0.702539365866016,-0.464964881007006,-0.000371246183051101,-1.1720726545617,-0.015195283996043,0.565911329706005,-4.364535157609,-3.737868556455,2.918065404369,1.0565831258181,-3.1398334520054,4.70965581512701,1.2529973413415,-5.062265475343,-3.72971686989501,0.0567712808401599,0.0408699329763,1.02349633987958,-1.59517619523459,0.705882004294001,-0.8892941909406,0.0799999999999841,0.100000000000023
2017-10-01,2017,10,-0.941656200388991,-0.633901506518043,-0.0003293721942424,-1.086296936915,-0.00334006138689602,0.715264741735496,-5.51449216709705,-5.23566904155905,4.95007223563999,3.8475127650333,-3.5139712329983,5.93331384732602,4.1654340146124,-5.719922907708,-5.24296883057502,0.09984221765058,0.0856332306751,0.918610435783901,-0.665320362106904,0.198130951594997,-0.467189410511903,1.51999999999998,0.259999999999991
2017-11-01,2017,11,-1.19153728844202,-0.797319682612965,-0.00034509848313331,-1.0031227024727,-0.016617476957652,0.847664249587595,-5.62913744658596,-5.58900690733498,3.180344455653,3.5091909500599,-0.958843422995415,5.32392426308499,3.8405419452425,-5.90088682119898,-5.60692376380598,0.1014546020949,0.0674878163298502,0.0263174413200993,-1.8122288122494,0.253832518142001,-1.5583962941074,1.55000000000001,0.269999999999982
2017-12-01,2017,12,-0.591956689364963,-0.0193933048880126,-0.00012075080514473,-0.222920433803999,4.2964926673994e-05,1.06208988934401,-2.79882453192999,-2.94844762826898,1.18744503403403,0.4896171864434,6.85579229499854,2.83285449782301,0.136798165505802,-2.30115195644703,-2.94772097042801,0.0712259636093497,0.0400206722158098,-0.522363704465899,-1.9982284847266,-0.496945917642002,-2.4951744023686,1.06,0.240000000000009
2018-01-01,2018,1,-0.315699508795035,-0.146793829989008,4.07469363316974e-06,-0.1037731039793,0.00753308841547107,-1.6107275569108,-2.01124752484304,-1.29220985243904,2.08230122589799,-1.6138673662128,4.74514017399633,-0.571419250396019,-2.1447195641773,-0.935887620260985,-1.30744656124199,0.0019348623175599,0.0354763274299899,0.0195072762082003,2.1228682783295,-1.090596613385,1.0322716649445,0.769999999999982,0.240000000000009
2018-02-01,2018,2,0.324434337587036,-0.110911956492998,0.00016141529501254,0.655411485807601,-0.012261734434042,2.3163155652106,3.335671784738,1.89230412702301,-3.66354023652499,-2.289467132288,4.17838358299923,-3.13939270332099,-1.896478179342,2.366698453754,1.89224361507297,-0.0483611392514094,-0.0490643960274597,0.560940447524899,-0.131158580258003,0.968912819033999,0.837754238776,0.710000000000036,0.370000000000005
2018-03-01,2018,3,0.653676034341004,0.121379054625038,0.00017621089901069,0.0264257219767003,0.00594008577959293,-2.8654510304105,1.47788940692101,3.282740988721,1.32835385984498,0.0403814531081998,-6.4260157259996,-3.84744247085101,0.138861511413701,2.46535921230299,3.28847718984105,-0.0969247405624403,-0.0200234708934,0.6018672167049,5.2742763890015,-0.981733604261997,4.2925427847395,0.539999999999964,0.269999999999982
2018-04-01,2018,4,0.995387736538987,0.225704849195949,0.000126194935589239,0.4978828329122,-0.00353498703146793,-1.4688043222434,3.72648770249702,4.648424718282,-1.24291197940801,0.862045163388501,-7.78906822699355,-4.09748712339598,1.0837073767666,4.02852114880801,4.65490988179897,-0.10131337873276,-0.0610993377269802,-0.531612623912899,3.0762373573661,-0.295548282794002,2.7806890745721,0.300000000000011,0.129999999999995
2018-05-01,2018,5,0.822012676528004,0.558029267939048,0.0001708997864317,0.625705447489999,0.00623864800722596,1.1404766709071,4.10103713963497,3.99087188086503,-4.09970297640999,0.2574938718999,-7.6050287290127,-3.91946314839203,0.477542773022094,3.80260177318803,4.001134425141,-0.0682763410875102,-0.0731858716669098,-1.0627650268914,0.0398090731041947,0.308697910722902,0.3485069838271,-0.149999999999977,0.0500000000000114
2018-06-01,2018,6,0.665390729254966,0.75973779372498,0.0001795876148902,0.718671280891499,0.010099030418419,-0.533551104098301,4.17559373650101,3.21247579868799,-5.85135727745001,-2.5952167781437,-4.12156518199481,-3.21942521761397,-2.5178131421675,4.12755065244596,3.21805017574599,-0.0407127931310098,-0.0834809207047602,-1.15336759433948,-2.5545284238598,0.0536174611130988,-2.5009109627467,-0.870000000000005,0.159999999999968
2018-07-01,2018,7,0.301368598734996,0.608491471050968,0.0002562768234485,1.0540306458937,0.022604040133267,-0.373233070817797,2.79769916428,1.486239306789,-1.37098851519301,-2.0126155303323,0.495026891003363,-1.683076466535,-2.5499028097622,3.24632542174504,1.48029048595799,-0.00857928219609994,-0.00898754450044992,-0.175557888630001,-0.225199328087896,-0.454575078296102,-0.679774406384002,-1.56999999999999,0.310000000000002
2018-08-01,2018,8,-0.199722056700978,-0.285719492932969,-5.09746060499069e-07,-0.2703312401833,0.00407561028501702,-0.431479855081307,-0.453608455901986,-0.913143357417027,0.394390601721,-1.3757479743252,1.09423559300194,1.743328267328,-1.661574089403,-1.04453360194503,-0.903967899528993,0.0285170684457099,0.01778103190613,0.54799390650502,-1.6347637806848,0.6001006039311,-1.0346631767537,-1.36000000000001,0.200000000000045
2018-09-01,2018,9,-0.66209280067801,-0.745346394623994,-0.0002752645215978,-1.0404225357912,-0.027270383010561,0.265899683610201,-4.47354640371799,-3.20556226226199,5.284249823907,1.4813872909813,2.64390645099047,4.763898527713,1.4119914950436,-4.60147470751201,-3.20311230748996,0.0620425150975299,0.0778605504967897,1.08409733832366,0.450955500256299,0.1303782585661,0.581333758822403,0.0699999999999932,0.0699999999999932
2018-10-01,2018,10,-0.868483211527007,-0.659968495948021,-0.0003322742621844,-0.989932609114,-0.010041373782519,1.9657045948037,-4.40454537406202,-4.39270411861702,3.652363663454,3.9685365962937,2.95343813500949,5.92376452866299,4.4414283618422,-5.16741457135299,-4.40036200413505,0.1132220814884,0.0805016019287401,0.8197818494389,-1.7985090996605,0.7552113117729,-1.0432977878876,1.46000000000004,0.169999999999959
2018-11-01,2018,11,-1.18059093988597,-0.408762268529983,-0.000240292380666911,-0.676312317146401,-0.00816488846246999,1.27403173366631,-5.32798894664199,-6.01169311199999,3.31642590069401,3.655805543624,6.56925559599767,5.222127061533,4.152054604481,-5.44382279106401,-6.02207125278699,0.11246923728742,0.08138206773822,0.131293186111899,-1.409452099982,0.105455703635002,-1.303996396347,1.45999999999998,0.129999999999995
2018-12-01,2018,12,-0.586000080059023,-0.205781285050023,-0.000123944700023009,-0.185850439565698,0.0104727309771839,-0.9389957510936,-3.21733914549503,-2.70126248197698,2.48299441769899,0.509760018864799,6.49786457499431,2.77005295629002,-0.0793942008241046,-2.488903436481,-2.71163363915997,0.0610812473324396,0.0488586135490499,-0.5523486980426,-0.876212758279905,-0.738806866197002,-1.6150196244769,1.06999999999999,0.260000000000048
2019-01-01,2019,1,-0.245944395997981,0.126667251371032,-3.64239817640666e-07,-0.0504200462134001,-0.01476369962674,0.734137160245595,-0.599923743258955,-0.809997071886983,-1.26797881469,-2.3008025632462,3.48407177500485,-0.57955600263702,-2.5560749706971,-0.475326932900998,-0.816598222859,0.00506478861254056,-0.00652929651079992,-0.100774076624399,-0.943695219503894,-0.131197961329999,-1.0748931808338,0.740000000000009,0.310000000000002
2019-02-01,2019,2,0.282941458624975,0.0667358057359593,0.00014550132212693,0.213825963477401,-0.001648971487755,-1.1671134620434,0.871246746871009,1.46862933295898,0.780461017056012,-1.5860994552037,6.7719914479967,-2.71655335782799,-1.6542515524463,1.57958977708103,1.459229388381,-0.0599036481368707,-0.00901965032575003,0.7356701200519,3.4288622776414,-0.717742974787999,2.7111193028533,0.420000000000016,0.089999999999975
2019-03-01,2019,3,0.885344515194049,0.00216059773100596,0.0001706836210824,0.402941478463198,-0.00136868590744099,-0.154138184058901,3.88599261431398,4.26035504273699,-1.412039737691,-0.859776681620602,-8.44709001498995,-4.20491572028899,-0.4644501081399,3.60620826813101,4.26682112753798,-0.0947863275685696,-0.0476609885269696,0.3395656198725,3.1882025560787,0.286250430984001,3.4744529870627,0.549999999999955,0.25
2019-04-01,2019,4,0.859982645855951,0.511019151849041,0.00016588765524053,0.541535930037,0.00228089466602499,0.00950381443110615,4.352060217847,4.06742509350403,-3.37287548776001,0.475083071521599,-9.85265010601142,-4.237039805411,0.744926720342306,3.93802999425196,4.075862724145,-0.10103285517524,-0.0849254743825103,-0.6399572600287,1.1340079664717,0.422467854235997,1.5564758207077,0.450000000000045,0.269999999999982
2019-05-01,2019,5,0.788402978716022,0.366375789625977,0.000137728935796199,0.558635789028401,-0.00727647833519596,-0.247846882307201,3.62113229832198,3.72096015416497,-4.343268749321,-0.149907234761798,-0.476573334992281,-3.922022308035,0.2743287853204,3.60036847468302,3.73434275930703,-0.0775512448082498,-0.0859837612781797,-1.1022398350125,0.00298957879619621,0.0341464287810034,0.0371360075771996,0.00999999999999091,0.200000000000045
2019-06-01,2019,6,0.740484086735023,0.950763823538978,0.0002796382859149,1.0459745589361,0.037451605158111,-0.595711719093501,4.74994405801402,3.65812273255199,-4.64487987748399,-2.1662147204671,-6.99098980899726,-3.349746844794,-2.4723467615255,4.95802030374597,3.66035888537499,-0.0464122803111202,-0.07047791420977,-1.1893318755531,-1.6012650737484,-0.2058400929089,-1.8071051666574,-0.819999999999993,0.239999999999952
2019-07-01,2019,7,0.260442295196981,0.260943111902009,0.000140666453742199,0.587970631309201,-0.00787346112597498,-1.6316802495564,1.51355975717297,1.17277706612902,-0.751418924531009,-1.7937622776609,0.0184740769909695,-1.46444471718002,-2.411218877383,2.28396086491205,1.17787948490201,-0.00237621057579007,0.00247576098689972,-0.171848036810781,0.0955691929269022,-0.765298688966102,-0.6697294960391,-1.66000000000003,0.210000000000036
2019-08-01,2019,8,-0.115743446812985,-0.140290476058965,2.97978861656008e-05,-0.1288636513302,0.0139881812815189,-0.352461347885296,-0.739645786620997,-0.465643622338973,2.122061191634,-1.1074297421672,2.20546862800256,1.780201250098,-1.5244814865728,-0.841717518801033,-0.468547004567029,0.0311581746002099,0.0400387513518603,0.55262539091124,-0.0751918028695968,0.0991683499519986,0.0239765470824018,-1.24000000000001,0.310000000000002
2019-09-01,2019,9,-0.660716317269021,-0.513036554687005,-0.000319722469627901,-1.0224616667351,-0.010271004411892,1.2982611847229,-3.86881920076996,-3.33186089376403,4.162924007464,1.3963165960404,-1.66864253800304,4.61603637948701,1.4055479846694,-4.27444392358598,-3.32440906070002,0.06822681366689,0.0693255607211598,1.09338405556014,-0.443880983394003,0.41307655588,-0.0308044275140027,0.29000000000002,0.289999999999964
2019-10-01,2019,10,-0.944680427399021,-0.987306802029025,-0.0003444127596738,-1.1476980629007,-0.0143279265895659,0.2114340249707,-5.33291314548404,-4.89903057240298,5.18886127255999,3.9426733013066,1.25042666900845,5.928103905672,4.4867237143537,-5.97125595547402,-4.90341154499595,0.09100156857422,0.08331370915612,0.957708183846801,-0.195192220064904,0.633961837397003,0.438769617332103,1.50999999999999,0.200000000000045
2019-11-01,2019,11,-1.13078676570399,-0.312597902015966,-0.00027783626766616,-0.800359320668701,-0.00450606418637101,2.0405627713866,-4.95802959632596,-5.53897264836399,2.60940615536802,3.8668384644058,7.44881309499033,5.28735129584598,4.15043185565401,-5.32175697621898,-5.54809020604802,0.10794306880421,0.0649667214376901,0.108526895159699,-2.3943517492298,0.354609822209,-2.0397419270208,1.43000000000001,0.0699999999999932
2019-12-01,2019,12,-0.546552164021989,-0.0443969010480032,-7.91383488508088e-05,-0.2981108913459,-0.00270786292381098,-0.148883366308709,-2.340160142684,-2.604851513261,0.578969211061974,0.2864487699979,6.51212056601071,2.75912372205102,0.208778658457994,-2.14958512228702,-2.61824664964399,0.0658233430905293,0.0323761404935601,-0.544431248858199,-2.2578246225289,-0.203970156780002,-2.4617947793089,0.889999999999986,0.109999999999957
2020-01-01,2020,1,-0.0961029676710154,0.0398003975209917,0.00011799168491604,0.563498256547199,0.00229474612937297,0.6331939462207,0.815012839594999,-0.458312887118041,-1.932484348397,-2.3117047131832,4.5265270779928,-0.947692868448001,-2.5346826031707,0.456848261189009,-0.461511530767041,-0.0042348368013192,-0.0194174882265501,-0.2755460512605,-1.2077693699365,0.354965934757001,-0.852803435179499,0.670000000000016,0.189999999999998
2020-02-01,2020,2,0.308766967401993,0.290406904995962,0.000106547681711379,0.225899766398101,0.00253975835734099,-1.6915595599319,1.020408401537,1.63775122607603,-0.824244106582,-2.0491887255231,4.41858732800756,-2.744924602689,-2.1864479497238,1.56483143036598,1.63635626359104,-0.06366188274884,-0.0339707802535902,0.485256611916499,1.78342127190631,-0.545817991313999,1.2376032805923,0.519999999999982,0.240000000000009
2020-03-01,2020,3,0.499149162257027,-0.208523495892962,0.00011211319651205,0.1864702477828,-0.020198665191253,-0.164199556055195,2.46434231773799,2.97488194865599,-1.27718946814099,-0.760871834312901,-1.26874885200232,-4.09319774096301,-0.448435518896694,2.28174134361399,2.98143403743597,-0.0863272758049805,-0.0401264023015799,0.4218285478561,3.1284445882382,0.189153062904001,3.3175976511422,0.490000000000009,0.230000000000018
2020-04-01,2020,4,0.942245463876986,0.232170549739976,9.87387117059001e-05,0.3938368860222,0.00830450573261199,-0.553243873654004,3.23702176785497,4.24491987736997,-0.699519262155007,1.0164973409615,-11.255960185008,-3.922517476134,1.3332756228678,3.71686526323805,4.25426338726299,-0.0843897929924298,-0.0403872526265001,-0.301659021337699,3.5397764958853,-0.470499985490001,3.0692765103952,0.420000000000016,0.240000000000009
2020-05-01,2020,5,0.82491373165999,0.740643876048011,0.000208168892436201,0.5244951251453,0.017620982363984,0.424703386125401,3.99488060911801,3.72645052093702,-4.48628042605398,-0.0340391795479,-10.1318783509923,-3.79379769393901,0.4852277784262,3.90291815540195,3.734246817214,-0.06259153723851,-0.0755805314865499,-1.0310114955523,-0.1732157741409,0.0997587499930006,-0.0734570241477996,-0.0500000000000114,0.139999999999986
2020-06-01,2020,6,0.648853458158044,0.550626773460976,0.000184357929719299,0.991357440864899,0.01302839263192,-0.204613947599697,4.45123231065901,3.33246409901403,-5.01059402995,-2.101124376812,-3.25323931800085,-3.394802338278,-2.4008451957424,4.50258673777205,3.33355994783801,-0.0420715665770901,-0.0703366700400698,-1.11779379477955,-1.9155125106024,-0.0502585782890996,-1.9657710888914,-0.930000000000007,0.160000000000025
2020-07-01,2020,7,0.25283917545795,0.524886813051012,0.000206627457882599,0.7779285798558,0.011769691191532,-0.693111550302007,2.03501042632701,1.49074657647697,-1.49957691664301,-2.3799259003295,-0.756143628008431,-1.510760355418,-2.869821935807,2.57562820426796,1.49177165269498,-0.00785747037568996,-0.0131533639560701,-0.26819541518735,-0.478712596702501,-0.539592701722899,-1.0183052984255,-1.70999999999998,0.169999999999959
2020-08-01,2020,8,-0.167122916469964,-0.175344275871964,-3.46150732459874e-06,-0.305012604542,-0.012614781940805,-1.0897416166595,-1.33060250035101,-0.692445997009997,2.379452146565,-0.879769064965902,4.32621668600768,1.934163557407,-1.4741908005792,-1.11466324723096,-0.691625606294963,0.0282604700669498,0.03786734217719,0.583293089866659,-0.149133146455299,-0.215118862405003,-0.364252008860298,-1.44,0.100000000000023
2020-09-01,2020,9,-0.513705305674989,-0.619970638190011,-0.0003012540078114,-0.9240021987281,-0.0100636709070381,0.379663781921096,-2.95979354829399,-2.92588157660498,3.43643537853001,1.6104977585842,-4.5862835010048,4.65991201695201,1.7595096651778,-4.04256083504202,-2.92089379124701,0.0644128779492603,0.0586387096160501,1.15358967810944,-1.0744647318284,1.087755072106,0.0132903402775995,0.269999999999982,0.230000000000018
2020-10-01,2020,10,-1.09281339539405,-0.714417681713996,-0.000436757517474901,-1.2424169646213,-0.0120484898947409,1.6549105751355,-5.89520644657898,-5.655684204409,3.67382171511898,4.2588762307352,5.50175794800452,6.14252873550799,4.7378323366984,-6.69687816655602,-5.65283292689702,0.107940343280879,0.0743101864278097,0.8660302651998,-1.98975091442581,0.804522997488998,-1.1852279169368,1.66000000000003,0.329999999999984
2020-11-01,2020,11,-0.924082343988971,-0.421611097537038,-0.00027973123940692,-0.887870395434302,-0.000910186621288056,1.00877825563499,-4.50469154286804,-4.607479581414,3.18606582831802,3.9530200549248,21.4238567589928,5.311693416813,4.3569360788354,-4.96274792833896,-4.61988029471098,0.12290926646843,0.0877445553464802,0.0995966189255988,-1.7217115645844,0.445655672173899,-1.2760558924104,1.58999999999997,0.189999999999998
2020-12-01,2020,12,-0.875421235078989,-0.402254148189002,-0.00014592749951408,-0.336920394817497,-0.00375613869587499,0.0184155853464034,-3.99960273872,-4.07184473293103,0.732161230347003,0.1457429674271,14.6154413879995,2.77274101264399,0.0529637671023977,-3.53206135646303,-4.07666001389998,0.0609438106729696,0.0269343341349,-0.576334392706199,-2.1333589826216,-0.472356663225899,-2.6057156458476,0.889999999999986,0.089999999999975
2021-01-01,2021,1,-0.180885698543022,-0.0723170899199772,8.26770443239019e-06,-0.0667808742905009,-0.00227493207917395,-0.198465213747895,-1.63012664961599,-0.682392996509975,1.116954343804,-2.3966956183257,4.84788163501071,-0.554921964880975,-3.0926947207892,-0.56642690570601,-0.68381907747505,-0.00960077941206983,0.00853732856488021,-0.259687492971601,0.975877206221398,-1.065125824875,-0.089248618653599,0.590000000000032,0.240000000000009
2021-02-01,2021,2,0.124272706133013,0.107760931610017,8.43111801106401e-05,0.1035817705,-0.00254041636479796,-0.854871208614902,0.579685972553989,0.869475786495002,0.260304145828997,-2.0227292212023,1.92346185298811,-2.87775345390401,-2.2084053003033,1.04578146090705,0.864897888645032,-0.07082965180967,-0.0213707194390702,0.522336090668601,2.952381520632,-0.470673386203099,2.481708134429,0.46999999999997,0.199999999999989
2021-03-01,2021,3,0.709545546228014,-0.206768709299013,0.00011187645816276,0.271392921366399,-0.00572257714404401,-1.1209361196923,3.14238434987504,3.81893713359199,-0.905198893303009,-0.841655728683101,-5.52660283599107,-4.160362444431,-0.539014802689401,2.74857533268897,3.82561147183401,-0.10051895683541,-0.0453643030721702,0.4291903931004,3.5578044771217,0.400483355428101,3.9582878325497,0.29000000000002,0
2021-04-01,2021,4,0.900084487190952,0.243091104460007,0.00012331357923486,0.474558871687901,-1.86196866580612e-05,-0.0753163912304942,3.58941626900497,4.27027529543301,-2.049850436995,0.762831570371201,-1.26595996900869,-4.11082161663799,1.2182979733523,3.86616402747899,4.27091849081796,-0.0968353091215395,-0.0666092677855099,-0.349652650621101,2.5164375826241,-0.276104563089,2.240333019535,0.319999999999993,0.120000000000005
2021-05-01,2021,5,0.948873450127053,0.716184634076967,0.000272850518406651,0.7092282184339,0.029309793549207,0.167774851197393,5.192724130861,4.45217618988596,-4.71052909008799,0.168937143773601,-10.7062358589901,-3.98973408937002,0.619936418752005,4.84713254043601,4.45951662993002,-0.0680752071185999,-0.0826809408042699,-1.022192673039,-0.269795725739598,0.352932030468999,0.0831363047295,0.199999999999989,0.390000000000043
2021-06-01,2021,6,0.715122735343982,0.629290062529037,0.0002315138102599,0.969886610249599,-0.00715301309182703,-0.289007930847994,4.17492568227499,3.64920942817605,-3.724183882017,-2.0522868293879,-6.7157587469992,-3.32726729504998,-2.3112161951977,4.726617580648,3.65028337269803,-0.0400808274584104,-0.0510642507013799,-1.10313480032731,-0.655845952776801,-0.550617953850999,-1.2064639066278,-0.810000000000002,0.279999999999973
2021-07-01,2021,7,0.432261829600009,0.720139525401976,0.000302991496007999,1.08889234806,0.030684866808783,-1.2244862175549,2.97481753817203,1.96450360742199,-1.23089683950002,-2.1810198381334,4.8090573179943,-1.65698303248402,-2.8689125569,3.68272810267501,1.963172093418,-0.0112221080647599,-0.01109640053147,-0.24154719458093,-0.261806525782603,-0.709242078507,-0.971048604289599,-1.75,0.129999999999995
2021-08-01,2021,8,-0.154912956752014,-0.161501187449005,-8.64471439400993e-05,-0.3718671441402,-0.02023948923173,-0.475523444597997,-1.05414168771102,-0.660903354466029,1.41043553082503,-1.0960900331783,-7.48494732800464,1.861680600471,-1.5034609407702,-1.39740962837999,-0.659188361653037,0.02944633100519,0.0290197097783098,0.59054639319306,-0.858615977237896,0.344982933481997,-0.513633043755899,-1.30000000000001,0.199999999999989
2021-09-01,2021,9,-0.589780087099996,-0.576123836744955,-0.0002477882856626,-0.865925862810297,-0.000390611660397999,0.932578703126801,-2.792719545274,-3.38261614664998,2.41477816120297,1.2018369861465,-2.22626079600013,4.60476270437002,1.4510097515343,-4.17920485452004,-3.38763855823697,0.06037745180166,0.0424038373257902,1.05188843210188,-1.9408117777792,1.381462897659,-0.559348880120201,0.230000000000018,0.180000000000007
2021-10-01,2021,10,-0.991451501992003,-0.643262781569035,-0.000368694609492801,-1.3089892354939,-0.0134101647932939,0.385775793981196,-5.94509778279399,-5.15805388335701,4.53332425632601,3.9464868260424,1.43111806100933,6.20746997410899,4.2633050895549,-6.24579324090996,-5.15714172264603,0.11405202262715,0.0881982685109999,0.765706473686301,-1.3573274542705,0.301607618826999,-1.0557198354435,1.44999999999999,0.100000000000023
2021-11-01,2021,11,-1.10065835561801,-0.81206003331198,-0.000292059585001269,-0.847739795509501,-0.010809162091531,1.1913066423274,-5.30050836394298,-5.271614622328,3.32641166550201,3.69911833026,0.466900571002043,5.291128167436,4.03607163916489,-5.45863209266099,-5.27348803554997,0.11571935353373,0.0825016659497799,-0.0118542797437993,-1.6277631930291,0.156250315495999,-1.4715128775331,1.75,0.319999999999993
2021-12-01,2021,12,-0.634449922933982,0.0884767312489885,-7.77482142281516e-05,-0.0377056763180015,0.00591176161581897,1.34067220488149,-1.968705919473,-2.96525864712601,-0.555383517542992,-0.00948387805350137,3.91273159898992,2.58941452146701,-0.104708704477495,-2.106750247413,-2.967241885845,0.0589418159788204,0.0120287745958101,-0.6499594844925,-3.240022865434,0.136061089221002,-3.103961776213,1.02000000000004,0.25
2022-01-01,2022,1,-0.245755557330028,-0.258549719374003,-2.34940713842897e-05,-0.362229439707701,-0.00748700146053793,-2.19685567600899,-2.44837361051003,-0.941947557906985,3.724525196207,-1.808394512792,8.3343563870003,-0.519710049974009,-2.51595188504,-1.03792499444404,-0.954291619923993,-0.0100429243297402,0.0441958238204698,-0.0910590752895004,3.536677873933,-1.422792678083,2.11388519585,0.579999999999984,0.199999999999989
2022-02-01,2022,2,0.258711226040987,0.07381068078098,0.000101497704713311,0.1530196654939,0.00641267749630692,-1.2585179137027,0.865621294768005,1.17622521540301,-0.516531959186011,-1.879568088866,5.96563886600779,-2.71587580773399,-1.9978942756673,1.09031709194801,1.17379922301399,-0.0649539803802401,-0.0290628204874599,0.516706206729699,2.0810176617467,-0.227121789569001,1.8538958721777,0.45999999999998,0.160000000000025
2022-03-01,2022,3,0.79366286834005,0.15994487993504,0.000202323941068769,0.535946613565702,-0.000749045505902934,0.0232601061059015,3.43488921754101,3.80001281484198,-1.705469420924,-0.7229508348113,-7.35955871100305,-4.151882624938,-0.444982627525398,3.67196560663399,3.81116855341901,-0.0827783967851694,-0.0456836862620902,0.4282167131141,2.7243814112999,-0.225920650515899,2.498460760784,0.520000000000039,0.310000000000002
2022-04-01,2022,4,0.759023874344962,0.374333814544968,0.000121420225348331,0.488721944006098,-0.000544550244284014,0.492304911986999,4.46969316465197,3.83333462230303,-3.40626083934501,0.954274271537702,-1.97989280900219,-4.18119851751101,1.4894205888315,3.75726192615502,3.84046925927601,-0.0944459378094504,-0.0792577609779697,-0.2611287352559,1.3100839954598,0.7195658754699,2.0296498709296,0.419999999999959,0.21999999999997
2022-05-01,2022,5,0.813153757214025,0.453452541205024,0.000128194568885,0.273238032330301,0.00299278733688002,-0.592577742481197,3.48982716583902,3.891051123892,-4.45704582212397,0.0593256562607998,-12.390116317998,-3.74770022449201,0.684751724639696,3.19045332564701,3.89749199002398,-0.0722780467899797,-0.08526013927789,-0.976773436582199,-0.0839195292531016,0.305814706324,0.221895177071001,-0.129999999999995,0.0699999999999932
2022-06-01,2022,6,0.803590583556002,0.67404007090397,0.0002037498124142,0.864569132909299,0.0166854098778509,-0.307371618725803,4.22501504955602,4.07394798655599,-2.23406755674,-1.9727405632704,-5.63894196100591,-3.30017963111399,-2.6496963710913,4.81812042910201,4.07497149316202,-0.0448189294140402,-0.0357538918448803,-1.21120537827705,0.389156266553101,-0.59208187294,-0.2029256063869,-1.02999999999997,0.100000000000023
2022-07-01,2022,7,0.344123686484977,0.887613573376996,0.0003561944366557,1.5295527060905,0.0228912404147941,0.864068063839206,4.27413149932198,1.64999646724198,-4.48715563807102,-2.3865279642185,7.74996331700822,-1.96879106981299,-2.6917287822979,4.09597262680097,1.64456423697499,-0.00998778395020983,-0.0488274215211097,-0.26279038887693,-2.8235653863374,0.172726642254002,-2.6508387440834,-1.75999999999999,0.110000000000014
2022-08-01,2022,8,-0.188772366573971,-0.28425303556395,-1.11307636226996e-05,-0.251222795372197,-0.014640574711365,-0.2484759010025,-0.90686228445901,-0.718854814738961,1.68923678032201,-1.2880126945376,2.63588178600185,1.79520765889399,-1.5895754586162,-0.970090229876973,-0.72126386840398,0.0290461772078796,0.0336763842468097,0.601758573887599,-0.407533642650598,0.0608188917529979,-0.346714750897601,-1.27000000000004,0.239999999999952
2022-09-01,2022,9,-0.600823083010027,-0.694062796671005,-0.000346621879021999,-1.244840972964,-0.014333920125663,-0.337558570408802,-4.17317387617601,-3.264535713866,4.38359554885599,1.1937075132954,-2.7012179059966,4.75392599299701,1.2770088401679,-4.83215324626201,-3.25779730002102,0.0659286918891002,0.0701842501810401,1.05443620057448,-0.287029117268503,0.665717783930901,0.378688666662399,0.230000000000018,0.200000000000045
2022-10-01,2022,10,-0.984839045807007,-0.721808770909036,-0.000395202418251951,-1.2525143414027,-0.00452744635328295,0.859698093985799,-5.78215664014095,-5.28719149738004,4.215802232427,4.0927191606609,-0.219268631000887,6.22187071504399,4.4695712457586,-6.33467973258001,-5.28810455427902,0.11525253588625,0.08484251927639,0.844264773660701,-1.6292163975193,0.551610035540101,-1.0776063619792,1.51999999999998,0.139999999999986
2022-11-01,2022,11,-1.30483975574998,-0.635427771551974,-0.000333333479056459,-0.9383305918982,-0.014306070187558,0.909735881652104,-6.203156026648,-6.198812717164,3.292871249131,3.8790880319241,-0.586063181006466,5.31146789024899,4.3364660964655,-6.13471744075099,-6.20642323548697,0.11206497652574,0.0787044398693002,0.1036745482182,-1.5612185765766,-0.0760491042200009,-1.6372676807965,1.69999999999999,0.329999999999984
2022-12-01,2022,12,-0.566241405909977,-0.326796074191009,-7.285281756245e-05,-0.104791346546602,0.00974031938752806,0.144016747948498,-2.78611517021204,-2.81909848956099,1.81812080137502,-0.0156651917380977,12.8043634390051,2.62947957451499,-0.463328195795604,-2.15897174903102,-2.829286585067,0.0506330714180798,0.0343654250150598,-0.727058742592501,-1.2590217771975,-0.637331516687002,-1.8963532938846,1.07000000000005,0.310000000000002
2023-01-01,2023,1,-0.20387862029304,-0.116638700667011,2.69977701524305e-05,-0.0394271208425998,-0.00673262499181704,-0.944576774598303,-1.55188593539498,-0.839928597953985,1.32149171250899,-1.9627764957071,2.37297198700253,-0.599674343235989,-2.6357750218534,-0.507742696906973,-0.847949189551002,-0.00827123829033027,0.0139496019663099,-0.193093377114,1.2481675295987,-1.052163830085,0.1960036995137,0.45999999999998,0.00999999999999091
2023-02-01,2023,2,0.339235616303029,0.154658870887033,0.000151831189742669,0.371419041657401,0.00324356274226201,0.746977046169199,1.63143709898497,1.84241837649199,-0.171391213153981,-1.808723809591,1.95057998198899,-2.82931402506298,-1.8646793332238,1.85445037610901,1.84819477776296,-0.0551325822175599,-0.0125246099836298,0.5721420442786,2.6019672882762,-0.2172368758531,2.3847304124231,0.279999999999973,-0.0299999999999727
2023-03-01,2023,3,0.799445091072982,0.107866836821984,0.00018126306367767,0.308937645807202,-0.01915502246276,-1.47453582154549,3.880507619507,4.16458500505399,-2.08015330118201,-0.847644482426499,-3.11955759499688,-4.24259348733901,-0.413862161850403,3.58466862786997,4.16246580185305,-0.09295680036813,-0.0565923829441601,0.4473864814719,2.59622250673311,0.2937197884361,2.8899422951692,0.330000000000041,0.120000000000005
2023-04-01,2023,4,0.740856865488979,0.321885256894006,0.00013573433766759,0.677368907880499,0.00917801801803297,0.465343684716998,3.48226100053705,3.52063565299198,-1.81531852402,1.0432481770783,3.03575109399389,-4.09936554290999,1.4385980449836,3.39654223794997,3.52279765717697,-0.0978686570699101,-0.0623582477323197,-0.2713402450792,2.6793968867953,0.087880766772102,2.7672776535674,0.509999999999991,0.310000000000002
2023-05-01,2023,5,0.965385213103048,0.832441731860001,0.0002776456979193,1.018802321531,0.013861865627085,1.08279638172259,5.51140369138295,4.526029929814,-5.12816340098499,-0.0498696873999016,-5.5622675929917,-4.172221802992,0.506293363453402,5.18350551891501,4.54440902686099,-0.0786812899305001,-0.0939524926975204,-1.0365818710293,-0.399778547139697,0.3462772695149,-0.0535012776248003,0.0799999999999841,0.289999999999964
2023-06-01,2023,6,0.854696608487984,0.672799461712998,0.000251239234363999,0.664907787324502,0.00540708738143503,-1.2404315842765,4.34518792311502,4.38493318424003,-3.43892247424901,-1.9132760559981,-9.33232057800342,-3.10007073806801,-2.2769364248996,4.83230104858001,4.39143380367801,-0.0307948817040997,-0.0429000129546497,-1.11896298838124,-0.702512105082505,-0.480612506027001,-1.1831246111095,-0.990000000000009,0.129999999999995
2023-07-01,2023,7,0.475406784154984,0.774594160456957,0.000301133772040701,1.2155252233821,0.0278761542534059,0.00888369987070092,3.82928630155698,2.42690252394601,-2.13359274654101,-2.2071637487834,3.67857425000693,-1.83977083452299,-2.8410122813673,4.172967800587,2.421856142465,-0.00990567851862023,-0.01875974395531,-0.32525711203149,-0.927670444601894,-0.348727880510999,-1.276398325113,-1.65999999999997,0.210000000000036
2023-08-01,2023,8,-0.182842121915996,-0.131676836387953,3.13464712340013e-06,-0.2967324195969,-0.017661423185975,-0.994596388081099,-1.30344782420696,-0.648460952156995,2.17336606918502,-1.2356866295303,2.38504139900033,1.75201167000301,-1.730085396861,-0.966655711806993,-0.64847990692698,0.0266733518894999,0.0350709819122801,0.54039898216134,-0.0730443681487003,-0.33681106717,-0.409855435318601,-1.14000000000004,0.360000000000014
2023-09-01,2023,9,-0.45715279691899,-0.443340658142006,-0.000240186107355201,-0.7381764211054,-0.00583565397425501,0.071754250603405,-2.879429636635,-2.85446663268402,2.98583825396599,1.0634779054513,-3.31159223501163,4.50027376973199,1.1961273823527,-3.63577088390298,-2.85031168069798,0.0574169399735602,0.0460823986467598,1.03657344618069,-1.3817860388646,0.760496199254,-0.621289839610601,0.400000000000034,0.379999999999995
2023-10-01,2023,10,-1.14009631866099,-0.656403620881008,-0.0004263608954216,-1.4601104210639,-0.026531397135408,1.5920921048609,-5.47180415590304,-5.67987207192999,2.63082565184598,3.8182826937712,1.73843581300753,6.102222239268,4.4507291576419,-6.80609014417405,-5.68157980172504,0.10647046521993,0.06229088502096,0.8955030341343,-2.8389501235513,1.332578258476,-1.5063718650753,1.65999999999997,0.289999999999964
2023-11-01,2023,11,-1.04359632687101,-0.469961242476984,-0.00024916290795432,-0.472323589843299,0.00459822098698892,1.6327676532994,-4.69736589443596,-5.23126924754604,2.56280122646302,3.6708563448734,5.79581717499241,5.10225024062999,4.1231619516417,-4.915835845223,-5.24323420123199,0.10931234608558,0.0698994064969098,0.0551557036502004,-2.0871434073987,0.206504997101099,-1.8806384102976,1.56,0.180000000000007
2023-12-01,2023,12,-0.631174478626974,-0.23355308218504,-0.00010487441665164,-0.2493286535748,0.000118867318562033,1.03266613485389,-3.03528984868802,-2.99749311839696,1.19948198597299,0.424622976565001,3.3617221070017,2.914224701237,0.1045857786197,-2.62754985421395,-2.999010607679,0.0647599966590393,0.03466380078022,-0.6413324253193,-2.0347799132093,-0.4092574837561,-2.4440373969654,1.10000000000002,0.329999999999984
2024-01-01,2024,1,-0.330665149188007,0.0666895915030068,1.97805478868197e-05,-0.112338999593803,0.000144991188942067,0.2304455903095,-1.47329831059199,-1.13373059048104,-0.0850055838139951,-2.0668479831158,8.59743166199769,-0.603836478131001,-2.4201630386047,-0.921819504426992,-1.14128391893001,-0.00100198090883996,0.00187714538032013,-0.0993319543763995,0.1655158388281,-0.559032134614,-0.393516295785901,0.70999999999998,0.260000000000048
2024-02-01,2024,2,0.365734564612978,0.10799238642403,0.000155106529142942,0.429460351955701,0.000427870486772952,-0.861242993754594,1.553014507657,1.705597284737,0.277363994384984,-2.0670498518656,4.01757439700305,-2.94052630820798,-2.3424777932412,2.16862540018195,1.699711018507,-0.0590119255706396,-0.0117435956062102,0.470580574326799,2.9424623612174,-0.621497158754899,2.3209652024625,0.590000000000032,0.289999999999964
2024-03-01,2024,3,0.55428482731503,0.0053443155579771,0.000152214983023998,0.4701511404133,-0.000709365413110952,-0.0911716463949972,3.36079036286696,3.01355140908203,-2.09764411247698,-0.8315847807207,-0.316025941996486,-4.31198003047501,-0.396605370393601,2.72933172019003,3.00995998396098,-0.0931748978745697,-0.0545775292775597,0.4524313289317,2.64931532832509,0.627867217555799,3.277182545881,0.610000000000014,0.400000000000034
2024-04-01,2024,4,0.865943180381976,0.45765945917401,0.000168344631057101,0.391143978726902,0.00445351175653097,-0.516506573165003,3.71139879315604,4.00115380208598,-2.207179538708,0.870886245625403,-6.21960500300338,-4.185056199624,1.3225828639462,3.752428924573,4.01050465034899,-0.110180511179391,-0.0788105565724799,-0.282799997742501,2.42957327923681,-0.031679283153899,2.3978939960828,0.46999999999997,0.269999999999982
2024-05-01,2024,5,0.854594961372982,0.388262727262997,9.82894464304999e-05,0.458674138744499,0.00625863995170994,-0.5123696048855,3.58299634990601,4.00703780060104,-3.68263010808801,0.534796632969599,-11.1253690349986,-3.68701309218801,0.954865180887396,3.46259896689099,4.02564158352504,-0.0703944483349299,-0.0721038670957204,-0.938940333378399,0.424451532017798,0.139001165939,0.5634526979568,0.0600000000000023,0.259999999999991
2024-06-01,2024,6,0.746293713839009,0.600943091514978,0.000177804742736999,0.623305223640902,0.017630469174709,-0.4144960561079,4.36518555892201,4.02769767446796,-3.910549655165,-2.2351683279613,-5.14041545300279,-3.14677696180198,-2.4418859562986,4.45124954190698,4.03401855702998,-0.0395820439437897,-0.0551787264885299,-1.1483974212746,-0.970490321700304,-0.0797431004229026,-1.0502334221232,-0.71999999999997,0.420000000000016
2024-07-01,2024,7,0.280209121149994,0.497567710534042,0.0002222248509404,0.896441314507697,0.014729095632771,-0.497624550555699,1.80742258066795,1.25911975552401,-1.12419765132199,-2.174752919256,-5.08029955399979,-1.50001495044103,-2.918751246511,2.72332331071004,1.253722535105,-0.00234075852580018,-0.00651200094432003,-0.321551232997971,-0.368181028136,-0.921297950461099,-1.2894789785971,-1.62,0.240000000000009
2024-08-01,2024,8,-0.0688463323799624,-0.155937034213025,1.3849026271601e-05,-0.0593734491807005,-0.00466664934148997,-1.4768034119024,-0.817237241542955,-0.508949919688973,2.53030288058,-1.1265327078094,2.0748840830056,1.713588919279,-1.6930483108538,-0.370051582711994,-0.510209394998981,0.03062343345943,0.04523063070899,0.551109317045951,0.250198358256604,-0.448445134141,-0.1982467758844,-1.33000000000004,0.180000000000007
2024-09-01,2024,9,-0.667395669379005,-0.535974391407024,-0.0002672609432635,-0.945649175171198,-0.0165364699432761,0.345691428649303,-3.06137238581704,-3.36456620482204,2.793968987326,1.1047336260498,5.29145340299874,4.59748078822201,1.4006402180468,-4.25791257033001,-3.35626000395604,0.0608606820275401,0.0476939530451603,1.08385875165122,-1.507605208899,1.204846385379,-0.302758823520001,0.319999999999993,0.289999999999964
2024-10-01,2024,10,-0.96578951910999,-0.788305614501951,-0.0004284359813546,-1.4207247831,-0.0139748311420219,1.4130972976228,-5.64835126441795,-5.095688881922,3.94856785011501,4.0658432167694,1.19031721500505,6.17944621757098,4.4217973372645,-6.50798651841501,-5.10292025428896,0.10561924822635,0.0749932372379396,0.822685249614899,-1.8749242469609,0.852403881630099,-1.0225203653308,1.75,0.379999999999995
2024-11-01,2024,11,-1.16416380510202,-0.58947505708602,-0.000293321086935321,-0.850512162921301,0.000857624859099904,0.89946307908,-5.22409397198902,-5.80715247441299,2.15945881620399,3.8589223414872,-2.65105939900968,5.34696787117301,4.2746495819755,-5.85073763894303,-5.81879098349503,0.108804885411,0.06032943504594,0.0509088842173,-2.7717818144807,0.615005157871902,-2.1567766566088,1.72000000000003,0.330000000000041
2024-12-01,2024,12,-0.565509297961,-0.18177362733303,-0.000145119178069799,-0.133569870636101,-0.00255704016734293,0.9176096206848,-3.33431290527199,-2.952115401708,2.09424402752299,0.357364356092798,9.14290785700723,2.70071695582101,0.213977501112602,-2.60106343807598,-2.95665287326096,0.0618920798557703,0.0487379758495603,-0.544002829722,-0.749859783278204,-0.737786938748901,-1.4876467220272,1.14999999999998,0.399999999999977
2025-01-01,2025,1,-0.172847797046984,-0.239642610619967,-2.69837225416493e-05,-0.356144745578099,-0.00517160291853802,-1.7921679882664,-1.91873574031803,-0.429675961916985,1.98107276601701,-2.1326162568571,-4.37306682400231,-0.610505770742009,-2.7673500605062,-0.775830822947,-0.438311687006035,-0.0118517925436201,0.0199690534066397,-0.157216139924099,1.9568447331099,-1.1515406424601,0.805304090649901,0.830000000000041,0.379999999999995
2025-02-01,2025,2,0.140153010567985,0.143668599747969,0.000146425631836969,0.362449707953601,0.00636711070387797,0.270008433514697,1.56909695987503,0.915506109051989,-1.84067853648699,-2.0308287774614,8.30917005399533,-2.904830140163,-2.0036541613274,1.41581001848601,0.913801363532002,-0.0591242444126197,-0.0389764569577298,0.552498531915699,1.09132621981,0.151582195869,1.242908415679,0.409999999999968,0.100000000000023
2025-03-01,2025,3,0.704233102467015,0.0374448269280379,0.0001960331041278,0.5407062950006,-0.00116170991909792,-0.211159904762894,3.428345946749,3.706340219271,-1.448721360066,-1.0867307928347,-0.800408236988005,-4.26467157261101,-0.912188678941199,3.497146200835,3.72302993267402,-0.0799842050258803,-0.0385505996320501,0.2344550900333,2.9904923264385,-0.0521105406829996,2.9383817857556,0.129999999999995,-0.0699999999999932
2025-04-01,2025,4,0.85536150275999,0.381579241070995,0.0001360898479033,0.488343724152799,0.000397719055723944,0.513236204119899,4.46397451629997,4.04763616136501,-3.71070196734601,0.6863468614598,-10.6198649800062,-4.20513234627899,1.20819542894829,3.68609499765398,4.04932090089301,-0.0968601960245703,-0.08398828301452,-0.359335055983101,1.0162789464215,0.779564258174002,1.7958432045954,0.350000000000023,0.149999999999977
2025-05-01,2025,5,0.811892921354968,0.490531853243965,0.000155992203521001,0.555346938678802,0.018464262219865,-0.602949094130302,3.709924944558,3.79795860319098,-3.526328392784,0.2356490232123,-5.09465233099763,-3.781729385825,0.745162913312505,3.671215370455,3.811013831965,-0.0706046944312,-0.0692145983169299,-0.9100403202159,0.764914883141195,0.051764802876999,0.816679686018201,-0.0300000000000296,0.170000000000016
2025-06-01,2025,6,0.660463284820992,0.722727257732004,0.000151637973591899,0.507687789084898,-0.00930096801224001,-0.937406902850697,3.00368435546602,3.34782597793304,-2.28276339331299,-1.8316426260377,-9.21330117499747,-3.05384706858499,-2.4418356374894,3.681687709421,3.35196602105196,-0.0509951980489398,-0.0452107622437299,-1.10098893957059,0.160890663820304,-0.673863310836001,-0.512972647015701,-1.03999999999996,0.0799999999999841
2025-07-01,2025,7,0.204963431917008,0.236178426292042,0.0001843697379257,0.7548423347022,-0.00493812053809195,-0.726018440153602,1.79455411057597,1.53201577032996,-0.471740260946007,-2.1412259191665,8.20579305700085,-1.45395020987903,-2.7938032664067,2.22434869881602,1.52564503618402,0.00288294767970987,0.0123059607354099,-0.35797072010072,0.329632601692801,-0.436165322386,-0.106532720693199,-1.63999999999999,0.230000000000018
2025-08-01,2025,8,-0.0689138185200022,-0.058801394063039,-7.23478599435005e-05,-0.341436686886798,-0.0156249023671,-0.415582183085,-0.989022806544995,-0.470220011654988,2.19919240061401,-0.968977635273902,-3.58109888600302,1.850525663143,-1.447665299658,-0.990748378645037,-0.477560939364992,0.0320841400513201,0.0408263631444399,0.546363183862601,-0.130020926912998,-0.00561535561000071,-0.135636282523002,-1.18000000000001,0.319999999999993
2025-09-01,2025,9,-0.518122834305984,-0.563223148746999,-0.000240971109625499,-1.0155851765778,-0.00431912275884894,0.14299422317,-3.52454357645797,-2.78592354199498,3.55202106648798,1.1255476826584,0.570676652001566,4.631947038221,1.2836087281856,-3.87504038628896,-2.77629461816002,0.0652005776381599,0.0586004147097001,1.07889401023211,-0.921864926205906,0.360125733666003,-0.5617391925399,0.109999999999957,0.089999999999975
2025-10-01,2025,10,-0.991795717263017,-0.616507574134005,-0.00043841258808904,-1.2935071985008,0.00100703365935895,0.942062485551702,-5.33784979797804,-5.223830596033,3.853575509503,3.645563892986,3.50692031699873,6.00486521417102,4.0560936513403,-6.461678673753,-5.22045675318401,0.08979401920945,0.0649933638063698,0.7718353551693,-1.74075994631369,1.1272027186239,-0.6135572276898,1.57000000000005,0.189999999999998
2025-11-01,2025,11,-1.07391498076299,-0.734293768077976,-0.000340919885946941,-0.940776213720699,-0.023962121219072,1.2385372206209,-5.84024027412596,-5.39099452368504,3.272792499172,3.8340989553314,2.15627633899567,5.33683184841598,4.0839021023797,-5.607831254068,-5.38858722953495,0.10100111752512,0.0679050816625502,0.0959260728782994,-1.8142362021957,-0.230001725907901,-2.0442379281036,1.75,0.379999999999995
2025-12-01,2025,12,-0.792432908493993,-0.337997895101012,-9.30691981273699e-05,-0.247976208105101,-0.00159558229899004,2.39649043603919,-2.78034922014501,-3.29619528227801,1.40914275712001,0.491179705481301,7.93136367799889,2.81879115631298,0.442742445851898,-3.00798515727104,-3.30382978861201,0.0663584194909799,0.0436708727466799,-0.541531911324,-1.4580856588224,0.220001430792102,-1.2380842280303,0.879999999999995,0.120000000000005
