"date","year","month","T2m","T500","SPFH2m","PWAT","APCP","TCDC","DLWRF","ULWRF","DSWRF","USWRF","PRMSL","CSDSF","CSUSF","CSDLF","CSULF","CDUVB","DUVB","ALBDO","CRE_SW","CRE_LW","CRE_net","co2_avg","co2_trend"
1979-01-01,1979,1,-0.00792663164189245,0.0971140359915226,0.000191994694576611,0.694286087285358,0.00762215511155008,0.462646114154478,0.465714654428547,0.348409014957261,3.05298889288845,0.599662904016458,-3.27910670405223,0.245717664463371,0.379785560312489,1.69977436976627,0.344597144608277,-0.00103288889637647,0.0378682720534585,0.270004137140086,2.5873938847211,-1.23787158568671,1.3495222990344,4.88747676592318,5.16143305973861
1979-02-01,1979,2,-0.292405388799926,0.192844480672716,0.000183991992779303,0.436955772475061,0.00604990124753589,1.10594993558404,0.111168293973723,-0.69034238278914,1.89438129256904,0.979834754518762,2.2600254313468,0.441771381044672,0.888356747856321,0.644107989031986,-0.696700086255229,0.00947606043966116,0.0302712276641021,0.342490926140319,1.3611319048619,-0.539297398524365,0.821834506337544,4.97016363309065,5.17858755427503
1979-03-01,1979,3,-0.0827860316510712,0.183203311015112,0.000119518264414066,0.465669871159401,0.00632309206524191,1.60651469890806,0.73207140042553,-0.0642954106805802,1.30229347292009,0.954392723528509,-1.28271658985238,0.75341130659593,1.17247343673954,1.01537824322511,-0.0634192635542683,0.0108290202322236,0.0215813680159079,0.360721729994966,0.766962879535167,-0.282430695673276,0.484532183861995,4.98346899835646,5.13082867631341
1979-04-01,1979,4,-0.112570327878866,0.169971283611749,8.17590010398176e-05,0.0313156979085976,0.000514067616860833,1.05313568427018,-0.611512712149064,-0.400024433032726,2.4945901510189,1.62034272939609,-4.13135827184389,1.0259732351955,1.75844591532034,0.0256477682748715,-0.400332338697725,0.00989920456440487,0.0329747846256651,0.496614140038388,1.60672010174765,-0.637468386088985,0.969251715658662,4.86573033360895,5.01883423467967
1979-05-01,1979,5,0.032927685063442,0.283063314510445,0.00016253773870527,0.386776156483066,0.0139067281739911,1.43224306284999,0.670797784728319,0.0787332419667859,1.61482033001341,0.796465055671712,-3.96251216268502,0.776499828772831,0.698312619837326,1.14036641223673,0.084867964045666,0.00844285146102579,0.0188561060900989,0.146362615329262,0.74016806540617,-0.463433905429544,0.276734159976629,4.6414602462418,4.69456370434082
1979-06-01,1979,6,0.1613057076327,0.406835811819349,0.000190020776038526,0.735315144209146,0.0129542050368106,1.67097567717339,1.30633483329847,0.753046440671191,1.33838051770036,0.620614745836404,3.25483826443718,0.640807953074628,0.567350114655196,1.86614875299603,0.75472074042086,0.0130887486750805,0.022750189577659,0.095047547904764,0.644307933444535,-0.55813961994799,0.0861683134965363,4.4494662623454,4.28788841164317
1979-07-01,1979,7,0.103879485791059,0.397505528208325,0.000116926431668042,0.480830186583818,0.00628501795634199,1.60975932488469,0.879244724915015,0.591776403668651,1.25081040883299,0.514158679734291,-0.330496600469042,0.77667768051563,0.533051577428191,1.30233917404656,0.592426542554214,0.0158622892313877,0.0221098003342911,0.0482353615406955,0.493025626011263,-0.422444310245973,0.0705813157651958,4.07626000476552,3.77319234938953
1979-08-01,1979,8,0.183334281648695,0.205710025418565,0.000128847921654326,0.37336011901393,-0.00168512720221358,1.78259562674364,1.34633239714006,1.1210538654432,0.665413572972848,0.21048019704303,4.32619320180565,0.777655858409668,0.4099139141232,1.32649021172502,1.11880043552457,0.0131360805222783,0.0137987519479623,-0.00918417493034857,0.0871914316433595,0.0175887554964014,0.104780187139766,4.00979793576272,3.69438939711741
1979-09-01,1979,9,0.22776013563662,0.177390526972895,0.000122639523491246,0.517228845867285,0.00271543289492402,1.34920260008136,1.30131431248348,1.25151210485755,0.806456054377203,-0.0474043679671068,5.75288442408941,0.604877267524891,-0.0274930064214748,1.85172737721988,1.24753834622566,0.00260997897572762,0.00749048314116599,-0.0610717040299731,0.221490148397954,-0.554386823368342,-0.332896674970401,4.36844224973868,4.11920346612192
1979-10-01,1979,10,0.22381974653051,0.290898225893322,0.000157790586609208,0.58090503046196,-0.00890950394019514,1.60292799859165,1.58115217321199,1.45735461543865,1.13412673009206,-0.538759603964994,-1.91413422067976,0.516086542157897,-0.619669418548534,2.18786838129346,1.45651452770025,-0.00511664737373033,0.00770553897853266,-0.147618851839568,0.537130373350619,-0.607556295819817,-0.0704259224691962,4.20885301343534,4.10025208471925
1979-11-01,1979,11,0.146584460867325,0.130469707670846,0.000168496351005741,0.679231016761534,0.00747180858090453,0.302868049071907,0.993020605119354,1.1169720909203,2.76137358231152,-0.114957002646583,4.69887462340702,0.571328335304231,-0.425936840145572,1.90360010371762,1.11836387964181,-0.0125378100020187,0.0217491283491688,-0.00677793666368887,1.87906540950831,-0.909187709876779,0.96987769963154,3.68217817847513,3.74889594095784
1979-12-01,1979,12,0.346538163202998,0.105628491414609,0.000199054879902989,0.689784718169721,-0.0114109467791797,0.164951746592957,1.7154997803476,1.86428590621004,3.75794547786385,-0.449448693191098,-6.84089233144322,0.387025004092136,-0.876927428014156,2.75374210161523,1.85395002037167,-0.0159887840675669,0.0353620889291517,-0.172529328744674,2.9434417389487,-1.048578207106,1.8948635318427,3.1702485166399,3.40568924040627
1980-01-01,1980,1,0.171045276866094,0.170852806980862,0.000182022898333605,0.674709599726411,0.00648874178823871,0.743020827692212,1.23277976243809,1.12988756548554,2.79389519407229,0.269024365862442,-2.0067077254776,0.516078974157988,-0.0228427945659429,2.25794139340345,1.10873442393343,-0.00478850868842231,0.0317270746929873,0.0654853897332846,1.98594905948593,-1.04631477251748,0.93963428696835,5.0101694263605,5.29412033068732
1980-02-01,1980,2,0.245247305210091,0.466423049522077,0.000179906866237288,0.652137434922013,-0.000249878661125559,0.891469893244564,1.8197943186932,1.31885285551516,1.04399778526988,0.483124978934949,-4.37963681709844,0.566759261458295,0.491526382456093,2.4039258322512,1.29421228673989,0.00970430076124616,0.0180486207083807,0.163895643526316,0.485639927332729,-0.608772082333239,-0.123132155000512,5.05285629352794,5.26127482522378
1980-03-01,1980,3,0.179822943007755,0.279267568816659,0.000159529028850397,0.581996195730077,0.0076860986529645,0.87213413357613,1.4431232954651,0.996401770219666,1.48587647191577,0.64724450635046,-1.76570087045977,0.521613578259978,0.521404435789206,1.93528294098569,0.954041866188372,0.0178121484759226,0.0316512118456247,0.00332378300490309,0.838422823094508,-0.534519549551858,0.303903273542658,4.8109909537539,4.95834522745655
1980-04-01,1980,4,0.239627092145978,0.382379797970353,0.000180725906038779,0.781745975482074,0.00520764948587253,1.39114599711415,1.64809929075454,1.2718597675605,1.33689466580257,0.823809522162441,1.6979449445482,0.538496414538544,0.847190006473008,2.29808120665047,1.27620142950591,0.0179214635428945,0.0287589227433121,0.0658870380036254,0.821778735574581,-0.645640253950565,0.176138481624025,4.65325228900639,4.80635078582272
1980-05-01,1980,5,0.399995622449319,0.501590438795026,0.000215489283094901,0.880534800615044,0.00990865687587888,1.40244106949486,2.61367785093491,1.94119681625804,1.30427464529308,0.664214015190959,-5.62788473628176,0.470096592872905,0.608335991761293,3.01791388509634,1.9672952697833,0.0149090719922857,0.0277467318704558,0.0142957800474974,0.778300028990511,-0.37813758063612,0.400162448354391,4.92898220163923,4.98208025548394
1980-06-01,1980,6,0.265985391063568,0.548047962247925,0.000139811872832787,0.679580333397323,0.0116927629121703,1.45585577982636,1.86034441427611,1.36906475493439,1.22021016584003,0.615023411123952,4.22772068482853,0.608125955601661,0.576614929341462,2.0005508441666,1.3832817248955,0.0127464880822701,0.0221050930290663,0.0477060668281116,0.573675728455874,-0.125989459929469,0.447686268526395,5.15698821774284,5.00540496278629
1980-07-01,1980,7,0.345159602332897,0.48800307172492,0.000101176321932604,0.501750981095395,0.00335606474882669,1.96659001137426,2.18406700795663,1.57088137224787,-0.34091167706334,0.507532556145142,-13.0750950840784,0.740199698730656,0.885948572846157,1.83624171053711,1.58150702466185,0.0157487355427773,0.00304794614851811,0.112858891447802,-0.702695359092995,0.358450949833446,-0.344244409259544,5.05378196016295,4.75070890053259
1980-08-01,1980,8,0.278312776779535,0.441356963141146,9.9900425495486e-05,0.417765583089704,0.00561698875290906,2.2761159778544,1.84961773738065,1.16694561816145,-0.759527298968473,0.347823891585479,-2.02607116780024,0.736137450001697,0.580972988174966,1.58003663045462,1.17077419131124,0.0115533238813878,-0.00920703272220074,0.0719910198372696,-1.2625156523807,0.273409680075823,-0.989105972304873,4.96731989116017,4.64190594826049
1980-09-01,1980,9,0.215227242051482,0.416880738065443,6.60489138851365e-05,0.266795426306561,0.00300673365880863,0.706457368370826,0.675483050071038,0.934570690312759,1.60486816139188,0.31287648660434,-2.11953007250769,0.820572184255939,0.217928488296692,1.27799001512745,0.942843413283303,0.00866762301378704,0.0186839048350929,0.0659028791942654,0.689347978828288,-0.594234242085923,0.095113736742459,4.50596420513612,4.256720017265
1980-10-01,1980,10,0.123982172737395,0.122360609329941,7.48532734912801e-05,0.485298337951738,0.00426072541694454,1.18467314051322,0.959144532252635,0.696667739592887,0.948560821991729,0.00877125162755482,2.39514728671002,0.697895019821941,-0.0511569650360675,1.24774732583201,0.707306387044854,0.00285497968230904,0.00949137096572948,-0.0562469761536307,0.190737585506162,-0.277964146127395,-0.0872265606212359,3.77637496883275,3.66776863586239
1980-11-01,1980,11,0.185196821379225,0.142873877861385,0.000101829639586793,0.396774668389708,0.000172274903476224,0.309976595611376,0.410622682195986,1.12611987458354,3.3781317832862,0.164826727027166,-3.05952043418734,0.654314750532304,-0.237505684023105,1.6268771308402,1.11827852028942,-0.0020659817161293,0.0356185116137357,-0.0533248402860516,2.32148462170365,-1.22409580293836,1.0973888187653,3.35970013387255,3.43641249210093
1980-12-01,1980,12,0.165017783397885,0.0342301629121583,0.00011363265525684,0.404190254203297,-0.00778512324123796,-0.309460964383375,0.154379749603227,1.01637959646828,4.52213931482453,0.0636576314004535,-5.61683089405628,0.611178275468185,-0.527071104811791,1.49831725676584,0.986026600526343,-0.008522964312927,0.0474722039669891,-0.115317325293135,3.32023230314414,-1.37429050310448,1.94594180003966,3.02777047203732,3.25320579154933
1981-01-01,1981,1,0.490879758580966,0.272422455849413,0.000146949728966458,0.557246251769488,0.0133023778689974,0.375211625941174,1.8530294153127,2.19871285065975,2.63158702718798,0.0548884638358912,-6.76820057709065,0.491898585186027,-0.285878549265575,2.70940726314409,2.17305112415502,-0.00773720093375276,0.0239012562789641,-0.0746246660904795,1.79892142890046,-0.882039574336162,0.916881854564311,4.72769138175794,5.01163688183044
1981-02-01,1981,2,0.348647532464952,0.452467248676658,0.000187585195197351,0.81741793009499,0.0193511201888932,1.62479449510233,2.62290077195682,1.36139341562743,-0.42868318238945,-0.116502894270602,-4.77477744470203,0.231144955764338,-0.0671455899689407,2.62121548346676,1.35050884250049,0.005659085903966,-0.000299524153632408,-0.0821616106760459,-0.610470833852131,-0.00919928463681652,-0.619670118488949,4.65037824892537,4.84879137636685
1981-03-01,1981,3,0.391291111972778,0.362062269060997,0.000200759995590664,0.731815882660829,0.0046285600114112,0.96156160774636,2.12485268059064,1.64880553476597,0.890644673983615,0.0172185805535419,-14.8507980988976,0.270180388793604,-0.0528364439774295,2.89782738584092,1.65012864915147,0.00375690801943756,0.0133229812588732,-0.0672370945847,0.550409260659024,-0.771651590864733,-0.221242330205696,4.70368361419119,4.86103249840524
1981-04-01,1981,4,0.270383350065979,0.223219112622683,0.000159777602081795,0.486069201601328,0.000388786478488133,0.591845617679883,1.19706650640807,1.2094884897208,1.63514481653041,0.397114168248726,4.93404603512258,0.454949016791158,0.242484377175579,1.98329069456567,1.23718998273703,0.00421304376925906,0.0215068353274904,-0.0298003807727764,1.02556600866611,-0.75852269514144,0.267043313524668,4.44594494944371,4.59903805677146
1981-05-01,1981,5,0.255988129891312,0.407341651774368,0.000118067703045845,0.501451857592196,0.0090227380044344,0.651524933685397,1.19816010615939,1.15301269338633,1.97268250961092,0.401443732741344,-1.49289151771131,0.537306070094495,0.170769783940263,1.82528275550052,1.1850369277724,0.00854847359299988,0.0272364579096342,-0.0368180569171041,1.20470249071533,-0.595098414954995,0.609604075760334,4.03167486207656,4.08476752643267
1981-06-01,1981,6,0.313658403870575,0.273005182077248,0.000106217018691221,0.358020673510575,0.00498801035456281,0.859333310885488,1.12393565606763,1.52284573223168,2.28607225633188,0.310146230886036,-10.6501187116017,0.621250730386285,0.15328910080573,1.54421934071483,1.54586151662064,0.0115691576082345,0.0346506275300845,-0.0308477827364114,1.5079643958653,-0.397267900258346,1.11069649560694,3.90968087818015,3.74809223373502
1981-07-01,1981,7,0.22215252709888,0.476438428575268,0.000111053808908538,0.448535924172948,0.0131116264042693,1.80501546849678,1.3617537053081,0.884868537081166,0.0982294362025087,0.458634823836826,-14.7579705545103,0.642591802881273,0.735135878404526,1.44442829289937,0.905900817985014,0.0153131898988515,0.00729850330736661,0.109988222255521,-0.267861312111072,-0.0616423066874279,-0.329503618798498,3.95647462060029,3.65339617148133
1981-08-01,1981,8,0.298990775030535,0.424423036354514,3.75703448697225e-05,-0.0644650462713441,0.0080803021816747,0.762896564341534,0.129090777339175,1.21912316099976,1.95785100488738,0.414473959124964,-17.1318165832353,0.971431046725314,0.453122916349836,0.932646639940862,1.23606929605637,0.0130314706398424,0.0239604326499281,0.0544818397617556,1.02506891538692,-0.786609727545054,0.238459187841872,3.94001255159745,3.62459321920922
1981-09-01,1981,9,0.227334052543479,0.249038213461789,8.32079785773723e-05,0.121445240857014,0.0110030766793753,-0.000771913127644019,-0.583651817351426,0.849652089814093,3.57530154433872,0.358432496077624,-14.344702219938,0.889891496501545,0.132706760365961,0.976077253204684,0.853559072030407,0.00570376723663165,0.0394780053900015,0.0151414873930611,2.45968431212551,-1.5558220883398,0.903862223785703,3.53865686557346,3.28940728821374
1981-10-01,1981,10,0.0890326006743783,0.107974106967246,3.97918222024851e-05,0.0911212497315881,0.0119693898708952,0.190089968013146,-0.81454403907488,0.417002062646182,3.07593952784458,0.241862486290441,-3.28891543672315,0.921666890802564,-0.00825153155769436,0.491635060609241,0.419111124515991,-0.0051646602666663,0.0229488941232882,-0.0286978801783331,1.90415861919388,-1.30407003781427,0.600088581379511,3.13906762927007,3.03045590681112
1981-11-01,1981,11,-0.0016531195298346,0.111623373434764,3.01034556069281e-05,0.134171503208061,0.00832379671132488,0.762073818549704,-0.334729151133512,-0.178345868412179,0.818670352091057,0.0828072415906517,0.146592528379062,0.878847974907905,0.016580477901569,0.285500684270445,-0.182104425439451,-0.00808035688763488,-0.00979284156635556,0.0384838566439452,-0.12640438650592,-0.623988392431231,-0.750392778937153,2.71239279430988,2.78909976304966
1981-12-01,1981,12,0.169718500656838,0.129636380106513,5.80017438235341e-05,0.38611785081535,0.00544703358498067,0.37378382637465,0.120463454474717,0.702658528721569,1.57121000464836,0.184232344501237,-10.4868244234833,0.672978051613785,-0.096488373432525,1.15276874585504,0.704230302722431,-0.0060165419310929,0.00532169941272746,0.0832544392778609,0.61751123510086,-1.03073351737946,-0.413222282278599,2.24046313247467,2.47589306249807
1982-01-01,1982,1,-0.209430001295058,-0.0153276297102352,1.66709926394527e-05,0.132024043633138,0.00935853475146495,0.53382706102581,-0.822202440102818,-0.496282227164919,1.78037035796483,0.325494311979775,-4.53530066252122,0.74604726402167,0.292002119352496,0.0141416103292693,-0.494522146219856,0.00479076996932138,0.0182467553386726,0.275371427520118,1.00083090131588,-0.834583969487038,0.166246931828855,4.02038404219526,4.31432415277916
1982-02-01,1982,2,-0.14314180785006,0.095882763510977,4.70479860502648e-05,0.371876274639241,0.0108621070227438,2.12342326399306,0.400740283421361,-0.737892803453305,0.103059442107408,0.68879565669338,-2.19996256012686,0.561581484568945,0.85765724468813,0.417240336737983,-0.735314366491343,0.00657005936947997,0.000982205487866254,0.37536625776125,-0.289660454466812,-0.0139216163545952,-0.303582070821406,3.96307090936268,4.16147864731562
1982-03-01,1982,3,-0.347762086312274,0.0941960205153409,3.48916713962276e-05,0.299681873633081,0.0124322583264037,2.32361175865609,0.0050247187111605,-1.51736272691677,-1.46149414151053,0.783330344966227,3.19591188367987,0.524670330354206,1.09016597812554,-0.248654228245846,-1.5185332806204,0.00239087385169186,-0.0237473609956783,0.351108970275996,-1.67932883870545,0.252508393253393,-1.42682044545195,3.66637627462854,3.79371976935396
1982-04-01,1982,4,-0.187322633550033,0.140803573050035,-1.228067710822e-05,0.199086154195779,0.00236220949446975,1.81199894008961,0.00421405946359332,-0.734004787068896,-1.14899811232273,0.416763533237911,-5.15194608030973,-0.557825884947229,0.720562689319947,-0.130623129424087,-0.732475548485893,-0.0225340263663268,-0.0267142451958709,0.219753390128819,-0.287373071293473,0.136366427470585,-0.151006643822787,3.39863760988101,3.54172532772022
1982-05-01,1982,5,-0.0485359271837187,0.189451096936718,4.4300357808111e-05,0.270457544709248,0.000561576598873025,1.13619710136443,-0.0691871307570748,-0.311667816547385,-0.472262091366243,0.57451894272923,-13.5950472931532,-1.81832479651288,0.224615385698531,0.547494691969734,-0.317826945258433,-0.0509854626595554,-0.0307689725083669,0.0662441062924925,0.996159148115948,-0.62284095143787,0.37331819667808,3.08436752251387,3.13745479738139
1982-06-01,1982,6,-0.0218535472544417,0.232325273638631,3.46500509756573e-05,0.196794682720727,0.0121438853607095,1.51703690801022,0.414710076104107,-0.273678356026002,-0.876154248890256,0.213759745345519,-30.12223525704,-2.24332438277511,0.0239013223300012,0.302718106133002,-0.278577782420244,-0.0641786331340407,-0.0390964983796167,-0.0345918837382557,1.17731171086932,0.10709254357678,1.28440425444609,2.88237353861749,2.72077950468375
1982-07-01,1982,7,0.0338777394898875,0.0364488488126176,-5.2831378160263e-06,0.1101203252375,0.008391064352674,0.779367100112815,-0.522928943246381,-0.184542473528545,-0.717837104028638,0.15967663668871,-36.1356665019437,-2.9395990953371,-0.0568519908178038,0.0724809467405518,-0.185480334582909,-0.0790575511415742,-0.0454953107202352,-0.0395448718719334,2.00523336380195,-0.596347751041302,1.40888561276065,2.58916728103759,2.30608344243008
1982-08-01,1982,8,-0.0750910151954832,0.150877337532881,2.30324581692564e-05,0.317298077424408,0.00590880773616739,2.17891720406797,0.350098219431685,-0.683092838339959,-2.91285526329279,-0.190248576824151,-22.5561975186718,-3.19101714772608,-0.221033648995593,0.188988321892079,-0.687243054143555,-0.079922768580263,-0.0720534470804737,-0.120527310083868,0.247376812261841,0.156959681736072,0.404336493997815,2.0827052120348,1.76728049015792
1982-09-01,1982,9,-0.037252400021565,-0.0877129477538682,-1.0935118527318e-06,0.0298333393277663,-0.00575670287224712,1.34685885312949,-0.104811382720917,-0.258366891534626,-1.94456220491242,-0.492330415551992,-21.4431641863747,-3.16623511586885,-0.619969755394169,-0.0238240983030855,-0.262725999468448,-0.080013258731254,-0.0588567140250702,-0.219595253827242,1.09403357111423,-0.0853463923516737,1.00868717876255,1.84134952601077,1.58209455916247
1982-10-01,1982,10,-0.0807540158436634,-0.322696942245357,-2.99317063344705e-05,-0.162036692463457,0.00573212419930575,0.853268368039579,-1.21379004880034,-0.301741501575527,0.295823736454406,-0.651740568175674,-13.9155956611575,-3.15283446363282,-0.978014038864325,-0.368427371044571,-0.298555406432875,-0.082097927687892,-0.0319497667833034,-0.160255657119537,3.1223847293986,-0.842176582613147,2.28020814678545,1.79176028970741,1.69314317775986
1982-11-01,1982,11,-0.0973714136747965,-0.1058329768439,5.01085481028632e-05,0.225891893300114,0.00715387847688046,0.760301915292634,-0.726784316017998,-0.492651627298867,-0.384371807406115,-0.732366054234865,-11.9591737640631,-3.28925853456049,-1.15589842831656,0.228469117289652,-0.485356941645328,-0.0835429900653701,-0.0427638273614672,-0.193067070244159,2.4813543530727,-0.947958747654106,1.53339560541859,1.60508545474717,1.67178703399837
1982-12-01,1982,12,0.0976088554928152,-0.0547535673371476,5.69976206307205e-05,0.214752303703102,0.00939878404784026,0.0286913531892843,-0.0509652889917795,0.601005811919862,1.43180691362622,-0.690864541626676,-17.1004163209146,-3.05393030507463,-1.31152021088575,0.897152147221233,0.61052424230356,-0.0787306660031284,-0.0143820283290541,-0.218975666436742,3.86508154944178,-0.938599005829335,2.92648254361255,1.38315579291196,1.60858033344677
1983-01-01,1983,1,0.122341719011942,0.297450126088146,0.000100201054634517,0.332149919259693,0.0150550135088237,0.743813415016242,0.57235758748171,0.759437165491343,-0.46459974855233,-0.15172462020714,-15.9496629149482,-2.80620496797673,-0.503936068519836,1.12420055006546,0.764952360102275,-0.0658170783677944,-0.0342571779137889,0.00591410161591576,1.98939377111171,-0.546327767972913,1.4430660031388,3.14307670263257,3.39701142372786
1983-02-01,1983,2,0.137455887577879,-0.0719261163706681,0.00014761309575332,0.564349898545395,0.0104923872519904,0.1350752116408,0.616306346211872,0.88035652440401,-0.010828439412762,0.319130862080166,-12.5783137235651,-2.73608983541443,0.00809761919879464,1.82778731221519,0.881463003466725,-0.0481488286527252,-0.0150645139074553,0.170905470282447,2.41422815312031,-1.21037448694057,1.20385366617974,2.86576356980002,3.0741659182643
1983-03-01,1983,3,0.0569085082687436,0.43525005569771,0.000107582519577823,0.449322740102233,-0.00439807243690759,0.758859307909725,0.942321896970642,0.25440034332757,-1.50465339069169,0.454345581747912,3.37723724824776,-2.59222755436917,0.296347497153315,1.35644192276935,0.250535117977702,-0.0383387896420539,-0.0272407910357996,0.179680502105594,0.929576079082866,-0.417985251148582,0.511590827934392,2.58906893506586,2.7664070403027
1983-04-01,1983,4,-0.00594440902207483,0.314293085366431,4.09205264403641e-05,0.159033281181032,0.00629423927557142,1.15353162728055,0.386640210017088,0.0910072968333713,-1.4512797076969,0.226345867156297,-4.43840523174588,-2.30941191965061,0.170265115140216,0.648474582283083,0.0831514618292573,-0.0361367235108723,-0.0264895185174624,0.100986443468516,0.802051459937641,-0.269690207270189,0.532361252667461,2.50133027031833,2.68441259866892
1983-05-01,1983,5,0.208922821212268,0.501657439256091,0.000137717400535496,0.447649139406201,0.0124571193293437,1.56862870288156,1.63265852272043,0.771909465656934,-1.39336534609039,0.244490350699912,-23.2630015815753,-2.30927734917727,-0.162535618615199,1.69447781028698,0.764031277033675,-0.0376290476576011,-0.0253842477158284,-0.0589950604095113,0.508886033771769,-0.0696974761897453,0.439188557582025,2.66706018295117,2.73014206833014
1983-06-01,1983,6,0.119612666036523,0.183605550606995,9.55851617775913e-05,0.358123004245981,0.00681668349435807,1.28938295754625,0.821250798874604,0.618633003344296,-0.564265324037403,0.164694171439606,-14.0105956184767,-2.1079345313115,-0.170222636529929,1.02673530315425,0.615812411356851,-0.0372022935987065,-0.0187925133715984,-0.0839747487599575,1.20875239930453,-0.208305096267195,1.00044730303743,3.0050661990548,2.82346677563243
1983-07-01,1983,7,0.0377324912748835,0.412472838549968,8.09052785980087e-05,0.42610228133075,0.00782022401820962,2.20168738278345,1.42374942405017,0.223616946996751,-2.2110957558668,-0.0471841517493039,-11.9882159313726,-1.8338421085025,-0.0021562297676357,1.04499535358278,0.223481717042253,-0.0280969337705598,-0.0335476275640863,-0.0636387997523162,-0.332225725382632,0.37861884051282,0.0463931151301928,3.09185994147489,2.70877071337877
1983-08-01,1983,8,0.161575353859501,0.461221995546204,8.05269656147922e-05,0.474286787793063,0.00325571023834603,1.7330583308504,1.48225605114419,0.547904369263352,-1.41896292935294,-0.155109891649667,-18.7344432701054,-1.48854466178447,-0.0982902741984232,1.19405541159129,0.540509046506591,-0.0223200181074987,-0.0211699411296449,-0.11421526997304,0.126401349882767,0.280805316796098,0.407206666678962,2.7053978724721,2.32996776110669
1983-09-01,1983,9,0.185523547543444,0.185668613838507,6.85231785881623e-05,0.186187256273819,0.00744637599567952,0.529559877143721,0.416586811172583,0.688893758497696,0.118703305024419,-0.189885660021707,-26.5140497538048,-1.05636269923722,-0.327441125724801,0.915280379984095,0.685892005352619,-0.0204859570621697,-0.00637533069663138,-0.105132552943045,1.03751053855855,-0.501695321956648,0.535815216601995,2.32404218644805,2.09478183011117
1983-10-01,1983,10,-0.0685570866566393,0.0682625796539783,1.07127779997047e-05,0.0147189865917946,-0.00125751708728962,0.304776181523211,-0.969795618835831,-0.432201069941248,0.654554344455276,-0.428052012844789,-10.9511798965894,-0.696759838369219,-0.631809584717054,-0.323149216959329,-0.43052578160879,-0.0243048208651676,-0.00668731450805467,-0.100455642007739,1.14755661095222,-0.644971113544021,0.5025854974082,2.04445295014472,1.98583044870853
1983-11-01,1983,11,0.00339979899813914,-0.0507981836955322,-3.7895940386112e-05,-0.0656552332712338,0.00392283966858804,-0.120140470832732,-0.642363943955464,0.120925686687432,1.32884182062875,-0.231869718732581,-15.1059684484825,-0.421884488050868,-0.542627727567091,0.125714475967833,0.126430406740812,-0.0203264377444261,0.000598002936381223,-0.0242778646708617,1.43996829984512,-0.762573699869982,0.677394599975135,1.59777811518449,1.70447430494711
1983-12-01,1983,12,-0.122662263441167,-0.291215596276772,-3.91918411696147e-05,-0.128536524643545,0.00322480931055687,-0.936712217062885,-1.82949121710725,-0.466343179713844,3.57403779846506,0.214775839017105,-12.1224082763501,-0.184502849212997,-0.253882858939284,-0.442254053583523,-0.460560838131343,-0.0132077310122935,0.0340154845200445,0.143285021355955,3.2898819497217,-1.38145482194121,1.90842712778049,1.21584845334931,1.45126760439551
1984-01-01,1984,1,-0.114256532679096,-0.282570653863518,-3.25602492696866e-05,-0.141719403251154,-0.00613609936372079,-0.224835861976727,-1.26200050320777,-0.587931152924359,2.9928681691985,0.507629712945744,1.18149837461893,-0.108145289715134,0.129787369948429,-0.523570370888321,-0.582911092941614,-0.00940654848124917,0.0328582623969097,0.194330917126611,2.72317111591633,-0.733410072336789,1.98976104357955,3.20576936306988,3.45969869467663
1984-02-01,1984,2,-0.252727104100127,-0.0850553873972938,-4.66762072749838e-05,-0.0613656437185552,0.00523222573949002,0.570715428493527,-1.11498484655764,-0.9423931177737,1.19339285630709,0.988038889175152,-0.677070036989881,-0.0152890249058235,0.839869461868667,-0.769097095232552,-0.938769946275144,5.11601497188915e-05,0.0161010923067435,0.333822876595244,1.06051245390643,-0.342264579826444,0.718247874079885,3.05845623023733,3.29685318921304
1984-03-01,1984,3,-0.0748927899434013,0.035810898269296,-1.79470013869463e-05,-0.0282114224341909,0.00523354605094002,1.538942412669,0.12857269253028,-0.447227692193188,-0.118134142971005,1.04640519495186,-14.1099972113609,-0.145944146632133,1.32930252432058,0.0249128815919506,-0.454251459320649,0.0108071825515754,0.00979423760111717,0.36521917996093,0.310707333029807,0.0966360438109373,0.407343376840753,2.61659089046324,2.77392359144584
1984-04-01,1984,4,-0.151668647416219,-0.0691671894640345,-8.14637874456368e-06,-0.0272666138254943,0.00392653547222814,0.454899493705416,-0.511446800355296,-0.767458545686351,0.247975042832788,0.894860347136945,-13.693140050352,-0.0791245337455598,0.986331762677689,-0.431299728473315,-0.773398562895087,0.000784290103777428,0.00384912738059442,0.194547125869354,0.418570992119084,-0.0860870890907682,0.332483903028321,2.28885222571576,2.41192914981202
1984-05-01,1984,5,0.197518271230131,0.182053038607651,3.02842046185977e-05,0.171932405131476,0.0100619655597013,0.449688600605623,0.615093121595054,0.533884525298177,0.689528837542284,0.143590211567961,-22.0685313251837,-0.200050821509215,-0.11052973448983,1.03146355063856,0.525486852735319,-0.00296176928849146,0.00831936048977844,-0.0917563352908731,0.635459712993711,-0.424768101606325,0.210691611387386,2.2645821383486,2.31765861947321
1984-06-01,1984,6,-0.103144611113606,0.107618864330576,-2.71579390005465e-05,0.00293544126225631,0.00460084070941182,0.331889409897216,-0.906081443668771,-0.776235059771444,0.60487876240525,0.214620449839355,-10.6969913910793,0.0234613309785399,0.0463148549593375,-0.457028397361186,-0.784381870793518,0.00396423515385291,0.00988770042070859,-0.0455036104049407,0.413111836546674,-0.457199857329675,-0.0440880207831092,2.18258815445221,2.02098332677556
1984-07-01,1984,7,-0.110694933084264,-0.0198027646664534,-5.81496387833288e-05,-0.290541502975374,-0.00649479117334681,1.42074309662971,-0.553690783524224,-0.720051413318978,0.589366056186895,0.129030896141344,-21.5846872689749,0.311763608144548,0.186661157507832,-0.985793819801648,-0.729018396619149,0.00905919109887,0.0159513892065905,0.0062091548008407,0.335232709408803,0.423136052977241,0.758368762386053,2.25938189687233,1.93628726452188
1984-08-01,1984,8,-0.0240544104926199,-0.0363598918892086,-8.01616920715468e-05,-0.341543005672564,-0.0063807851105454,0.385070613007866,-1.17121467439617,-0.408083398813459,2.17281777316874,0.327388294883181,-13.3405656647079,0.580801778130578,0.250692667057841,-0.853472111160151,-0.415769848101771,0.00944487117639116,0.0328695524679321,0.0123069237239164,1.51532036721281,-0.325429012524281,1.18989135468852,2.4029198278695,2.09748431224976
1984-09-01,1984,9,-0.0339065995647325,-0.505143546938915,-0.000111249126447396,-0.482244605579206,-0.0135688782584468,-0.17337112803181,-1.93761467917877,-0.221337329252085,3.40950248097008,0.0685317219008425,-10.9036596514166,0.675739255155816,-0.0299022246558348,-1.16402073060633,-0.226872443833709,0.00445267132215001,0.0446923762097156,-0.048106281306508,2.63532927925759,-0.779129063154128,1.85620021610346,2.03156414184549,1.83229838125428
1984-10-01,1984,10,-0.0669700052518098,-0.127068670313456,-5.16925513527436e-05,-0.143829434399929,0.00310334545256806,0.824885898709575,-0.95946143246322,-0.547556371266999,1.40526579151293,-0.136137877450343,-2.95100135118237,0.614539590002829,-0.227610696143091,-0.56321711676773,-0.541587135571162,0.00366060783749192,0.0144553909726221,-0.066693067689102,0.699253382817366,-0.390275079999601,0.30897830281766,1.39197490554214,1.31334699985166
1984-11-01,1984,11,-0.236668032103962,-0.302100950647949,-6.66144869632194e-05,-0.241488710887658,-0.00085038582691226,-0.645654557588268,-2.45895164485385,-1.10364535515136,3.99892636241341,0.435419214806368,-4.75582473508689,0.741974435410177,0.0262816958366738,-1.09269829012955,-1.10021793878054,0.00624929176526404,0.0490822463439884,0.115724060047075,2.84781440803356,-1.36282593835356,1.48498846968,1.03530007058195,1.0819908560902
1984-12-01,1984,12,-0.342579692123297,-0.272520456281197,-6.73168611317343e-05,-0.247514064683369,-0.0059956685960834,0.855744699299283,-1.51210503422665,-1.34737754059755,1.97488051608575,-0.0392218014188453,4.96040457604991,0.639515307336044,-0.223899209669413,-1.41046634810693,-1.34816185663871,0.00557175357488598,0.0271334378564212,0.0893467443386927,1.15068780049914,-0.102423002160888,1.04826479833835,0.833370408746717,1.01878415553865
1985-01-01,1985,1,-0.0411131150231744,-0.274820049334933,-7.90905259099753e-05,-0.213516629836481,-0.0166068567100831,0.213451249339941,-1.23609114787718,-0.140077118875104,3.07850495748319,0.456324748089296,-12.4103637449852,0.40033956025593,0.192397800187601,-0.347011919854699,-0.136222572633956,0.00769866900176002,0.0444891769981167,0.30275307616695,2.41423844932557,-0.885224681781366,1.52901376754421,2.34329131846734,2.56721524581974
1985-02-01,1985,2,-0.496397147588228,-0.308338576812702,-0.000121664999205424,-0.457834641130377,-0.0143027895276893,0.168543715752198,-2.51291393114104,-2.18918649226745,1.92715350736178,1.0868452077887,1.74817762540447,0.698259012909231,0.944842537803735,-2.25856894504697,-2.18768600804552,0.0119098936842285,0.0307742317709705,0.402134293344282,1.08689182446757,-0.252844501872124,0.834047322595447,2.14597818563476,2.36436974035612
1985-03-01,1985,3,-0.251913551592394,-0.264071648908376,-3.77880017138505e-05,0.0233373973027636,-0.0041060721573113,1.40510576588783,-0.48860557434022,-1.28168571668592,-0.23590789779418,1.25778550413045,0.297014868206043,0.358972012929493,1.50952238225735,-0.801138307833843,-1.27953570489952,0.0233333264972801,0.0131043362863355,0.454404104865827,-0.34314303259677,0.314682745280062,-0.0284602873167036,2.40928355090057,2.59661086239454
1985-04-01,1985,4,-0.253531053180231,-0.110264580573677,-6.45008955166984e-05,-0.0341737008950401,-0.00560353721698429,1.08774207432905,-0.717216474467746,-1.54146535593106,-0.286877563318388,0.983343540293028,-7.44027478477634,0.314617944436043,1.07942714839106,-0.961370272258099,-1.546751892976,0.0190874187356117,0.00973143238044288,0.241722918215751,-0.505411899656392,0.238867260745355,-0.266544638911035,2.15154488615309,2.29461642076073
1985-05-01,1985,5,-0.127583726346894,-0.158388433833006,-6.91111119088279e-05,-0.128938711443871,0.000965012918665992,0.897331905173358,-0.741388809935431,-0.740634507196531,1.39239480026814,0.615474109408847,-0.627050950622326,0.3368813186914,0.523297218718936,-0.731676224263264,-0.749474325851605,0.0138307879236129,0.0287716922856669,0.111791657861323,0.963336590886833,-0.0185524043272008,0.94478418655963,1.82727479878591,1.85034589042195
1985-06-01,1985,6,-0.0934808794395844,-0.201299796033066,-0.000159938055426122,-0.52254097473359,-0.0119712151524236,0.325587503938752,-1.81839277723322,-0.861306544411182,1.83723998617012,-0.0384102494082619,-21.1606078774987,0.65970789394315,-0.177956872092393,-1.64289220416196,-0.871360289299372,0.0103689356898076,0.0259899253612173,-0.126937988003634,1.0379854695428,-0.185554317959551,0.852431151583338,1.98528081488953,1.80367059772431
1985-07-01,1985,7,-0.190228308534293,-0.295831811929076,-0.000167669373718095,-0.536930831443421,-0.0102761345074971,1.38416495106365,-0.959736410942735,-1.12173144238569,1.09626874681273,-0.10534170504727,-18.7555253654003,0.639103407628167,-0.0682554603571969,-1.83996735768743,-1.12784322753299,0.0106119507808145,0.0207504256292789,-0.154047096074352,0.49425158387463,0.874119161597367,1.368370745472,2.09207455730967,1.77897453547062
1985-08-01,1985,8,-0.0466387650746597,0.013296731297159,-6.17393638449104e-05,-0.196359081653012,0.00374573659721226,1.508721024348,-0.142694890543652,-0.818802258474134,-0.520918697248428,0.0805940399671665,-20.1979165551297,0.546496936253215,0.115502397967013,-0.684742967650922,-0.825470185818688,0.0132435807683954,-0.000609912066799494,-0.0824570415021963,-1.03250727550178,0.535380149762743,-0.497127125739032,1.71561248830687,1.44017158319851
1985-09-01,1985,9,-0.15626620900972,-0.170668149996547,-0.000102840947370071,-0.322416662815553,-0.00319960854622824,1.06550535573892,-0.904430837182267,-1.12165299855882,-0.307353911265078,-0.176083806877771,-10.9773616438429,0.670557856347436,-0.0554831914014651,-1.41301537878811,-1.12698670098359,0.0130261152286144,8.63838529339758e-05,-0.106090736176111,-0.857311152136186,0.503250839180999,-0.3540603129552,1.38425680228282,1.194985652203
1985-10-01,1985,10,-0.264368096121794,-0.452013734821085,-0.000110407028278858,-0.362980751428977,-0.00624991587214727,0.516045220338607,-1.73302790338271,-1.38076117309972,0.640793038284793,-0.216918546684458,-9.76852366861438,0.709362176168444,-0.180733416007218,-1.70533468848851,-1.38185578377001,0.0158032574271865,0.0145481529613007,-0.0612952533714056,-0.0323840072064145,-0.028787825564474,-0.0611718327708944,1.15466756597944,1.08603427080036
1985-11-01,1985,11,-0.229243282299992,-0.425473574123579,-0.000106883409970314,-0.394025043601405,-0.0019852030261216,0.0305259188490639,-1.78293110595636,-1.07572968438604,2.72916264518228,0.300664778837652,-9.52984038852777,0.892079006991794,0.124632583118242,-1.40227450815132,-1.07382519021043,0.0212829730079486,0.0435387307169668,0.143408646404472,1.66105144247107,-0.378752103629436,1.28229933884164,0.777992731019268,0.844678127038957
1985-12-01,1985,12,-0.174257667165312,-0.360649423724846,-0.000117726661534899,-0.408485029407818,-0.00705215167332285,-0.381122554242085,-2.58667027448913,-0.950812384868284,3.3780442748176,0.424680755740339,-15.9729935383936,0.772415141398666,0.0768315257103512,-1.31833784544874,-0.942885073986565,0.0184254637068908,0.0481496591794,0.131705299755088,2.25777990338896,-1.26040511815866,0.9973747852303,0.49606306918405,0.661471426487356
1986-01-01,1986,1,-0.0377718380182422,-0.172333093413595,-6.1184762601851e-05,-0.214598887807128,0.000204662848951572,-0.933940542832628,-1.69979389913164,-0.454437859052835,2.55849302414603,0.135785226094077,-27.2124522564225,0.450964118671531,-0.288086061824735,-0.64941793409949,-0.444060695180815,0.0142210001463542,0.0392167484731653,-0.102801146012254,1.68365761755569,-1.03999880116014,0.643658816395551,2.21598397890464,2.43990251676845
1986-02-01,1986,2,0.029283978505769,-0.315130136751376,-0.000136781861817338,-0.510269291328726,-0.0118213751841397,-0.873672725167972,-1.81443381584552,0.0159162303158145,2.8446784181996,0.378999276515684,-22.5342518760234,0.426263309009848,0.105322864520805,-0.816020066674769,0.0236307184676088,0.00593780612561341,0.0363539649085387,0.0114348973689782,2.14473869719489,-0.990699261018898,1.15403943617589,1.79867084607205,2.03705701130486
1986-03-01,1986,3,-0.0946490152714599,-0.168363891618003,-7.33622529907155e-05,-0.279763477471786,0.0077873978172123,0.0946343542037589,-0.83329845756168,-0.557190062321656,1.38370789849367,0.54190658026883,-8.25456743022367,0.292964345014088,0.525086618592721,-0.745691510755663,-0.5500893241784,0.00776059836883427,0.0222532253819642,0.0785913885716251,1.07392359180345,-0.0805062086627117,0.993417383140744,1.59197621133788,1.77929813334326
1986-04-01,1986,4,0.016796286715779,-0.0572676712523379,-1.45230642130142e-05,-0.0952039596872867,-0.00288019128223471,0.347802505449679,-0.335246920217275,-0.173070644234779,0.651605551267463,-0.113980698670385,-6.06322553520753,0.106752261529651,-0.163354139012178,-0.105310531028865,-0.168244521628849,0.0051560999233661,0.0117433500824415,-0.102694942122152,0.495479849396026,-0.225110266582521,0.27036958281351,1.54423754659043,1.68730369170949
1986-05-01,1986,5,0.0402556005561378,-0.0145815467546345,-8.05043463959828e-05,-0.311603862033218,-0.00497989151913835,0.00577118862168646,-0.944265657808919,0.0223102150697687,2.12671563719197,0.258932264702232,-10.4548306210419,0.257505511545018,-0.0985518341072927,-0.413030871538005,0.0223101287995304,0.0098706422332772,0.0337165701617053,-0.10506220903398,1.51172602683746,-0.531234872541078,0.980491154296276,1.47996745922325,1.51303316137069
1986-06-01,1986,6,-0.0156915222276039,0.101684601237272,-8.15313555653157e-05,-0.0585772038441401,0.00592745114958702,1.10659534712069,-0.18474409040773,-0.07005690274386,0.69579302442496,0.204776372657623,-7.76538444293436,0.313352390925782,0.0507696310255784,-0.371355870283744,-0.076333379295237,0.0133469510054918,0.0165595859418458,-0.0991428306195768,0.228433891867119,0.180335303324576,0.408769195191682,1.59797347532685,1.43635786867302
1986-07-01,1986,7,-0.013093253804309,-0.132177998473705,-0.000139579428980059,-0.414540600228666,-0.00992353222200249,0.508786015861279,-0.754301440052231,-0.270181909054433,0.311330011567583,0.153449079063712,-14.1881681928355,0.52832928512479,0.162580943582674,-1.0477509567672,-0.278169690801865,0.0132904603711491,0.0104556523987573,-0.0835047611964049,-0.207867409038253,0.285461734967493,0.0775943259292448,1.574767217747,1.29166180641932
1986-08-01,1986,8,-0.0266142031186706,-0.26672379058253,-0.000114553272181877,-0.418366283929857,-0.00599764139060014,0.919766275501729,-1.06936019601315,-0.47066126713582,0.662429396799417,0.12444803058765,-13.4941683615737,0.535318883131826,0.128642745300782,-1.12606442337171,-0.473959868577542,0.0155503372280296,0.0175880275400489,-0.0819654787550581,0.131305228380747,0.0534056259168657,0.184710854297514,1.33830514874418,1.03285885414725
1986-09-01,1986,9,-0.104915419567754,-0.339467540469201,-9.25443504940654e-05,-0.340774810157698,-0.00496165138723454,-0.0600998438056481,-1.65582032561079,-0.691551837643475,1.20508909173279,-0.202735509403987,-9.18068338927185,0.402874502661037,-0.218587541068994,-1.14928031410989,-0.69044532751946,0.00540486748305874,0.0147038884464326,-0.0829577858955128,0.786362557406735,-0.505433501376877,0.280929056029844,0.986949462720151,0.747672923151722
1986-10-01,1986,10,-0.103997436677842,-0.358584525513709,-8.49675994337635e-05,-0.491624876976426,-0.00534213833597469,-0.91998102797756,-1.83495425202318,-0.528494704609404,1.93651951730163,-0.521544751498372,-10.1765042820529,0.428723873288063,-0.692552579754254,-1.18163780166031,-0.524830054084895,-0.00451225677240911,0.0162476395238892,-0.162085002841309,1.3367878157577,-0.649651799838351,0.687136015919349,0.657360226416749,0.568721541749088
1986-11-01,1986,11,-0.115864629535016,-0.293997692032211,-5.17391820909092e-05,-0.201613730752753,0.00110217994053,0.376787348722502,-0.697780988556861,-0.577324329025723,0.634975277746117,-0.782329077812162,5.12757445704254,0.292443962303405,-0.999757355374386,-0.677356099057113,-0.569349618805312,-0.00602773489639778,0.0018228748133955,-0.25636870082573,0.125103037880494,-0.0124501792794126,0.112652858601186,0.400685391456577,0.467365397987674
1986-12-01,1986,12,-0.148311420028358,-0.176736726209462,-3.04234253786938e-05,-0.052974001800063,0.00646263863403577,-0.03700061705235,-1.35513108476763,-0.730027552032009,1.70524931050544,-0.287616407834176,-7.32106906281625,0.243709323122282,-0.66302210094818,-0.607776706630514,-0.722438688227423,-0.0019699503198052,0.0162527781476583,-0.152655646624414,1.08613429426918,-0.739765514332539,0.346368779936642,-0.181244270378649,-0.0158413025639383
1987-01-01,1987,1,-0.0780074346712222,0.188495230415774,-3.1270653724606e-07,-0.0207299420777753,0.00955003655765919,-1.0260520946289,-0.755564117633139,-0.205249354450503,1.95136063913789,0.245660081167463,-9.65891867584529,0.415291156987157,-0.0787082101488613,-0.107833831769267,-0.205996300989721,0.0159795617472994,0.0334910366069036,0.108534020851143,1.21170119083441,-0.648477232403118,0.563223958431296,1.22867663934194,1.37258978771717
1987-02-01,1987,2,-0.000811143312269946,0.0843946591669792,3.71746881453278e-05,0.149337347347827,-0.00320867048252306,-1.01696916242624,-0.227252585676015,0.17407444666211,1.39317827661746,0.11781826048957,-5.19445030346807,0.390189480847442,-0.00655080578312527,0.517570738494443,0.177904325496758,0.0279869192516075,0.0372652900202572,0.0941219133198757,0.878619729497306,-0.740993445335775,0.137626284161535,1.14136350650939,1.27974428225364
1987-03-01,1987,3,-0.198072698115459,-0.212683777220648,-2.01950644856407e-05,0.00258412811986708,-0.0201024221997251,-0.526700703556111,-1.03741674681118,-0.625111944092355,2.02870325242252,0.708811606474915,-3.96932725266276,0.420051213488704,0.580334865779388,-0.479396741934405,-0.625523845970267,0.0191821849855989,0.0402968454990026,0.220259048134321,1.48017529823827,-0.558431906754687,0.921743391483589,1.28466887177525,1.39198540429199
1987-04-01,1987,4,-0.073464709004268,0.207291766607026,-1.40839851624475e-05,-0.0169082131859359,-0.0121954732701201,-0.412789430365093,-0.653242406705764,-0.317175537982515,1.01948243499332,0.3493630888132,-5.0314113296444,0.394691269827287,0.109496391446995,-0.200527718742689,-0.320755463434725,0.00709750622707077,0.01422561012963,0.0614052859968446,0.384924467799845,-0.456294613415297,-0.0713701456155459,1.41693020702775,1.47999096265823
1987-05-01,1987,5,0.0235998540351243,0.0236417265987348,6.16879530172127e-05,0.463056625934835,-0.0104045022588887,-0.351430024635376,0.384374845374599,0.184257719639068,1.51482787591184,0.112520973541816,1.12670079152394,0.0261827687706178,-0.29948653493312,0.899394983661208,0.17739592264264,0.00302126459522162,0.0237016683538741,-0.0776054062407818,1.07663759866628,-0.521881935283052,0.55475566338322,1.53266011966057,1.56572043231941
1987-06-01,1987,6,0.131372759781334,0.324498395602654,7.51038235402595e-05,0.390656561406514,-0.00141616006332233,-0.183744675937286,0.387050111721791,0.408392665988429,1.03367474264579,-0.0272248514441915,-10.9753133093655,0.145933573843399,-0.161945907557051,0.760707515806455,0.399204804954885,0.00247323081166646,0.0143111846626039,-0.106168560634399,0.753020112689538,-0.382845265118301,0.370174847571227,1.41066613576416,1.35904513962175
1987-07-01,1987,7,0.195842623181678,0.105161730029641,5.41957759294768e-05,0.208383115864386,-0.00582250541826687,0.356745630906109,1.30130891978531,1.12643371319791,0.0267869894374189,-0.0229922934545038,-2.89075960627738,0.195361460965375,0.0582055481213403,1.04622737750798,1.13063384174625,0.0045728121882834,0.00391635225588603,-0.0678071526120278,-0.0873766299521297,0.259281670825614,0.171905040873489,1.23745987818427,1.08434907736806
1987-08-01,1987,8,-0.000241699219647895,-0.0180878837271443,5.03031512272594e-05,0.175270162470195,-0.00796198923491243,0.646005884719466,1.09186946269633,0.373170701625446,-0.528853727223727,-0.168325685418665,-3.3102537199995,0.182751757913436,0.0447361317531515,0.337503206860509,0.370734645519567,0.00336327843302417,-0.00206450652376252,-0.090334534945252,-0.498543667965339,0.751930199729991,0.253386531764557,1.1409978091815,0.925546125095956
1987-09-01,1987,9,0.112887996461256,-0.0980745515188609,8.53014944523304e-05,0.354433146300952,-0.017269128751175,-0.107842152679718,0.324282802392731,0.747083920643789,0.647916597159642,-0.183728437038802,-1.86728116170822,0.164348112624663,-0.141729675488726,0.761581715029326,0.751192486819652,0.00571901368217306,0.012034764842031,-0.030048564029917,0.525567246085052,-0.433190346460753,0.0923768996242893,0.939642123157448,0.750360194100438
1987-10-01,1987,10,-0.0202756317758184,0.039639259844605,4.97819792686027e-05,0.339701222817828,-0.0132286711641221,-0.0522560928271241,0.283974073749332,0.149413235874859,0.401789231119477,-0.402580774846289,-0.854152794480202,0.214626106544665,-0.444945362345484,0.494576875514865,0.14703375732424,0.00916482662082561,0.0126845109836775,-0.135907067703912,0.14479853707562,-0.212982280316127,-0.0681837432405057,0.710052886854122,0.631408812697863
1987-11-01,1987,11,-0.0843709513660337,0.0440025739971171,0.000121103792798215,0.543223686950201,-0.0157863887720054,-0.428227468708469,0.367240931879685,0.0558127383425742,0.110705092150947,-0.708249204455076,10.7704584246081,0.155914073010015,-0.784251223063317,0.905173911744084,0.0609660114227804,0.0157820347354072,0.0143647380968539,-0.218963423123433,-0.121210999467281,-0.532779706784186,-0.653990706251569,0.463378051893883,0.530052668936392
1987-12-01,1987,12,0.127221782323619,0.304875902367892,0.000143035448422822,0.399179149920589,-0.00203997413422156,-0.325313769571919,1.10883622541988,0.752696727587326,0.494408157052278,-0.614422575250392,4.13134742174908,0.234081779445862,-0.676291564413508,1.51173369569971,0.760859514425661,0.0123938528891596,0.0123657894161667,-0.184222990389417,0.198457388443299,-0.394734683441415,-0.196277294998111,0.381448390058658,0.516845968384807
1988-01-01,1988,1,0.198723018500739,0.244094730591166,0.000210657773002159,0.903003994102477,-0.0112864713594003,0.376746601943237,2.23441335364036,1.1071000068998,-0.0231621818062704,-0.294284745980353,-0.852210586288078,0.0209766888307572,-0.325871467679592,2.29184789934494,1.11243601312539,0.00852410588525354,0.00975967257344207,-0.11850478885316,-0.0757255923362701,-0.0520985394789946,-0.12782413181526,2.25136929977928,2.38527705866588
1988-02-01,1988,2,-0.0168413442233055,0.188387862866342,0.000120994966842533,0.473783957986079,-0.0213797573325474,-0.420852316092008,0.820951425897527,0.464924247131401,0.3369080098403,0.164991723350854,11.1298023751091,0.306235486082071,0.17287593735614,1.02280562475166,0.468682247160884,0.0127999265813019,0.0117470219828857,0.107296082025273,0.0385567377635294,-0.19809619882465,-0.159539461061119,2.15405616694674,2.29243155320234
1988-03-01,1988,3,0.076450813977419,0.34131577679891,0.00013101300339894,0.496971387349843,-0.00596359166912435,-0.263631102235645,1.0281302244824,0.433772115925901,0.378877283277186,0.481291307445163,9.01450267774661,0.27141058170576,0.685843610129254,1.18402088535114,0.440409349093367,0.0234622418136287,0.0214982996191698,0.229983980864859,0.312019004255507,-0.149253427701266,0.162765576554249,1.95219082717267,2.00950195543508
1988-04-01,1988,4,0.126921842443632,0.231968481496609,0.000113699192773263,0.559436483834643,-0.00481315539456036,-0.265339053704721,1.17044891280988,0.726390378631753,0.563802866810997,0.116537814586449,5.66412370874898,0.164132283539337,0.118863483399959,1.35384237702093,0.722160078348887,0.0177732724547102,0.0211591957840768,0.00483480125518124,0.401996252085188,-0.187623764493975,0.214372487591215,1.84445216242516,1.8175075138013
1988-05-01,1988,5,0.184825702767987,0.23097107714129,0.000100221583275425,0.425457879629508,0.00174052753904091,0.0683610363998852,1.20488547113321,0.693534289277298,0.375481975861503,0.0732656322627651,2.59766535792018,0.185438825697676,-0.0221716290639538,1.21787557162775,0.685790810022318,0.0138768465332214,0.017369942979991,-0.0727322767741462,0.0946058888371115,-0.0207335797495309,0.0738723090875799,1.84018207505797,1.8132369834625
1988-06-01,1988,6,0.174281069427252,0.299398260836196,5.24233831779199e-05,0.36921158941789,0.00303474692074037,0.209241827025583,1.05989461107136,0.809648028704669,-0.19068110135254,-0.278867663911142,3.0487275940205,0.180473257882426,-0.0641491785798847,1.13915888359805,0.801013722681509,0.011967508459576,0.00667099602191123,-0.0622988186209422,-0.15643587390372,-0.0878985785498806,-0.244334452453613,1.81818809116159,1.73656169076484
1988-07-01,1988,7,0.0870197262535684,0.408669808865207,0.000112764963705438,0.40230047709146,0.0125919325969107,0.649806108149281,1.47808726154493,0.427218553220124,-0.759798672068893,-0.305096437987852,1.09285205212654,0.279202865281446,-0.0962806230553904,1.0721189925306,0.42123452597389,0.014632168624753,-0.00231146334627711,-0.0790870352396103,-0.830185722417891,0.399984241768038,-0.430201480649852,1.7749818335817,1.62186562851117
1988-08-01,1988,8,0.0860787479631743,0.323238420156422,9.31189761661209e-05,0.364005527377871,0.00474914210112121,1.08540763661533,1.54252089369794,0.324994558082711,-2.01678509289407,-0.417944350451318,2.81224496239424,0.35987993978649,0.00281556762851829,0.802103464586109,0.318324929236216,0.0205602106136339,-0.0140224157708657,-0.0573400068228052,-1.9559051146008,0.733747800265314,-1.22215731433538,1.72851976457888,1.58306267623907
1988-09-01,1988,9,0.120788178183101,0.322077292813737,6.89349365273908e-05,0.223320461392228,0.00318590970132268,0.460843987630551,1.10674320733637,0.338421698390049,-0.797115655689692,-0.352750927662253,3.38369267568295,0.449995572127711,-0.246567119198657,0.795532924523895,0.33810518113825,0.012237415685673,-0.00562642595112219,-0.11391757249828,-1.14092741935381,0.31089376556067,-0.830033653793148,1.61716407855486,1.49787674524359
1988-10-01,1988,10,0.0416718108010129,0.0127853381721823,-3.38364209067683e-06,-0.0560582728106952,-0.00960885483098541,-1.06391765128266,-0.737675794045083,-0.0195547799258726,1.67632388588215,-0.128151163604038,4.41079533191332,0.641346344255727,-0.384733660078717,-0.027590604913549,-0.0151483320701253,0.00199888282642501,0.0148486854595846,-0.118373398015874,0.778395045151766,-0.705678741275804,0.0727163038759563,1.28757484225152,1.24892536384096
1988-11-01,1988,11,-0.208056606890139,0.0957889504376811,-0.000144024182795383,-0.259166150359225,0.00111169518379024,-0.606330158456707,-1.5592159841877,-1.09744785267119,0.58409702253963,-0.133043269178028,-10.4960366479957,0.752449044637062,-0.334330906086448,-1.24498598078332,-1.09123472116757,-0.00509220459164363,-0.0100290280997792,-0.0813489104174967,-0.369639659005842,-0.308016871900767,-0.677656530906608,0.940900007291312,1.04756922007952
1988-12-01,1988,12,-0.0831442397925066,-0.0234008440995847,-0.000112974719833536,-0.157426442234636,-0.00151682952511393,-0.169756814386254,-0.797707989523519,-0.654409238354443,-0.165158121503058,-0.584225852788542,-16.3149929278564,0.50600235306595,-0.504707489003238,-0.754847223607711,-0.6481470144727,-0.00728663294909115,-0.0175783038548659,-0.0963910304711806,-0.591642110783662,-0.0365985420339935,-0.62824065281775,0.748970345456129,0.914362519527934
1989-01-01,1989,1,-0.296071860244392,-0.130827311288274,-9.93225022990293e-05,-0.334789028302344,-0.00753579624137952,-0.9709288462364,-2.10826457794301,-1.35860023357297,1.9049704300514,-0.0616927667692022,-3.68098123088784,0.785322452408816,-0.309172350339627,-1.7296885309045,-1.35702748784596,-0.00847276188620726,0.00813649107465902,-0.0391211996469227,0.872168394072169,-0.377003301311571,0.495165092760602,2.44889125517668,2.54279360980899
1989-02-01,1989,2,-0.0701574965914374,-0.14090157772306,-0.000167577812317407,-0.429218037694044,-0.00149213670002477,0.315253165998457,-1.15359988513685,-0.582949062905336,0.387363046922981,-0.0693258686823985,-2.13537208150178,0.830457221752106,-0.108462422810889,-1.44961498286479,-0.578237827759525,0.00252081220919121,-0.00379048095140733,-0.00673824170389029,-0.48223072895763,0.30072633287377,-0.181504396083858,2.26157812234416,2.36994810434541
1989-03-01,1989,3,-0.130359108027591,-0.312673027934702,-0.000137631340583273,-0.471060124113505,-0.0142431904366098,-0.877866293807914,-1.68513163800705,-0.692411788695809,1.25187107800104,-0.127585388892852,-2.80773685969925,0.772031263160361,-0.105621679630674,-1.34554812116666,-0.693506678609561,0.00417583178745313,0.00934052479462801,0.0178279360872548,0.501803524102826,-0.340678406754141,0.161125117348693,2.22488348760996,2.31218922638381
1989-04-01,1989,4,-0.0413896668924211,-0.119579672464052,-5.76042568416421e-05,-0.309540313666906,0.00669184600538027,-0.0338056462097902,-0.994565977035637,-0.490119150467955,1.09173138044383,0.175123438259233,-6.19041746668122,0.772533173362946,0.122809968465129,-0.870075250602838,-0.494705697560984,0.0011303766969047,0.00523474481916539,-0.01853774364642,0.266884737286804,-0.129077273525851,0.137807463760861,2.03714482286247,2.01019478475006
1989-05-01,1989,5,-0.130861771251031,-0.268666588803355,-7.81277646577202e-05,-0.314792391851437,-0.000654120776287487,-0.0673864852940778,-1.00508869620227,-0.693062430099412,0.721454541493344,0.244682634222551,-9.94813782151936,0.760086208373265,0.327867027157417,-1.112637359961,-0.704648859298613,0.00651136247998583,0.0069431986929594,0.0592279927780508,0.0445527260549314,0.095962234559595,0.140514960614526,1.68287473549532,1.60592425441124
1989-06-01,1989,6,-0.12555408252577,-0.246932074742461,-8.88581970248456e-05,-0.385173326506557,-0.00125934400025302,0.579416437256212,-0.771100070717107,-0.599608727237055,0.901617586944311,0.0871087177932401,0.211180417591279,0.743461472902037,0.256908648376782,-1.20481440415572,-0.605313821893373,0.00735660213771069,0.0105941982463494,0.0247519358069537,0.327956044625795,0.428009238782244,0.755965283408034,1.4408807515989,1.35924896171355
1989-07-01,1989,7,0.0218591402005257,-0.194606119594443,-7.70359911678278e-05,-0.305525690150785,0.00122900280430444,-0.106776120669091,-0.78269511179458,0.0253115665004033,1.39408219426494,0.114395035701031,-1.89146512430933,0.747733555279062,0.182233844610779,-0.696277665933192,0.0202727408399703,0.00659906996867731,0.0147568313526916,-0.00996232395040452,0.714187447895626,-0.0914562715218381,0.622731176373792,1.18767449401903,1.08455289945992
1989-08-01,1989,8,-0.0373473027888023,-0.156052836703229,-3.81227082812443e-05,-0.280982132929475,-0.0032984979521052,0.609583040646664,-0.597783488980501,-0.39318275142501,0.051867155239794,-0.0979475598336307,-2.34893498503874,0.734468380114085,0.0387932756808884,-0.621250151896687,-0.394971251806681,0.0057451504964282,-0.00415230221627723,-0.0546506463857772,-0.545860389359772,0.0216781625345368,-0.524182226825237,0.971212425016255,0.865749947187815
1989-09-01,1989,9,-0.00547226614691654,-0.018046598491927,-0.000107826830099854,-0.373902513845819,-0.00593602279897364,-0.307948570176614,-1.19685654252612,-0.143446348948657,1.37720540770215,-0.0874247021069677,-9.36650660973918,0.887956638885315,-0.213040670954989,-0.854483119828898,-0.139572630308579,-0.000342859327922895,0.00712980710629629,-0.133568938635382,0.363632799968816,-0.338499704057107,0.0251330959116962,1.02985673899219,0.930564016192307
1989-10-01,1989,10,-0.0370364775329893,-0.0856538643004202,-7.50799866154317e-05,-0.279775980204643,-0.0017339784221788,-0.568930179266831,-1.14115365282154,-0.35256838840556,1.09754774914,-0.385952401006754,-12.6368522455196,0.884627587580325,-0.467761924637147,-0.872238621998338,-0.351400880022045,0.00085449899772928,0.00487535739569319,-0.159603910484678,0.131110637929285,-0.26774752243968,-0.136636884510398,0.82026750268885,0.791612634789693
1989-11-01,1989,11,-0.152657300230177,-0.236567981407969,-4.91001440002489e-05,-0.103180154421171,-0.0126529846347591,-0.393827069695069,-1.23903827332522,-0.601555104484895,1.21652732528448,-0.544602399947443,-4.17001252842705,0.725233748220685,-0.672616941295678,-0.761463793430129,-0.596574824731438,0.00068398885385091,0.00690869154283938,-0.164885635394699,0.363279035715576,-0.472594200141641,-0.109315164426064,0.473592667728653,0.570256491028218
1989-12-01,1989,12,0.00837111467048907,-0.020090941251182,-9.73627177963007e-05,-0.302930737524084,-0.0110361269444003,-0.72016792417252,-0.680891738694973,-0.0479433246431376,0.75775113932981,-0.477735985948456,-14.0537730512844,0.687950761974556,-0.610137967369974,-0.29720828334248,-0.0463963817015616,-0.00081726039334637,-0.00152383543968748,-0.120281003314983,-0.0626016040662425,-0.38213651241087,-0.444738116477108,0.301663005893445,0.447049790476619
1990-01-01,1990,1,-0.0174311295203884,0.0116850455710845,2.17181331170255e-05,0.242387658875105,0.00686768897094511,-0.0487169330544663,0.672049917077476,-0.058955030664706,-0.95763107106676,-0.60421786965452,-4.13819165931752,0.382474699290418,-0.425029947604655,0.453068281880736,-0.0532652728678393,0.00672553269955747,-0.00875569800435221,-0.0946502335623264,-1.16091784830731,0.224671392993551,-0.936246455313754,2.03158391561403,2.16548088075771
1990-02-01,1990,2,-0.0173967693054551,-0.154786719253694,3.35780883355384e-05,0.158744045437009,-0.0188117834757962,-0.566785075029612,0.341373112313617,0.132910966373935,0.167534439899821,-0.168115489698615,-2.6240111389255,0.481147378950712,-0.0887217951110222,0.196927663922455,0.136596643870597,0.0110741747450257,0.00725544885864117,0.0381895897815072,-0.234219244463312,0.148131125887896,-0.0860881185754119,1.78427078278146,1.96263537529416
1990-03-01,1990,3,0.305013252954392,0.144102542021635,4.79930463564407e-05,0.253097870986048,0.00230717238058089,-0.286236252354684,1.38834943663042,1.19684312145549,-0.560507650924098,-0.558687675999367,-8.588917583123,0.340159666124989,-0.443258887802907,1.05842669805958,1.20055902210859,0.00381228983014757,-0.00738095836644333,-0.130752917239748,-0.785238528852654,0.333638639223981,-0.451599889628662,1.52757614804727,1.61487649733253
1990-04-01,1990,4,0.214264055032562,0.0954470797963213,6.25661113467126e-05,0.205019031299146,-0.00353524972317809,-0.293898827055362,0.936430718660895,0.939132829638347,-0.101625489917314,-0.604772423111184,-1.7413496221075,0.514218445069542,-0.447907068216401,0.842994082504351,0.940875784854115,0.012657537644109,0.00388436207939379,-0.161114607152124,-0.458978580092073,0.0951795913722768,-0.363798988719795,1.27983748329978,1.26288205569877
1990-05-01,1990,5,0.219452227845906,0.213481304039977,8.53752220828042e-05,0.245598838350614,0.00419954187074213,-1.04415449339885,0.807688915285217,0.91298506392588,0.510657244694188,-0.699933161422765,0.985103985056754,0.497762358363894,-0.597339863700414,0.952354675492215,0.914318608057511,0.01416206018638,0.0138681333540679,-0.210135146698152,0.115488184052656,-0.143332216075383,-0.027844032022728,1.01556739593266,0.95861152535997
1990-06-01,1990,6,0.0819176465631917,0.109724786301912,-3.46188460200939e-06,-0.0185667004304049,0.00153342805193855,-0.744247836018957,0.164307632286423,0.350958790998235,-0.068546738074843,-0.330668830764674,9.33522273116734,0.513204917990654,-0.378834082779248,0.0945977283554789,0.339355916690761,0.0122822879674951,0.00329076628260818,-0.14240979004231,-0.629916908080084,0.0581070296233688,-0.571809878456722,0.613573412036224,0.561936232662312
1990-07-01,1990,7,0.123994071907493,-0.0381668862981011,-1.53350598394919e-05,-0.186822778470235,-0.00462774136026901,-0.539995622606157,-0.158000475249042,0.417597400305723,0.645039346882802,-0.325709898441786,2.93514883825468,0.617140675902649,-0.259022567732352,0.00091088001601447,0.414998997434106,0.0104621155409017,0.00874046084488977,-0.141646179241146,0.0945860016895472,-0.161509758136715,-0.0669237564471596,0.440367154456339,0.397240170408637
1990-08-01,1990,8,0.0436130159091561,-0.0841424149178375,-4.04802884091093e-05,-0.292193001261223,-0.0111262318305555,-0.17225702276571,-0.212822859336037,0.277594747363303,0.79666892801264,-0.0762513168049484,1.81210656653746,0.714318964206711,-0.0778833444929433,-0.596121366375479,0.27434225546744,0.0113988355916629,0.0138970656407314,-0.12790570441796,0.0807179361179418,0.380046015143562,0.460763951261509,0.44390508545353,0.358437218136537
1990-09-01,1990,9,0.00379368205810693,-0.126234754121573,-7.25264732071691e-05,-0.257048215060566,-0.013210519924486,-0.652964007139083,-0.494337431893597,0.0430185563426468,0.398188439534,-0.303214179183985,-9.98799550417596,0.745789487649941,-0.279671092109219,-0.660915659574679,0.041545627028535,0.0109635600034619,0.00586739559983507,-0.179333169548186,-0.324057961041169,0.165105298366918,-0.15895266267426,0.36254939942954,0.243251287141021
1990-10-01,1990,10,0.0988457184099908,0.0222030248859191,-6.73532002951646e-06,-0.0562739165421917,-0.00668330747241114,-1.2549013666581,-0.366049570343053,0.495022571374733,0.801137345945855,-0.496532447924568,-7.94610013994949,0.628924318378929,-0.653704049290472,0.182725980564868,0.493948699164071,0.00850749646772389,0.00762921447481156,-0.210593929833981,0.0150414262010012,-0.549849423118557,-0.534807996917555,0.262960163126159,0.204299905738374
1990-11-01,1990,11,0.0910129112728069,0.241570480500406,-9.97168068522672e-07,-0.100293857345317,-0.00526140742315648,-0.833394244129241,0.177429265045284,0.648289862662389,0.156548292964325,-0.751334390156358,-10.1062296568562,0.659296518492289,-0.884537952695908,0.312370721357112,0.657683180786683,0.0121671956342059,0.00455950819092803,-0.227446206295703,-0.6359517880675,-0.125548138187519,-0.761499926255018,-0.00371467183406082,-0.00705623802305411
1990-12-01,1990,12,-0.00203827650249883,0.13712857610118,-4.09591706251966e-05,-0.0899418101524292,-0.0152447216998427,-1.07361614013769,0.0511869481595157,0.358065913825165,0.926404639756639,-0.659621873928771,-7.25077206472188,0.624359591741143,-0.800156217609103,0.0544200111057136,0.366890639818525,0.0133469211850676,0.016417929860921,-0.191943001334887,0.161510704335178,0.00559166304715664,0.167102367382339,-0.305644333669257,-0.270262938574639
1991-01-01,1991,1,-0.0321532616564064,-0.0547268884225764,2.82388792311804e-05,0.134055749945559,-0.0078790910328913,-0.481795288426433,0.112128120541981,-0.057669172061408,-0.189230480150913,-0.261942642625733,-2.62934999775476,0.526688993827023,-0.192309863895985,0.246393461518957,-0.0575805133977205,0.0182258105580422,0.00410534929263614,-0.0119383823318289,-0.646286695248192,-0.134176682313322,-0.780463377561509,1.42427657605133,1.53816815170642
1991-02-01,1991,2,0.109435523839542,0.0685805903706446,2.27665540963138e-05,0.0125188827183593,-0.00147266448512253,-1.42550512788208,-0.229249111017828,0.645874604480265,1.99567177000568,-0.143306198332127,-9.89792284736651,0.703636137259321,-0.249143922709652,0.277670959226633,0.648620980486743,0.0204026050389704,0.0364744874108298,-0.0336612316356968,1.18619790836881,-0.504173694237977,0.682024214130931,1.20696344321878,1.35532264624291
1991-03-01,1991,3,-0.082420621436604,0.387080019665002,-2.88437940614939e-05,-0.194236800979298,-0.0123927198725005,-0.78495600035395,-0.100885354047056,-0.287982644990193,-1.11419817773927,-0.140882244989883,-4.73370002256376,0.588699094213603,-0.0722535397807352,-0.206936828127232,-0.282969339699296,0.0124402228009424,-0.0133046239368447,0.039217348808649,-1.63426856674373,0.111064779371106,-1.52320378737262,1.1302688084846,1.20756376828128
1991-04-01,1991,4,0.11031776226659,-0.166784482232336,-2.68749084601313e-05,-0.128631717699201,-0.0124018854428685,-1.59007069428243,-0.459085026024606,0.59870343929263,1.39125833891253,-0.1343433741169,-2.68335390254781,0.603795291549167,-0.167684060582729,0.116993528909553,0.601887064260235,0.00820634351647354,0.0179059183758625,-0.00260131430622629,0.754122360897544,-0.572894929966599,0.181227430930949,1.07253014373711,1.08556932664748
1991-05-01,1991,5,0.0686206492529463,0.0383203899813707,-9.64947254057045e-06,-0.0964702843576317,-0.00666207418645921,-0.998907132399519,-0.189301839348273,0.59451898510816,0.664463916268049,-0.405490331786981,-0.565270826384682,0.527006371049512,-0.33146171320585,0.0234438721494024,0.594281702383633,-0.000369099550395418,0.00144283673165666,-0.069620220175154,0.211486163799672,-0.212982994222155,-0.00149683042248461,0.82826005636997,0.811298796308705
1991-06-01,1991,6,0.271124324157204,0.262155847509295,7.98067531391263e-05,0.128862762270548,-0.00514702712737978,-0.0982602035621185,1.41486070469092,1.26762717738355,-0.723595535051983,-0.438019592638691,-8.12985819927559,-0.42377154489472,-0.332106889332777,1.20861952220668,1.26368846361988,-0.0183460655902208,-0.0200050752709132,-0.147534168816453,-0.193911286851364,0.202302468720494,0.00839118186912458,0.576266072473565,0.564623503611024
1991-07-01,1991,7,0.182544786542508,0.0392803904182856,-3.71319158588571e-05,-0.149872996356582,-0.0117710260610344,-1.01452485096573,0.0722425857294202,1.05695266494904,-0.192666873234367,-0.226695203875201,-2.62947175716967,-1.30940140928174,-0.416121717949183,0.151193886356236,1.05877287982724,-0.0439593742693136,-0.0273372664473916,-0.2215275957006,0.927308021973369,-0.0771310857486907,0.850176936224783,0.373059814893651,0.359927441357385
1991-08-01,1991,8,0.117930427907177,0.262405820788501,-3.20986033485743e-05,-0.0133032946380718,-0.012647888798786,-0.248240258944473,0.23932993186047,0.419921849182567,-2.8524470206735,-0.505171603895664,-3.53418804989788,-3.15329701927268,-0.550592215986471,0.0452708215717292,0.42262560470356,-0.080969884162693,-0.0740938423220902,-0.264808418492434,0.255429386508365,0.196762865809788,0.452192252318154,0.036597745890866,-0.0688755109147579
1991-09-01,1991,9,0.0591469814650779,-0.147271068983217,-0.000120371437810864,-0.590855322252513,-0.0219035377201154,-1.61556140879175,-1.44113732457612,0.40023384580292,-1.16282958456017,-0.490648181601599,9.09575537138993,-4.15398202087246,-0.979369161910148,-0.98298590210546,0.407388593395628,-0.111707936911364,-0.0659908402905263,-0.391467285758899,2.50243145600375,-0.450996674877958,2.05143478112579,-0.384757940133156,-0.504061441910267
1991-10-01,1991,10,-0.0154327102140309,-0.25336740764772,-0.000168154300457841,-0.568333368196039,-0.0105944373522086,-1.33696135528807,-1.40951666152157,-0.0169007680570112,-2.51530393666932,-1.08426159804009,-2.23176745537953,-5.27395911177244,-1.6205380786814,-1.04151829191592,-0.00873072250780416,-0.141061903054142,-0.0975708177544901,-0.443541669720683,2.22237869446183,-0.359828324056431,1.86255037040539,-0.804347176436529,-0.873012823312898
1991-11-01,1991,11,-0.0511962894241924,-0.320072217526209,-0.000135178548681397,-0.471484452409565,-0.0130454304497529,-1.1292922585855,-1.69663500919617,-0.27404276559334,-2.60823001931784,-1.39019850662238,-3.33547240428643,-6.0628202093831,-2.00965579399874,-1.0299514398747,-0.262905601944196,-0.16209884483871,-0.110028354322214,-0.466375245665406,2.83513290268892,-0.655546405672293,2.17958649701663,-1.18102201139671,-1.22436896707431
1991-12-01,1991,12,-0.0806637500495654,-0.296303017171462,-0.000112067618879751,-0.384478305729879,-0.022412900927141,-0.627497404087957,-1.08464520299299,-0.0388757909165547,-2.59406214805752,-1.32364876857449,1.07681489585049,-5.60006795122124,-1.87928039294423,-0.809431165753084,-0.0262888182053165,-0.140770092081558,-0.0922438894518406,-0.364452707519689,2.450374178794,-0.262627064528621,2.18774711426538,-1.43295167323195,-1.4275756676259
1992-01-01,1992,1,0.0105623021525734,-0.317139248408234,-0.000191234991016314,-0.61260495992119,-0.0182807117877467,-0.967726526450007,-1.1449151054565,0.127854225822904,-2.80802981766205,-1.08590928378265,-11.6429006231838,-5.60357783620237,-1.58917219494542,-1.08100912394886,0.132432466916398,-0.136249488165674,-0.0929301744677555,-0.344039009627131,2.29228510737753,-0.0593277404141976,2.23295736696334,0.316969236488674,0.410855422655196
1992-02-01,1992,2,-0.0425740037774723,-0.297188303015031,-0.000148608681826191,-0.653247216914285,0.0007464330725321,-1.30001251355454,-1.90726029854936,-0.103186037989448,-1.82998593678347,-0.784844278038644,-4.60197901679576,-5.45018430591904,-1.33428940119688,-1.24994365823212,-0.101485516867158,-0.133186905256945,-0.0825160877846418,-0.2470885927163,3.07075324597733,-0.655616119194956,2.41513712678238,0.0196561036560823,0.158009917191634
1992-03-01,1992,3,-0.0329059484147778,-0.0815519970734337,-7.75584579087718e-05,-0.285529912610922,-0.0208276038028909,-0.653860220250984,-1.00037605641245,-0.206161725006993,-3.63047128210159,-0.687400321453133,-5.21092051616617,-5.48600453240534,-1.10323183702087,-0.573729589368623,-0.204339608541679,-0.121109310835729,-0.0976596259276877,-0.208215100298913,1.43970173473601,-0.424824350578474,1.01487738415755,-0.182209236117991,-0.134919680575607
1992-04-01,1992,4,-0.181874412616542,-0.351649418991729,-0.000102536267343811,-0.345557674964525,-0.00659928995249489,-0.15443483979816,-1.46029627021299,-0.64443244463613,-2.8570620445218,-0.20640834357085,-3.73941386414869,-5.14805112187078,-0.71641054053106,-1.27438860475485,-0.641949885876122,-0.108523178247277,-0.0767819448298603,-0.14198803790879,1.78098688038879,-0.183425106698177,1.59756177369061,-0.249947900865479,-0.286914122209375
1992-05-01,1992,5,-0.126662748274223,-0.279523897546061,-6.40142177978082e-05,-0.126345308629558,-0.0160261143080886,-0.750858417090452,-1.45251056889267,-0.507390596365561,-1.89753412446028,-0.198755677314133,9.1387765320202,-5.13155357767045,-0.658153009680978,-0.736131638550024,-0.506928687672692,-0.104100260141456,-0.0617415744816367,-0.142472416320217,2.77462212084331,-0.715917021649736,2.05870509919358,-0.344217988232636,-0.3811846525482
1992-06-01,1992,6,-0.132883841372946,-0.289387049548189,-0.000145780303009993,-0.577067412673175,-0.00437900052394112,-0.0907470092912557,-1.54842551062746,-0.78582894354821,-2.37788400188232,0.01754919343666,2.28309519513058,-4.02099192432266,-0.269931607335211,-1.63249474642172,-0.785945702412485,-0.082499146720511,-0.0605486221361863,-0.0977810774163651,1.35562712166848,0.0839524769299147,1.43957959859838,-0.626211972129013,-0.607859945245906
1992-07-01,1992,7,-0.293190852160626,-0.523305347176157,-0.000289217118544796,-1.1146556811051,-0.0217293915720737,-0.808129196561858,-2.96419743393692,-1.53806538950173,-2.0675348137207,-0.353268712599851,-0.839115717780714,-3.61725699375867,-0.659600741585817,-3.23780221076319,-1.53481329515216,-0.0818702954384841,-0.0602644103359047,-0.217959630858773,1.24339015105201,0.276856871175831,1.52024702222785,-0.859418229708901,-0.852556007499558
1992-08-01,1992,8,-0.335427109476994,-0.622305513671929,-0.000233618565633213,-0.831314151034494,-0.0138880962923462,-0.448304251093507,-3.02632928496789,-1.69922713703519,-1.77391427185685,-0.405583101736115,3.01506649450079,-3.36108274474062,-0.642414810748407,-3.06179621700967,-1.70131285710579,-0.0730010992327632,-0.052946397420063,-0.199265883275207,1.35033676387151,0.0333812119712082,1.38371797584271,-1.25588029871169,-1.30135895977163
1992-09-01,1992,9,-0.42134981927605,-0.645516972009614,-0.000223589875373093,-0.854096545437436,-0.0126804159896977,-0.197457902358884,-2.97381456027048,-2.01475920246885,-2.57852939437649,-0.603337326988752,7.68367516778416,-3.10785559773441,-0.810860130891983,-3.32303123732288,-2.0198567468887,-0.065388692221994,-0.0584341787238897,-0.233355406741552,0.321803399454694,0.344119132632563,0.665922532087246,-1.62723598473575,-1.71654489076716
1992-10-01,1992,10,-0.35059638535713,-0.508616404661183,-0.0002755019271412,-1.04655341521446,-0.0176215955871978,-1.1251574490445,-3.66412610062292,-1.83742589765977,-1.02290942317164,-0.724018051786734,1.26925439701636,-2.6974948064874,-1.16020456996644,-3.19632437716131,-1.83192158673917,-0.0566501826794919,-0.037082457043133,-0.220879811421746,1.23839886513607,-0.462297412541009,0.776101452595052,-1.89682522103909,-1.9554962721698
1992-11-01,1992,11,-0.373373538275346,-0.472637114291688,-0.000247506140767726,-0.94200754089689,-0.0152742036405952,-0.354208966611044,-2.8598300975326,-1.76893729894309,-2.10073755437916,-1.25492391176223,-3.92497436288955,-2.55021520739404,-1.49975242454368,-3.0862070564871,-1.76404284994756,-0.05182107360153,-0.0445588537117467,-0.319565744293269,0.204649140233456,0.231271407950027,0.435920548183487,-2.2435000559993,-2.28685241593123
1992-12-01,1992,12,-0.274747769993657,-0.503545606683905,-0.00018796338823032,-0.895387501509801,-0.0145691230383973,-0.443637517941692,-2.03518247935434,-1.24547947747335,-0.935812817051831,-1.18810473773944,-2.25984780175608,-2.00640868659818,-1.49709610001106,-2.2935959292005,-1.25036051775268,-0.0474615106478481,-0.0328870206381234,-0.278694167172552,0.761604507274745,0.2535324095669,1.01513691684165,-2.5354297178345,-2.54005911648282
1993-01-01,1993,1,-0.104062440748533,-0.428937591114638,-0.000118382824614133,-0.799359556970713,-0.015752590025611,-1.51440674532574,-2.43707366685386,-0.482959797777879,1.2173147583246,-0.797280620099602,-3.82626202179371,-1.8394241961803,-1.10192684300355,-1.90385918859227,-0.482423604376979,-0.0450550206283545,-0.00511138781767853,-0.141206885977195,2.75209273160097,-0.532678284860779,2.2194144467402,-0.915508808113934,-0.841628026201711
1993-02-01,1993,2,-0.0689647882136097,-0.380887001060451,-0.000197779071029499,-0.794398799885609,-0.0180550954034742,-0.951210845367679,-1.7493451552117,-0.478956695272236,-0.293346924943811,-0.573774137727994,-10.3723820194036,-1.55877505897801,-0.705239033406514,-1.74232621892451,-0.480700783644497,-0.0310648001249253,-0.0170017682677747,-0.0988768814508629,1.13396323835567,-0.00876302465943191,1.12520021369624,-1.22282194094646,-1.13447353166529
1993-03-01,1993,3,-0.176557154002753,-0.69289037763704,-0.000213938897652516,-0.934112373085969,-0.0136378947731613,-1.64306727955865,-2.60041944821393,-0.71594467258869,1.20366670857826,-0.089095525072747,-1.9034510425955,-1.15008189858475,-0.311332614128801,-2.3636413948804,-0.713430816000563,-0.0141253873014338,0.0154661933259505,-0.0385750581899168,2.13151151810693,-0.234264196745347,1.89724732136159,-1.39951657568065,-1.32223240962689
1993-04-01,1993,4,-0.110417746132578,-0.528049339689417,-0.000123221144672895,-0.504037481270174,-0.00754034688212816,-0.538299964360229,-1.76684158400848,-0.703253199495838,-0.210265757867936,-0.118800625433864,-2.85397151058092,-1.10820391095217,-0.431868288413593,-1.44032305870966,-0.706144849123997,-0.00430537726426226,0.00175446684568793,-0.116228382246793,0.584870490104508,-0.329410174927055,0.255460315177458,-1.48725524042812,-1.50422685126069
1993-05-01,1993,5,-0.0973898015772344,-0.279876282620736,-7.89029841051943e-05,-0.224926455034503,0.000457121361137038,-0.246709654181816,-0.70814910234011,-0.499509077475301,-0.817758295669451,-0.557729874109748,2.69862502357479,-1.19652926637584,-0.526092658468108,-0.842028412488816,-0.503956594266567,-0.000702374856751134,0.000803096988101978,-0.139760473522221,0.410408186348036,0.129431793357488,0.539839979705522,-1.68152532779531,-1.72849738159945
1993-06-01,1993,6,-0.155240406718965,-0.179821084526811,-0.000125957697860077,-0.676005245917623,-0.00469840072706357,0.142990866539579,-1.18018430054293,-0.873288659906902,-1.13785416544346,-0.604242203034855,-5.5313135643094,-0.687218500792051,-0.523968300470041,-1.90258397893349,-0.879315959496394,0.00242222077508362,-0.00625752553059795,-0.197309550946959,-0.370361762086601,0.71637237880104,0.346010616714429,-2.04351931169172,-2.09517267429715
1993-07-01,1993,7,-0.182695737097669,-0.193041405449811,-0.000127522141234762,-0.580951968472052,-0.00222521558099702,0.94980441763697,-0.717664464470419,-1.03931695943547,-2.70339392764485,-0.704841099109066,4.10548316779352,-0.651733426062049,-0.633448929097048,-1.81616287875096,-1.042256607985,0.00381948565480034,-0.026524399981136,-0.276005430263877,-1.98026833157077,1.09555876573096,-0.884709565839811,-2.23672556927159,-2.35986873655078
1993-08-01,1993,8,-0.190602800624974,-0.37831045623559,-0.000197603562945978,-0.885627851936142,-0.0175628318548256,0.329916954427522,-1.96330603076238,-1.09829250128987,-0.989229524709982,-0.345060299706029,-0.0742429329342831,-0.421344263172032,-0.320788002468836,-2.4121298936555,-1.09536245263365,0.000386402402721201,-0.0103257413512045,-0.211111031827889,-0.543612964300776,0.451753911549331,-0.0918590527514404,-2.39318763827437,-2.52867168882294
1993-09-01,1993,9,-0.254994898807106,-0.601338973889265,-0.000247627857890107,-0.995998772603684,-0.0141756000641311,-0.786727906570453,-2.82982573045197,-1.29869731294054,0.952269159618355,-0.256646122616766,0.173982986359539,-0.248171757611789,-0.371293025407612,-3.00864231989963,-1.2965679807246,0.000583344366960226,0.0172473683378388,-0.183172768101854,1.08579401443931,0.180945921663589,1.26673993610289,-2.62454332429839,-2.68385761981842
1993-10-01,1993,10,-0.136599028868187,-0.378047673428822,-0.000174027482092364,-0.563508912839311,-0.00529767476945618,-0.984342293110869,-2.12034761157344,-0.705431189952476,0.487060916321219,-0.515732619527151,4.44246781758413,-0.436348999931801,-0.651917732079271,-1.82890852450012,-0.701947189229049,0.00467055074897234,0.0144040428660357,-0.166964186961149,0.787224803700882,-0.287955086349885,0.499269717350995,-2.87413256060175,-2.85280900122106
1993-11-01,1993,11,-0.296567397771359,-0.340332889621336,-9.15480662928015e-05,-0.428099601296837,-0.0074168028457915,-0.290921614470806,-1.81381440612005,-1.21621352086581,0.0683484632956834,-0.63209730537554,12.4950903206785,-0.450541143959421,-0.743140324004505,-1.73863548633791,-1.20792412137947,0.00719156600669443,0.0119990046236716,-0.123100592429671,0.407846588626182,-0.0668895202958464,0.340957068330333,-3.16080739556201,-3.07416514498248
1993-12-01,1993,12,-0.169774388920708,-0.116384090049538,-3.0115879961935e-05,-0.31878661124785,-0.00848330995355673,-0.645337725709761,-1.16024980093087,-0.812748698654053,-0.0987935747029991,-0.650893036868754,5.5620623168127,-0.302912156115579,-0.864380358813492,-1.09215163808529,-0.804148067920586,0.0092802336338965,0.00731079957738483,-0.153397682218455,-0.00936874053213677,-0.0594975321120721,-0.0688662726442115,-3.29273705739719,-3.19737184553408
1994-01-01,1994,1,-0.167868549275596,-0.243493732507279,-7.51734960944372e-05,-0.542024261237858,-0.0153138492380834,-0.879537134214706,-1.58582082828737,-0.578267458179536,0.467591880310461,-0.161030922011316,3.24490234777588,-0.0871551605436875,-0.355064075210582,-1.34775956287904,-0.566528774235827,0.01371082595981,0.01629997789188,-0.0232554205622972,0.360713887654893,-0.226322581464653,0.134391306190241,-1.52281614767659,-1.46894075525299
1994-02-01,1994,2,-0.438333545539642,-0.208678724970076,-0.000144376012283554,-0.573496046473656,-0.0183102352397356,-1.05217072377945,-2.69206735907421,-2.04979007877693,-0.0295578115189468,0.26685636702839,6.9985651481658,-0.0106704736023767,0.117815905801954,-2.49673746267431,-2.04370643441636,0.00642476411072855,0.0027748834353039,0.132114433134835,-0.16792779914301,-0.189246252039308,-0.357174051182317,-1.65012928050916,-1.56178626071653
1994-03-01,1994,3,-0.199641815318804,-0.345175465498723,-0.000160830218017492,-0.745046711077317,-0.0122850527729896,-1.34459085011312,-2.25550164494343,-0.799011838062353,1.3791572040711,0.314726556345135,3.21280811197814,0.17965431714388,0.170288660050274,-1.98379831801518,-0.796242802380419,0.00679480478606014,0.0199564439008193,0.11853923593968,1.05506499063235,-0.268934291246221,0.786130699386034,-1.86682391524332,-1.79954513867814
1994-04-01,1994,4,-0.0171176165285774,-0.284290161920024,-0.00012380310096459,-0.623387667788321,-0.00765502027500354,-2.10569554586959,-1.95640982425396,-0.318139666054523,2.40549182860891,0.34113447463902,-4.83804064001746,0.160759753460445,0.0309017412016767,-1.21926917946941,-0.311696243048885,0.011159091000252,0.0379878057242465,0.0550784861600036,1.93449934171113,-0.730697221778931,1.2038021199322,-2.07456257999085,-2.10153958031194
1994-05-01,1994,5,-0.0569663424902712,-0.198642150575353,-0.000110134237817319,-0.443993383558951,-0.0059878362779393,-1.52239935482668,-1.43251479564364,-0.214534844400025,1.20265586019541,0.151882910309335,0.364960585150472,0.115862013869776,-0.0559036887410402,-1.12000621702357,-0.213415536299453,0.00939315143230297,0.0217087411392906,-0.0250646937643242,0.879007247275251,-0.311389270519489,0.567617976755767,-2.20883266735797,-2.28581011065074
1994-06-01,1994,6,-0.0212295889450126,-0.0383217989384708,-0.000122770633584542,-0.556690296159773,-0.00672346086171884,-0.85723174470969,-1.13318242313143,-0.353453220220611,0.264735018603388,0.0038490607491283,-1.31253982173819,0.305290043704545,0.0738219977239285,-1.29413800945633,-0.352243914190285,0.0122948276215277,0.00999390031856046,-0.0472964122915502,0.0294179118736215,0.162164892355165,0.191582804228773,-2.47082665125436,-2.5624854033484
1994-07-01,1994,7,-0.0626400359026437,-0.0398545609194559,-0.000144370670847026,-0.570010439281701,-0.0105005376794345,-1.0952546333871,-1.73883861208895,-0.513041555327133,0.662557018839014,-0.106566294866782,0.734851891353842,0.319052405757557,-0.141185008499576,-1.58453740473878,-0.508702712486928,0.010014181381665,0.0108255838721825,-0.0810609462963691,0.308885899448652,-0.149962364510019,0.158923534938733,-2.55403290883428,-2.70718146560209
1994-08-01,1994,8,-0.145302560867013,-0.238752498283211,-0.000153893806767143,-0.546570117472689,-0.022892662181826,-0.260893130294747,-1.37504138225584,-0.667833827565591,0.04785862997787,-0.0486961227257451,-2.11175466236484,0.308156488121592,-0.0166497521476675,-1.78687422971129,-0.660432480553544,0.0102857836973257,0.00595263044750381,-0.0967340726286123,-0.228251487565651,0.419234194467556,0.190982706901905,-2.63049497783707,-2.73598441787421
1994-09-01,1994,9,0.000277227738880503,-0.18803338240992,-0.000158059877539102,-0.762650907714732,-0.0172318455441445,-0.932501946368025,-1.79138726908249,-0.13711480751426,0.9314125839652,-0.23072668596888,-5.52497351107502,0.468397262390815,-0.210160567197644,-1.65897057389943,-0.129146338305481,0.0120188067324345,0.0161814971553075,-0.105793729282257,0.483581440345632,-0.124448225974287,0.359133214371336,-2.96185066386111,-2.95117034886969
1994-10-01,1994,10,-0.00676452098815661,-0.598210466898446,-7.988682665865e-05,-0.480260513026359,-0.0229926537975526,-1.27650061273544,-1.2422646484979,0.00187210117981707,1.66847165736106,-0.492293010911966,3.54564888814597,0.254035148496829,-0.623983806327902,-0.903582745508865,0.0088804710510777,0.00830616701682672,0.027606616200834,-0.175861636087253,1.28274571344831,-0.33167353311776,0.95107218033054,-3.21143990016448,-3.14012173027231
1994-11-01,1994,11,-0.0135859555623697,-0.254768053136968,-5.84933215279771e-05,-0.522138011091585,-0.01210398411588,-1.89671625178538,-1.52699320191658,0.0361461359384783,3.25294805839754,-0.509007748488758,7.11282198023626,0.303436452204182,-0.848447267583537,-0.845489906199698,0.0427855566776771,0.00502487344830814,0.0436036887775802,-0.194945850999974,2.6100720870986,-0.674863874977721,1.93520821212088,-3.31811473512467,-3.23147787403379
1994-12-01,1994,12,-0.080483176138696,-0.139214483665199,-5.61994746996895e-05,-0.515751040966796,-0.0074869311136991,-1.96021875008333,-1.85741279223131,-0.340265521776761,2.35627180131085,-0.28213547488137,2.5263274793755,0.367871858948019,-0.573700679769226,-1.20282226904605,-0.339266233117467,0.0016110242418207,0.0273945406431135,-0.155674129114257,1.69683473747498,-0.65359123452595,1.04324350294903,-3.51004439695986,-3.44468457458537
1995-01-01,1995,1,0.00101192916140402,-0.138805393040927,-2.11003722396613e-05,-0.195778057063306,-0.0132208553287078,-1.96926847246018,-0.321382657190857,-0.0993777552302459,-0.1388338480367,-0.0807703569113323,0.162027380351301,0.30538888527992,-0.140672609995113,-0.53200822380481,-0.0971307251587459,0.0142762250066848,0.00748942508590856,-0.0407334132004016,-0.50412498640039,0.212872596685371,-0.291252389715015,-1.77012348723928,-1.70625348430429
1995-02-01,1995,2,0.21966109581739,-0.306846651175707,-7.46015723548856e-06,-0.244503883156606,-0.027321392108128,-2.06534214206231,0.244561404331298,0.93377737493138,1.50125364486389,-0.227550365645625,4.77380506673697,0.256352377123228,-0.286473369443075,0.133653001715897,0.93463581881976,0.0174550811054134,0.0349975589589824,-0.0414387972698687,1.18597826394321,0.111766846503816,1.29774511044703,-1.92743662007182,-1.77909898976785
1995-03-01,1995,3,-0.0976126229528314,-0.224092898728338,-3.90325200322459e-05,-0.234652652967766,-0.012123418658294,-1.72058208515888,-0.478668129644924,-0.241493785485071,0.451156870925967,-0.0344347006931792,12.1492224385348,0.336878830501479,0.102617257204142,-0.775184560840004,-0.245695012554311,0.0269809931810753,0.0276204292346878,0.0622624448993783,0.251329998321766,0.292315204125903,0.543645202447678,-2.03413125480603,-1.88685786772946
1995-04-01,1995,4,0.0855262144743842,0.0380649938933193,-2.74162316123446e-05,-0.242398873201568,-0.00795830613159595,-1.15492958633676,0.592122705916553,0.338066426128733,-1.06484789737725,-0.392731031862997,9.69289135555399,0.325399411180045,-0.218669149979255,-0.190550467327229,0.33770004329224,0.0354070458314365,0.0140471662472051,-0.0843600085565984,-1.21618542667355,0.782306790407197,-0.433878636266254,-2.1218699195535,-2.0688523093632
1995-05-01,1995,5,-0.0662956201262588,-0.0847180649289763,-4.58108948606731e-05,-0.397398052163098,-0.00991335778839171,-1.21559741303366,-0.578639657468132,-0.314150938943729,-0.518787859680742,-0.783858538291778,5.72272913371671,0.428267115150388,-0.748742300325071,-1.08078121957538,-0.321364114586337,0.0305451124989274,0.0141478543290391,-0.237384165722557,-0.911938736864427,0.494928386464636,-0.417010350399788,-2.37614000692068,-2.39312283970204
1995-06-01,1995,6,0.0829953073279942,-0.0327424575840632,6.87934778819229e-06,-0.27380906964962,-0.00318143777401024,-0.823728731819162,0.0172582886211003,0.507668410133653,-0.452240094530766,-0.515527327006688,1.36334527182129,0.388067927018166,-0.238504182096102,-0.364287676326094,0.503059464296832,0.0323875225384524,0.0172373741135891,-0.104074167847934,-0.56328487663836,0.376937019110288,-0.186347857528082,-2.54813399081704,-2.62979813239969
1995-07-01,1995,7,0.0808707274603359,-0.104521582900107,9.87761508611007e-06,-0.139319827605947,-0.00572111566383679,-0.989813376637965,-0.163881802141414,0.298747054771159,-0.128275955081146,-0.433334047012797,1.47788335392202,0.357863355796162,-0.149132320786106,-0.271925334073527,0.296915470345245,0.0311247935803292,0.0224460989789508,-0.106165222582521,-0.201937584650627,0.106211947506206,-0.0957256371445202,-2.69134024839695,-2.83449419465337
1995-08-01,1995,8,0.0911629341999925,0.267084498288153,5.5749618200927e-06,-0.104142207735139,0.00102372182610455,-0.210187478518313,0.700132168517668,0.62549140394769,-1.4004509171463,-0.22928517552866,4.81685906019338,0.32227729571719,-0.0683523945167978,0.104195704661934,0.627773879591577,0.0248006969758002,-0.00206350763949736,-0.145401740559366,-1.56179543185163,0.598218939499681,-0.96357649235195,-2.80780231739977,-2.94329714692547
1995-09-01,1995,9,-0.0137511740581002,0.231836916327433,-5.28995948022367e-05,-0.23030876571478,-0.00864478578329789,0.316525565896908,0.78767515391504,0.0244799950930243,-2.78516585837995,-0.442668583730297,12.9595768994875,0.348126673154441,-0.023347328972773,-0.487079523837224,0.030724964781645,0.018811825231259,-0.0228392189231442,-0.0937229976734593,-2.71397127677685,1.28099964744084,-1.43297162933602,-2.79915800342378,-2.84848307792095
1995-10-01,1995,10,0.0333166356518113,0.0201016973759133,-6.3910445345395e-05,-0.514427962525705,-0.00817025707078602,-1.4082846387081,-0.36166724944537,0.19154640592412,-0.00873166187209673,-0.549198337551983,15.3012901117187,0.651508648377428,-0.392024179925929,-0.99550627292364,0.196939014688185,0.0244569133296013,0.0159554281825527,-0.156872054682555,-0.503066152623472,0.639231632242363,0.136165479618885,-2.94874723972712,-2.93743445932361
1995-11-01,1995,11,-0.0227940927003761,0.187566486765425,-0.000120061827930412,-0.514999272898433,-0.00699865662323634,-1.82471055859725,-1.08493890356704,-0.146765670345218,0.394904470759379,-0.110403985671171,8.53194903880976,0.809498535015802,-0.173698966606466,-1.25881301933746,-0.141790951790226,0.0296614927257432,0.0210711400695188,0.0623150623809228,-0.477889045191683,0.178848834325401,-0.299040210866277,-3.13542207468736,-3.11879060308507
1995-12-01,1995,12,-0.233966250339719,-0.190195802703866,-0.000124891266805144,-0.466380189937146,-0.0167968295616445,-1.3363715231873,-1.01613847347582,-0.841560583400453,-0.544340065626303,-0.0286575068505839,7.8662794609486,0.643377013214625,0.235225780407643,-1.57929220136887,-0.841396304626344,0.0267712335917047,0.0103876369749518,0.27371512031984,-0.923833791582698,0.563318006667176,-0.360515784915422,-3.28735173652258,-3.27199730363664
1996-01-01,1996,1,-0.262953429772615,-0.175485710581554,-0.000119627816207217,-0.555688552262156,-0.0153949162054292,-1.03130767168244,-1.06725091302436,-1.03362137595195,-0.402868924029835,0.211633689113553,20.7410523109097,0.809242907244529,0.354436505151661,-1.73622634229265,-1.03507985469263,0.0256997530721188,0.00917504568071694,0.174420966033496,-1.06930901523627,0.667516950527595,-0.40179206470867,-1.63743082680197,-1.63356621335553
1996-02-01,1996,2,-0.0663243947766707,-0.0760325460863673,-9.63981883822747e-05,-0.504973061089652,-0.0102204275553024,-1.63891584028938,-0.880018769087214,-0.194220839295311,0.950140751168728,0.33540309926626,16.961152405302,0.725417688884834,0.413029758631996,-1.24670780346793,-0.192025030857154,0.0191591123046579,0.0230172504013509,0.206913133041328,0.302349721649634,0.36888484281894,0.671234564468572,-1.92474395963452,-1.85641171881912
1996-03-01,1996,3,-0.132331102352921,0.0801527380662135,-5.01128267988256e-05,-0.29217169279729,-0.00685068994957732,-0.609688677385418,-0.158928867330274,-0.790570583909866,-0.696327404494377,0.491220210866069,18.5746041819414,0.616428614714535,0.872039565338805,-1.05820061197038,-0.793019618720698,0.0250480735569943,0.00619392929075488,0.252745069264315,-0.93193666473619,0.896822709829325,-0.0351139549068604,-2.18660929940859,-2.08934131658636
1996-04-01,1996,4,-0.148644016092738,-0.135095088567118,-8.60502861809725e-05,-0.470110764159693,-0.000445603882919331,-1.4508662691585,-1.71975974661685,-1.11520365972602,1.23194058534242,0.890341769315253,10.4740782319497,0.844248087408101,1.08807518352251,-1.67724734041364,-1.12085172709614,0.0311604943499264,0.0315979100608122,0.269549142245237,0.585425912141585,-0.0481604735733827,0.537265438568207,-2.4243479641561,-2.39133575822011
1996-05-01,1996,5,-0.219318803982371,-0.286902654874433,-5.43172203810326e-05,-0.543614648183221,-0.00935103882638007,-0.53230202727859,-0.982295060300481,-0.985443632334484,-0.740792494549059,0.323720049123171,16.4721087311165,0.700838166362438,0.881575952809296,-1.6407006854798,-0.993871786821709,0.0300828400964972,0.00873489401413575,0.200776346867611,-0.883774757225387,0.649977470692158,-0.233797286533226,-2.43861805152321,-2.44560628855891
1996-06-01,1996,6,-0.209685783652108,-0.229212532907506,-6.45954530564472e-05,-0.377516132620143,-0.00297056195685362,-0.554042554416394,-0.76046536971033,-1.02999095548411,-1.22996156514109,0.0450096948766615,13.1178831732251,0.578332099198198,0.674786736147368,-1.55562713955653,-1.03902257437253,0.0212371598495319,-0.00358280240646373,0.140816196991614,-1.17851662306862,0.786130150957709,-0.392386472110921,-2.17061203541964,-2.21228158125658
1996-07-01,1996,7,-0.113145959287813,-0.272457111297511,-0.000152422937833828,-0.86034619896347,-0.00773757658807914,-0.2674161400254,-1.3684521562828,-0.699434214809612,-0.100073536441485,0.0703776465696532,14.2624353003239,0.957046862418198,0.567457487790961,-2.15875211925095,-0.70459303323315,0.0309808611885386,0.0153522459274878,0.0879603984825244,-0.560040557638393,0.785141144544628,0.225100586906141,-2.03381829299952,-2.14697764351023
1996-08-01,1996,8,0.00093019763485902,-0.260066921086306,-0.000150647545897346,-0.776973550740462,-0.0163257383394118,-0.863186092336946,-1.02578877089076,-0.415304791026049,0.262254980715383,0.0711461232148874,11.3854925585983,0.997605647957243,0.400117110988969,-1.68151620932945,-0.41857513513082,0.0298995793551096,0.0198423780638394,0.0835600926916014,-0.406379679467793,0.652457094333902,0.24607741486611,-2.40028036200233,-2.50578059578238
1996-09-01,1996,9,-0.173796279657259,-0.0948434318940214,-0.000177765968491216,-0.931837584705804,-0.00685529878237515,-0.680713516997027,-1.79692531970136,-0.975294286442728,0.388442574828715,0.0423808491732519,8.95513886988455,1.13791206435749,0.286493355957294,-2.31570780609864,-0.973100399032715,0.0261507946966787,0.0163287146248831,0.143395884348777,-0.505356982744709,0.520976373807257,0.0156193910625422,-3.06163604802637,-3.09096652677787
1996-10-01,1996,10,-0.318579391163321,-0.107350641180507,-0.000149739810553482,-0.751426724604029,-0.00930671860392431,-1.06238029699533,-1.80684005458878,-1.59902475561665,-0.433639314339413,-0.160100316052333,18.7903712421101,1.0639898964405,0.0982349642975403,-2.50222731266606,-1.59751045671415,0.0213963549090909,0.00301054742323961,0.146988095582781,-1.23929393043003,0.696901556979786,-0.542392373450253,-3.5912252843297,-3.56991790818051
1996-11-01,1996,11,-0.0982267491484826,-0.0949547938650196,-0.0001726951222966,-0.885073514555457,-0.0123330585383136,-1.83832324553997,-2.17312468067043,-0.720532178228938,1.88838817181207,-0.269377153226125,20.0096342302011,1.24613501923583,-0.268984814971797,-2.19999803022189,-0.722579331497585,0.0251167405947925,0.0341656505170259,0.01666495456316,0.642645490830559,0.0248261962828218,0.667471687113385,-4.00790011928995,-3.96127405194195
1996-12-01,1996,12,-0.127396700680854,-0.219242608371297,-0.000154894164035153,-0.755764556868368,-0.00517759502360686,-2.05033887434243,-1.98580462220718,-0.538800160270189,2.26962683205638,-0.258790845841234,13.3723122443404,1.07484091778368,-0.507808413856692,-1.77121056641926,-0.536209850698728,0.0195212069997848,0.0360892848832887,-0.0335342123025234,0.945768346257243,-0.212003746216404,0.73376460004084,-4.19982978112514,-4.17448075249352
1997-01-01,1997,1,-0.228665566210721,-0.227586980543019,-0.000128819433664676,-0.547153059006178,-0.0139227233921924,-1.25235181724647,-1.62616041317572,-0.92895794892173,1.08936687078383,0.196405803102304,11.8764963953096,0.938058234469608,0.315326344820425,-1.69621873307101,-0.934018392444986,0.0213100416755986,0.0215002441607242,0.251687002158833,0.270229178032372,0.0649978763720189,0.335227054404392,-2.39990887140456,-2.41604966221247
1997-02-01,1997,2,-0.189512351035779,-0.109635645993788,-0.000100593326544512,-0.496552990406976,-0.000812356316719703,-1.97201452440212,-2.27764840940356,-1.08382497092708,1.57180686217742,0.300388721976509,9.81125964669404,0.981249408927892,0.308125231972562,-1.83563779503433,-1.08491853089552,0.0167263951810877,0.0216959320628079,0.175322790798965,0.598293963245568,-0.443104174337639,0.155189788907933,-2.69722200423709,-2.62889516767601
1997-03-01,1997,3,-0.0299307234329576,-0.239347414400401,-9.37660304958506e-05,-0.587195897361536,-0.0175264086419147,-1.69080217280639,-1.52364037318475,-0.328725468873524,0.884676227110468,0.171584642744055,0.602182519511555,0.959879916330146,0.372682453739779,-1.34094331235517,-0.329425135396572,0.0201831548133387,0.0144925791853931,0.173332887207612,0.125894121776028,-0.183396727352552,-0.0575026055765132,-2.87391663897129,-2.7666540456376
1997-04-01,1997,4,-0.199532205439762,-0.493514477234758,-0.000171875591362738,-0.693831108090639,-0.00350193435095462,-1.22123765173367,-1.86814945271632,-1.01404411364568,-0.0804417543417419,-0.209776333618161,7.57539555351227,0.920865264542718,0.373426390270784,-2.09401178956144,-1.02171713093102,0.0263694442781306,0.00990368969851057,0.107331573002135,-0.418104294995493,0.218189319559742,-0.199914975435747,-2.95165530371877,-2.8886484872714
1997-05-01,1997,5,-0.134923385976435,-0.365045730373075,-5.87691651492478e-05,-0.582898838962469,-0.000103967613060339,-0.566022255738353,-0.980141161614992,-0.615541898469149,0.729997317160763,0.0791593101487539,9.55107393167988,0.879714986301056,0.317083280947964,-1.43236889222659,-0.626265151384571,0.0279727942355716,0.0248066776104746,0.0590373465870079,0.0882063016589352,0.441504477696183,0.529710779355118,-3.11592539108592,-3.08291901761019
1997-06-01,1997,6,0.0456355232968602,-0.456116598296184,-5.97105969765104e-05,-0.60638500527629,-0.00773150569657394,-1.19580059949676,-1.00509587585281,0.251355387442223,1.95799181334375,0.124285613064245,-0.861063870207358,0.920013209783832,0.258067017854136,-0.8483127902233,0.242791124472618,0.0249040511089161,0.0383413073103245,0.0505237099144603,1.1717600083498,-0.165347348599166,1.00641265975062,-3.34791937498234,-3.36959431030789
1997-07-01,1997,7,-0.115965833512827,-0.237688386695136,-4.56888796439938e-05,-0.427287092014019,-0.0106535840724155,-1.10520140098797,-1.38773596313026,-0.306710353277349,1.35907910920537,0.104191759484937,14.9616390338834,0.881376301643837,0.13211628276133,-1.36866963600078,-0.316085871367024,0.0190761509613032,0.0259407219987263,0.00379093059143221,0.505627330837931,-0.0284418452191479,0.477185485618784,-3.5511256325622,-3.67429037256155
1997-08-01,1997,8,-0.0898082962211668,-0.279054041130945,-7.82434624565099e-05,-0.51451616178921,-0.0198440751341281,-0.660825543948411,-1.1196843571392,-0.120109531743738,0.727472501656223,0.115087425853474,17.4424988681649,0.911957880576873,0.16922944763274,-1.30709801973623,-0.121258999218698,0.019832548806044,0.0170338449983279,0.0370310087376879,-0.130343357141376,0.186264195122126,0.0559208379807546,-3.93758770156499,-4.06309332483367
1997-09-01,1997,9,0.0254153125327345,-0.399110963238654,-5.97125535557403e-05,-0.41159346745225,-0.0175583466480176,-1.32668803822309,-1.19406086861284,0.579174186251556,1.71662444939557,0.129616379282435,18.2542553874482,0.996717585998091,0.121317695109165,-0.6763818134004,0.582291002438408,0.0274889295111532,0.0344080233597314,0.0660210951281748,0.711608179224217,-0.514562239025619,0.197045940198589,-4.23894338758901,-4.27827925582915
1997-10-01,1997,10,0.072367807317663,-0.239137425210162,-1.42585129644381e-05,-0.174287415207678,-0.0167054919105537,-1.0087339340325,-0.207690179765256,0.757332366532642,0.76838375095942,0.0767623195763528,29.0391461806729,0.861725822341089,0.0847001248315065,-0.0321456176098502,0.757638333859954,0.0286881374975558,0.0236881394734781,0.0122254867149782,-0.0854042661265151,-0.17523859482809,-0.260642860954608,-4.2085326238924,-4.19723063723174
1997-11-01,1997,11,0.123456343768476,-0.17420479625466,5.00777800788058e-05,-0.0315169576481031,-0.017493990317589,-2.17445170502724,-0.465796529622902,0.901074306808325,2.5151785488619,0.000769770897860456,30.3344019027753,0.804828865022459,-0.0883863237505307,0.359968326823326,0.900486340750528,0.0299067782849974,0.0491211202325042,-0.0419982748059424,1.62119358919108,-0.826352822504054,0.794840766687031,-4.0552074588526,-4.02858678099323
1997-12-01,1997,12,0.0207693666701142,-0.0588558004529235,0.000131602486901852,0.140524267568886,-0.00460165598591922,-1.1056768681606,0.245552516503325,0.53014021489808,0.886897653066236,-0.08585397259595,20.3599500869102,0.700808564567294,0.0610469549667775,0.463299318691967,0.527390396165423,0.0292491061436189,0.0278275648217274,0.00819446380167241,0.332990016061666,-0.220496620921278,0.112493395140386,-4.02713712068781,-4.03179348154477
1998-01-01,1998,1,-0.0846035890667751,0.308289234788354,0.000141833769918689,0.255200415013675,-0.00541882080976689,-0.239132878873642,0.713858142994763,0.0418285145265633,-0.891294547366321,-0.0199973323900136,35.6639073258809,0.737541241344185,0.226383302243793,0.431248766813184,0.0336268721541368,0.0331329628097434,0.00788034995041256,0.0860611692837301,-1.38245515407671,0.274407733809143,-1.10804742026756,-2.36721621096722,-2.38336239126372
1998-02-01,1998,2,0.147908791184227,0.529723911760561,0.000144884089398072,0.148980038689775,-0.0076204688739841,-0.642003878610387,1.56718596068995,1.15277500638121,-1.77901110677075,-0.172698686202808,21.2192091462627,0.639497964230507,0.268235189565729,1.17347823474988,1.14801897554459,0.0238210970068014,-0.0124432471409638,0.140844953714064,-1.97757519523271,0.388951695103485,-1.58862350012922,-2.73452934379975,-2.65620789672727
1998-03-01,1998,3,-0.0416714627869428,0.336627032343941,5.36198019869651e-05,0.0273940251447158,-0.00388342390003302,-0.115960705073754,0.591293761625728,0.0224206906427251,-1.94037837922567,0.329664394128238,36.8277468230731,0.709552488889759,0.709233799956046,-0.0207093757999957,0.0168391267525574,0.0202789130364837,-0.0197185397804083,0.244574709349608,-2.27036146228765,0.606421573535574,-1.66393988875207,-2.85122397853394,-2.72396677468887
1998-04-01,1998,4,0.181895626008257,0.628689409751614,0.000161228455998538,0.291071139843215,-0.005286491284765,-0.947768911567938,1.64667477459821,0.992037851948582,-1.22917348256288,0.401813124242421,27.5390573130812,0.467773773391316,0.581659931980756,1.53235254565879,0.986415670066122,0.0147402118492053,-0.0126996908056708,0.178785931938132,-1.51710044821587,0.108700047056866,-1.4084004011589,-2.75896264328146,-2.67596121632265
1998-05-01,1998,5,0.233624174269591,0.525246223055273,0.000145288931903738,0.222521133701181,-0.00422310811301473,-0.662450392483426,1.2802943810355,1.20220252831415,-0.365792556766368,0.221371545784539,21.6484305462503,0.549974848593662,0.357303130530334,1.11267361483363,1.19761433211853,0.00846826233036626,-0.00439908207691693,0.0780412440149049,-0.779835820614241,0.163032570006308,-0.616803250607938,-2.64323273064858,-2.57023174666148
1998-06-01,1998,6,0.241577761871857,0.364222483820209,9.53575955647245e-05,0.0105636276344629,-0.00593316769028431,-0.710343766670932,1.29864122941371,1.20652917116552,-0.759057243886391,-0.329666399398668,29.3753063393545,0.475458481936424,-0.170051909651696,0.920638136240904,1.2003296110367,0.00735143082611057,-0.00896999355320684,-0.0635328849497026,-1.07490123607588,0.37180353304396,-0.703097703031929,-2.56522671454501,-2.54690703935913
1998-07-01,1998,7,0.199094439826142,0.2431750321822,8.81829623570406e-05,0.0630339819592334,-0.0156682548420709,-0.582322891059236,1.23068416598025,1.14177687456796,-0.109320401557779,-0.0319136539425777,36.3630186694565,0.501051236064448,0.0158118098775989,0.925977053200458,1.13740217719111,0.00845340261779751,-9.91819291348631e-05,-0.0201943613260904,-0.562646173802047,0.300332415402975,-0.26231375839917,-2.54843297212489,-2.6516031016128
1998-08-01,1998,8,0.217226376869798,0.250698809024433,0.000115461549954924,-0.0242151265473571,-0.00965937957273848,-0.745326137893284,1.1347201677023,1.07825992064951,-0.0389957382769368,-0.144250504358641,32.8809357767261,0.594623523602469,0.033987138631511,0.913158773468966,1.07267907505746,0.00551751819094862,-0.00296259277713338,-0.00365830898959517,-0.455381618889257,0.215980548641251,-0.239401070248001,-2.45489504112767,-2.58040605388494
1998-09-01,1998,9,-0.0187646984162747,0.260377659090725,2.71161595717953e-05,-0.288388458253497,-0.0116494027639909,0.203644788878541,0.73393833768767,-0.0370785031971277,-1.97562735956556,-0.124082292042178,39.2172952620141,0.757503269455712,0.230707691132232,-0.269984921400236,-0.0429705849334772,0.0103612078289174,-0.0234053706047799,0.0468008059310706,-2.37834064584687,0.998031177351508,-1.38030946849537,-2.50625072715174,-2.56559198488041
1998-10-01,1998,10,-0.0936191912093436,0.259163500396213,5.33493501439068e-05,-0.191411170450623,-0.0020029285489131,-1.56670770883287,-0.667230913159736,-0.611189533518023,0.736072710667264,0.506857092421437,31.4331056422398,0.842079711833718,0.511461268956273,-0.370426679862636,-0.610522680772897,0.0187307815063995,0.0149640459697665,0.239569607946276,-0.101402824631593,-0.296137380551966,-0.397540205183562,-2.6958399634551,-2.71454336628307
1998-11-01,1998,11,-0.0356488008565575,0.174309909951687,9.04503736772514e-05,0.346564883939548,0.0147687721320856,-1.62827780296361,-0.0390020378194142,-0.448272833397353,-0.370552401652243,0.316818981611145,13.5239088883436,0.614182752094077,0.365396317867139,0.478791855083524,-0.449156258322342,0.0270183894274617,0.00958828716540262,0.144801689020455,-0.936157817490296,-0.518677317827926,-1.45483513531833,-2.96251479841526,-2.96589951004446
1998-12-01,1998,12,0.0754191271091166,0.317992137906412,8.80815927028672e-05,0.380866178287836,0.0251741328179685,-1.30468119733277,1.01910928409984,-0.10507894364163,-1.46658214663592,-0.0519539190276683,10.8442495934813,0.500166256920956,0.11150651941265,0.871247027349146,-0.100335067251462,0.0255956927388733,-0.00516254373914406,0.0592936539090697,-1.80328796511652,0.152606133140947,-1.65068183197567,-3.13444446025046,-3.16910621059604
1999-01-01,1999,1,-0.0636934089537437,0.116764790426681,6.57347695433547e-05,0.337463846383728,0.0112571223109258,-1.25652209198611,0.318930499921301,-0.523366671115133,-0.820629356527467,0.114209345441771,25.0182167384454,0.6603154945438,0.229381944363662,0.338591447417389,-0.525575160859757,0.0215697168218374,-0.00243153670873882,0.0961633698939269,-1.36577225214939,-0.0218694372407324,-1.38764168939012,-1.33452355052989,-1.35067512031498
1999-02-01,1999,2,0.167884208003176,0.138687445357939,6.82731021120682e-05,0.493531069886327,0.0207317587598375,-1.19991932305675,1.27159497060843,0.478120465775478,-0.583362072883892,-0.0882122103629231,16.9721687758427,0.49051063177612,0.0828560560336971,1.31964200504109,0.47325817110472,0.0182555042862066,0.000270859931364657,0.118448319186561,-0.902804438263385,-0.0529093291033895,-0.955713767366778,-1.58183668336247,-1.48352062577854
1999-03-01,1999,3,-0.199675163413995,-0.22067403857572,3.34246948472496e-05,0.393556589287368,0.0102535832905845,-1.46651882454882,-0.572966854472764,-1.08491424681897,0.792811095534171,0.730786623439724,28.3452438476458,0.661845395001377,0.707027191921816,-0.0166605495417649,-1.09633588077734,0.0223840915656276,0.0203598143716804,0.273845568454106,0.107206269014868,-0.567727938889304,-0.460521669874425,-1.76853131809665,-1.63127950374018
1999-04-01,1999,4,-0.181169848577811,-0.235325863721043,-1.85735509114879e-05,0.088299511794766,0.00156252153402861,-2.03240869543761,-0.64277029547529,-1.1804831333951,0.0561286528009588,0.478592752685306,24.507559874644,0.696736868145944,0.612820130518822,-0.810492724100965,-1.17368504560378,0.0191223785509895,0.00748278706317759,0.188811216194529,-0.506380837511455,0.174520516416989,-0.331860321094557,-1.9362699828441,-1.82327394537397
1999-05-01,1999,5,-0.200522394968436,-0.334520407758349,-0.000116635652100656,-0.332901170167166,0.00585172323583887,-1.73117802301389,-0.961196500998943,-1.13388946370959,0.25232115662247,0.373397177977524,18.6519274368188,0.893749075668289,0.426189505854402,-1.43894403682813,-1.11508974724733,0.0138182088505903,0.00597085077233123,0.137199975222902,-0.588635591168922,0.496547252291532,-0.0920883388774931,-2.18054007021129,-2.08754447571275
1999-06-01,1999,6,-0.07214524044417,-0.495798385392422,-0.000148604942626241,-0.441540132976085,-0.0106674214601308,-2.0414419452749,-1.55042657468681,-0.622378115706231,1.65404855509744,0.609657339037217,15.8714776869196,0.941421754711049,0.618375678040376,-1.42042533701387,-0.603700462572129,0.0160850993005354,0.0263242346950616,0.169246520592355,0.721345139389537,-0.111323584538918,0.610021554850613,-2.35253405410766,-2.3142197684104
1999-07-01,1999,7,-0.0459780768698596,-0.192519788260418,-8.60243131172228e-05,-0.0888599784498139,-0.000176014142652312,-0.752872747095701,0.310392912753714,-0.451489258337723,-1.20950287484893,0.0325624394227051,12.3393836780236,0.651954800467054,0.221016957570069,-0.533486937182325,-0.449340336874808,0.0113425416069021,-0.0117454965344265,0.0306334364964572,-1.67300315716863,0.846028771398902,-0.826974385769726,-2.57574031168756,-2.66891583066407
1999-08-01,1999,8,-0.0862180495951974,-0.281182411319243,-0.00013443506592844,-0.298432901097704,-0.00844716663852785,-1.05467026583105,-0.410324624752225,-0.773266225133197,-0.780688037389095,0.0188873568625428,1.39085088729489,0.779788575643095,0.228024383886378,-1.10284232192685,-0.776868904320462,0.012941668551153,-0.00702691817359498,0.0128698908269728,-1.35133958600833,0.688915017987377,-0.662424568020955,-2.80220238069038,-2.95771878293623
1999-09-01,1999,9,-0.076469616077291,-0.211177634650903,-0.000100171824722069,-0.180991665750447,-0.00117114020746537,-1.02135223697443,-0.0272108909828241,-0.51656333491481,-1.11936219200274,-0.0750009943715956,9.57959766658154,0.706461250433304,0.0230292832194045,-0.759247294279002,-0.518911198034356,0.0116456848013819,-0.0116593630540014,-0.0458855349939319,-1.72779316484504,0.729688540176634,-0.998104624668421,-2.98355806671439,-3.07290471393168
1999-10-01,1999,10,-0.112384205667401,-0.149938194264433,-7.94080931532579e-05,-0.0934950509454717,0.00133223234059951,-1.53506752684354,-0.221410732788269,-0.812627372366753,-1.31082801178889,-0.117364322198981,10.6953562328155,0.641811655297325,0.0690684459710457,-0.824692128684461,-0.826095565513781,0.014556503587114,-0.0105993139024049,-0.021803260064127,-1.76620689891617,0.589813202749159,-1.17639369616702,-3.17314730301776,-3.20185609533431
1999-11-01,1999,11,-0.114273399699539,-0.174392268694957,-0.000104694969449234,-0.219973090237898,-0.00841673947691873,-1.92608550665228,-0.889215160335911,-0.814964970631064,-0.22959297127941,-0.0657674642110708,10.912228491905,0.82824758708569,-0.0260447959197868,-1.23120854795123,-0.838029995888205,0.0210229360468458,0.00856492498968144,-0.157519988685649,-1.01811789007378,0.318928362358197,-0.699189527715682,-3.40982213797794,-3.43321223909577
1999-12-01,1999,12,-0.0443738008228972,-0.141918436938213,-8.47646799703573e-05,-0.197470887189811,-0.00283626010766595,-1.92387283928853,-0.167826762470674,-0.559712754170347,-1.37505796522307,-0.189097792929382,11.8063039190411,0.861770287873543,0.00189518337552208,-0.940153618225628,-0.603919484459355,0.0197728879097482,-0.00948364376752542,-0.216456611127032,-2.0458352767917,0.728120125465969,-1.31771515132573,-3.61175179981318,-3.67641893964732
2000-01-01,2000,1,-0.1922338488748,-0.410886335696918,-9.82949714499301e-05,-0.32334028984372,-0.00516697048899557,-1.50447275785448,-0.567132949993205,-0.86156850571587,-0.82086901130764,-0.108549392758843,11.7357944310188,0.843520973787392,-0.0986720115213642,-1.3971912090904,-0.86168496710461,0.0120040082951618,-0.0088943735451103,-0.126249791185775,-1.65451260385757,0.82994179770839,-0.824570806149173,-1.9418308900926,-1.94798784936624
2000-02-01,2000,2,0.0623242627771671,-0.110247467490713,1.04860896722226e-05,0.0150949332916788,0.00672273442049122,-1.53223788002292,0.414906113187966,-0.331878989585217,-1.05851549095305,-0.343855429285139,6.80965293639829,0.614080862208721,-0.185204347225929,-0.0613428665346669,-0.336909308034125,0.00499402331595031,-0.0181173085321567,-0.103672640569643,-1.51394527110257,0.471218661273736,-1.04272660982883,-2.32914402292516,-2.23083335482983
2000-03-01,2000,3,-0.00941948721411839,-0.0995578056901616,-2.48392541572987e-05,-0.142532653051655,0.00374168966091321,-2.23978913670246,-0.365481795106124,-0.517512566695708,0.226815048479855,-0.181129457137326,13.7258002300439,0.698867648102416,-0.181397451298917,-0.556437287821185,-0.516475882598705,0.00623882699903768,-0.00127787176686266,-0.0529649282068577,-0.472320593784188,0.191992176812116,-0.280328416972064,-2.59100936269918,-2.47376295259706
2000-04-01,2000,4,0.0976315188850585,-0.177394604798446,2.64678707981537e-05,0.0974584233105433,0.0112118647495472,-1.36985680453283,0.890459432858285,0.190557081307134,-0.598930239291358,-0.0839336812068455,15.7994534310517,0.461149599215992,0.118169315155391,0.43717424389062,0.203607618287869,0.0092013664195191,-0.00539155417003571,0.0674306855128654,-0.85797684214511,0.466335725948312,-0.391641116196797,-2.76874802744668,-2.69575739423082
2000-05-01,2000,5,-0.0918156840595659,-0.162542430293809,-5.13821050806847e-05,-0.18091648903809,0.00157338025358249,-0.697901499403426,0.770091765356628,-0.649160492065364,-1.70761397715787,0.283245727154272,11.7169092942055,0.720693150280329,0.673860316095674,-0.509890448876555,-0.628789586871714,0.0153189383582503,-0.0160897728313115,0.201238377189339,-2.03769253849678,1.30035311942685,-0.737339419069931,-3.04301811481385,-2.96002792456961
2000-06-01,2000,6,-0.0896487749203386,-0.110666088964876,-0.00012850112716718,-0.422675506169409,-0.0056833643243621,-1.74407155214213,-0.692260474349171,-0.789502273234937,0.314643686776102,0.629631671534765,14.0801774673187,0.922239241016101,0.771476258254645,-1.0946672076983,-0.761443196416546,0.016027568370975,0.00768602632405879,0.228625611241162,-0.465750967520119,0.430465810167503,-0.0352851573526254,-3.29501209871025,-3.21670321726734
2000-07-01,2000,7,-0.0760459245810032,-0.437153195022875,-0.000206995233411463,-0.599030910026739,-0.0179064870285467,-1.18829611989003,-0.928105122346655,-0.497501389608482,0.381477442290729,0.298634611647853,18.1814923624256,0.989799382298085,0.326985444577337,-1.45092023542075,-0.501051823428154,0.0141215554703119,0.00861708063622033,0.110905458278923,-0.579971107077886,0.519264679254423,-0.0607064278234624,-3.24821835629011,-3.25139927952096
2000-08-01,2000,8,-0.0548681715383171,-0.427622243914644,-0.00014279984859048,-0.410294329844026,-0.00957728187654517,-1.59517944453578,-0.943028986024596,-0.362908640572911,0.703317365068584,0.37314009098839,18.6751402016911,0.928140353805128,0.329401724388246,-1.02465022662923,-0.368820762458822,0.0135219164941628,0.011915214946492,0.173345157819849,-0.268561355336689,0.0757091187186965,-0.192852236617896,-3.26468042529296,-3.3702022317931
2000-09-01,2000,9,-0.0519850620794031,-0.28423578041235,-0.000144563668132758,-0.425792352849671,-0.00924417911497869,-1.32732466429577,-0.708365507110188,-0.349428843947612,0.0945976536459319,0.411499998194654,15.1933532319794,1.00766634836136,0.46116829320587,-1.0608784424074,-0.363528926231764,0.0202057445151518,0.0083029521188753,0.178030446217705,-0.863400399704206,0.338412853013053,-0.524987546691163,-3.60603611131699,-3.70538816278859
2000-10-01,2000,10,-0.191427726414499,-0.165801840059893,-7.1048009263576e-05,-0.0656305744815948,0.00633205800139123,-0.474399454477074,0.0783060849883515,-0.9395083166445,-1.7494666010022,0.22611983536357,29.46324601921,0.817566759867365,0.431067594667711,-0.761893030790879,-0.95505018270815,0.0193641744087037,-0.0140614740380877,0.10343086701561,-2.36208560156544,0.824657249715579,-1.53742835184976,-3.90562534762031,-3.9643395441912
2000-11-01,2000,11,-0.103339233123666,-0.180922700351397,-3.67682811326423e-05,-0.134624592923121,-0.000849589333194064,-1.24913466905761,-0.281625039764259,-0.596819820510858,-0.361963703131734,0.267411899415479,25.797261036297,0.832863420642725,0.399754597679175,-0.552839755184657,-0.620222619489554,0.0205185943608956,0.00516824249037819,0.0495467980658882,-1.06248442551074,0.247811916441718,-0.814672509069019,-4.06230018258057,-4.15569568795265
2000-12-01,2000,12,-0.103512790088011,-0.14718476790564,9.18573550920344e-06,-0.211224058583636,0.000288784847962756,-2.31828766373036,-1.22292203573406,-0.665084228285054,1.81634879139958,0.591050605540467,23.3308189224428,0.900917854302589,0.312558528231089,-0.700311910119053,-0.674571750269738,0.0237924325085874,0.0327887359471313,0.0162690063680038,0.636938859787645,-0.532097647599607,0.104841212187936,-4.28422984441573,-4.37890238850422
2001-01-01,2001,1,0.0904480804941135,-0.0248719947863936,1.53292914046007e-05,-0.0533908687921438,-0.00488019841683492,-2.26889018709101,-0.102155376691559,0.305312833497375,2.07002683881703,0.363165831069104,15.7895562994064,0.795714204268488,0.277936440961304,0.0568996145981666,0.297671163870032,0.0156318863347714,0.0338608251504764,0.0264543109390608,1.18908324444077,-0.166696660917089,1.02238658352359,-2.53430893469516,-2.52047129822314
2001-02-01,2001,2,-0.0302278786559561,0.118723275873847,6.81285902847633e-05,0.302922739356356,0.00831072377229282,-0.740501813177456,0.409529479763584,-0.31791862082697,-1.62826531553238,-0.157679035042289,25.3332587767946,0.476744210145775,0.01550452541404,0.206586921605933,-0.328525351448523,0.0200270161684603,-0.0113104441376296,-0.000890565008206367,-1.93182596522183,0.192335827536157,-1.73949013768567,-2.69162206752771,-2.60331680368674
2001-03-01,2001,3,0.085162092293895,0.0553394974502281,8.68864894030263e-05,0.366118362993396,0.0107591482177648,-0.907886044980827,1.02416143761638,0.247417026507599,-1.25851601575632,-0.00448230977934261,21.8431023805978,0.407765395903045,0.281836491217755,0.88200446427304,0.248137382101422,0.0105916925837218,-0.0133305171578242,0.144792054452339,-1.37996261066227,0.142877328937242,-1.23708528172512,-2.8683167022619,-2.76107568164831
2001-04-01,2001,4,0.0665828182050949,0.161789915849916,4.91227510293291e-05,0.194009563194394,0.0170495441038278,-0.245400878207103,1.61823442169481,0.177031128588399,-2.40477303957052,0.107099315425041,21.4952245546118,0.476649152228604,0.442973515528762,0.622358327568805,0.193147162347973,0.00336797985232333,-0.0343822391240071,0.131501530267764,-2.54554799169539,1.01199212788554,-1.53355586380985,-3.1060553670094,-3.04307012328213
2001-05-01,2001,5,0.154562852097427,0.0756564108075864,-1.23221381284305e-05,0.00956559774246268,0.00351267572638611,-0.704998551922695,1.16365994150217,0.693917437051966,-1.21229010030701,0.350631904059158,14.0605633137755,0.638666959543938,0.576981097204143,0.572589750304654,0.713125431663415,0.00920319448176449,-0.0137802320869931,0.149083496297535,-1.62460786670597,0.610278185808978,-1.01432968089699,-3.41032545437654,-3.3273406536209
2001-06-01,2001,6,0.0780023411656501,-0.160780674697545,-5.83396154239452e-05,-0.142775176441258,-0.00140646471323641,-1.6655851530188,-0.267877212512664,0.203142265713306,1.24191577969097,0.650602153590151,10.9463955318967,0.816935846379716,0.548515772197013,-0.223923741017051,0.229448330921585,0.0103975578860991,0.0168889568178172,0.131263132990258,0.3228935519181,-0.0176474062873704,0.30524614563072,-3.66231943827295,-3.58401594631857
2001-07-01,2001,7,0.167156358834976,-0.10441470788551,-2.0305495290927e-05,0.112258398120814,0.000407184126231034,-0.399986261555404,1.21303676429387,0.734131387123803,-1.32448251932142,0.0316522595028393,11.5176164899827,0.555822106991719,0.121289190056406,0.663947761922462,0.729544320125965,0.00750390966196632,-0.0161895197306911,0.00821985628767036,-1.79066769575957,0.544501935373547,-1.24616576038602,-3.59552569585282,-3.61871200857225
2001-08-01,2001,8,0.135463328625672,0.220003761717691,1.60482823150552e-05,0.247240240540924,0.00549022446820838,-0.38314503416365,1.76257512963095,0.692804978098382,-1.93400285482856,0.0512329751206775,16.9146786182642,0.463102499542747,0.215908154802215,1.09824761552499,0.696441519846301,0.00552416297031708,-0.0254532076182495,0.086976131246877,-2.23243017468977,0.667964055853921,-1.56446611883585,-3.60198776485562,-3.72751496084435
2001-09-01,2001,9,0.0449615264235672,-0.106024520947005,-9.80967542227437e-06,0.155120792886381,0.00274563421564001,-0.241315677841931,1.28341460343634,0.176807050222716,-2.14850213841221,-0.0360462677458624,14.3809875435532,0.504796533804979,0.19413013174044,0.483226133184817,0.173448271281357,0.00732645754174629,-0.0259657274570861,0.130168679142702,-2.42312227273088,0.796829691310176,-1.62629258142072,-3.84334345087964,-3.95270089183987
2001-10-01,2001,10,0.0550668707454779,0.246188157900457,4.94009532273991e-05,0.193765989189957,0.00647264743573785,0.656361665058356,2.15296225117685,0.0920052707397701,-4.36852366548936,-0.469573392865146,6.51301550078226,0.436978545615985,-0.0258676925882204,0.658635741998364,0.0867136286199561,0.00792609594779813,-0.0539842025607295,-0.00488751257899344,-4.36179651082841,1.4890348670587,-2.87276164376971,-3.99293268718304,-4.05165227324247
2001-11-01,2001,11,0.285761688668281,0.231814355590992,8.90479945237926e-05,0.406055169318532,0.00985103035602052,-0.974832099298385,2.07928631943224,0.976091057229442,-2.02824889692888,-0.356588945274836,9.56442202587492,0.425315755750329,-0.0742268644115527,1.50517203951855,0.979434197834545,0.0101468181649802,-0.0215772912933433,-0.0843207772952149,-2.17120257181592,0.577457420518743,-1.59374515129717,-4.16960752214322,-4.22300841700393
2001-12-01,2001,12,0.174981259457969,0.19913737702574,0.000142091175455699,0.572534752843317,0.0154959102489843,0.0445008101571638,2.85847261798048,0.564829804472226,-4.31197194086355,-0.571810135191548,11.6965553200091,0.250888444939214,0.0109962694719544,1.62585194965417,0.566254564022379,0.013124041908662,-0.0468669863770403,-0.0365268433266979,-3.98005398113923,1.23404542787652,-2.74600855326272,-4.29153718397841,-4.34621511755553
2002-01-01,2002,1,0.261116683211097,0.175450911871,0.000107720752586686,0.421019707595007,0.00497098446704066,-0.41541808800138,2.86344343916293,0.776027010087698,-3.13364006396711,-0.47518344355041,8.33539497497097,0.230012415980089,-0.103420871573528,1.6444014733804,0.778152222381116,0.00738971213736662,-0.0348287671186548,-0.0327516913933415,-2.99188990797031,1.22116717807594,-1.77072272989437,-2.60161627425785,-2.63778402727443
2002-02-01,2002,2,0.181459854331029,0.261302343982225,0.00012067144635652,0.387366225299309,0.0088630757136125,-0.169285233737123,2.3657093748581,0.596074639115319,-3.71080481504354,-0.620916322183806,11.2658732703723,0.309438127389387,-0.204922628462795,1.28622652227711,0.599197103981587,0.00386950773107442,-0.0507342066189614,-0.0636430943278092,-3.60424924871191,1.08260531744728,-2.52164393126463,-2.84892940709037,-2.87062953273801
2002-03-01,2002,3,0.367176740780827,0.198927864368553,0.000159459853781462,0.498397026830449,0.0114870890593795,-0.424274429812397,2.68026901971688,1.3430076320019,-2.03958292923247,-0.303801650583858,11.9265721441716,0.239856941507638,-0.166551850131276,2.05914783529426,1.34722877726259,0.00681940974126623,-0.0241108761964956,-0.0349643177791627,-2.14219007028755,0.625342329683367,-1.51684774060417,-2.95562404182457,-2.95838841069959
2002-04-01,2002,4,0.0807735673960368,0.24539373919823,5.64233337965237e-05,0.306139623607445,0.00157464027384645,-0.0735309734309704,2.58850978904331,0.366246072831704,-3.24393563575067,0.0614531741949259,15.5977540361755,0.3660613145212,0.517177324726629,0.89090365603001,0.36957903105113,0.0109489385457282,-0.0346917676978286,0.102200826425161,-3.15427279974017,1.70093909123266,-1.45333370850741,-3.16336270657204,-3.18038285233341
2002-05-01,2002,5,0.258725263625376,0.211020039810925,1.82950772432058e-05,0.0280203871580167,0.000599933513553811,-1.42867137650566,1.30716670222969,0.893108696916246,-0.59183059592316,0.401810256140143,6.23163689134697,0.730604982942545,0.61946357959191,0.833401527718848,0.896523015321531,0.0150025764756889,-0.0032052726016745,0.100866376161032,-1.10478225541394,0.477179492916203,-0.627602762497743,-3.34763279393923,-3.3146533826722
2002-06-01,2002,6,0.257134782762638,0.226816389207846,3.00193216999914e-05,0.039304712056297,0.0112508088749082,-0.611009059503165,1.59959826872788,1.0887594073656,-0.64416989133618,0.00304576146323582,7.16715601945618,0.623100318576325,0.0432286433529807,1.00037432442615,1.09046131725672,0.00888234031364385,-0.00592900408395433,-0.0653407667781048,-1.22708732802278,0.600925854192753,-0.626161473829935,-3.53962677783564,-3.47132867536985
2002-07-01,2002,7,0.231825485481963,0.0876498438638461,-2.22374908779275e-06,0.0296519939332671,-0.00831600908161935,-0.381919766475567,1.36079040075038,1.17276581473511,-1.41669713253455,0.153179200387123,11.4829604495551,0.601241393339324,0.238017349338974,0.944688033466655,1.18442482508606,0.0113907309646805,-0.0143142719906223,0.0139856216211366,-1.93310037692205,0.427761377634672,-1.50533899928738,-3.52283303541547,-3.5360247376235
2002-08-01,2002,8,0.142607386279643,0.0820845745400345,-2.88396309909084e-05,0.137707503771078,0.00419339719003305,-0.146203313927118,1.76004337599342,0.680330670312646,-2.62468120425871,-0.151518155664638,14.4850135758285,0.440681063480368,0.0952550791211866,0.877253443010211,0.686682900994406,0.00832216362941129,-0.032065898993771,-0.0132208176830766,-2.81858903295325,0.889142163664946,-1.9294468692883,-3.44929510441828,-3.51482768989565
2002-09-01,2002,9,0.215495308447545,0.100115192147385,-4.61381583853848e-06,0.107461413414437,0.00258218434420958,-0.686192947138697,1.43288988190183,0.919113142620998,-1.24735428174637,-0.0869867479999749,13.5814162631137,0.453164046434591,0.0803177804827074,1.06932231342599,0.923652436494472,0.00834181686315048,-0.0157149410759776,0.0368766954339992,-1.53321379969827,0.368106862349301,-1.16510693734897,-3.42065079044232,-3.44001362089111
2002-10-01,2002,10,0.137646114381479,-0.0270559359771626,8.29748258318939e-05,0.335069664848211,0.00213664950263642,-1.43610263467861,0.910002446021383,0.500149970382093,0.2322184719085,0.242917095255238,15.7776060593501,0.332353983919597,0.30958612221805,1.00557108293654,0.503412457322076,0.000191631608522765,-0.000924024324330822,0.193141127832104,-0.0334664850482951,-0.0923061499751703,-0.125772635023468,-3.6402400267457,-3.60896500229376
2002-11-01,2002,11,0.172879610228312,0.137564667691332,0.000128111893064527,0.456025813813782,0.0184846855836801,-0.853911210569948,2.09402450321272,0.605877935899746,-1.63982040712504,0.217151362203148,10.0421342974364,0.250878185339948,0.315336309643317,1.55119897507875,0.607474267848635,-0.00687650085764568,-0.0301725347651148,0.104871664221582,-1.7925136450248,0.544421860082867,-1.24809178494193,-3.83691486170593,-3.79032114605521
2002-12-01,2002,12,0.0888927963519288,0.118354330246056,0.000167192439347994,0.460417080165271,0.002379444830407,-0.200555722896,2.314111379845,0.432913341794491,-2.8764697159747,0.171717382877937,10.9697932235689,0.19286399548682,0.638375905259224,1.4108663315784,0.436163969634509,0.00471272938184655,-0.0323264336414217,0.188474453061698,-2.60267518908022,0.906495676106642,-1.69617951297358,-3.89884452354111,-3.89352784660677
2003-01-01,2003,1,0.301457297421061,0.290757708279335,0.000143027765203252,0.36538993198436,0.0100018258038543,-0.241892376056247,2.69969947201142,1.24124516445299,-2.29755414727426,0.051442603558375,7.87741280054555,0.23442220641968,0.488591194658842,1.76306533583364,1.24560551302126,0.00947135755615061,-0.0215417346058865,0.116927907995355,-2.09482776259349,0.940994484746063,-1.15383327784742,-2.05892361382052,-2.14509675632571
2003-02-01,2003,2,0.148305116450034,0.165513473760559,0.000201663622695865,0.498450682285461,0.00144743768920505,-0.657102652792291,2.67083207030662,0.674209989887621,-2.47530951419167,0.13866577583168,6.31557450093013,0.120959734135991,0.551764266616274,1.86786252798034,0.68300503708271,0.00546486296413898,-0.0285784401934527,0.217427777042688,-2.18317075754309,0.811764589521406,-1.37140616802168,-2.17623674665305,-2.26794226178927
2003-03-01,2003,3,0.0276122951258525,0.148052788608935,0.000109484176406457,0.125381714523403,0.00281037114400013,-1.31005463621416,1.02848883341242,0.105921190728165,-1.19664669022662,0.392221465704025,10.8224569987461,0.432156736494258,0.617125609983091,0.48932737451346,0.108609497364705,0.00382039334050042,-0.0172872646793471,0.244013406965833,-1.40389928244183,0.541849765535593,-0.862049516906329,-2.31293138138722,-2.3657011397509
2003-04-01,2003,4,0.0742967443470632,0.180261909317619,8.26956150486387e-05,0.1747073734812,0.00915443263415209,-0.374500602312543,1.82653660592086,0.301662062457984,-2.62899513189182,-0.19644485711179,12.5975031647523,0.313496357820816,0.117627932641898,0.761579534890225,0.304506833043229,0.00053933944107263,-0.0364300184573002,0.0822882014375581,-2.62841869995895,1.06780184161588,-1.56061685834316,-2.39067004613475,-2.43769558138469
2003-05-01,2003,5,0.151700586358395,0.145859816871274,3.74536495126396e-05,-0.0559487828780318,0.00448910246588134,-1.02529522897733,1.27213277319119,0.671041728353519,-1.51343018924732,-0.0276726283767716,16.8191584439073,0.511811004245163,0.143485658061082,0.452926421625069,0.668034923282625,-7.14310488667616e-05,-0.0251263088596259,0.0456541583737304,-1.85408290705462,0.816199546495227,-1.0378833605594,-2.40494013350187,-2.39196611172347
2003-06-01,2003,6,0.0367359434796705,-0.134304699988824,-4.05332169157335e-06,-0.0985801142765499,-0.00883440748794016,-1.46203497996634,0.537401213319385,0.236372813890894,-0.548522811366329,0.026952810155619,21.0607203020244,0.457508175084925,0.193797302180248,0.215228811821365,0.239968085967866,0.000113518888338209,-0.0105644865244056,0.0961573249011017,-0.83918649442666,0.325767673574978,-0.513418820851689,-2.55693411739831,-2.48864140442112
2003-07-01,2003,7,0.13830038118297,0.0627735739271791,4.48506638424424e-05,0.23788919391512,0.00300384541277923,-1.30218250542824,1.17590959923092,0.716041015377368,-0.453649663723708,0.0638623187394083,16.4032167121285,0.308001126868927,0.103385616804045,0.933859976076872,0.720418870249194,-0.001027945308525,-0.00987241879046406,0.0567109518241438,-0.72212749252803,0.246427478025896,-0.47570001450213,-2.65014037497816,-2.6433374666748
2003-08-01,2003,8,0.225057155943607,0.0486321393124206,7.48035968627262e-05,0.25112772629733,-0.00545636773380032,-0.743958584746387,2.18073302967793,1.21774960302692,-1.62291453165888,-0.175326137648055,13.4193111803886,0.232971248336975,0.0581083959065558,1.34622209348541,1.22112582527454,-0.000221861360284223,-0.0229912444475926,0.0206994430121899,-1.62245124644123,0.837887158440172,-0.784564088001062,-2.74660244398099,-2.76214041894694
2003-09-01,2003,9,0.223122566577542,0.124649046283724,0.000100523580458397,0.208125175815588,0.00799234785157518,-0.594617628108966,2.16528207915634,1.13367835896028,-1.73310784421751,-0.211587367001491,11.7637677276805,0.280161541126197,0.0256864233776792,1.22429070502322,1.13282833436863,0.00402869167121502,-0.0202960407956289,-0.0112895958617031,-1.77599559496454,0.940141349541426,-0.835854245423128,-2.88795813000504,-2.84732634994243
2003-10-01,2003,10,0.249768051811466,0.280258067084218,7.74126414200192e-05,0.136358652541864,0.00774618822195314,-0.574844394095177,2.14385580497991,1.3861039313594,-2.59450140349667,-0.102539525876078,13.0016969909099,0.389011705597202,0.105674834689024,1.26480233876878,1.38444025588117,0.0104728887413771,-0.0282267876261623,-0.0230240210002985,-2.77529874852877,0.877389790732955,-1.89790895779582,-3.11754736630836,-3.04627773134504
2003-11-01,2003,11,0.125013893809255,0.239090749406683,0.000138059339635812,0.486648764937134,0.00730692292821073,-0.587428176887521,2.55368365537725,0.606217095925053,-2.53188881078119,-0.0266416540775676,20.693608470007,0.180629046239574,0.255279146946387,1.517989155056,0.611147079837764,0.00747527226560843,-0.0256464997167163,0.044076193489179,-2.43059705599678,1.04062448423389,-1.38997257176278,-3.35422220126861,-3.26763387510646
2003-12-01,2003,12,0.315336673335947,0.428719894260434,0.00012231010026068,0.369177974026023,0.0158607800146286,-1.05819137180227,2.66609894203051,1.20846541811082,-2.31299606112487,0.0602151462392199,16.2448001831485,0.207401122830402,0.316391645300299,1.70433524091557,1.21244464472063,0.00515261858424126,-0.0264666307440133,0.0447283944638953,-2.2642206848942,0.965742927724767,-1.29847775716933,-3.52615186310381,-3.50084057565807
2004-01-01,2004,1,0.139346266443047,0.157162221302721,0.000137453215269207,0.432404693432712,-0.00775299572382911,-0.268956650978513,2.75121110172293,0.724208560502276,-3.47602701323141,-0.193698825126339,15.3417305531188,0.0869910496753144,0.25607263088921,1.67576561458182,0.729736825596388,0.0147126727786148,-0.0313718552810477,0.0466869241151523,-3.11324660689117,1.08097375223519,-2.03227285465598,-1.67623095338322,-1.74240948537695
2004-02-01,2004,2,0.18542223730398,0.2158871421179,8.59354870286201e-05,0.237221807415313,0.0129339459098027,-1.93895009616416,1.33833601166411,0.853663186934903,-1.03534176682584,-0.0881007985877348,7.50098186650157,0.342978508059595,0.174819826183145,1.08441216084257,0.854176249998841,0.00822128728342358,-0.0109033712455143,0.0926373575801853,-1.11539965011457,0.254436913885532,-0.860962736229036,-1.81354408621572,-1.89525499084056
2004-03-01,2004,3,0.135015624409716,0.406379419298477,0.000118801032894818,0.289384885088077,0.0120356116167618,-0.639427317699398,1.86361327884199,0.586217478461417,-2.72591133286593,-0.327125550449726,12.3256466421392,0.234138425758321,-0.0998177823825397,1.04682756917406,0.595305663014337,0.00289912641006083,-0.0372049259432902,0.0161413331808707,-2.73274199055709,0.825873894220914,-1.90686809633617,-1.96540942598984,-2.04818458860775
2004-04-01,2004,4,0.159615267146895,0.172960662981198,0.000146186869228,0.498748979141877,0.0101568614253708,-0.596189962736973,1.98220243767347,0.603104682216259,-1.60672250617415,-0.103105116831643,15.0276171941489,0.054464561942866,-0.0325021006286326,1.5101184511588,0.603486544601857,0.00450624018661214,-0.0186332810120632,0.0153396641185947,-1.59058405191401,0.472465848900207,-1.1181182030138,-2.1931480907373,-2.23017903024156
2004-05-01,2004,5,-0.0973158456157378,0.12036384520283,2.1213530333701e-05,0.202575553131545,0.0152286271420021,-0.232802586503163,1.02422798026282,-0.514998631649218,-2.95305189695765,0.149385643977374,14.9450881243121,0.233710716856207,0.440264566025446,0.0607553309146844,-0.516403907646729,0.00602295361980298,-0.0357779244253289,0.0734654833482674,-2.89588369176578,0.962067373350647,-1.93381631841513,-2.42741817810444,-2.40444956058036
2004-06-01,2004,6,-0.00147869661049593,-0.108587567154262,-6.4455082958131e-06,-0.0859631366901761,0.0151736322048745,-0.461875647488367,1.00727999968997,-0.336216993804815,-2.56063285573666,-0.0378588684831315,5.660355738427,0.404211535008993,0.269411605058716,-0.138307817405039,-0.338907871317512,0.00238349344503751,-0.0349856052592887,0.0531599209261588,-2.65757391720382,1.1428969395822,-1.51467697762153,-2.64941216200088,-2.59112485327805
2004-07-01,2004,7,-0.174861069128165,-0.441884125735248,-3.75672677955951e-05,-0.089536811537704,-0.00610286139188807,-0.729320000020072,0.404070554248483,-0.60905061011835,-0.507661278243051,0.0753082251505561,14.2559924235193,0.390829533366989,0.239439601490314,-0.45156969565752,-0.60579429551518,0.00288981950292456,-0.00454042269675703,0.109840805854421,-0.73435943527029,0.858896564509117,0.12453712923883,-2.77261841958076,-2.71582091553169
2004-08-01,2004,8,-0.0603617947045068,-0.143771096187002,-5.83117758021239e-06,-0.0638718576243942,0.00854368254313131,0.026998024620581,1.06426774979154,-0.197239299726786,-2.55414899191921,-0.146054709022104,7.96594367979282,0.417852092367032,0.192753799544721,-0.153525458126988,-0.19132523160482,0.00641384340575558,-0.0304843441575855,0.0788976764282072,-2.6331925757194,1.22370727604049,-1.4094852996789,-3.10908048858354,-3.0646238678038
2004-09-01,2004,9,0.0367869755473922,-0.0363500407917257,1.32591314934579e-05,0.0948492077284628,0.00559696942856987,-0.133171042319501,1.64042491533894,0.139703519177556,-2.41584819649284,-0.00990650008404392,14.3408044030802,0.405361929329262,0.258125220179546,0.401464137822817,0.139985815501235,0.00782637930016473,-0.0267587161315121,0.111142947455733,-2.55317840555851,1.23924307383975,-1.31393533171877,-3.49043617460759,-3.45980979879928
2004-10-01,2004,10,0.0579785506703296,0.143297241982768,5.40659001142915e-05,0.190303377691837,0.0103520813468548,-0.00455651153501169,2.17304460370453,0.260174500792611,-3.654192886826,0.0271330628628714,8.49995702630695,0.338865347100266,0.360795721474492,0.833390995581352,0.258571233745825,0.0114387596007864,-0.0432029445997754,0.0949769822927373,-3.65939557531463,1.33805034107638,-2.32134523423826,-3.65002541091092,-3.6087611802019
2004-11-01,2004,11,0.17779137150914,0.0424923610582243,9.27176088822546e-05,0.352293074780611,0.00861208262440044,0.0937423912661464,2.94793915747587,0.88350870552829,-4.05345509022152,-0.259027591028017,13.1027260814078,0.210772471902626,0.201186990024353,1.36847453274359,0.886081974068402,0.0102934291570188,-0.0449822887376493,-0.0228813820898839,-3.80401298107174,1.58203789327241,-2.22197508779942,-3.69670024587116,-3.66011732396335
2004-12-01,2004,12,0.00946328349878078,0.0590099089449996,0.00010588446988758,0.306835006028001,0.0118130933361142,-0.261482935076303,2.20984340485711,0.217492066104074,-2.9415644441092,-0.144080879935631,17.0949569155461,0.161657636770493,0.161364202654763,0.918132652619171,0.220360984073263,0.0064384104024408,-0.0322603392557463,-0.0223998550364675,-2.79777699828925,1.29457967020719,-1.50319732808207,-3.76862990770635,-3.79332402451494
2005-01-01,2005,1,0.298021368745892,0.371756693715253,0.000156905576200809,0.54658406117719,0.0108560160604906,-0.580410952511653,3.37469905914458,1.21459724736755,-2.83661426858175,-0.493695894113591,14.9098788835105,-0.095186395041646,-0.19409482064092,2.08457679988839,1.21639673512604,0.000732344366284381,-0.0324672365219611,-0.124644855506611,-2.44182680006743,1.29192174701461,-1.14990505305282,-2.04870899798576,-2.11489293423386
2005-02-01,2005,2,0.185339762780863,0.21128105066651,0.00014138407037435,0.42387318110469,0.00761427705463737,-0.299688761774996,3.13416221136074,1.06603709972317,-3.85641569276616,-0.311777431825585,14.5471355658979,-0.0142556300553428,0.0557191273965109,1.77616295644612,1.07035520986946,0.00147310256346327,-0.048380878796587,-0.0339402267932782,-3.47466350348873,1.36231736506095,-2.11234613842778,-2.16602213081834,-2.24773843969743
2005-03-01,2005,3,0.202711669031681,0.230021699571841,0.000106451402763663,0.32071402701983,0.00152586951964438,-0.593624169000964,2.23625147008155,0.998720811480706,-3.03230654822608,-0.272107260500739,11.0576425786961,0.0786898062699053,0.103166035096326,1.32406960964329,1.00207976587544,0.00601192519427474,-0.0359932080497617,0.0100748532205676,-2.73572305889897,0.915540814833036,-1.82018224406592,-2.14271676555249,-2.22549731765905
2005-04-01,2005,4,0.220304525025883,0.381537095175521,0.000116399624215236,0.322099471397729,0.0107054220390124,-1.12353140549494,2.21724359296897,1.04612766849652,-2.69024070332331,-0.498265578295357,12.6337141157113,0.177386904737471,-0.307594940155468,1.30807410751904,1.03126484594398,0.00625167058584652,-0.0323493639198845,-0.0951350422184083,-2.67695696992089,0.894306662897329,-1.78265030702356,-2.24045543030001,-2.29749175929284
2005-05-01,2005,5,0.16422393850621,0.0655906786982151,8.48705642749368e-05,0.185311863098398,-0.00189565228848235,-0.959011693651831,1.88812259143333,0.866554630963055,-1.74108560371379,-0.250033840413839,18.3987337988831,0.211403161025821,-0.0885386574693811,1.13863483736989,0.867941124941368,0.00928864183799751,-0.0154816628961405,-0.0448768491030365,-1.79099358179516,0.750874248041774,-1.04011933375339,-2.30472551766713,-2.32176228963161
2005-06-01,2005,6,0.168174656304507,0.0107296125961364,0.000108545554935922,0.365377932780777,-0.0034774500999289,-0.35467830959514,2.72534061813452,1.01828650454845,-3.59543024837583,-0.538975876484447,11.3818965369921,0.0474078762396082,-0.0158133951736121,1.41135172253313,1.01763151660261,0.0126455779443022,-0.0325660683281705,-0.0206143599987443,-3.1196756433046,1.31333390765553,-1.80634173564908,-2.44671950156353,-2.42843758232931
2005-07-01,2005,7,0.135897463174816,0.167485569178123,0.000105851141588839,0.330824368076447,0.00926587669583951,-0.602814886741537,2.102817193162,0.816845169583925,-2.41044172289719,-0.303417610457058,9.43568105408769,0.091044302393586,0.0039740388500832,1.33060342380167,0.799565189564984,0.00938384095893911,-0.0228609185659684,-0.00364539426873089,-2.19409437598367,0.754933789341341,-1.43916058664232,-2.65992575914343,-2.62313364458295
2005-08-01,2005,8,0.0986817176294703,0.0419617594113598,5.35886045463235e-05,0.253408001763658,0.00623878856329,-0.522711891219386,2.11672004887405,0.770416817626488,-3.50580952671635,-0.367037109211521,10.3376984923653,0.161503816449623,-0.00400594043150682,0.914612430924202,0.754216159551331,0.0108099354625898,-0.0372351966872369,0.0164527741662646,-3.30428217438597,1.18590695987472,-2.11837521451125,-2.73638782814623,-2.70193659685508
2005-09-01,2005,9,0.153577674621363,0.191121494536668,0.000141897826083093,0.463852541477015,0.00622189976571952,-0.238791880287866,2.83204028087345,0.747084667589845,-4.10063822920398,-0.0922072031348595,10.0891421256538,0.0821153488248538,0.180056738786214,1.633521065844,0.731342885986348,0.0123665464889891,-0.0441276247130937,0.0435739048660303,-3.91048963610778,1.18277743342597,-2.72771220268182,-2.99774351417027,-2.93712252785059
2005-10-01,2005,10,0.256995945743298,0.306940758609107,0.000104066305558846,0.496997731049891,0.00853484138789641,-0.820735434058481,3.163691473751,1.20826206457893,-3.92790715032815,-0.207545357560542,12.0155679888757,0.0571549574618838,0.0981405353479607,1.76431714774955,1.19373582978498,0.0132643076617008,-0.0380461297093867,-0.107800705977265,-3.67937621488151,1.3848480912075,-2.29452812367402,-3.18733275047364,-3.0860739092532
2005-11-01,2005,11,0.264646929815135,0.182626884827631,9.00723439408783e-05,0.274591718682163,0.00594982097112805,-0.731942711121319,2.79767457164936,1.08629321752658,-4.10095762089365,-0.154909781229333,5.78396758497626,0.24121248120523,0.220954394641124,1.40430068708376,1.06296603241052,0.0134551420824529,-0.0450202434188607,-0.145871604055288,-3.96630592622842,1.37004669944954,-2.59625922677888,-3.25400758543386,-3.18743005301461
2005-12-01,2005,12,0.229653118185769,0.0934782311783534,4.10317714047857e-05,0.154292903618052,0.00777335330330586,-2.03503198605627,1.46255435578962,0.887925203503319,-1.73093801145435,-0.424768825405044,13.8132547081021,0.175790522723093,-0.271009490212468,0.961813605052381,0.867786064008405,0.00951150351029457,-0.0150651163543376,-0.163890801778771,-1.75296919898484,0.480601611242311,-1.27236758774252,-3.30593724726906,-3.31063675356621
2006-01-01,2006,1,0.121902600044901,0.165381862085652,0.000147530077622142,0.568185369956842,0.0214190252566513,-0.601239342790516,2.75869076081711,0.482173251549823,-3.71351516616491,-0.840134734529107,12.9970410090761,-0.12933110899003,-0.459505679087053,1.61541705775563,0.449779633857153,0.0123612805458291,-0.0356489138916923,-0.223469604830214,-3.20355500173281,1.11088008536873,-2.09267491636407,-1.31601633754843,-1.41220566328516
2006-02-01,2006,2,0.263367545706874,0.130994694951822,0.000183627493713946,0.569702010383741,0.00441785486816697,-0.311734838051861,3.35208437571425,1.12832814808244,-4.20677733832531,-0.782014373157003,12.5650387064704,-0.110173392162738,-0.375342278909718,1.94631758988336,1.10638132522862,0.0120510948306675,-0.0424212670179587,-0.176435176705581,-3.68993185191531,1.38381996297708,-2.30611188893823,-1.34332947038099,-1.48505116874873
2006-03-01,2006,3,0.111349272711669,0.139154820280204,8.30921644821694e-05,0.194924705349683,0.0197773577931551,-1.45351898552513,1.64854501672603,0.296604949120009,-2.77358268187825,-0.639233011460455,8.93908885227258,0.087332366660541,-0.359422525202004,0.677162230281478,0.281503136333554,0.00139188974046969,-0.0367530303711431,-0.143750847890635,-2.58110456228035,0.956280973658164,-1.62482358862218,-1.53002410511517,-1.65281004671029
2006-04-01,2006,4,0.0718262669608823,0.125639290667883,5.31931143434098e-05,0.146555440559579,0.00947059872266397,-1.01646926192301,1.50824957459147,0.215164749195815,-2.70774483039346,-0.441339191183172,8.06139367127568,0.158469302514098,-0.206395047043097,0.583919539379262,0.19877645845011,0.000398005885650886,-0.0376602017758361,-0.112407250928512,-2.63126998876747,0.907941744466454,-1.72332824430101,-1.75776276986267,-1.84480448834408
2006-05-01,2006,5,0.0234260604752118,-0.226200632927455,-7.20776440580286e-05,-0.227899671221852,0.000465474200231356,-1.4480603758218,0.800985018489818,0.284888811099356,-2.07252912465794,-0.512420708777754,8.68502197944725,0.306864285075423,-0.0495956511012108,-0.267048819749912,0.302069085852519,-0.00113722254190825,-0.0312261762628923,-0.04203869792224,-1.91656835205685,1.0852141129929,-0.831354239063847,-1.97203285722984,-2.02907501868287
2006-06-01,2006,6,0.156176756546489,-0.0567338130675364,2.78071774416569e-05,0.135236557509831,0.0109925039011878,-1.2460912151153,1.62030523457401,0.714411663691777,-2.17731937209198,-0.110811388862662,1.27345444355826,0.110445351453222,0.191221436840855,0.883185705817372,0.743519098764703,-0.00377032984435362,-0.032710920207922,0.0472335613337634,-1.98573189784168,0.76622696382955,-1.21950493401224,-2.16402684112625,-2.1757503113806
2006-07-01,2006,7,0.0419796717138315,0.0740684032224682,6.5653006190975e-05,0.2411960092729,0.000851383006975164,-0.335423718954909,1.8703504548275,0.21514469400921,-3.63830854785134,-0.324027893553674,0.908157101654286,0.0442307369832064,0.0791285657844514,0.768211114154907,0.227829950920061,-0.00397973017657643,-0.05069030085613,0.0162903086058049,-3.27938282549644,1.11482459758347,-2.16455822791298,-2.43723309870609,-2.37044637363424
2006-08-01,2006,8,0.123014126611444,0.0502792520637005,5.39794036023584e-05,0.164923723431711,0.00400259156498857,-0.198326554205755,1.87398911023261,0.6009160597958,-3.70197230962249,-0.245432217331037,1.13379225092575,0.160100798845244,0.10029408991776,0.910724974424424,0.597130729966402,6.67481969144901e-05,-0.0499343537985584,0.0476673367896511,-3.51634680121895,0.959478805978843,-2.55686799524011,-2.89369516770895,-2.77924932590635
2006-09-01,2006,9,0.0918246252213917,0.154473436610995,5.79844262540282e-05,0.290319925806267,0.00198926230777611,-0.578773460940234,1.84167960767899,0.424896314531126,-3.12517700532915,-0.104758063920472,9.23547049622187,0.143684052808488,0.117508244975184,0.902911047096251,0.416491359698504,0.00736001573214345,-0.0370690067218151,0.0534070186928277,-3.04659474924196,0.930363605750096,-2.11623114349188,-2.99505085373297,-2.86443525690183
2006-10-01,2006,10,0.171843254554257,0.324478938890459,0.000168515836337202,0.646588241890044,0.015635371056897,0.580922734315953,3.68720107026355,0.896919841432222,-5.7851395423153,-0.359103508901759,0.573047233446269,-0.0959718358775031,0.0943614858333256,1.9541722682988,0.876870765706063,0.0223457045230058,-0.0561936643386286,-0.087105540451469,-5.23570271170269,1.71297972623862,-3.52272298546407,-3.02464009003631,-2.90338663830448
2006-11-01,2006,11,0.205604430396082,0.18929223050798,0.000114043601529233,0.313185439837618,0.00738930226703973,-0.505543769024689,2.79932224861087,1.03084920160688,-3.59976923221481,-0.311201134842148,4.94171555253887,0.123371007363844,0.0920564784037948,1.28086822472898,0.998111939343663,0.0265435594906773,-0.0232537066226921,-0.16346836853999,-3.3198826263327,1.48571676161866,-1.83416586471403,-3.21131492499654,-3.13474278206589
2006-12-01,2006,12,0.29317753994178,0.225447119981741,0.000151362792964761,0.407667432656605,0.0227427620591445,-0.647965888965336,2.82770132180109,1.21129830376761,-3.6126744636095,-0.362507023055462,4.68412813766817,0.168653442513713,-0.124883892959295,1.40976004057161,1.16714654963251,0.0200973569919391,-0.0325537441780789,-0.266569210803474,-3.54370477602702,1.37378952709444,-2.16991524893258,-3.3032445868317,-3.31794948261749
2007-01-01,2007,1,0.38910558674386,0.550210222433963,0.000163333018316558,0.449323480878592,0.0120513213029069,-0.045050089453186,3.7747471347426,1.52176624943709,-5.78821303780706,-0.541241665372022,7.40808259963691,0.0529478145505729,-0.0392222523649814,1.94924265586783,1.51568965112826,0.0159516324837739,-0.0657692018214541,-0.0999094801122169,-5.33914143935058,1.81942788056586,-3.51971355878473,-1.52332367711116,-1.63951839233641
2007-02-01,2007,2,0.138779317519849,0.128686680207182,9.05160542191018e-05,0.167523743804894,-0.00647738301534331,-1.20523762035073,1.97892435314175,0.745424946016763,-3.23966461856447,-0.0104043878883165,6.02467275102825,0.142106795913882,0.222594844841852,1.08715779662553,0.742682664864689,0.0104022196490416,-0.03457201529835,0.0303862798287156,-3.14877218174818,0.8890242753642,-2.25974790638399,-1.66063680994368,-1.83236389779998
2007-03-01,2007,3,0.0814293244586564,0.273454980182559,8.84725877103631e-05,0.195105905991435,0.0081460674062806,-0.956625320667598,2.16906248322654,0.413968068681286,-4.09934347112239,-0.191811924113072,11.1656263588353,0.0775321628051447,0.145231888121566,0.805851524355703,0.405317700445687,0.0021967465649733,-0.0524564764542949,-0.0413413177940388,-3.83983182169293,1.35456059063529,-2.48527123105763,-1.77733144467786,-1.92012277576161
2007-04-01,2007,4,0.26084220920384,0.0754885824302332,6.81311648630049e-05,0.224244349667034,-0.00331516376365034,-1.25116669460758,2.49908558990201,1.1651603828551,-2.9534417174146,-0.423095505087687,8.75290950485267,0.0414197332096939,-0.0565599196059266,1.18133893470048,1.16084455062721,0.0005104599446452,-0.0355125498129577,-0.0880155176221152,-2.62832586514255,1.31343082297358,-1.31489504216897,-2.06507010942537,-2.14211721739538
2007-05-01,2007,5,0.11142769147019,0.0204602279009463,4.47028668115066e-05,0.107141154037202,-0.00176899362625512,-0.814407049267469,1.78223167543233,0.329216402621647,-4.25281005041309,0.00808043984713058,-0.290435928991885,0.197549068886059,0.409564534393754,0.541546983388295,0.324696894805646,0.00694067994776621,-0.0528155481660337,0.0416964437263578,-4.04887502475253,1.23616518422802,-2.8127098405245,-2.3793401967925,-2.40638774773416
2007-06-01,2007,6,0.0642515088134697,0.113065166178832,3.89410176163928e-05,0.342564516200582,0.0101746318783603,-0.458574636486574,1.63125585797553,0.149405102410045,-3.96671233900513,-0.595203794472479,-0.981698112874763,0.0369081817918109,-0.0176632663278743,0.639436303658577,0.14576517002684,0.00482722973118094,-0.0475993552143833,-0.0362808772726296,-3.42607999265236,0.988179621933673,-2.43790037071869,-2.56133418068891,-2.52306304043185
2007-07-01,2007,7,0.106689410879763,0.134343974599831,5.91557180275092e-05,0.0965678438484534,1.70740643127484e-05,-0.870267992310176,1.23262740129607,0.270215926399487,-3.3232409770595,-0.609608237073389,2.01249433721874,0.100578979661825,-0.39730288337648,0.667828470852132,0.26992952460721,0.00612284370852798,-0.0409171677369913,-0.135523253707577,-3.21151460302443,0.56451252865159,-2.64700207437273,-2.82454043826878,-2.69775910268551
2007-08-01,2007,8,0.0527519664104579,0.229968284739059,4.44069873945934e-05,0.279562929776065,0.0137842246850872,0.341665774105078,2.2770412091941,0.0862311520480801,-5.12408484712967,-0.680942484091251,-2.34884698150536,-0.0708136476831488,-0.28290297024227,0.736271799487598,0.0869313958405544,0.00130510186525897,-0.0642207298433799,-0.180316855740791,-4.65523168559753,1.54146965349897,-3.11376203209856,-2.9410025072716,-2.77656205495764
2007-09-01,2007,9,-0.0529719291256361,0.0692805056203822,3.63922510066326e-06,0.15926012950712,0.0145491698939488,-0.612634647075701,1.34427447315049,-0.221340438540591,-3.96549296648729,-0.0741605726037882,3.15292458278713,0.129515609188091,0.166960047887356,0.0700511010474552,-0.22325325629738,0.00495653405357806,-0.0494619435089566,-0.0618589303058767,-3.85388795518424,1.27231055434622,-2.58157740083803,-2.84235819329563,-2.70174798595309
2007-10-01,2007,10,0.0594197704732622,0.0876020024688089,-1.86113086030541e-05,0.0319642153693962,0.00899826984559269,-0.968804893099616,1.30031941777203,0.0971437245084856,-3.56948950598145,0.193685263823528,-0.743953717996048,0.214520740203083,0.432177743325496,0.0776569880300242,0.0901594056352057,0.00536350890242009,-0.0447720960785699,-0.0388372543913704,-3.54551776668257,1.21567811086875,-2.32983965581383,-2.92194742959898,-2.84069936735577
2007-11-01,2007,11,0.033618987497093,0.00411708613534656,-3.65450671445109e-05,-0.102900299328332,0.0106878372147664,-1.01475277577756,0.925650733686401,-0.227092995169817,-3.91660082338497,0.275289987152336,-3.30443342989465,0.274988475644445,0.526471613254461,-0.401104329754821,-0.226526079860236,0.00620338144434161,-0.0487626319243435,-0.0202384454161923,-3.94040767292727,1.32732197875079,-2.61308569417649,-3.10862226455921,-3.08205551111716
2007-12-01,2007,12,-0.117201355056256,0.0372007874320617,-3.73787227757231e-05,-0.0790640108244434,0.0113750054207221,-0.296002583786209,1.52842432182563,-0.83332555438509,-5.76852897646364,0.605448732953422,-0.692511217755949,0.28608563791034,1.37680975341517,-0.594802978575184,-0.830352478791371,0.0114444900817436,-0.0676930937559707,0.309921651750823,-5.2832535939122,2.12620037599456,-3.15705321791763,-3.14055192639443,-3.17526221166879
2008-01-01,2008,1,-0.299471997779146,-0.244893024553629,-2.30060559987705e-06,0.0409540058006452,0.00408109041638142,-0.136598116954453,0.693936767995122,-1.49251175816962,-4.65087160947021,-0.112774843807239,10.0694198532173,0.249330833916195,0.554144492365087,-1.01652914029195,-1.49040293306165,0.00569633387523816,-0.0598439248200152,0.11885106594408,-4.23328310721407,1.71257473339498,-2.52070837381908,-1.21063101667379,-1.31683112138771
2008-02-01,2008,2,-0.25751309420821,-0.170492050905463,-0.000104129511420804,-0.320092754912254,0.0102583732092643,-1.50144114795129,-0.265400788682763,-1.34253000462197,-3.74979626311562,-0.0392001301843318,6.83053345360341,0.491260175719505,0.395061168270125,-1.67492319310224,-1.34316737242215,0.00490324978635637,-0.0527152846169219,0.124596553283113,-3.80679514038067,1.40888503661933,-2.39791010376134,-1.34794414950637,-1.48967662685124
2008-03-01,2008,3,0.0614689198735158,-0.300421402069888,-0.000106305311898455,-0.267780642762087,-0.0033612211297867,-1.17854135731484,0.566956767367164,0.177819425638545,-2.59161897968273,-0.473616422352822,-7.39799496376073,0.27232774826919,-0.220332336744464,-0.532567207499702,0.181524312383295,0.00620432771986328,-0.0303137575292779,-0.0334167673033012,-2.61066264234359,1.10322886161171,-1.50743378073187,-1.51980948928047,-1.64260622461849
2008-04-01,2008,4,-0.0375004914362864,-0.2404068240202,-0.000152185855826603,-0.408932373863191,-0.0044906384841897,-1.61911632088901,-0.288111933134417,-0.329612903666622,-1.80405765855893,-0.19682379492984,-5.65865671476083,0.465981523916749,-0.116844892452461,-1.29561999425395,-0.326904187424156,0.00554120504809479,-0.0227354690953804,0.016635183719423,-2.19006027999831,1.010216777362,-1.17984350263641,-1.69754815402796,-1.74460066625225
2008-05-01,2008,5,-0.0376674379339331,-0.446805260891485,-0.000170838311439572,-0.487187654340522,-0.0185952568170824,-1.4767334999453,-0.084060501039037,-0.102141849361084,-1.79901618133544,-0.630226268320122,-1.04171577558314,0.38957967601511,-0.380827859912174,-1.16914701936812,-0.0977172215587347,0.00715347695961583,-0.0205750804805564,-0.0946052060173059,-1.93919744894258,1.08951114613144,-0.849686302811139,-1.90181824139508,-1.92887119659105
2008-06-01,2008,6,-0.119458134764648,-0.335580157884613,-9.38123226504459e-05,-0.211585099470442,-0.00782222319241098,-0.979341928812809,0.0179777704611075,-0.481993031592694,-2.27338080901145,-0.385347837024429,7.19677979152001,0.30548594340488,-0.330758708040006,-0.927879001212843,-0.484172697412514,0.00304409694693048,-0.0301675770901865,-0.0882331877228327,-2.52427762343192,0.943677105854095,-1.58060051757783,-2.1338122252915,-2.08554648928876
2008-07-01,2008,7,0.0102041035326761,-0.248195374682604,-6.57566215772293e-05,-0.226335547709972,-0.00414937101693656,-1.26583168797131,0.315254521428645,0.209517103622757,-1.63512071716383,-0.309661291983641,1.95878899162608,0.36268788891387,-0.155839135692311,-0.496903142424291,0.211684272564811,0.00408975993394775,-0.0211418065328646,-0.0497494907036197,-1.84398644978639,0.814324832795013,-1.02966161699137,-2.16701848287135,-1.99024255154238
2008-08-01,2008,8,-0.090537247791704,-0.261760908571357,-1.25988213857454e-05,0.105536377919538,-0.00367895291430909,-0.436162782095562,0.704942665686713,-0.258574902034703,-2.51381450198597,-0.426023929314301,4.48390903988861,0.234474221963907,-0.174183039793203,-0.368439106057783,-0.256952501794841,0.00450421582940849,-0.0296845333440732,-0.0622807414727552,-2.49644783442879,1.07500417198439,-1.4214436624444,-2.3634805518742,-2.16904550381453
2008-09-01,2008,9,-0.0365943687827676,0.00837649951691555,7.57226277202475e-06,0.161063319030297,0.00162170623092946,0.803109519564564,1.92543821564012,-0.0766035955713269,-4.87108986171262,-0.46282619749244,5.06633905518028,0.21197522429814,-0.0708988740062789,-0.0323988656209391,-0.081523173894765,0.00876448326887732,-0.0559729931627397,-0.135074610690239,-4.6911377625246,1.95291750293764,-2.73822025958697,-2.88483623789819,-2.78423143481004
2008-10-01,2008,10,0.0652393087971471,-0.048827937158578,7.16527158874572e-05,0.392222760551173,0.00754772787318434,-0.315569175473451,2.14676829886564,0.417133570289734,-4.55260084335477,-0.126328065549125,6.2363432884079,0.194010169135134,0.160416195406466,0.683971350565603,0.411893927117815,0.0175981997686094,-0.0473470634982028,-0.118384663852334,-4.45986675153433,1.45755730512817,-3.00230944640616,-3.25442547420155,-3.24318281621265
2008-11-01,2008,11,0.0842696557089737,0.109235305626866,5.05384326002915e-05,0.311025442942144,0.00942882603875301,-0.40679563910489,2.405250428285,0.249587021049401,-5.5084263841873,-0.135510925140114,0.86146654150275,0.22629610691549,0.444345050086831,0.576321588162773,0.247981538550432,0.0277793796623417,-0.0501653447257868,-0.0225263818882564,-5.15486651587584,1.82732335762321,-3.32754315825263,-3.27110030916177,-3.30453895997411
2008-12-01,2008,12,-0.0729876205193657,0.0985512809566653,-2.56246054554527e-05,0.0583918321017307,-0.00473885657216726,-0.451227737957543,1.53963298420924,-0.23813654384781,-4.42022687367998,-0.0668148737633284,8.44318223964289,0.345357770038336,0.519753340579042,-0.258626911568571,-0.232224632781741,0.0246543430985836,-0.0397485768824838,0.0378294486019599,-4.17901642937595,1.80417180684388,-2.37484462253197,-3.223029970997,-3.28774566052566
2009-01-01,2009,1,0.176793264845726,0.0542779176278938,1.75124297413946e-05,0.155640111650822,0.00486925047347712,-0.74921103322499,1.5733151863087,0.578816567847654,-3.60431949272055,-0.438651103241388,3.91506865860911,0.251019655415235,-0.0620358569791494,0.319845237300638,0.587391164822999,0.0164825573547773,-0.0355291134611485,-0.350252122244382,-3.47872390187352,1.2620445459834,-2.21667935589022,-1.30310906127642,-1.43931457024458
2009-02-01,2009,2,0.0324018617887046,-0.0185928597308807,6.50423664154271e-05,0.356595520719925,0.000384768617293873,-0.463969397522928,1.8877448558349,0.0220499951072615,-4.58478966835895,-1.17486018163378,10.5284484740014,0.0143476009845334,-0.934156049330514,0.44283671130037,0.0291317516384546,0.0176160585554858,-0.0440417645000546,-0.64584840496725,-4.35843313704023,1.45198990106575,-2.90644323597448,-1.50042219410893,-1.67216007570815
2009-03-01,2009,3,-0.0946353793294813,-0.00212932581648184,-2.68840533826388e-05,0.0675425568643642,-0.00762341614415908,-0.444963638750004,1.18701199691866,-0.400218676800165,-4.19661813456088,-1.33412640715984,13.9690959568087,0.0245277851078153,-1.23772096817409,-0.349843208473518,-0.393552227425543,-0.00337781433737265,-0.0554924149626591,-0.581223300225304,-4.12474048068297,1.54352165476683,-2.58121882591613,-1.84711682884313,-1.98991895366974
2009-04-01,2009,4,-0.0600917188843075,-0.0606062553788149,2.01363705500017e-05,-0.0429509661682379,0.00266263063282097,-1.11170466236688,0.87584250782714,-0.262976672856345,-3.88364829102909,-1.14927755086295,12.3236986258133,0.14811441512237,-1.10394543433239,-0.442111405940768,-0.257534759344052,-0.0060712121437007,-0.0573977218054818,-0.36450330402028,-3.98643058962089,1.32339582728012,-2.66303476234066,-2.12485549359061,-2.18191339530354
2009-05-01,2009,5,-0.0305082752919674,-0.202718558542176,-7.34109713169614e-06,-0.138129398242471,-0.000558183076808806,-1.87410498474057,0.367348637001463,-0.193499220250821,-1.43878908610859,-0.177387839941136,9.17638540297572,0.403979721357717,-0.0716384682655065,-0.46641256197689,-0.172638597068599,0.00516054339916047,-0.0166260155112179,-0.0326790767502077,-1.73701943579067,0.854621822160569,-0.882397613630094,-2.32912558095777,-2.32618392564231
2009-06-01,2009,6,-0.0686501717767054,-0.322688861238224,2.33234128364891e-05,0.0442987953634122,-0.0116228260825363,-0.981369653787873,0.900622580053637,-0.0957123744744148,-2.48528742315262,-0.0178872138333432,11.7128143700908,0.278998156534485,0.50519425436646,-0.0482526183636152,-0.0939984852324049,0.0109639309289753,-0.0220812992856677,0.155562823013244,-2.2412041114873,0.950589087659221,-1.29061502382809,-2.64111956485419,-2.54285921834003
2009-07-01,2009,7,0.0392412685936288,0.17217982440878,5.90692676203067e-05,0.186965938048382,-0.00161125303568194,-0.865589459947977,1.37745167345815,0.14702145221905,-2.596850227737,0.134951160573543,7.68078317919355,0.301846883643489,0.576723635838458,0.449950535682902,0.147674725020974,0.010258425159402,-0.026087618738836,0.187694926709166,-2.45692463611557,0.928154410577137,-1.52877022553843,-3.14432582243406,-2.86755528059366
2009-08-01,2009,8,-0.042372840303719,-0.0562490125560455,9.47512451558894e-05,0.332941461877291,-0.0077414195340145,-1.47530730120873,1.07383807415921,-0.00562686532538814,-1.98408868630013,0.136648783814582,15.9776776654622,0.20181501838652,0.311897161946869,0.638953155169445,-0.00545137998171041,0.0101995839912731,-0.0170853553581747,0.159592898396102,-2.01065532655437,0.435060404333412,-1.57559492222086,-3.39078789143687,-3.1263582328658
2009-09-01,2009,9,-0.0382979733898151,0.255221673715288,0.00020179467472436,0.78568031710125,0.0104639818534851,0.137139876544595,2.95315289976363,-0.0750695424440524,-5.16369337200978,0.0321399168590448,16.1656439067479,-0.0967792969442565,0.514882083385592,1.44031999749323,-0.0766244169606161,0.0138722425287918,-0.0527616321020209,0.188719943563259,-4.58417190853898,1.51127802775387,-3.07289388078512,-3.38214357746087,-3.30154416386131
2009-10-01,2009,10,-0.073825330031854,0.0346940379427725,8.0424910073492e-05,0.262188477688926,0.00225997897955489,-0.337727293018318,1.96709184198419,-0.147664235293944,-3.94794246561094,0.309915382001058,3.59792230698115,0.226316447473753,0.835282919010733,0.233104014263795,-0.148358163903046,0.0165281861638742,-0.0360804709338743,0.147678337149863,-3.64889137607501,1.73329389911129,-1.91559747696372,-3.32173281376424,-3.36049554526389
2009-11-01,2009,11,0.0684615311079622,0.162426043315265,0.000123099403319215,0.387470633509998,0.0082800528261676,-0.399856707603359,2.41622529817556,0.540141943493703,-3.73747019607845,0.326498594378069,0.80564520206405,0.145852587251114,0.900427196626999,0.879635880909014,0.538537853475511,0.0189237023354562,-0.0309285567762683,0.0853165309961408,-3.30939418108062,1.53498532724833,-1.77440885383228,-3.39840764872445,-3.47185168902536
2009-12-01,2009,12,0.000522800945576551,0.00230638645400671,0.000100850967990912,0.196050592672784,-0.00196884943815957,-0.95271430725651,1.45505221012976,0.415658670010437,-2.95394583346014,0.356514287490557,4.49592025320479,0.236834183873993,0.779144726366308,0.528783772171623,0.414887477253407,0.0201038265030681,-0.0225236508764352,-0.0188775329526431,-2.76814957845833,0.925497245201108,-1.84265233325723,-3.54033731055969,-3.63505838957697
2010-01-01,2010,1,0.0851072724527404,0.460314932337294,0.00010896020777718,0.466659729641375,0.0362465522425468,0.157674253777941,1.41555194224222,0.717419861295939,-0.506530911638674,0.334642214235394,-6.47241004682726,0.0484311426238643,0.378917947798826,1.11620440796187,0.719245572157112,0.0147906543619725,0.01107809879636,-0.176043529912685,-0.510686320699106,0.301173245141426,-0.209513075557676,-1.60041640083907,-1.69662729929586
2010-02-01,2010,2,0.137210256294682,0.322745121144502,0.000197698744273263,0.844474933406375,0.0284169201980165,2.9748427187182,2.38515654141939,1.11667686628558,-1.2526794716441,-0.547604427303999,-9.55285104343223,-0.264658448539841,-0.498715086075745,2.03949088299559,1.11733807325262,0.0149120880275805,0.00449717322276386,-0.401025624877054,-0.939131681876009,0.346326865390871,-0.592804816485134,-1.53772953367164,-1.67947280475943
2010-03-01,2010,3,0.151999379108507,0.461030058143838,0.000166732275600375,0.674276432775515,0.0378998851959766,2.21457138127233,1.79705146827517,0.980356240645138,-0.941889943004025,-0.788868380428854,-14.3566929156377,-0.189311359685587,-1.07934950313313,1.55008412559771,0.984479165358577,-0.000524369090927367,-0.00688791533864064,-0.460850753650608,-1.04305970602275,0.251090267390958,-0.791969438631781,-1.76442416840579,-1.89723168272106
2010-04-01,2010,4,0.0896150606856856,0.195859404618519,0.000220926211500537,0.947850090169315,0.0250824952753895,3.01481827982025,2.54971293513062,0.920185577705961,-1.78802275197823,-0.842967922924269,-2.63668723062259,-0.418583768403024,-0.946682685795821,1.96908852133646,0.921968576956116,-0.00637531887835609,-0.0193420945361434,-0.279932467012384,-1.47315374644677,0.58240741304425,-0.890746333402515,-2.02216283315328,-2.0792261243548
2010-05-01,2010,5,-0.0592712476319466,0.333463319223213,0.000185255623253339,0.811051404820183,0.0290362001550378,2.69310368034437,2.17562002032095,0.116594952998478,-3.09235655437674,-0.613230575329854,-3.95145501446052,-0.307283089271666,-0.360438804421736,1.30980674472233,0.123035009619524,-0.00544818749103516,-0.0376295623739797,-0.0587437644329112,-2.53228169419694,0.872253332219692,-1.66002836197725,-2.21643292052045,-2.21349665469359
2010-06-01,2010,6,-0.140980362689687,0.200761342667105,0.000103963289827624,0.721086196534265,0.0144260414417002,2.90500464051816,1.85162920450116,-0.252528173161107,-2.67760952096375,-0.17814961494546,-1.99957257234762,-0.213893466575916,0.266286052137929,0.943043069344606,-0.248257928582281,-0.00190883887802063,-0.0279744285058296,0.126685934737711,-2.01928038730448,0.912856379735346,-1.10642400756914,-2.47842690441686,-2.3701719473913
2010-07-01,2010,7,-0.202758009327356,0.252054506780108,0.000106176419966642,0.843948090475935,0.0290499990395407,3.06023169066996,1.73421751544168,-0.36816958416564,-2.21692147287613,0.0892267077440291,-1.02043965325107,-0.249595728495898,0.337084270297827,0.926380578718156,-0.360518925442939,-0.000696718447063635,-0.0222781154026475,0.182702871947703,-1.71946818182645,0.815487595446159,-0.903980586380184,-2.6916331619967,-2.44486800964494
2010-08-01,2010,8,-0.196253581676709,0.19902949789232,3.77699873441256e-05,0.646220851948045,0.0316406397343801,1.7254939162641,0.604094902071727,-0.524386687126086,-0.522309761111277,0.175415173533868,-3.52002510498125,-0.0729570036358741,0.248094383998535,0.472707463256643,-0.519034210317564,0.000678637308727428,-0.00243390646547612,0.18115027463044,-0.376673547010749,0.136739915623636,-0.239933631387112,-2.67809523099952,-2.47367096191705
2010-09-01,2010,9,-0.210165864460807,0.266804616807668,2.67664702038947e-05,0.518467313939802,0.0358984974710817,2.02563760386293,0.827753584099141,-0.861359019640754,-1.30303091492792,0.224097420818829,-9.28759217368076,-0.0411399966706356,0.415010137248861,0.186218250273443,-0.853430531962495,0.00103772424123628,-0.0133575403639527,0.186168709964754,-1.07097820182726,0.649463821503994,-0.421514380323279,-2.49945091702357,-2.43885689291258
2010-10-01,2010,10,-0.146464351624905,0.0370353339080975,2.96381821884377e-05,0.470506313877677,0.0331142306836605,1.89692410207751,1.06406683074469,-0.565697933267669,-1.72118548621607,0.642656389848945,-13.1830012394552,-0.0142281328796388,0.859001752325002,0.270593678216028,-0.562263808047955,0.00477645324421853,-0.015408542817536,0.22291972182836,-1.49061199086039,0.79690727774842,-0.693704713111976,-2.44904015332693,-2.48780827431517
2010-11-01,2010,11,-0.00916138223206309,0.0714942406825996,-2.24829327875084e-05,0.17738918285995,0.0305241003886262,1.41853933673737,1.07757108688502,-0.0210408076640252,-1.61528419855561,0.955441585140456,-21.050666555358,0.219050447082718,1.23432243892167,-0.0341920987037589,-0.0122768324943325,0.0117887111622403,-0.00838570287130967,0.161230378361638,-1.5554537918571,1.12052716075846,-0.434926631098637,-2.60571498828713,-2.67916441807662
2010-12-01,2010,12,-0.234315853319431,0.0561266383853791,-0.000131131334126792,-0.0722695921318623,0.0203549713796221,1.21852709046182,-0.834771010264758,-1.00647307490822,-0.373006655961286,1.08726512589334,-15.7434228862245,0.336007169740604,1.39991844739728,-1.22023828377515,-1.00037874240449,0.013580150274052,0.0067785241518835,0.182493939874155,-0.396360504197917,0.39156160601413,-0.00479889818378298,-2.92764465012237,-3.0023711186282
2011-01-01,2011,1,-0.347235451969305,-0.254585952488385,-6.54783512294752e-05,0.223906903473027,0.0226456568565144,1.86246327726347,-1.65496829585024,-1.50249425038377,1.94838973413917,0.64757473572018,-0.599784130255699,0.0020107239574731,0.582126963416896,-0.943461060679918,-1.50752290566275,0.00218717211898638,0.0279585520671985,0.294515776812611,1.88093123787841,-0.716535890449347,1.16439534742907,-1.25772374040172,-1.37394002834715
2011-02-01,2011,2,-0.385052471874318,-0.249113054332173,-6.11857266915113e-05,-0.016716604387873,0.0275269590815001,1.36962456977933,-1.76517244972111,-1.46531940632613,1.87952234386174,0.358452244557984,-15.3815487218605,0.064003615441765,0.259174716299031,-1.22119336326119,-1.46744567443231,-0.00612829617267503,0.0202580552677223,0.216966775413845,1.71624120016102,-0.546105354566105,1.17013584559491,-1.46503687323429,-1.64678553381069
2011-03-01,2011,3,-0.305146191520505,-0.378489875329799,-0.000103642147893099,0.0119655991643672,0.0244295541461202,0.557761555985262,-2.17666587690731,-1.29543694257861,3.49384088176081,0.776993384056533,-6.0451900300685,0.269522193506019,0.544219567165543,-1.4212527128401,-1.3001197471273,-0.000730524725673476,0.0432777745241476,0.292588837864491,2.99154487136377,-0.760095968615817,2.23144890274786,-1.67173150796845,-1.78454441177233
2011-04-01,2011,4,-0.211035971463337,-0.333087100135084,-7.14273212658371e-05,0.0930755432977655,0.0216815118278402,2.39182188851439,-1.15708825905786,-0.753723523728767,1.74438823997162,-0.021755546443986,-14.6898636530504,0.163727053065595,-0.166862196675248,-0.78362983116629,-0.753772204498808,0.00797209010516842,0.0292099615375949,-0.00242569308938678,1.43555453667475,-0.373507108661624,1.06204742801313,-1.83947017271596,-1.89653885340608
2011-05-01,2011,5,-0.319270619911956,-0.267188697267427,-0.000117240533853727,0.0419898581295357,0.0111990060202655,2.6492072883625,-2.23365721147853,-1.37431876479922,1.9002411332141,0.134654841943634,-9.88297760289425,0.20242112375994,-0.266565282788268,-1.32900773706749,-1.37378705654839,0.0123710556562392,0.0300176619079491,-0.0254786449282151,1.29659988472228,-0.904117766160183,0.392482118562094,-1.97374026008314,-2.00080938374489
2011-06-01,2011,6,-0.227322720480716,0.0177070784255027,-6.3343074894741e-05,0.0628647756734175,0.0191403365210828,2.79150653792039,-1.03587305515831,-0.895447369827858,-0.420844036083913,-0.0962000568796764,-7.35252983277774,0.134090811473702,-0.199042135762299,-0.700519366750216,-0.889997796598147,0.0130324374013438,0.00175095827310934,-0.0148976197527312,-0.657776926440254,-0.329904115178431,-0.987681041618699,-2.23573424397954,-2.13748467644257
2011-07-01,2011,7,-0.142311146496388,-0.0116445999924957,-8.94290215624223e-05,-0.0638743188710136,0.0279970498394543,2.11501071215688,-1.33183491402282,-0.646746449648344,1.2785250828437,0.221742785968815,-11.3830523206708,0.244132076567711,0.0457471677225955,-0.593647718130633,-0.644402347261814,0.018347606113401,0.0285085939437708,0.0610435584760997,0.858397388029772,-0.735843093505715,0.122554294524061,-2.72894050155941,-2.51218073869622
2011-08-01,2011,8,-0.204042540928752,-0.0285329947343236,-7.47980698031403e-05,0.0229881619046968,0.0288687384974767,1.77934931879353,-1.64434474229375,-0.955619243794788,1.45821868530656,0.145427782723751,-12.6625084884119,0.178358666778748,-0.0566815049418921,-0.732252736455159,-0.951898491197437,0.0119572468179516,0.0257201432301227,0.0537352533322363,1.07775073086217,-0.908371253241238,0.169379477620932,-2.92540257056222,-2.75098369096837
2011-09-01,2011,9,-0.29092306075582,-0.0976323426979968,-0.00011665360119317,-0.135356653769746,0.0239401295162883,0.972116147102955,-2.46567204535636,-1.37924679294246,2.4967637511569,0.480411622957615,-12.6968737301161,0.330675079106964,0.180089049856331,-1.42794457649334,-1.3768188633244,0.010211755644491,0.034854484620216,0.112112806663552,1.86576609894866,-1.03529953924498,0.830466559703665,-2.81675825658626,-2.74616962196382
2011-10-01,2011,10,-0.251255086068931,-0.279060163358545,-8.99313907280571e-05,-0.158649908691469,0.0153043397498272,1.98975643144765,-2.04979216141182,-1.15066346319238,2.31419501703877,0.517803274849229,-14.7058771998903,0.239662438595979,0.472366109275477,-1.37498123007376,-1.14928190972583,0.0126009911434828,0.0382703490000526,0.153301409725057,2.02909541286903,-0.673429377871458,1.35566603499757,-2.75634749288962,-2.75512100336644
2011-11-01,2011,11,-0.354323091484091,-0.165560966629039,-0.000108008614859123,-0.212023384603097,0.0311152449693509,2.54088620616071,-2.39019492497046,-1.68577043209668,2.17057074348924,1.07585347592404,-11.4222520377974,0.367087902706336,1.09968596640674,-1.83104602134456,-1.68596543281521,0.0152778426271844,0.0363968195637388,0.348260113615734,1.82731533126562,-0.559343904344419,1.26797142692121,-2.92302232784981,-2.94647714712789
2011-12-01,2011,12,-0.315989518618428,-0.113143888149279,-0.000140814954489207,-0.23599874225601,0.0207375247467817,2.81168303381906,-1.93587698644125,-1.70913804086097,-0.0741798181044344,1.14680849436423,-15.2685266376625,0.394778107295226,1.49389482656095,-1.95399729127894,-1.70206432187034,0.0175580302306965,0.00673703179568175,0.393247052817451,-0.121871593202895,0.0251940238283541,-0.096677569374537,-3.13495198968504,-3.1796838476795
2012-01-01,2012,1,-0.403921516329331,-0.515213765527021,-0.000229139613372139,-0.53997925450752,0.00833364686947306,2.80494780059291,-3.19566240527175,-1.78900393184049,2.028360489041,0.976772973647463,-13.2611878806879,0.623734067601077,1.04157395627346,-2.67731314899674,-1.78048576083164,0.0242242112149807,0.0387739991769671,0.226481952992008,1.46942740406594,-0.509831085266224,0.959596318799716,-1.38503107996441,-1.52125275739841
2012-02-01,2012,2,-0.389957072949333,-0.589440794193778,-0.000225071745298916,-0.35357082522692,0.00469285307885581,2.44461700011237,-3.51659964636761,-1.74357396950384,4.5267460266946,0.81773275011637,-7.76035844129328,0.524773904716366,0.621541653211694,-2.427396678046,-1.73767456528218,0.0150548142978892,0.067604942131561,0.262679316329841,3.80578102507353,-1.08330356409988,2.72247746097365,-1.442344212797,-1.61409826286194
2012-03-01,2012,3,-0.374788320744661,-0.322421252679196,-0.000180508526163707,-0.324073755223457,0.0283962604492738,2.95309879880434,-2.8850107082777,-1.79658707657732,2.81079761819649,0.681907211537082,-12.45860963066,0.407979199676071,0.502537542893513,-2.26241440395151,-1.79618259127371,0.00627351590581593,0.0376749486958946,0.241845230273626,2.22344874987681,-0.622191819022498,1.60125693085432,-1.50420955257103,-1.62702786062921
2012-04-01,2012,4,-0.158758789266454,-0.169856060113537,-0.000152928360183456,0.0170410253556443,0.0185141910138769,3.32511790924215,-1.27611403614023,-0.546890561905489,1.64631261916728,0.159648578365263,-17.5902112106539,0.0396839247506391,0.00152454747651678,-0.768780798272718,-0.540504288749128,0.00603691114865779,0.026863819237662,0.093287219223251,1.44850466352789,-0.500946964711204,0.947557698816691,-1.79194821731854,-1.83902230226299
2012-05-01,2012,5,-0.0834795898031055,-0.280743764215865,-0.000135959779537866,-0.0782379273096889,0.00861957998050115,1.34334861722616,-1.89366183062993,-0.136637245495939,3.04331337874978,0.17009840166588,-13.9337826514901,0.17853154347799,-0.130269539246903,-0.81413500365688,-0.137556325835742,0.00529602992283886,0.0412066298379059,0.0372040581466222,2.56441389435902,-1.08044590731286,1.48396798704616,-2.06621830468571,-2.07329283260179
2012-06-01,2012,6,-0.152961015518834,-0.111415296188962,-9.84055882808794e-05,-0.168041660460406,0.0171935143739676,0.671346187387657,-1.76745852634974,-0.493331439695563,1.99798664153674,-0.222127622238327,-9.11597383338622,0.130731966860765,-0.590661254587932,-0.773579434774597,-0.487698919279563,0.00532452053976375,0.0253757879650661,-0.0580017812246553,1.49872104232638,-0.98824657115921,0.510474471167163,-2.42821228858212,-2.30996812529943
2012-07-01,2012,7,-0.203162032670502,-0.270346665933984,-4.28934412375613e-05,0.056231390014662,0.018500855691517,1.49362498230865,-1.73610770255218,-0.767909131447111,2.22668724355939,-0.0945823520560354,-3.66600905728501,0.112661729756763,-0.430765340063838,-0.617059709433064,-0.756990343226163,0.00882279018887037,0.0321346754612379,-0.00801937460461307,1.77784252579481,-1.10812920489819,0.669713320896625,-2.82141854616199,-2.5446641875531
2012-08-01,2012,8,-0.168111907956846,-0.187300044921756,-0.000114873696649979,-0.212526820003828,0.0201696912271144,1.6615125411456,-1.87612105029316,-0.73125224266757,2.59563253711722,0.019762803869399,-10.0125558600103,0.327101275301809,-0.260240841748625,-1.01258017577058,-0.720385654438814,0.0106849212537614,0.0392806501148093,-0.0114338652753158,1.98852761619741,-0.852674286293818,1.13585332990359,-2.79788061516481,-2.56346713982522
2012-09-01,2012,9,-0.196072050321956,-0.00264236917841876,-8.35915738108081e-05,-0.153158268112468,0.027900482800824,2.89304240240743,-1.29352127263475,-0.697872912970193,1.30722207588358,0.238443112510163,-12.2033057117179,0.345650176380025,0.0809124264571971,-0.941226609728759,-0.688625024636735,0.0120262803312103,0.0228205106119431,-0.0457660895017099,0.8040412134506,-0.343046774572561,0.460994438878026,-2.42923630118882,-2.35865307082075
2012-10-01,2012,10,-0.06835344457204,-0.0515005484789455,-5.93136744239354e-05,-0.0349188996424938,0.00746428830169985,2.96793915266981,-0.975626992222188,-0.195979629958157,2.42259679760045,0.510007133942978,-17.7521504294911,0.240083720181037,0.45393165170894,-0.334740614489197,-0.186958912978201,0.011981657273413,0.0392787703777397,0.0854429239989945,2.12643759518537,-0.631865660753035,1.49457193443233,-2.31882553749215,-2.35760445222337
2012-11-01,2012,11,-0.0889670060832015,-0.0727851388994536,-2.88181649289129e-05,0.109332571198679,0.0133045767372196,3.57937971187127,-0.513755643031833,-0.200572705296483,1.91013698448691,0.690803470819788,-12.038869270403,0.0647333027163918,0.703988584081502,-0.0952501122109686,-0.194570051163583,0.00243668150795445,0.0256781813033158,0.254547951562072,1.85858879503227,-0.412502876687997,1.44608591834427,-2.44550037245239,-2.52896059598478
2012-12-01,2012,12,-0.370168416835579,-0.0263960553397251,-6.54714438162067e-05,0.0336844850515658,0.0174574722070494,4.06326151231703,-1.58529892668759,-1.36973529207069,1.30312878789825,0.811883818776377,-8.04665791625879,0.0439886885622492,0.928743167844018,-1.11461823573334,-1.36402362828674,0.00992837911628637,0.0264795542714088,0.381195650549088,1.37599944840364,-0.464969027170224,0.911030421233423,-2.65743003428761,-2.76216729653639
2013-01-01,2013,1,-0.171855691726467,0.288926783462562,-0.000106588493591849,-0.00244016135894465,0.0252051689341917,4.97841930516468,-0.361191022685146,-0.678465508150222,-1.34502447607433,0.238472686319515,-15.4278976472955,0.0761807424301206,0.573141776993931,-0.579897865827119,-0.671708095537985,0.016011972340501,-0.00637993055346603,0.269448797604446,-1.08653612783002,0.225464255754198,-0.861071872075823,-0.817509124567017,-0.883736206255335
2013-02-01,2013,2,-0.257422765784507,-0.204152885781224,-0.000123167395651375,-0.142659896262143,0.0120550945849974,2.85337300729394,-1.43729395194901,-0.919858796870573,1.79505088945426,0.452489692173718,-15.4373235778989,0.230463901824429,0.449426035664763,-1.15427387582441,-0.913458682989562,0.0115869937237093,0.0320292653105478,0.228111099176278,1.56152333112087,-0.276619962243559,1.28490336887731,-0.844822257399564,-0.956581711718883
2013-03-01,2013,3,-0.258791079802656,-0.103930633624886,-0.000102119064395293,0.0548338465538969,0.00524425210444044,2.51249895702977,-2.2128300067382,-0.964254024866061,2.81252966517032,0.730832751658666,-18.0886197381038,0.249917161292703,0.532493404855784,-1.14209682104429,-0.963167965934558,0.0122060742683808,0.0452131784036932,0.297324703317224,2.36427315707473,-1.06964712676237,1.29462603031237,-0.83151689213377,-0.934340589680446
2013-04-01,2013,4,-0.302779524392463,-0.143690713822185,-0.000144516679191001,-0.276229860502306,0.00266950238988945,2.88426921027349,-2.19842160094576,-1.15593631052619,1.91259252850612,0.772291330329348,-14.1151079180824,0.400205723246246,0.842511603568989,-1.76228891665352,-1.15470834180203,0.0115451297966825,0.0302069837335206,0.305371441540348,1.58260707849951,-0.43490471556808,1.14770236293143,-0.929255556881223,-0.986335031314255
2013-05-01,2013,5,-0.276840222102127,-0.309280969891524,-0.00012176330412823,-0.184550544264335,0.00630670598339874,2.8801406509633,-2.0701611143764,-0.975071803644656,1.39641778280563,0.233802525599965,-13.2144138159272,0.20557349931961,0.00610496202077045,-1.49181029307669,-0.975194535290641,0.00187018663926324,0.0170416899926043,0.0686152198575197,0.963146719906836,-0.578473552945636,0.3846731669612,-1.08352564424839,-1.10060556165305
2013-06-01,2013,6,-0.193394574125843,-0.0556905252495816,-7.25497195832442e-05,-0.0572654556538541,0.0111601193466321,2.66758363554579,-1.3805291507332,-0.929603367093302,0.769620390512618,0.214261260199459,-10.7773140828111,0.142006418370367,-0.115926572082363,-0.945269757199388,-0.929340208069434,-0.001235119558412,0.00427907517058469,0.0525239002151231,0.297426139860406,-0.434996234509984,-0.137570094649593,-1.1955196281448,-1.09728085435074
2013-07-01,2013,7,-0.352257206061524,-0.191011607561574,-6.28195163276267e-05,-0.0132984738224844,0.0187168393008466,2.21021762584489,-1.6132353656607,-1.5052855657108,0.654903899141227,-0.00744344034725081,-11.2040504347095,0.0412152201593792,-0.0887219510000676,-1.14628848119585,-1.50091209827605,-0.00232931126596508,0.00498236260112649,0.107824613492474,0.532410168329035,-0.46257341703017,0.0698367512988687,-1.22872588572465,-1.0219769166044
2013-08-01,2013,8,-0.223297957264883,-0.211298257461406,-7.10509560804437e-05,-0.225512740080774,0.022297078932678,1.37149754647054,-2.32695520236265,-0.952877569903268,3.21819384182009,0.427423678902686,-16.9397735684442,0.283553565600404,0.115717076023145,-1.14061453910035,-0.94268359247673,0.00491109033249565,0.0408779844572281,0.21263764817366,2.62293367334013,-1.17614668583569,1.44678698750444,-1.33518795472747,-1.18077986887651
2013-09-01,2013,9,-0.11745232606195,-0.0462341922660547,-3.4151820593574e-05,0.00706127721538441,0.0301386852518766,1.92799764821185,-1.32317141457226,-0.495508805583946,2.42024055333544,0.478530435582348,-22.1819535231571,0.199543385628645,0.382174026336468,-0.516263652860513,-0.48477704630864,0.0130209393075248,0.0399836679369013,0.229067746357586,2.12434075846092,-0.796176002436439,1.32816475602447,-1.65654364075153,-1.62596579987202
2013-10-01,2013,10,-0.255516463472037,-0.137227906786622,-5.8225146058731e-05,-0.0984764924987422,0.0166323386318905,2.71052907683045,-1.6915046198797,-1.17553590393883,2.57732797297028,0.926206004264164,-23.0983058849279,0.284702195715651,0.810773620967208,-1.07127091894295,-1.17004964532608,0.0174779399413769,0.0441880265048182,0.298118522080692,2.17719339395769,-0.614747442324012,1.56244595163368,-1.86613287705486,-1.89491718127462
2013-11-01,2013,11,-0.119251215577246,-0.204546269682101,-5.17280718088166e-05,-0.11177810603857,0.0237829987914172,2.83706307977921,-0.671331008342329,-0.31152576944615,1.13946875545876,0.935214323395372,-27.6024183488354,0.238893711359988,1.09495276270587,-0.782321488593797,-0.305990240589459,0.0125726941199889,0.0222455639878341,0.284809236310169,1.06031348340928,0.116526009108127,1.17683949251741,-1.9328077120151,-1.9962733250361
2013-12-01,2013,12,-0.21075684000759,-0.0267715122733481,-8.98142359253605e-05,-0.175093913566382,0.0165259282464749,2.79500378634395,-1.28493751064708,-0.921171325873391,1.1961119384871,1.10601055255486,-17.4918720307007,0.212426598574872,1.37486072607938,-1.07073114140817,-0.914450420657639,0.0143458728264004,0.0240974098759673,0.397625425699086,1.25253551343677,-0.2074854640231,1.04505004941367,-2.06473737385027,-2.11948002558763
2014-01-01,2014,1,-0.175207856352478,-0.0193228663530862,-0.000106224017838923,-0.240563891657093,0.0157179006885793,2.34561433176181,-1.49590787532265,-0.616602348969929,2.07730440043952,0.743112856314799,-18.1676679957257,0.16749285873073,0.755299651608,-0.936857507716931,-0.614515224909875,0.0109158610805151,0.0344566449331225,0.230116097662542,1.921998337002,-0.556963243545679,1.36503509345632,-0.264816464129702,-0.401048935306605
2014-02-01,2014,2,-0.378596971477491,-0.0877896348858742,-0.00013897717792429,-0.473075767568791,0.00731322683227114,2.18964552356276,-2.52731024741347,-1.53085436089928,2.2854138559411,0.646567732097804,-9.83713279134038,0.33734700576804,0.577133593117137,-2.01421423015619,-1.52776140193144,0.00309037082235317,0.0287585394286365,0.256667699996075,1.87863271119239,-0.510003058289435,1.36862965290296,-0.452129596962216,-0.643894440770111
2014-03-01,2014,3,-0.173028134721673,-0.198092756078495,-9.8676532260268e-05,-0.19384105242105,0.014580328703898,2.3075473602487,-1.60555532585766,-0.585800242533745,2.14235387029518,0.21385809027205,-14.1620438785307,0.1150895597613,-0.00779236241204995,-1.05598650831404,-0.582678391532428,-0.00113920393369467,0.0258456175932017,0.0820807584544216,1.80561385784975,-0.546446966542248,1.25916689130751,-0.728824231696429,-0.881653318731722
2014-04-01,2014,4,-0.138362194110488,-0.161600604084855,-6.26235368480262e-05,0.0219114445222488,0.0113118020904541,2.56087262084181,-1.51776571311624,-0.228953972936921,1.94651713032596,0.0705672496049337,-16.3841612325155,0.0107912368148776,-0.0771965184379433,-0.67997307851031,-0.227613138218916,0.000811645142286863,0.0241308365592589,0.118913794082745,1.78796212546823,-0.836451799887955,0.951510325580279,-0.926562896443919,-1.03364776036555
2014-05-01,2014,5,-0.117142305238154,0.0361366683188709,-4.26079897944944e-05,0.0361084634782161,0.0128425741601373,2.85476496585922,-0.895698799187883,-0.219543547030357,0.506068485279477,-0.121122222112651,-10.7792915223605,-0.0555502488457833,-0.17566596930916,-0.443609280071456,-0.22233383028753,-1.18105877424043e-05,0.00596070697633286,0.0768842211626166,0.507074986928759,-0.454879802373512,0.0521951845551463,-1.03083298381106,-1.08791829070435
2014-06-01,2014,6,-0.217097964310866,0.0795014957317424,-8.06838602708927e-07,0.146663264475998,0.0144976716982928,2.06614195862792,-0.891336886746677,-0.733645807814007,0.183271450572439,0.105950151955844,-7.05211702525019,-0.026483142192016,-0.00944898958019139,-0.54010810680616,-0.730929373409301,0.00208967056931248,0.0035074413060531,0.0893630832043102,0.0943554512284206,-0.348512345535861,-0.254156894307447,-1.32282696770744,-1.27459358340198
2014-07-01,2014,7,-0.229138593010578,-0.0402233193322641,-4.29850035074911e-05,-0.146054482032433,0.0148439926905163,2.22433065539812,-1.33551720450615,-0.91532941042251,0.808311204866083,0.0773781905806334,-6.51771192214688,0.0769339639799699,-0.031024921721696,-0.898355881424669,-0.911604921831959,0.00197789317280936,0.0104485426301151,0.113737325011901,0.622974128583752,-0.433436834490945,0.189537294092814,-1.46603322528735,-1.29928964565566
2014-08-01,2014,8,-0.130900867728893,-0.270992749671047,-3.93767985144076e-05,-0.0273269160107221,0.0151820138678847,0.120235915784968,-1.72952500444811,-0.177663222547964,3.63080904594194,0.395526209730969,-5.41895469587672,0.0814987286940143,0.0921827446851133,-0.524596081734152,-0.169681835895582,0.00443561087479013,0.0500798930970863,0.204671099771038,3.24596685220205,-1.19694753606157,2.04901931614048,-1.44249529429018,-1.2380925979278
2014-09-01,2014,9,-0.11189270288597,-0.186723241703742,1.03711705176614e-05,-0.00857796170416258,0.0236260844295112,1.47792468850149,-1.2061656303397,-0.261187393587654,2.36511702270827,0.510286501808631,-8.75860424758218,0.0199799263652346,0.407125814904836,-0.344232397269288,-0.253723317916532,0.00589415492823916,0.0351245697986701,0.249188872166684,2.24197640943924,-0.854469157399314,1.38750725203991,-1.63385098031417,-1.5032785289233
2014-10-01,2014,10,-0.128369279308095,-0.0443841697642138,-1.99058923635056e-05,0.0202531494179097,0.0160183418401661,2.21774397839408,-0.746172013621155,-0.200764286732558,2.09196932654612,0.706508198939646,-12.3967112183636,0.0192745920582603,0.731808780164879,-0.28907421392776,-0.19600836572894,0.0087256074952715,0.0357153679809565,0.293441196628988,2.09799531571311,-0.452341878689787,1.64565343702332,-1.87344021661755,-1.81222991032593
2014-11-01,2014,11,-0.234233451146223,0.0851047172342438,-3.25794950553827e-05,-0.0242896176148177,0.0144134568520758,3.28832983555484,-0.971819001966805,-0.796030520941855,0.794531060310617,0.818391056195158,-9.99899241926415,0.00435925947460265,0.908244901723946,-0.655207826963546,-0.786116075456359,0.00481058495241325,0.013912859874133,0.289088731924666,0.880025646364806,-0.306696729517746,0.573328916847057,-1.92011505157773,-1.88358605408737
2014-12-01,2014,12,-0.134542264339589,0.0136326429019924,-7.1661453178564e-06,0.154036718402569,0.0184740661769606,3.17693949715229,-0.227644484669569,-0.392524036776139,0.569464206252935,1.10531829736364,-4.27634471012798,0.00191849391946399,1.28721247599375,-0.230699585023959,-0.382426087799487,0.00641559405292525,0.0120721567728958,0.331968622774783,0.749439890963584,0.0131530493311247,0.762592940294712,-1.99204471341297,-2.01679275463896
2015-01-01,2015,1,-0.129818357382499,0.136613476184275,-9.02472614033282e-05,-0.238394311926239,0.0170592270559219,2.89519556124454,-1.08192778278613,-0.482323302549666,1.27904392607137,0.711916265555083,-15.1666366921646,0.166017963127345,0.848265112359066,-0.918235447113706,-0.47641930292876,0.00997021442881985,0.0230820397579811,0.23411527780834,1.24937480974802,-0.157788336051554,1.09158647369647,-0.102123803692372,-0.228361664357877
2015-02-01,2015,2,-0.0772709950195339,-0.0992404064465184,-0.000122038159988325,-0.181736866135939,0.00986527129807466,2.05090572960509,-0.868598538483977,0.121409168808002,2.07155865334396,0.209888853429388,-14.8990901727722,-0.0276476962763353,0.0941207446723059,-0.630535554791015,0.127099013138733,-0.0060767941288723,0.0260369035493247,0.0833606898960714,1.98343824086322,-0.232373139362209,1.75106510150101,-0.18943693652492,-0.381207169821408
2015-03-01,2015,3,-0.0758784923127249,-0.0257434474101477,-9.00209977075618e-05,-0.144099342895899,0.0179063223425237,2.23457536832132,-0.874737312317161,0.0187230440925181,1.12950019920702,-0.169422657450064,-14.0120013559621,-0.0467406545230695,-0.273536255854783,-0.609050199004831,0.0216921684876401,-0.00910145674246037,0.00826629662347028,0.0279939857957186,1.07212725532538,-0.262717988917123,0.809409266408158,-0.316131571259099,-0.508966047783005
2015-04-01,2015,4,-0.194680854634476,-0.268977808813459,-0.000112783878820091,-0.265656312434999,0.00399891118373877,2.36217442072784,-1.7962172540387,-0.365086156921647,2.25317293027583,0.0418820786624174,-12.4951922949498,0.134164227790469,-0.138827214844974,-1.28872422867808,-0.369941108847776,-0.0042278966653188,0.0258525979282376,0.0747797725486415,1.93829940897795,-0.51234797728683,1.42595143169123,-0.483870236006616,-0.600960489416835
2015-05-01,2015,5,-0.111258271283173,-0.0648285274048153,-2.05791284956592e-05,-0.0561160061049308,0.000984128900898974,1.83130237088956,-1.50241467920235,-0.0487589361170535,2.63024296299734,0.0720083449905348,-7.56419197978312,0.0320357946838237,-0.299247482165593,-0.458504259804225,-0.0579237231863723,-0.00697605879389776,0.0267573605016215,0.0603960006601143,2.22695134115738,-1.05307520646739,1.17387613468999,-0.698140323373714,-0.735231019755616
2015-06-01,2015,6,-0.0947730038648756,0.010547290911131,5.8607262110926e-05,0.157381917348149,0.0048169016112214,1.78764498758315,-0.541406525774173,0.00257895297426947,1.29170296075831,-0.0746583152274714,-1.01254733267938,-0.147262644164414,-0.378928180409321,0.0179555101020163,-0.00360302016917524,-0.0056228521983033,0.0129646066893718,0.00246874377172598,1.13469573974084,-0.565544009019737,0.569151730721195,-0.870134307270142,-0.821906312453279
2015-07-01,2015,7,-0.141264944190545,-0.218206355718854,3.14570967863428e-05,0.0141545137583214,-0.00241690283130811,0.463649728333649,-0.817536458739637,-0.164539997115263,1.13689867262994,0.00311062195491568,-1.0178074095726,-0.1097593838894,-0.178079963733028,-0.29972187427545,-0.160411694643825,-0.00394062975689603,0.0136526079603234,0.0767504124683892,1.06546747083137,-0.513686281992719,0.551781188838656,-1.10334056485002,-0.976602374706957
2015-08-01,2015,8,-0.0470700058509398,-0.125524769252643,6.27476642151269e-05,0.273239526074232,0.0119591541698983,0.816316688554298,-0.132776583435631,0.36375451796731,2.12973136384079,0.0927354582542553,0.708382210699075,-0.254737298580372,-0.120011114686618,0.468964975621046,0.374805283206558,-0.00365676336394517,0.0299021767888451,0.0683141533691344,2.17172208948027,-0.590690793817443,1.58103129566283,-1.27980263385285,-1.10540532697904
2015-09-01,2015,9,-0.0212538527360295,-0.11313477157436,9.54330829813975e-05,0.41690687885529,0.00369380601779187,0.757700576689323,-0.134697434820191,0.612275831350639,2.28025387485914,0.0939123063974155,4.3493659029848,-0.266541159337146,-0.0430995066772929,0.754932743003888,0.628723882225573,0.0037975416446636,0.0359937159062886,0.0360227091699804,2.40978322112156,-0.873182126949186,1.53660109417246,-1.30115831987688,-1.14059125797458
2015-10-01,2015,10,0.151479423141898,0.22809791141714,0.000157362006749369,0.582378571258362,0.0145889041984687,1.10123405683611,0.780491760735348,1.29353289686073,2.48964179445797,0.507914233739432,-1.92012901678649,-0.243854682372142,0.43560399603385,1.57594064251344,1.30572768079318,0.0205299886087855,0.0538495497661151,0.209554438283184,2.66118623912453,-0.78325409784566,1.87793214127897,-1.34074755618021,-1.22954263937717
2015-11-01,2015,11,0.130751692296753,0.167073891913633,0.000209857362153693,0.817524518170236,0.0196567509978474,2.22292185874266,1.5839450925027,1.09764615941239,0.826264826720447,0.494782025367142,-1.32824776369661,-0.37797404838578,0.699628534623917,1.86879314250468,1.09961493466275,0.0232237297777277,0.0364104111003814,0.275456353708164,1.40908538436303,-0.282879274751624,1.1262061096114,-1.30742239114041,-1.24089878313862
2015-12-01,2015,12,0.198070913376378,0.302347715738334,0.00019270268017991,0.715977822733724,0.0165433730814442,2.02448381460462,1.76035754414594,1.26027665650719,0.71816772682178,0.43184847623973,1.13886379644556,-0.390116155640927,0.663416280815926,1.83930649063025,1.26236148218261,0.0132282695422194,0.0276019796634245,0.181388380853779,1.3398516870389,-0.0768641208088507,1.26298756623006,-1.04935205297561,-1.07410548369019
2016-01-01,2016,1,0.241329736128494,0.430749643410604,0.000129136563152497,0.465829335677814,0.00445921277194453,2.47510727669917,1.4894683175334,1.49780235781663,-0.42586980634277,0.0639945276582675,-2.54413804358777,-0.331072201886035,0.233615561632738,1.76193711412353,1.49264452908336,0.00763264902555386,0.00381034397726941,0.117273585059936,0.0748234295177319,-0.277626625323428,-0.202803195805689,1.06056885674497,0.954325606590842
2016-02-01,2016,2,0.407770459342482,0.702997847402823,0.00013959299308712,0.531629214114116,0.0244079134400014,2.21998816630313,1.81995320815753,2.03516775637032,0.217191903010817,-0.126458520954528,-4.16681343219997,-0.284837170499721,-0.31913578164213,2.04738745238721,2.03192388589282,0.00598544013013239,0.0118765408049131,-0.068508827782731,0.309351812822937,-0.230678114707084,0.0786736981157503,1.0432557239124,0.891480101127343
2016-03-01,2016,3,0.341774530572147,0.605575116576438,0.000186368392641838,0.795952909386779,0.000352506273603337,3.41055964788069,2.56858593664047,2.18550026781776,-0.730398507952303,-0.624634814611817,-11.8162232805609,-0.623272008667026,-0.607206556996714,2.56317828515573,2.18389847029429,0.00824353701099907,0.00633390354587708,-0.129520611420645,-0.0896982416701841,0.00380585396129862,-0.0858923877088817,1.04139038413832,0.898550503360099
2016-04-01,2016,4,0.239433065654383,0.550976257921083,0.000142246544939401,0.513416179136877,-0.00036220489948055,2.67914074371471,1.52203231361192,1.69566192083461,-0.053001262642498,-0.464506287015034,-8.26428968955157,-0.456491828842459,-0.528683645309708,1.92002902743548,1.69243655125687,0.00787720769444062,0.0109297982207144,-0.0934426493394216,0.339313207905294,-0.401222083401311,-0.0619088754960133,1.00365171939081,0.896556061726315
2016-05-01,2016,5,0.115038370578743,0.281064375719753,7.93101581580018e-05,0.469553710372945,-0.0102609700881373,2.56359635262802,0.863093159675221,0.908419999000143,0.143493299203985,-0.628313732098814,-5.067528300386,-0.423262599149128,-0.616912097924226,1.13886777120832,0.90163040553428,0.00626782712690163,0.0123712072412686,-0.111760913873948,0.578157532527719,-0.282564204998968,0.295593327528751,0.909381632023702,0.862285531387485
2016-06-01,2016,6,-0.0345406320800326,0.0210752691616996,8.58654191293868e-05,0.383244544286526,-0.00290200239177296,1.41674516923882,-0.417909680864597,0.293132887333563,2.06319261260296,-0.202892016820123,1.81878036971884,-0.402368593000351,-0.678084233507756,0.74482832367161,0.287602401302439,0.00279014280563658,0.0317976818587987,-0.0676056645638161,1.99036898891569,-1.16826849056741,0.822100498348258,0.807387648127282,0.825610238689848
2016-07-01,2016,7,0.0658273160652969,0.0547768258096801,0.000140031632454705,0.406853813590496,0.00967014616914653,0.563287312028113,0.210109491447948,0.57022808874702,1.6538390895686,-0.0787880265217327,3.13639838581867,-0.349222362447357,-0.386694284926862,1.20170575515713,0.572088185901805,0.0073607287845333,0.0288207674614904,0.0220027085042153,1.69515519361082,-0.989736166554397,0.70541902705642,0.734181390547413,0.800914176436152
2016-08-01,2016,8,0.0874689325279354,0.134655914285911,0.000127289933044789,0.334599761533008,0.028491533979497,-0.0113846215213353,-0.616261635189,0.616632083130553,2.79761166425646,0.130204416549701,0.585617119086646,-0.15635217192931,-0.23207417595785,0.921369663786654,0.620133583789197,0.00913901953282447,0.043294324149062,0.0410636325067115,2.59168524367821,-1.53412979831702,1.05755544536129,0.557719321544603,0.682111224164018
2016-09-01,2016,9,0.0496933210968417,0.20855045932222,0.000155214227319959,0.472364687988063,0.0124601937847746,1.73623860191949,0.817973579984383,0.424777196160882,0.77325821698681,-0.0482409213164355,-4.99119260662028,-0.314223849674077,-0.117879221057327,1.17199074664149,0.423416337492256,0.00957146345931346,0.0216972311712352,-0.0494025209475834,1.01784376692,-0.355378025325767,0.662465741594222,0.436363635520586,0.596925293168525
2016-10-01,2016,10,0.0248846225098006,0.194786448379694,1.44486357280706e-05,-0.0461196056111601,0.0089357840627324,2.48064142375327,-0.0950503528090563,0.236589486247004,1.27842145898465,-0.0157559005090185,-7.4946115853997,0.0182118761519077,0.064330556391716,0.00460226472303304,0.237989199557814,0.0117307975996056,0.0278890498568722,-0.00111961991987749,1.34029603973347,-0.0982529042212399,1.24204313551223,0.376774399217219,0.50797391176593
2016-11-01,2016,11,0.0887950094596083,0.176293438815198,-2.88030279394857e-05,-0.134077964194987,-0.00428415534487497,2.51268784000404,-0.422189739865709,0.435577309144676,1.50770375099513,-0.72965750040481,-8.66064740429351,-0.107032776663733,-1.03850030417442,0.096747409896266,0.435012224498377,0.0016763891140268,0.0189933859884284,-0.1959655607187,1.30589372388927,-0.519502234408302,0.786391489480962,0.220099564256962,0.286617768004504
2016-12-01,2016,12,0.0279444571692716,-0.0761608167231007,6.49143559658042e-06,-0.035656490947902,0.00334659793036691,1.90764402788458,-0.26615379601348,0.324296861191426,1.14687315004346,-0.723812162364423,-5.87492703916708,-0.301500761606867,-1.02407981155371,0.0076399698388423,0.328597923059272,-0.0011487474362408,0.0176830953456816,-0.140957398251783,1.14810626246104,-0.26949270398443,0.878613558476618,0.0781699024217843,0.0634110674528898
2017-01-01,2017,1,0.0811020455673583,0.0677192586681921,-3.53904265653421e-05,-0.19165996952381,-0.00194632797935675,0.765675487049839,-0.809221884696997,0.549795437182915,2.67198241231691,-0.140020486888085,-3.28992224919138,-0.159512880537998,-0.422040188742397,-0.119020997247908,0.552803546855011,-0.00129727254868647,0.0350838287236268,0.0265511574338736,2.54947559100058,-0.687192777777009,1.86228281322357,1.87809081214237,1.71184215773398
2017-02-01,2017,2,0.199802501077346,0.0370596130704253,4.95696051419067e-06,0.0401271192837898,0.00180620877040805,1.55273135356239,0.281894683179168,0.945145976275513,1.69537801178049,-0.221351987921578,-11.6563901628014,-0.336212199017678,-0.355941095261457,0.757884452718833,0.933954762424457,-0.00306503074864836,0.0234116152129305,-0.0242316598451931,1.89700110345828,-0.487180983390663,1.40982012006761,1.82077767930985,1.61899665227045
2017-03-01,2017,3,0.212523027385137,-0.1207946070622,2.89742560163832e-05,0.0591291117077317,0.00925418579410695,1.37542592035952,0.117752285386965,1.19519086455109,2.42660582767255,-0.477466367016831,-7.05081797799821,-0.334563736248414,-0.740090074277547,0.65462573363795,1.1896458615424,-0.00773983137535619,0.0310982596000459,-0.275849567094647,2.49854585666023,-0.542418451259578,1.95612740540056,1.64408304457564,1.48123777430879
2017-04-01,2017,4,0.0425349498383681,-0.0615562030875552,2.73026181976356e-05,-0.18198839905037,1.8683617084965e-05,0.0614744501625459,-1.24159850749858,0.403733941732939,2.90999740528733,-0.110984477889648,-11.8357295499829,-0.0787810481788581,-0.369695416614935,-0.17826976895632,0.400072344197981,-0.00289827626661456,0.036355452318263,-0.115726901094324,2.73006751474091,-1.06699033607728,1.66307717866363,1.37634437982818,1.25924333267504
2017-05-01,2017,5,0.0750566124836728,0.158297830796106,5.45995890657371e-05,0.131689274577998,0.00721962538791128,0.748270675903458,0.276994663631754,0.490702742770437,0.817490247254842,0.0175253005031696,-11.2851382558194,-0.235986023025525,-0.0104481421326522,0.559243199686565,0.480045200514395,0.00152026393748627,0.0139924054013768,-0.00900060156735179,1.02550282764454,-0.29290607831084,0.732596749333796,1.25207429246098,1.20497280233623
2017-06-01,2017,6,-0.0684199733650508,-0.0844666602479378,7.24188775747232e-05,0.183601009202178,0.000366153575043701,0.589009653105649,-0.418005016950052,0.0524118151358208,0.797064832365823,-0.14505484738254,0.177402381288365,-0.222478810235738,-0.259353083624784,0.173228349896804,0.0515703690285947,0.00237686813155113,0.0121588459524273,-0.032336170170309,0.905245406359306,-0.592074812954092,0.313170593405203,1.13008030856458,1.16829750963853
2017-07-01,2017,7,-0.0192461173776921,-0.0512314172689512,6.57638698406403e-05,0.124876464006351,0.0119087364434452,-0.138853143308354,-0.902978617981554,0.0698126863292923,2.01941868529145,-0.059725627331649,-3.03063556061295,-0.189141806205738,-0.444790335659692,0.173028865678357,0.0694533732349174,-0.000227824474762314,0.0255706831078591,-0.0756550489815368,1.82349578316913,-1.07636679675427,0.747128986414764,0.83687405098474,0.963601447384889
2017-08-01,2017,8,-0.0121077233970592,0.0930432870842837,0.000101535677404724,0.26808991469076,0.0137010250844976,0.823260769267395,0.221818581539539,0.132472756276884,0.840278974972286,-0.193541891735511,-1.08735178134014,-0.307571819241716,-0.451291236775982,0.50768686680386,0.135640062281307,0.00086198420380891,0.0157886682839404,-0.163506728028622,0.890101449173528,-0.282700979259897,0.607400469913634,0.420411981981921,0.634798495112776
2017-09-01,2017,9,-0.0694476778671608,0.272970288135579,2.38163197732934e-05,0.163613953278416,0.00922935988434415,1.53028513467582,-0.0101296432030615,-0.229776144046772,-0.308364746092359,-0.313237882418151,-6.02337347405363,-0.290412396501484,-0.380497214873457,-0.0131739928743064,-0.223199930625644,-0.00361087781371215,-0.0051982217221461,-0.187031468505286,-0.0852116820461775,0.00962056309235915,-0.0755911189538325,0.209056295957872,0.409612564117296
2017-10-01,2017,10,0.0227929444967668,0.365824265859013,4.73270827564665e-05,0.173156392328192,0.014697633930288,1.60227242958231,0.0168304123424514,-0.146827555387737,0.105717205719484,-0.292693260230135,-12.0880897918274,-0.359505163087454,-0.371566886458412,0.239687813802252,-0.144581496606086,-0.01000293756027,-0.00521285900404943,-0.0941318805473809,0.38634874257869,-0.220611342678117,0.165737399900569,0.229467059654503,0.350661182714674
2017-11-01,2017,11,-0.0549151488244318,0.0694200842815396,-4.42869682600601e-05,-0.183223063584936,-0.000640699162213341,1.58335077327266,-0.478736414770151,-0.27161402807904,-0.344324733679034,-0.595099424481626,-16.8329752797287,-0.284342459786112,-0.594807950068349,-0.556421659225532,-0.278005009980482,-0.0190929533720982,-0.019529374153923,-0.141759057408203,-0.059690799479617,0.0712942625539228,0.0116034630743063,0.252792224694296,0.299305038953207
2017-12-01,2017,12,0.0162319089142634,0.184040892678273,-8.10042393050031e-05,-0.226403441655248,0.00048608786447045,2.20143940580992,-0.53931209571492,-0.147181444432263,-0.676643252206687,-0.524138003709838,-14.419661052593,-0.219640514478241,-0.697636708223137,-0.441660846149946,-0.143360230313628,-0.0127529086644564,-0.0214651995098701,-0.177010010922386,-0.63050144224173,-0.0938300354463053,-0.724331477688035,0.270862562859101,0.216098338401636
2018-01-01,2018,1,-0.08163999550866,0.0295703947835368,-0.000118481586754166,-0.382724992663758,0.00710367680735287,1.15015457363957,-1.62541609742849,-0.643144880839833,1.21873644175075,-0.265172324118398,-14.7326061336278,-0.0990265980023823,-0.599384912740523,-1.0499463803847,-0.645426185141881,-0.0110624577711723,0.00555827547471498,-0.192312556289229,0.983550451130997,-0.577751021345884,0.405799429785116,2.20078347257967,2.06452942868272
2018-02-01,2018,2,-0.0036169455576669,-0.149613612852247,-9.07136161581428e-05,-0.0442142052018555,-0.00307945313913834,3.89931606025783,0.389488545559662,-0.139943552090184,-1.49119687249966,-0.790276324447495,-16.0287101042384,-0.440792371445073,-0.737378915534693,-0.244064726525981,-0.138974296554447,-0.00183351873428323,-0.015222675425841,-0.293700257254497,-0.997507092141806,0.63452252762146,-0.362984564520343,2.26347033974715,2.11168392321918
2018-03-01,2018,3,-0.0381553498098391,-0.0874201347958383,-5.755149325013e-05,-0.361284792288115,0.00581786576009559,1.18874580146556,-1.25652783553053,-0.241531094274639,1.54831408255139,-0.307289525736749,-22.0016206754335,-0.130409343791818,-0.552800150854276,-0.62518882958486,-0.238403748523442,-0.00836908505652179,0.0155186296406044,-0.146759140755651,1.43321280122565,-0.628211660194451,0.805001141031208,2.22677570501293,2.08392504525753
2018-04-01,2018,4,0.0143725410713483,-0.15246844218621,-6.21803319844288e-05,-0.313402426001717,0.000847625497817681,-0.352310805900021,-1.47548011403906,-0.00322890470679882,2.56125559178717,-0.123244759679565,-22.0818726434163,-0.0922950179252329,-0.496186392405866,-0.415426076034084,-0.00560222196392912,-0.0109034700387902,0.0236056816368615,-0.153534105777427,2.28060897698613,-1.06242735526216,1.21818162172398,1.96903704026546,1.89193060362375
2018-05-01,2018,5,-0.100808479000301,-0.170778327251491,-5.91327849061279e-05,-0.23286315285425,-0.00123667989918808,0.788659409179989,-1.69129169633975,-0.430536064077229,2.07669914657069,0.191933797251153,-19.0177618922645,-0.0933138060879178,-0.194750544052689,-0.799349254720207,-0.438877085047514,-0.00593910813173946,0.0215586513457257,-0.0382149568577547,1.78332861135476,-0.900283462589816,0.883045148764941,1.65476695289832,1.62766007328496
2018-06-01,2018,6,-0.148473034380076,-0.110885771029596,-6.32496362492425e-05,-0.21439754142127,-0.00389919095447469,0.468996315573983,-1.52365680534755,-0.778585898289866,0.595545408448662,-0.0745538451575563,-16.1829465351486,-0.169032062845119,-0.231483370389417,-0.795951412740971,-0.783891120516321,-0.0042210461969746,0.00228299286966567,-0.0106101828483621,0.607647946061921,-0.733010614833065,-0.125362668771152,1.46277296900193,1.47098478058726
2018-07-01,2018,7,-0.125500418657756,0.0317378092263734,-4.83113095202517e-06,0.0276218730106017,0.0101062051042158,0.154757924388883,-1.28618273562303,-0.805943038361397,1.46635235147928,0.161683809348936,-17.2473043070461,-0.235359341508118,-0.0573159818521205,-0.337208103247391,-0.813006775798962,-0.00618154444025761,0.0132526367240376,0.0928288016094389,1.48271190178635,-0.956038369813251,0.526673531973107,1.33956671142204,1.47628871833359
2018-08-01,2018,8,-0.209357974642086,-0.119827172465377,-2.79780736524104e-06,-0.0648901067773882,0.0185303767644492,0.0582304506433262,-1.05054154144796,-1.15601552757786,0.567514117842131,-0.0272243951496277,-17.291647849773,-0.241834281668082,-0.126374692110311,-0.585613661263922,-1.15309272197761,-0.00469125147801682,0.00512649325810909,0.0899419788003954,0.710198102549552,-0.462005074583775,0.248193027965777,1.11310464241922,1.34748576606152
2018-09-01,2018,9,-0.226251363924181,-0.220281685031068,1.5464496456629e-05,-0.037715949419231,0.00198361254977778,0.465243169955948,-1.39150101229955,-0.985958133708511,1.78505481631549,0.277883779330934,-16.4439296394906,-0.170432146341861,0.103413483494314,-0.645683753111102,-0.985328152479505,-0.00389287923816791,0.0211302207725123,0.127018236767811,1.78101666682074,-0.745187277959419,1.03582938886131,0.891748956395183,1.09229983506602
2018-10-01,2018,10,-0.0608377526982699,-0.153494696737613,3.6073191497802e-05,0.0681908174315435,0.00075057420009865,1.78767031793064,-0.254594163719016,-0.0600446221074455,0.901428195941333,0.419452232779348,-16.0412365892566,-0.249074231590865,0.388338159139157,0.159686389920459,-0.0641028920199713,0.00309492485309465,0.0159839547442491,0.121089238380716,1.11938835389201,-0.418338823551992,0.701049530340015,0.852159720091869,0.943348453663361
2018-11-01,2018,11,-0.127599497463422,-0.0613414642321048,4.92652429476743e-05,0.0386217468447156,-0.00613517039722065,2.1951161456997,-0.449012490887655,-0.607517299463761,0.58746770158383,0.26366066209196,-13.2580230581648,-0.275708729841511,0.476609754767722,-0.179359052972352,-0.612673894375373,0.0050195442337862,0.0155616910027453,0.178437806311693,1.07612552410111,-0.274810032826952,0.801315491274152,0.785484885131631,0.751992309901908
2018-12-01,2018,12,-0.0504958304187862,-0.133108635997381,9.35407702445191e-06,0.032511363012705,0.00542138267997308,0.812119137799354,-0.928102785397461,-0.235899569524987,1.55069856672114,0.354764915285147,-11.2026365510334,-0.273808326066631,0.157588630283028,-0.252349719930733,-0.241941783440481,0.00121487266451788,0.0224638069800382,0.11320185922081,1.62733060778568,-0.681795279382181,0.945535328403507,0.813555223296426,0.688785609350376
2019-01-01,2019,1,-0.0786126220446555,-0.0141180525320779,-3.25622038755213e-05,-0.0704571302299051,-0.0102578164193555,2.1056990227854,-0.602883005526944,-0.249650225380496,0.0957982200905878,-0.0732046021568153,-12.7766500310596,-0.161331161831773,-0.155514980754154,-0.4000745668055,-0.253159399885746,0.00603524985278266,0.00748165802383351,-0.022382038978632,0.174819003325019,-0.206317613226759,-0.0314986099016374,2.71347613301702,2.60721669963145
2019-02-01,2019,2,-0.0420824510557227,-0.0156542979389045,-2.07082061651081e-05,-0.173531865098203,-0.00982818341955974,1.37143148214966,-1.05240340040578,-0.170123690694874,1.82986615942119,0.105059074598392,-11.4791461366728,-0.080257589781461,-0.0512823566526236,-0.381301589619753,-0.179721737990277,0.00372168000421043,0.0267454528249872,0.0509599325831004,1.75378231795162,-0.680699858081414,1.0730824598702,2.48616300018448,2.37437119416788
2019-03-01,2019,3,0.15504762554515,-0.0726792767765272,6.92663881461496e-06,-0.114086695697964,-0.00823963620735974,1.37217406970899,-0.290316574103001,0.705902821136658,2.12898351693625,-0.312112261419663,-19.4731309968582,-0.127347811566193,-0.470015211525808,0.378423363149395,0.699192747737662,-0.000675473324157495,0.0298492402578629,-0.0644005477504533,2.09842837839628,-0.675450010651326,1.42297836774495,2.45946836545027,2.32661231620625
2019-04-01,2019,4,0.0721704257433012,0.147586718486193,4.19905197316069e-05,-0.0225512322867669,-0.00739399477214472,1.30942559901791,0.116303662738441,0.363205385926525,1.01196151782003,-0.515029587229381,-21.6169648438589,-0.228786167714631,-0.752182109501696,0.497694962144124,0.3529471166432,-0.00292933474890587,0.0141101555985899,-0.17952014888803,1.00359516326235,-0.391649568689037,0.611945594573321,2.35172970070281,2.27461787457246
2019-05-01,2019,5,-0.0766202921403306,-0.0623766448921597,1.18672161744075e-05,-0.00908161760089743,-0.0229934265115724,1.06207226088362,-0.579412760875236,-0.334013500143965,0.283839299692536,-0.607252136960362,-11.4243986986867,-0.232364115520286,-0.653960248850213,-0.0884615150470065,-0.347119412274362,-0.00723987656259469,-0.000734764303815902,-0.103675808089458,0.469495303322979,-0.504057157958591,-0.0345618546356137,2.19745961333566,2.1603473442337
2019-06-01,2019,6,-0.0491914900400485,0.188541941143733,0.000107801035855993,0.336687271876681,0.00169663717283298,0.680248552282417,0.162572451629972,-0.236416400492603,0.00916296153652318,-0.444737721692469,-11.4590079685732,-0.438403999457511,-0.645226694544947,0.745405978232236,-0.249824738114167,-0.0112213018079402,-0.00700741628488569,-0.112035315293685,0.247077988141542,-0.59624186422384,-0.349163876082408,2.05546562943926,2.08367205153598
2019-07-01,2019,7,-0.0671451778557433,-0.0163828377492572,5.06091714469099e-05,0.112646671724054,-0.0147754680277185,-0.89243701764129,-0.884092885752538,-0.577235781224122,1.49953949522914,0.0103531854854207,-12.9999185544831,-0.286099528765527,-0.332375373628453,0.241784730892821,-0.581351394452793,-0.00697872843091335,0.0154255330568359,-0.00488647901666383,1.44291046488077,-1.12999322987402,0.312917235006754,1.84225937185935,1.98897598928235
2019-08-01,2019,8,-0.0670241239520808,-0.0225188025670031,8.29501272597938e-05,0.161602280789164,0.00356127462901677,-0.909945984190835,-0.934489022296481,-0.479808535362532,2.32837185150499,0.0897632131448557,-11.9330290622094,-0.255701486155484,-0.264341481056442,0.196195256020291,-0.486016445669476,-0.00284732931417259,0.0295571090366377,-0.00314181741948745,2.22996864345917,-1.13689218862365,1.09307645483552,1.73579730285653,1.97017303701024
2019-09-01,2019,9,-0.0825410298251866,0.109336524804293,5.67544830515637e-05,0.206737307203421,0.00401388901301432,0.529428236234483,-0.670721290200047,-0.43604977299522,2.42458673353534,0.309800692684518,-15.3978598409205,-0.332161499055245,-0.0409968158260181,0.463155948099145,-0.439548629381433,0.00413534149503642,0.0370258467754109,0.043221157784408,2.40595072408006,-1.13737609468539,1.26857462939465,1.73444161683253,1.9349871060147
2019-10-01,2019,10,0.00667536552871073,-0.151214792983254,6.52246806033362e-05,0.154878620267498,-0.00150570214371173,0.0975848143761713,-0.46218221304153,-0.0164627151801144,3.07745772226718,0.425505851145835,-16.6981782566876,-0.406464207295231,0.289223212330323,0.464684707009678,-0.0213729097827993,-0.0110973673278814,0.0346916879745276,0.175218493805214,3.34763929074693,-0.931777114653865,2.41586217609306,1.74485238052916,1.81603572461214
2019-11-01,2019,11,-0.010282205054455,0.037102806036271,4.08728450539592e-05,0.00126254615836996,-0.00473262246493206,1.27156167986553,-0.286641189894132,-0.091214928900436,2.05647748258369,0.480747201240244,-13.0354072266031,-0.367874471232899,0.375872059131892,0.247705078961896,-0.095962865399231,-0.0136989164303993,0.0178540779324939,0.209800770783991,2.31947681170822,-0.539094205354828,1.7803826063534,1.64817754556895,1.56467958085068
2019-12-01,2019,12,0.106269378027214,0.126720018273014,4.57680303029371e-05,-0.117108289453842,-0.00635666328873324,0.678677056750074,0.111447518407096,0.376813769754325,1.11568314108398,0.348540205566531,-10.9657647284553,-0.37690330169702,0.345023793929297,0.51403272619749,0.368156235051639,-0.0127614922415779,0.00827372085429708,0.152482272877508,1.48907003114381,-0.411242742493056,1.07782728865075,1.49624788373374,1.35147288029906
2020-01-01,2020,1,0.22799401472831,0.158843747888278,0.000122207674136645,0.393841520064146,-0.00497741663194892,1.87131372771123,1.85160388113157,0.714747298667758,-1.00372273925357,-0.0903314618124305,-11.4973229054936,-0.632563003273144,0.0533125504185106,1.29848307341273,0.712025310698333,-0.0172407404671729,-0.0195966198176578,-0.157873599958035,-0.227515723749466,0.550398819749365,0.322883095999906,3.32616879345434,3.14990397058013
2020-02-01,2020,2,0.290349694494261,0.380978601741453,9.51080314315063e-05,0.302840588116548,-0.000359053787057133,0.61260008918699,1.55124514091872,0.96339572647043,-0.874359923560986,-0.375157055376623,-12.5532231310959,-0.579860676083838,-0.374651222757454,1.30249770388344,0.962589847803837,-0.0233125449277144,-0.0252839549443444,-0.334945136531703,-0.29399341485796,0.24794155836871,-0.0460518564892536,3.19885566062177,3.06705846511659
2020-03-01,2020,3,0.101239461295997,0.113194986152069,6.41395309610052e-05,0.145670443645913,-0.0176025531805311,0.602926494269057,0.89136689318361,0.553715720218912,-0.440625821672088,-0.693449824190714,-13.3689176464647,-0.515231912440145,-0.777370800163835,0.737301735402932,0.555884110108285,-0.019253746645038,-0.0146513063409804,-0.368041640988118,-0.00931488520508594,0.156233547670094,0.146918662465015,3.10699032084771,2.99412886734936
2020-04-01,2020,4,0.100625079515183,0.0546123793057245,3.20544683433671e-05,0.0895068630423099,-0.0107333006787291,-0.0225696645071256,0.182948680033026,0.388513068874718,1.1157084048167,-0.354952880560531,-16.916061572462,-0.302147939311585,-0.471188795614234,0.635408603383745,0.388039142131821,-0.00486454588697614,0.0141478307557568,-0.144863003434693,1.30162042907459,-0.452933850093614,0.848686578980882,2.96925165610023,2.91213442571559
2020-05-01,2020,5,-0.0116548854244802,0.218917102349407,7.23711214261695e-05,0.0688358138450791,-0.0014352717189768,0.402627265791186,-0.139019432784621,-0.30321545042372,0.244574509956224,-0.331307375077613,-16.3788004432898,-0.177501273021257,-0.162067941856951,0.351801806911542,-0.312123328878767,0.0057846198690749,0.00970614064498089,0.00220967682407859,0.591315216198119,-0.499729118151171,0.0915860980469478,2.75498156873306,2.73786389537678
2020-06-01,2020,6,-0.0758567119011774,0.0696986383072979,7.30245849121547e-05,0.359987585251459,-0.00116842056076238,0.411901328683784,0.304254032365573,-0.531276984310314,-0.395815980665801,-0.10370261615462,-12.6756592221799,-0.428596650442482,-0.08183282176858,0.730235734216864,-0.541627592255549,0.00614390835775951,0.00357473283361127,0.0653882503934017,0.0546504641626857,-0.436332309796619,-0.381681845633845,2.50298758483667,2.58118860267913
2020-07-01,2020,7,-0.101413519455903,0.128717560563311,8.1793724643471e-05,0.32590493364543,0.00200262655619311,-0.222215541985526,-0.220960635862902,-0.554126854693882,0.346402560914816,-0.23477533164533,-14.9911875130892,-0.322607817988482,-0.227584559276085,0.518281826233359,-0.559262080801205,0.00490522193488647,0.010378557232363,0.076189708293854,0.676201151272515,-0.744377688203602,-0.0681765369310865,2.2397813272568,2.44649254042542
2020-08-01,2020,8,-0.152671935209219,0.0875277959325658,8.08752869661554e-05,0.19871158949874,-0.00626359400939548,-0.977004777309271,-0.862313486136854,-0.683501983503317,1.43262587212167,0.0722953732154042,-11.8035499628104,-0.138247468069438,-0.109259980710473,0.199746622930899,-0.687005733745821,0.00613891651836712,0.0223387240374945,0.108602068846449,1.38931798626521,-1.06556385931023,0.323754126954985,1.93331925825398,2.21768958815333
2020-09-01,2020,9,-0.0211778294882936,0.112449039800856,7.3148104574426e-05,0.342306083919998,-0.00560364612054402,-0.456227959685753,0.310479898435557,-0.233763903976953,0.802352125218026,0.506514015298869,-18.1860217045233,-0.170831843504206,0.468046365028349,0.698590403553704,-0.237022648004768,0.00930765160994645,0.0191206106711581,0.215170666599646,0.934716318451703,-0.391369249145971,0.543347069305717,1.91196357222994,2.12250365715785
2020-10-01,2020,10,-0.0800944021294211,0.124786842328336,-1.07264556749022e-05,0.195728495263473,-0.00884380058244508,0.555405168620738,-0.0432743255008665,-0.570830478167868,-0.0598164434911492,0.938422103188784,-15.2350088412942,-0.0307097219082016,1.04937501552939,-0.0255030486177592,-0.568268310307207,0.011013717493688,0.00778292914196446,0.255490083973451,0.0818461907576684,-0.0152091090224455,0.0666370817352226,2.0723743359266,2.13355227575522
2020-11-01,2020,11,0.10965244900243,0.20409124582679,-3.69732629650389e-05,-0.0453986536112556,-0.00847484333858245,0.69759751835849,0.585604751104444,0.285910375061807,-0.504137010224645,1.07984504380219,2.40280585279266,0.0322221351211507,1.34252808551236,0.11652637121448,0.285351645413396,0.0233783660553901,0.0137231530087208,0.281142084718128,-0.273676103635633,0.468519650241492,0.194843546605958,2.13569950096637,2.00219613199377
2020-12-01,2020,12,-0.1026650389729,-0.0641487890774652,-9.88672283793322e-05,-0.202578992695065,-0.0111471599344476,0.272011846898143,-0.67574913663033,-0.713054145953463,-1.29173933243932,0.806932245557682,12.5757691729292,0.0368105952500055,1.15586492895417,-0.999622215725937,-0.708942618391723,0.0194362578266518,-0.00129901042813611,0.191920442963645,-0.979617244292752,0.327984606657367,-0.651632637635385,1.98376983913115,1.76898943144217
2021-01-01,2021,1,-0.0657231331438111,-0.144142546903171,-0.000132151565029274,-0.321908314014776,-0.0143375914862102,0.632989357890701,-1.38073226311685,-0.599200726431964,-0.361706520575881,0.283069673036219,12.3655655529088,0.173921797240908,0.306141567824878,-1.23844703540571,-0.587381089453038,0.00959106699030619,-0.00121453430866068,-0.102576871582999,-0.512556423028126,-0.130465590732213,-0.643022013760332,3.73369074885178,3.61742052172325
2021-02-01,2021,2,-0.187861714646841,-0.104653666435941,-0.000181487709335151,-0.535227241860475,-0.0147994033634574,0.210964070683458,-2.1218134323127,-1.11882773821032,0.852204547527703,0.0247035837928238,8.81453985228705,0.0937952732152043,-0.143779555930585,-1.75348237439394,-1.10827492729354,-0.00364850653106543,0.00569819137917278,-0.242568929404566,0.589926134589077,-0.357778247001968,0.232147887587208,3.55637761601918,3.49457501625969
2021-03-01,2021,3,-0.166530607012003,-0.370607952303582,-0.000212660027275069,-0.607330629557036,-0.0175647473878604,-0.755091277390616,-2.10333487044886,-0.684219135523794,1.65816274943076,-0.374346799287731,3.74104217110053,0.0912583272884654,-0.63707710535327,-1.85139035706684,-0.670570097269574,-0.0137782891262738,0.011098664266848,-0.268304636510219,1.30417411607673,-0.238295475127781,1.06587864094896,3.26968298128504,3.19681613829806
2021-04-01,2021,4,-0.20930596547885,-0.418270004429896,-0.000220170222363748,-0.582772224494938,-0.0190186203053285,-0.90265995374329,-2.45935858244944,-0.824066368804945,1.86416580107955,-0.289515626247846,10.1838984611025,0.116038159913037,-0.445872750319164,-1.80398472484508,-0.821759961691071,-0.0118346044973217,0.0136757862045754,-0.0931196282401967,1.59177051709521,-0.653067450490488,0.938703066604627,3.03194431653754,2.99482169666429
2021-05-01,2021,5,-0.197626211951451,-0.278424523357258,-0.000115171943310496,-0.418710180403569,0.00196821983964686,-0.734391558372985,-1.5834831735241,-0.790069219154443,0.768783242185068,-0.0628937974434284,10.146802082277,0.0447484307723608,-0.0020432562360767,-1.14337713628323,-0.796652619985637,-0.00666910862136066,0.00213368677607942,0.0627718745318764,0.784885352620042,-0.446689438072047,0.338195914547992,3.06767422917037,3.07055116632553
2021-06-01,2021,6,-0.19555876124221,-0.348979698331306,-6.73625992839098e-05,-0.149029239612489,-0.0179463347258858,-0.809511478728685,-1.41651633675793,-0.70138542387902,1.41480289949604,0.213548508903665,10.3874238743885,-0.138811903420845,0.167820864396992,-0.540912366101958,-0.709433458502405,-0.0043190810139963,0.0152746983033998,0.140609442553438,1.50788715841021,-0.883652005279394,0.624235153130797,2.93568024527398,3.03387587362784
2021-07-01,2021,7,-0.0416929146548766,-0.0947080637243294,3.77705785728067e-05,0.127851876985682,0.00413988800832071,-1.97500301665089,-1.00192389314138,-0.250478263317565,2.42570151821965,0.281381855609052,13.6370965294819,-0.179045748032866,0.0229785057964862,0.354233624321596,-0.255667506325044,-0.00892240512593925,0.0241354861267516,0.17805912106031,2.34634391643993,-1.36134676047048,0.984997155969459,2.63247398769409,2.85917981137416
2021-08-01,2021,8,-0.0807413706902432,-0.122054739932115,-4.61334957200094e-05,-0.0661960067592087,-0.0117510398481929,-2.11557407991314,-1.36681593077535,-0.348310749583031,2.54290821368652,0.37213159225739,5.01357006574842,-0.0671683550498215,0.112032944171096,-0.24704796012989,-0.350973914627735,-0.00650284960421835,0.0272480205330029,0.217724784939307,2.34997792065003,-1.1224311356901,1.22754678495993,2.46601191869127,2.73037685910204
2021-09-01,2021,9,-0.0253220463943242,-0.0532866946187687,-3.94955962939095e-07,0.135474823579852,-0.00141803271270136,-1.04188234108392,-0.0269485431829466,-0.355307240101668,0.890977249455849,0.397689461903152,0.991121029040198,-0.154902043066579,0.380839376266417,0.115151801014903,-0.367735595876643,-0.00736954066023935,0.00779503487640661,0.222592136684942,1.02902920688572,-0.154528699972846,0.874500506912861,2.40465623266726,2.58519092810654
2021-10-01,2021,10,0.0171232743665911,0.030206008053673,-1.62066082301674e-05,-0.0776750359492733,-0.00601986207315541,-1.29938399393173,-0.430594103334381,-0.194743493240597,0.888311221953709,0.517208145100266,-0.128505994725923,0.0501613171304202,0.487640779623965,-0.157856725510504,-0.203290053928094,0.000448204569772778,0.0103454354304032,0.162587762545247,0.808582539346993,-0.28128393851132,0.527298600835665,2.35506699636388,2.36623954670395
2021-11-01,2021,11,0.0302941138694042,-0.280938524222815,-5.4781761114653e-05,-0.278671584899201,-0.0155498802995358,-0.974663257501569,-0.597531847804007,-0.00213768092492606,0.5843364924042,0.404729361048879,-3.44764748862975,0.0925279247827722,0.459929409936424,-0.5117114700003,-0.00327783904648316,0.00562294019677421,0.0110427699004593,0.076788864620526,0.547008616508984,-0.0869605359252825,0.460048080583704,2.57839216140368,2.3648834029425
2021-12-01,2021,12,0.0589479380390807,-0.05844767968908,-4.84964412430178e-05,-0.136637205483515,-0.008554296583707,-0.0779923094268264,0.172011083708224,0.105483883864825,-1.49081057770047,-0.023410282676235,-3.9773939575027,-0.0862101062653575,0.115593781798339,-0.202548947890687,0.111846025203381,-0.00032116272611326,-0.0188849530754876,-0.0860578689202579,-1.26559640696053,0.380922172937493,-0.884674234023041,2.5564624995685,2.29167670239092
2022-01-01,2022,1,0.0310199850811641,-0.324674066968811,-0.00011354255370964,-0.551415092220426,-0.0169567975168336,-1.71540526069537,-1.35121900367234,-0.0402172580106872,2.04679308656597,0.0410282503360047,-0.701122825533522,0.0861130106325113,-0.15738674358175,-0.912871856308497,-0.0370649883068768,-0.0106084984801292,0.0168580182995775,-0.211926765784801,1.7622650820157,-0.435194877660089,1.32707020435561,4.29638340928908,4.10010779267198
2022-02-01,2022,2,0.043319923486108,-0.319135437330617,-0.000145692173412846,-0.715296125072224,-0.00846551553297588,-2.54107725299041,-1.80636485065418,-0.253094840881041,2.48386804965454,-0.0741767065710914,-0.209971513135613,0.16786413277682,-0.396796842701214,-1.38337156425577,-0.249057491778426,-0.0179724005720709,0.0160786429390213,-0.35754870754527,1.9933837807476,-0.418955937295746,1.57442784345185,4.10907027645651,3.93726228720845
2022-03-01,2022,3,0.148768353232982,-0.218376133964206,-8.64170084467547e-05,-0.522845820569482,-0.00625732791923782,-2.36293637526628,-1.49538142112436,0.162589443055479,2.4895557239366,-0.354522195779845,-7.1164250693341,0.173807006343086,-0.796062216959897,-0.557889272983642,0.174204419830542,-0.0103616231170386,0.0211597326367765,-0.384258094637223,1.87420869641346,-0.925877171365559,0.948331525047904,4.05237564172237,3.94950340924683
2022-04-01,2022,4,-0.0350676180798559,-0.134795476005559,-9.58205574219621e-05,-0.484124343189186,-0.00823713139433181,-1.94288374840146,-0.971128237477945,-0.414198463355654,1.33914837323539,-0.0782483215734598,-1.3875016193256,0.128209938094642,-0.333735246446591,-0.619385742085852,-0.407434676132911,-0.00602856717599747,0.0110883613820441,-0.120549171002,0.955451510267633,-0.344978708169365,0.610472802098171,3.91463697697484,3.84750896761302
2022-05-01,2022,5,-0.159107557465485,-0.257682087804863,-0.000135478227890361,-0.756052485201416,-0.0135672974616835,-2.53496794670975,-1.79814979357459,-0.941326379699115,0.497249082304921,0.0387620197181574,-3.10847845715909,0.298954073831976,0.174909553524188,-1.61545736831299,-0.94435197433352,-0.0050659109714162,-0.00303293652007193,0.080761568226873,0.334442542278959,-0.185718019895923,0.148724522383038,3.62036688960769,3.60323843727421
2022-06-01,2022,6,-0.0685722585442242,-0.283487254403978,-0.000115432881709476,-0.591689021750636,-0.00964342905753815,-2.62845155494326,-1.58109358952738,-0.427904026043749,2.63338506489289,0.394750592182747,-1.79103987905425,0.142481403574758,0.00629349826365912,-0.921489749677709,-0.432444692386289,-0.00745398531968169,0.025418433863748,0.0505285582986955,2.10244656739902,-0.664144506192271,1.43830206120674,3.26837290571132,3.38656314457657
2022-07-01,2022,7,-0.00284455507192272,0.138258428178019,4.29032367949418e-05,0.125852452878034,0.00464916728267937,-1.70538881147136,0.132812815239119,-0.291504005662306,0.388024885045503,0.257075812803038,4.39953877505308,-0.209560478366236,0.038634914265253,0.386900764871802,-0.297286596651938,-0.0108229853170746,-0.00345179930253994,0.0667350425095679,0.379144464873955,-0.259870540622353,0.119273924251605,2.95516664813145,3.19186708232291
2022-08-01,2022,8,-0.0757524209292467,-0.0118400961447118,3.43155428195253e-05,0.0524489179011469,-0.00564284605346926,-1.6189123311381,-0.0847998191428356,-0.447287952200705,0.784032830009358,0.155902888092076,5.89684142532604,-0.16415602696021,0.0415748347938639,0.212938578923332,-0.454668511705572,-0.0088035835926641,0.0043174095722113,0.117612887083103,0.833860803671353,-0.305118957570979,0.528741846100374,2.8187045791286,3.10306413005075
2022-09-01,2022,9,-0.0313760925433593,-0.0610110107574156,-1.87795107828036e-05,-0.124795361913498,-0.00925314738324275,-1.81535786584449,-0.125386762452447,-0.336204009935357,1.1009192534317,0.173331284886736,1.39943527862136,-0.102726426349973,0.136380355522789,-0.0778100516738469,-0.341588934738534,-0.00411903456124486,0.0126448367708649,0.125028007301339,1.16669475041774,-0.0529616355818219,1.11373311483591,2.75734889310458,2.9778781990553
2022-10-01,2022,10,0.0176816844025521,-0.0560642974249741,-6.10989718091821e-05,-0.281470327351421,-0.00497225830368582,-1.5989372186877,-0.366091179950842,-0.30477787709731,0.780731202030548,0.439082302702353,-1.37057843715498,0.116737674782028,0.449447915084034,-0.439705069869307,-0.308106224422969,0.00489922392786724,0.0118394880902515,0.143581933136045,0.674359139630209,0.0702855425928057,0.744644682223011,2.77775965680122,2.79892681765267
2022-11-01,2022,11,-0.173328876226607,-0.190576567941457,-0.000140948018748858,-0.573057672690048,-0.0179991846260932,-1.55578724293284,-1.43567658712549,-1.03937015961764,0.443216056110027,0.506573220315062,-5.74268368306731,0.179444005247372,0.722131002697098,-1.4696451624491,-1.04102920947835,0.00641958254687936,0.00873959647982793,0.173311863173322,0.479329833244703,0.0323095254628434,0.51163935870765,2.95108482184099,2.80757067389121
2022-12-01,2022,12,-0.0764665350329261,-0.383358528847719,-0.000129767302211522,-0.498108963502963,-0.00717504313855531,-1.85577175179109,-1.48354290635231,-0.785588437262868,0.741573304923364,0.0722522629053512,2.61920168807492,0.0407710272472242,0.0191758832409038,-1.21270414195751,-0.787950044450483,-0.00783326493674871,0.00114852392313079,-0.0666341284674621,0.647725898011689,-0.273200371582386,0.374525526429304,2.97915516000584,2.79436397333963
2023-01-01,2023,1,-0.0625175509538541,-0.507673897420458,-0.000144321573141424,-0.590084531374773,-0.014823167602961,-2.24090580164894,-2.11028531861781,-0.82927061918538,1.8761434854918,-0.0176911869975103,-0.0659115799536756,0.133129850883113,-0.373627778952579,-1.39284475283825,-0.830518627587751,-0.0163489146513548,0.00664527344403591,-0.294537327156505,1.38707704265361,-0.718688574181965,0.668388468471656,4.5990760697264,4.41279506362069
2023-02-01,2023,2,0.0303067777131317,-0.421287077676211,-0.000126137707815271,-0.53556618806307,-0.00950100037314819,-1.06108283407208,-1.79961536138268,-0.37595504096675,2.6583591946124,-0.0620518646296058,-3.58981915157457,0.101442755698431,-0.479822935628542,-1.09921117662452,-0.368115576310331,-0.0138914185806162,0.0224041085873098,-0.384723431368073,2.13914536791501,-0.692564720101721,1.4465806478133,4.23176293689382,4.05994955815717
2023-03-01,2023,3,0.141537430192938,-0.372605817422856,-8.79234202402788e-05,-0.570124851318829,-0.0256987897162672,-2.38073788399935,-1.04301352988688,0.404301433181785,2.28936298863646,-0.467091001453559,-6.25627159176689,0.0166747668636855,-0.847967844212229,-0.361025864116408,0.406443583732674,-0.0164590447085446,0.0165765016029951,-0.392263050102226,1.89181137901408,-0.679845515219535,1.21196586379455,3.98506830215968,3.88219068019555
2023-04-01,2023,4,-0.0604655499758824,-0.34147371711517,-8.30128568962267e-05,-0.342756410064132,-0.0179560249290442,-1.98764648440453,-1.50619251035538,-0.48518544254039,2.72989795326025,-0.101843221706575,4.4882957612377,0.0529106732162559,-0.436463417546824,-0.783242021423669,-0.492867114329819,-0.0155487080279631,0.0234046435939127,-0.138765636290303,2.34236708420375,-0.73063216072114,1.61173492348262,3.93732963741218,3.87019623856177
2023-05-01,2023,5,-0.0322740334724883,-0.0853711382594984,2.6780601669675e-05,0.130879737124335,-0.0124171127061909,-0.90435655850902,-0.311637540908091,-0.377334552961849,1.21688108346877,-0.0940282240756595,9.59516764841055,-0.200866769546401,-0.106276978762339,0.21373854561719,-0.382867375693418,-0.0209892949639021,0.000590992272166246,0.00273666849146951,1.40549909832848,-0.530908909256797,0.874590189071682,3.85305955004501,3.84592570822294
2023-06-01,2023,6,0.109367290380755,-0.112416914049585,9.43153698003597e-05,0.0955818549903176,-0.0197715667984615,-1.93090013229323,0.0255915366981139,0.447072998377551,2.14816214854773,0.321424855661233,7.21922760951788,-0.157230546757641,0.097866912168828,0.921886783730471,0.4455022167698,-0.00935332160222713,0.0218962415462167,0.0647460484591024,2.08183475181294,-0.897866028640147,1.18396872317279,3.54106556614861,3.65925041552526
2023-07-01,2023,7,0.306378091523063,0.196309355612372,0.000197590823689778,0.499095846910587,-0.000494056619632074,-1.86302175278983,1.29465274369961,1.36037907546303,2.25636486023034,0.363114291716621,9.33841719662392,-0.380252193408636,-0.019075170898976,2.30727247206601,1.35795221799417,-0.0126402161680304,0.0230936859457286,0.0184858095154141,2.25442759102338,-1.01504658583523,1.23938100518805,3.32785930856875,3.56455435327163
2023-08-01,2023,8,0.239400470323714,0.198787030465638,0.000203268540460461,0.380182687708997,-0.0138069184303906,-2.52266575953518,0.680454569569709,1.2749889915066,3.13650209405721,0.314267432012959,10.5848794598954,-0.378043730893581,-0.156645188615166,2.13674480418752,1.27335426441754,-0.0129936397619996,0.0322574924859502,0.00800406236269068,3.04363320432268,-1.45792496170685,1.58570824261582,3.3213972395659,3.59575140099953
2023-09-01,2023,9,0.427447084800639,0.400338254381934,0.000256609258524931,0.709602959752955,-0.00891895360875609,-2.30979847322935,1.93361186580111,1.79614201495392,2.05563122258956,0.201466220963522,5.47709898417565,-0.570266353548366,-0.142721125701443,3.04237853594937,1.79391946070761,-0.0168208426461204,0.0164830681503234,-0.00244357181286434,2.28171022947296,-1.1109892243946,1.17072100507835,3.4300415535419,3.65056547000403
2023-10-01,2023,10,0.321247588892563,0.470690117742403,0.000183131320328903,0.34533191465383,-0.0266420153113242,-1.36098381519747,2.00325993254063,1.43488757324201,0.150466590607391,0.192780771889435,4.66478971240773,-0.470450728192354,0.151504345743103,2.20907310615988,1.43392692357716,-0.0165846548233282,-0.00687391478571989,0.0673486144954407,0.579640892653431,-0.20677382328407,0.372867069369357,3.59045231723852,3.62161408860138
2023-11-01,2023,11,0.391480457142374,0.501644376300911,0.000187452844491366,0.519751571370105,-0.0207646504591846,-0.594802067795305,2.43946465757802,1.66783876033964,-0.917118577981103,0.0520400024514456,6.67456482249427,-0.616962047346016,0.210883288532365,2.39801460910808,1.66419297277676,-0.0178169266444763,-0.0187788397685339,0.0485596999647194,-0.141313244554174,0.0378042609070677,-0.103508983647106,3.62377748227831,3.48025794483993
2023-12-01,2023,12,0.423409725619058,0.402105407400617,0.000166611961939513,0.450162973528992,-0.0195619610406127,-0.00613718974816457,2.14242365987522,1.74322585385844,-1.23740014456979,0.0580072133448333,5.5938088616331,-0.470889898624149,0.0758421434914756,2.18637752441674,1.74754811519262,-0.0179428488871449,-0.0260715365600708,-0.105659974402864,-0.74867531579899,-0.039631603207259,-0.788306919006249,3.68184782044313,3.48705124428834
2024-01-01,2024,1,0.310572180803162,0.461118330997896,0.000144840468744,0.285275526905979,-0.0203324693242593,0.783751125301789,1.59426887241271,1.40574167940888,-1.50932726032434,-0.136007723966728,9.13315526859966,-0.382693209883272,-0.101349535453308,1.59216010601598,1.41164480267634,-0.0191892412202606,-0.0326472436251554,-0.239801750354307,-1.09197586192766,0.008011889664161,-1.0839639722635,5.55176873016369,5.35548233456946
2024-02-01,2024,2,0.429895457780098,0.50083866627914,0.000166299673470425,0.397835180515982,-0.0178259943499356,0.355354052954854,1.82651623831986,1.72223616587251,-0.278356343664768,-0.438694443873423,7.67624211199282,-0.525592588212948,-0.685343152146675,2.19996870630265,1.72556409469781,-0.0206110885026018,-0.0161073941044619,-0.431549324517675,0.00058753627493946,-0.370124539157393,-0.369537002882457,5.49445559733118,5.32263682910587
2024-03-01,2024,3,0.295920889639837,0.446922862140694,0.000175432959511872,0.524345928675846,-0.0155801939652675,0.418708367697119,2.06308603571373,1.35122562004703,-0.665076886111867,-0.827700159095312,7.81327050662984,-0.679746114081261,-1.03623258104996,2.08236311439819,1.34738430352727,-0.0233999122895146,-0.0199258724770777,-0.434043047898488,-0.193863193985288,-0.0231183952042116,-0.216981589189389,5.52259025755712,5.41970723133866
2024-04-01,2024,4,0.219004224364013,0.613829164728384,0.000212953816245435,0.465489440776945,-0.0125619354395465,-0.170050490590063,1.82904484786421,0.94225689341885,-0.616402936176077,-0.634814310801226,9.30248176263716,-0.729200864442697,-0.740743335421954,2.01603364371395,0.935780598636801,-0.0348014297184135,-0.0295500393263203,-0.192005386749866,0.00686890364589665,-0.193465090631818,-0.186596186985922,5.43485159280959,5.36771278970487
2024-05-01,2024,5,0.136405489137341,0.425752738987052,0.000143391023322536,0.378997405178912,-0.0146262488920683,-0.681926551302651,1.09519247583456,0.53111565378443,-0.683886513070576,-0.0423329928008102,8.84625220780313,-0.497769596401367,0.0380149207965241,1.29210765873079,0.527012893937256,-0.0319551750587824,-0.0305150650462667,0.0471384556828072,-0.105769003071877,-0.201017942743375,-0.306786945815257,5.33058150544245,5.31344225936606
2024-06-01,2024,6,0.169643918341609,0.326850592998945,0.000137491299826221,0.302096959361294,-0.00975732119106486,-0.882534596918258,1.45241918924776,0.998287695351762,-0.224232628907601,0.0512278149728814,10.6622172939111,-0.50083959734657,0.0772092803286951,1.61920439017104,0.997967239752443,-0.0291063639367974,-0.0214885293060965,0.0797134027570797,0.302588433794783,-0.167105656522626,0.135482777272149,5.28858752154607,5.4167669666684
2024-07-01,2024,7,0.171457056478928,0.358550412737988,0.000161857832615338,0.386527042407163,-0.00362686963287039,-1.32116446784126,0.699616675360222,0.743811004015239,0.893365177994031,0.12532808055567,4.0225330770104,-0.384105359915597,-0.117471767882807,1.55494558862962,0.742283633616807,-0.0248283385097807,-0.00804334189559466,0.0371590428469112,1.03467068947111,-0.856856283667809,0.177814405803311,5.11538126396619,5.35207090441475
2024-08-01,2024,8,0.218475224815613,0.336767889766183,0.000178249928534222,0.504972853621773,-0.00394495759914394,-2.46301549840791,0.571629083894321,0.79793195252683,2.13043922321588,0.185635142572908,4.95883802428712,-0.420319648124553,-0.218004699591798,1.98102204984613,0.795956191968173,-0.0212316805338198,0.0112801134413369,0.037387630578798,2.14711902917571,-1.41136872651043,0.735750302665281,4.91891919496333,5.20326795214264
2024-09-01,2024,9,0.196278966832523,0.445685380417461,0.000204515810690392,0.626920371599933,-0.00975780874653047,-1.97621103405619,1.64284363094368,0.808985403836133,0.857699085108226,0.11408965212197,8.45410318657777,-0.515335252289313,0.000432199016025432,2.26451409518096,0.810573065000197,-0.0216151413639607,-0.00288275649588933,0.0742253018737741,1.2593768842916,-0.620082803073178,0.639294081218412,4.9475635089393,5.1680820211471
2024-10-01,2024,10,0.264386270475452,0.384135250156987,0.000128962786561365,0.302034964464708,-0.0149243044557125,-1.2063911832624,1.53594458916829,1.03191415213222,0.270276651395086,0.352964726046087,7.09367531680738,-0.338295648630318,0.265725850083166,1.7293122911505,1.02924007530582,-0.0222301705347485,-0.0135373872149531,0.0711997036626781,0.521333424062471,-0.196041778808552,0.325291645253919,5.19797427263594,5.22913063974448
2024-11-01,2024,11,0.214051660494253,0.295575694106459,8.91261317428272e-05,0.0982660481029798,-0.0127875357314619,-1.17351401007964,1.44542123665262,0.6889821123629,-1.20065092745244,0.400289953221898,0.656573852891828,-0.240089337240959,0.476592423206232,0.983352000378668,0.683949342242367,-0.0239699030304771,-0.0350122836487369,0.0481639696990563,-0.884259120227131,0.457036466153389,-0.427222654073746,5.39129943767576,5.23777449598307
2024-12-01,2024,12,0.311646109636911,0.247816180058176,2.80404877728146e-05,0.144436233200566,-0.014260753798795,-0.699905646201592,0.849357182365861,0.809746922570658,-0.626170452491126,0.338998543643083,5.35700364203619,-0.307524933935087,0.450943000658244,0.7982013318253,0.809662219076266,-0.0269637420764147,-0.0282308053709335,-0.00872610907122767,-0.206701061540853,0.0510711470462619,-0.155629914494691,5.49936977584053,5.31456779543147
2025-01-01,2025,1,0.356625916962038,0.000496901532479832,-4.04952758511673e-05,-0.264256959406744,-0.0203478561899217,-1.93263090972754,-0.144235034822693,1.17631737668515,1.16798078158532,0.0792153325902205,-4.07414843699725,-0.225997537805218,-0.0734357001880441,0.349972594904532,1.17673113848397,-0.0390599460443106,-0.0167146044096986,-0.20075207057037,1.24132728661228,-0.493793867928419,0.747533418683863,7.48929068556117,7.30299888571254
2025-02-01,2025,2,0.250367639893981,0.0758934501376625,-2.77169684307158e-05,-0.218707949798841,-0.011902140998493,-1.22977655480518,0.104094783302487,0.702720687463775,0.280909167372922,-0.187250312912272,-1.2394659366118,-0.333200748089915,-0.318605684967606,0.204965813495265,0.704740775530432,-0.0405941121686318,-0.0274076162405247,-0.310581687144838,0.482754543407479,-0.0988509421260748,0.383903601281404,7.25197755272857,7.08015338024902
2025-03-01,2025,3,0.26638630376782,0.0541527004970717,2.5267359594407e-05,-0.021497963861201,-0.0101066177979499,-1.28605568794985,0.408534942040292,1.02473237582932,0.543344902512981,-0.831375760144426,-1.58676901879525,-0.44004682219666,-1.18507711064209,0.855628698968406,1.03986406639442,-0.0301891429543104,-0.0151934399127293,-0.531052697317592,0.629690374211936,-0.431962066362988,0.197728307849055,6.8052829179944,6.7123945022874
2025-04-01,2025,4,0.17888796087001,0.144978784981745,3.0533433174169e-05,0.0168452936657955,-0.0111441519730359,-0.845071768952129,0.927069477334709,0.662246008480162,-0.911503576189236,-0.823029296015943,-4.4978177397908,-0.509577719213083,-1.00397530001199,0.722965301365152,0.667076612047965,-0.0282703452283891,-0.0299953332040121,-0.365550094409569,-0.582871860972185,0.208934779537307,-0.373937081434878,6.59754425324693,6.5404000606536
2025-05-01,2025,5,0.0535871856253246,0.0591714852213812,1.86733973417714e-05,0.0270260580020667,-0.00100284315740266,-1.44752731890952,0.320145699957046,0.0420255714356794,-0.822685437779724,-0.529695587772826,1.07666940937612,-0.372862744808745,-0.434919311368401,0.207655719946002,0.0436811557883749,-0.0256343366650281,-0.028071090145168,-0.0975062388143969,-0.355046416566561,0.114145564363749,-0.240900852202812,6.40327416587974,6.39612953031481
2025-06-01,2025,6,0.000995185811575428,0.0820535054502998,-1.33930952996434e-05,-0.165491822371555,-0.0230653526433483,-2.17104621126792,-0.684128790085748,-0.170674083531906,1.26475470823526,-0.032609078075532,-1.1802512265106,-0.283002852536958,-0.395674633027033,-0.234809381099726,-0.167417034374454,-0.0341986796481932,-0.00907659016019767,-0.0175228100361136,1.18469200582071,-0.446062359828601,0.738629645992094,6.04128018198337,6.15945423761713
2025-07-01,2025,7,-0.0724373652840921,-0.147635959052657,-2.68816755252263e-05,-0.222660719131184,-0.0366021172560168,-2.83806997178883,-1.44979977406526,-0.152254760062478,3.03480990551288,0.075018187596756,5.46615716758936,-0.120203874543983,-0.46540770113424,-0.798042794535172,-0.151178139431072,-0.0246969480156664,0.0231865589300341,-0.0964966570490318,2.61458789132584,-0.650680358898685,1.96390753242716,5.84807392440351,6.08475817536348
2025-08-01,2025,8,-0.0254866830874469,-0.0722828418744768,-9.66864658214436e-05,-0.386278145622672,-0.0478784582479004,-2.91869977353808,-1.7495729305332,-0.0594039035169014,3.94077347076874,0.292880322149491,0.746479145857456,-0.0194814188889401,-0.320557621647428,-0.992663129251705,-0.0648571254457173,-0.0196395834478154,0.0381057467024154,-0.101014202500495,3.34681694586084,-0.76236302321031,2.58445392265052,5.80161185540069,6.07595522309136
2025-09-01,2025,9,0.101589894002484,0.00938589143682567,-4.41307500272723e-05,-0.334266629051115,-0.0414739622108598,-2.63459251466566,-1.14152957412477,0.530292210619467,3.42608541182307,0.242148888307154,-0.479032442849063,-0.0800307730547149,-0.219152212900806,-0.326298899875834,0.529725133382323,-0.0156831486673365,0.034849338429729,-0.0691412726246287,3.04481508366982,-0.815797751486051,2.22901733218376,5.62025616937662,5.84076929209583
2025-10-01,2025,10,0.143690999492385,0.119633801544298,-0.00012966038089074,-0.531934451587142,-0.0316585931186609,-2.33580747594297,-0.93792714946025,0.625079244804553,2.74367063749792,0.0607446384478698,0.477142789374218,-0.0775721727956853,-0.319562247757865,-0.815192859244277,0.630855644792895,-0.0321234068550244,0.0141948342790955,-0.123016765281325,2.44093592408789,-0.116957890227626,2.32397803386026,5.69066693307331,5.71181791069321
2025-11-01,2025,11,0.183605213850215,-0.113744465498186,-0.000217095834720898,-0.825967418748268,-0.0543415704725822,-1.96385616121931,-1.64459680411285,0.698305155763188,2.3860767416184,0.0832464794678791,-1.15262293653598,0.0104981158366499,-0.299443154230598,-1.31824676514108,0.71576866568953,-0.0416669072366323,0.000295584461921822,-0.101035310583947,1.99288899208329,-0.308886529045488,1.6840024630378,5.91399209811311,5.77046176693176
2025-12-01,2025,12,0.0542760524598801,-0.317728247314451,-0.000226131498748481,-0.894203571119682,-0.0548533306715625,-0.0113669819868658,-1.68669717327264,0.474990085400939,2.27545594617673,0.155770419277567,2.33626267360004,0.0611367196344971,-0.0963276320392897,-1.91031915288951,0.494304627172387,-0.0401944066473603,0.00200995963684482,-0.155454470956231,1.96222117522537,0.242936521388388,2.20515769661376,5.75206243627789,5.56725506638018
